edge_id,source_node_id,target_node_id,relationship_type,source_dataset,source_record_id,mapping_confidence,evidence_confidence,properties_json
E_RXN_000001,DRUG_000001,RXCUI_60819,HAS_RXNORM_CONCEPT,RxNorm,RXN:DRUG_000001:60819,HIGH_EXACT,HIGH_AUTHORITATIVE,"{""mapping_method"": ""exact_identifier_based"", ""resolution_status"": ""HIGH_EXACT"", ""match_score"": 100.0, ""source_dataset"": ""RxNorm"", ""provenance"": ""rxnorm_drug_enrichment.csv""}"
E_RXN_000002,DRUG_000002,RXCUI_50610,HAS_RXNORM_CONCEPT,RxNorm,RXN:DRUG_000002:50610,HIGH_EXACT,HIGH_AUTHORITATIVE,"{""mapping_method"": ""exact_identifier_based"", ""resolution_status"": ""HIGH_EXACT"", ""match_score"": 100.0, ""source_dataset"": ""RxNorm"", ""provenance"": ""rxnorm_drug_enrichment.csv""}"
E_RXN_000003,DRUG_000003,RXCUI_5011,HAS_RXNORM_CONCEPT,RxNorm,RXN:DRUG_000003:5011,HIGH_EXACT,HIGH_AUTHORITATIVE,"{""mapping_method"": ""exact_identifier_based"", ""resolution_status"": ""HIGH_EXACT"", ""match_score"": 100.0, ""source_dataset"": ""RxNorm"", ""provenance"": ""rxnorm_drug_enrichment.csv""}"
E_RXN_000004,DRUG_000004,RXCUI_203658,HAS_RXNORM_CONCEPT,RxNorm,RXN:DRUG_000004:203658,HIGH_EXACT,HIGH_AUTHORITATIVE,"{""mapping_method"": ""exact_identifier_based"", ""resolution_status"": ""HIGH_EXACT"", ""match_score"": 100.0, ""source_dataset"": ""RxNorm"", ""provenance"": ""rxnorm_drug_enrichment.csv""}"
E_RXN_000005,DRUG_000005,RXCUI_22299,HAS_RXNORM_CONCEPT,RxNorm,RXN:DRUG_000005:22299,HIGH_EXACT,HIGH_AUTHORITATIVE,"{""mapping_method"": ""exact_identifier_based"", ""resolution_status"": ""HIGH_EXACT"", ""match_score"": 100.0, ""source_dataset"": ""RxNorm"", ""provenance"": ""rxnorm_drug_enrichment.csv""}"
E_RXN_000006,DRUG_000006,RXCUI_3008,HAS_RXNORM_CONCEPT,RxNorm,RXN:DRUG_000006:3008,HIGH_EXACT,HIGH_AUTHORITATIVE,"{""mapping_method"": ""exact_identifier_based"", ""resolution_status"": ""HIGH_EXACT"", ""match_score"": 100.0, ""source_dataset"": ""RxNorm"", ""provenance"": ""rxnorm_drug_enrichment.csv""}"
E_RXN_000007,DRUG_000007,RXCUI_7617,HAS_RXNORM_CONCEPT,RxNorm,RXN:DRUG_000007:7617,HIGH_EXACT,HIGH_AUTHORITATIVE,"{""mapping_method"": ""exact_identifier_based"", ""resolution_status"": ""HIGH_EXACT"", ""match_score"": 100.0, ""source_dataset"": ""RxNorm"", ""provenance"": ""rxnorm_drug_enrichment.csv""}"
E_RXN_000008,DRUG_000008,RXCUI_11248,HAS_RXNORM_CONCEPT,RxNorm,RXN:DRUG_000008:11248,HIGH_EXACT,HIGH_AUTHORITATIVE,"{""mapping_method"": ""exact_identifier_based"", ""resolution_status"": ""HIGH_EXACT"", ""match_score"": 100.0, ""source_dataset"": ""RxNorm"", ""provenance"": ""rxnorm_drug_enrichment.csv""}"
E_RXN_000009,DRUG_000009,RXCUI_8156,HAS_RXNORM_CONCEPT,RxNorm,RXN:DRUG_000009:8156,HIGH_EXACT,HIGH_AUTHORITATIVE,"{""mapping_method"": ""exact_identifier_based"", ""resolution_status"": ""HIGH_EXACT"", ""match_score"": 100.0, ""source_dataset"": ""RxNorm"", ""provenance"": ""rxnorm_drug_enrichment.csv""}"
E_RXN_000010,DRUG_000010,RXCUI_2449,HAS_RXNORM_CONCEPT,RxNorm,RXN:DRUG_000010:2449,HIGH_EXACT,HIGH_AUTHORITATIVE,"{""mapping_method"": ""exact_identifier_based"", ""resolution_status"": ""HIGH_EXACT"", ""match_score"": 100.0, ""source_dataset"": ""RxNorm"", ""provenance"": ""rxnorm_drug_enrichment.csv""}"
E_RXN_000011,DRUG_000011,RXCUI_1151,HAS_RXNORM_CONCEPT,RxNorm,RXN:DRUG_000011:1151,HIGH_EXACT,HIGH_AUTHORITATIVE,"{""mapping_method"": ""exact_identifier_based"", ""resolution_status"": ""HIGH_EXACT"", ""match_score"": 100.0, ""source_dataset"": ""RxNorm"", ""provenance"": ""rxnorm_drug_enrichment.csv""}"
E_RXN_000012,DRUG_000012,RXCUI_4885,HAS_RXNORM_CONCEPT,RxNorm,RXN:DRUG_000012:4885,HIGH_EXACT,HIGH_AUTHORITATIVE,"{""mapping_method"": ""exact_identifier_based"", ""resolution_status"": ""HIGH_EXACT"", ""match_score"": 100.0, ""source_dataset"": ""RxNorm"", ""provenance"": ""rxnorm_drug_enrichment.csv""}"
E_RXN_000013,DRUG_000013,RXCUI_6837,HAS_RXNORM_CONCEPT,RxNorm,RXN:DRUG_000013:6837,HIGH_EXACT,HIGH_AUTHORITATIVE,"{""mapping_method"": ""exact_identifier_based"", ""resolution_status"": ""HIGH_EXACT"", ""match_score"": 100.0, ""source_dataset"": ""RxNorm"", ""provenance"": ""rxnorm_drug_enrichment.csv""}"
E_RXN_000014,DRUG_000014,RXCUI_1894,HAS_RXNORM_CONCEPT,RxNorm,RXN:DRUG_000014:1894,HIGH_EXACT,HIGH_AUTHORITATIVE,"{""mapping_method"": ""exact_identifier_based"", ""resolution_status"": ""HIGH_EXACT"", ""match_score"": 100.0, ""source_dataset"": ""RxNorm"", ""provenance"": ""rxnorm_drug_enrichment.csv""}"
E_RXN_000015,DRUG_000015,RXCUI_9346,HAS_RXNORM_CONCEPT,RxNorm,RXN:DRUG_000015:9346,HIGH_EXACT,HIGH_AUTHORITATIVE,"{""mapping_method"": ""exact_identifier_based"", ""resolution_status"": ""HIGH_EXACT"", ""match_score"": 100.0, ""source_dataset"": ""RxNorm"", ""provenance"": ""rxnorm_drug_enrichment.csv""}"
E_RXN_000016,DRUG_000016,RXCUI_25916,HAS_RXNORM_CONCEPT,RxNorm,RXN:DRUG_000016:25916,HIGH_EXACT,HIGH_AUTHORITATIVE,"{""mapping_method"": ""exact_identifier_based"", ""resolution_status"": ""HIGH_EXACT"", ""match_score"": 100.0, ""source_dataset"": ""RxNorm"", ""provenance"": ""rxnorm_drug_enrichment.csv""}"
E_RXN_000017,DRUG_000017,RXCUI_1855064,HAS_RXNORM_CONCEPT,RxNorm,RXN:DRUG_000017:1855064,HIGH_EXACT,HIGH_AUTHORITATIVE,"{""mapping_method"": ""exact_identifier_based"", ""resolution_status"": ""HIGH_EXACT"", ""match_score"": 100.0, ""source_dataset"": ""RxNorm"", ""provenance"": ""rxnorm_drug_enrichment.csv""}"
E_RXN_000018,DRUG_000018,RXCUI_10898,HAS_RXNORM_CONCEPT,RxNorm,RXN:DRUG_000018:10898,HIGH_EXACT,HIGH_AUTHORITATIVE,"{""mapping_method"": ""exact_identifier_based"", ""resolution_status"": ""HIGH_EXACT"", ""match_score"": 100.0, ""source_dataset"": ""RxNorm"", ""provenance"": ""rxnorm_drug_enrichment.csv""}"
E_RXN_000019,DRUG_000019,RXCUI_10454,HAS_RXNORM_CONCEPT,RxNorm,RXN:DRUG_000019:10454,HIGH_EXACT,HIGH_AUTHORITATIVE,"{""mapping_method"": ""exact_identifier_based"", ""resolution_status"": ""HIGH_EXACT"", ""match_score"": 100.0, ""source_dataset"": ""RxNorm"", ""provenance"": ""rxnorm_drug_enrichment.csv""}"
E_RXN_000020,DRUG_000020,RXCUI_4018,HAS_RXNORM_CONCEPT,RxNorm,RXN:DRUG_000020:4018,HIGH_EXACT,HIGH_AUTHORITATIVE,"{""mapping_method"": ""exact_identifier_based"", ""resolution_status"": ""HIGH_EXACT"", ""match_score"": 100.0, ""source_dataset"": ""RxNorm"", ""provenance"": ""rxnorm_drug_enrichment.csv""}"
E_RXN_000021,DRUG_000021,RXCUI_202634,HAS_RXNORM_CONCEPT,RxNorm,RXN:DRUG_000021:202634,HIGH_EXACT,HIGH_AUTHORITATIVE,"{""mapping_method"": ""exact_identifier_based"", ""resolution_status"": ""HIGH_EXACT"", ""match_score"": 100.0, ""source_dataset"": ""RxNorm"", ""provenance"": ""rxnorm_drug_enrichment.csv""}"
E_RXN_000022,DRUG_000022,RXCUI_11246,HAS_RXNORM_CONCEPT,RxNorm,RXN:DRUG_000022:11246,HIGH_EXACT,HIGH_AUTHORITATIVE,"{""mapping_method"": ""exact_identifier_based"", ""resolution_status"": ""HIGH_EXACT"", ""match_score"": 100.0, ""source_dataset"": ""RxNorm"", ""provenance"": ""rxnorm_drug_enrichment.csv""}"
E_RXN_000023,DRUG_000023,RXCUI_11256,HAS_RXNORM_CONCEPT,RxNorm,RXN:DRUG_000023:11256,HIGH_EXACT,HIGH_AUTHORITATIVE,"{""mapping_method"": ""exact_identifier_based"", ""resolution_status"": ""HIGH_EXACT"", ""match_score"": 100.0, ""source_dataset"": ""RxNorm"", ""provenance"": ""rxnorm_drug_enrichment.csv""}"
E_RXN_000024,DRUG_000024,RXCUI_42954,HAS_RXNORM_CONCEPT,RxNorm,RXN:DRUG_000024:42954,HIGH_EXACT,HIGH_AUTHORITATIVE,"{""mapping_method"": ""exact_identifier_based"", ""resolution_status"": ""HIGH_EXACT"", ""match_score"": 100.0, ""source_dataset"": ""RxNorm"", ""provenance"": ""rxnorm_drug_enrichment.csv""}"
E_RXN_000025,DRUG_000025,RXCUI_6417,HAS_RXNORM_CONCEPT,RxNorm,RXN:DRUG_000025:6417,HIGH_EXACT,HIGH_AUTHORITATIVE,"{""mapping_method"": ""exact_identifier_based"", ""resolution_status"": ""HIGH_EXACT"", ""match_score"": 100.0, ""source_dataset"": ""RxNorm"", ""provenance"": ""rxnorm_drug_enrichment.csv""}"
E_RXN_000026,DRUG_000026,RXCUI_2418,HAS_RXNORM_CONCEPT,RxNorm,RXN:DRUG_000026:2418,HIGH_EXACT,HIGH_AUTHORITATIVE,"{""mapping_method"": ""exact_identifier_based"", ""resolution_status"": ""HIGH_EXACT"", ""match_score"": 100.0, ""source_dataset"": ""RxNorm"", ""provenance"": ""rxnorm_drug_enrichment.csv""}"
E_RXN_000027,DRUG_000027,RXCUI_6728,HAS_RXNORM_CONCEPT,RxNorm,RXN:DRUG_000027:6728,HIGH_EXACT,HIGH_AUTHORITATIVE,"{""mapping_method"": ""exact_identifier_based"", ""resolution_status"": ""HIGH_EXACT"", ""match_score"": 100.0, ""source_dataset"": ""RxNorm"", ""provenance"": ""rxnorm_drug_enrichment.csv""}"
E_RXN_000028,DRUG_000028,RXCUI_42463,HAS_RXNORM_CONCEPT,RxNorm,RXN:DRUG_000028:42463,HIGH_EXACT,HIGH_AUTHORITATIVE,"{""mapping_method"": ""exact_identifier_based"", ""resolution_status"": ""HIGH_EXACT"", ""match_score"": 100.0, ""source_dataset"": ""RxNorm"", ""provenance"": ""rxnorm_drug_enrichment.csv""}"
E_RXN_000029,DRUG_000029,RXCUI_42355,HAS_RXNORM_CONCEPT,RxNorm,RXN:DRUG_000029:42355,HIGH_EXACT,HIGH_AUTHORITATIVE,"{""mapping_method"": ""exact_identifier_based"", ""resolution_status"": ""HIGH_EXACT"", ""match_score"": 100.0, ""source_dataset"": ""RxNorm"", ""provenance"": ""rxnorm_drug_enrichment.csv""}"
E_RXN_000030,DRUG_000030,RXCUI_69749,HAS_RXNORM_CONCEPT,RxNorm,RXN:DRUG_000030:69749,HIGH_EXACT,HIGH_AUTHORITATIVE,"{""mapping_method"": ""exact_identifier_based"", ""resolution_status"": ""HIGH_EXACT"", ""match_score"": 100.0, ""source_dataset"": ""RxNorm"", ""provenance"": ""rxnorm_drug_enrichment.csv""}"
E_RXN_000031,DRUG_000031,RXCUI_35296,HAS_RXNORM_CONCEPT,RxNorm,RXN:DRUG_000031:35296,HIGH_EXACT,HIGH_AUTHORITATIVE,"{""mapping_method"": ""exact_identifier_based"", ""resolution_status"": ""HIGH_EXACT"", ""match_score"": 100.0, ""source_dataset"": ""RxNorm"", ""provenance"": ""rxnorm_drug_enrichment.csv""}"
E_RXN_000032,DRUG_000032,RXCUI_227239,HAS_RXNORM_CONCEPT,RxNorm,RXN:DRUG_000032:227239,HIGH_EXACT,HIGH_AUTHORITATIVE,"{""mapping_method"": ""exact_identifier_based"", ""resolution_status"": ""HIGH_EXACT"", ""match_score"": 100.0, ""source_dataset"": ""RxNorm"", ""provenance"": ""rxnorm_drug_enrichment.csv""}"
E_RXN_000033,DRUG_000033,RXCUI_1546428,HAS_RXNORM_CONCEPT,RxNorm,RXN:DRUG_000033:1546428,HIGH_EXACT,HIGH_AUTHORITATIVE,"{""mapping_method"": ""exact_identifier_based"", ""resolution_status"": ""HIGH_EXACT"", ""match_score"": 100.0, ""source_dataset"": ""RxNorm"", ""provenance"": ""rxnorm_drug_enrichment.csv""}"
E_RXN_000034,DRUG_000034,RXCUI_1292,HAS_RXNORM_CONCEPT,RxNorm,RXN:DRUG_000034:1292,HIGH_EXACT,HIGH_AUTHORITATIVE,"{""mapping_method"": ""exact_identifier_based"", ""resolution_status"": ""HIGH_EXACT"", ""match_score"": 100.0, ""source_dataset"": ""RxNorm"", ""provenance"": ""rxnorm_drug_enrichment.csv""}"
E_RXN_000035,DRUG_000035,RXCUI_3288,HAS_RXNORM_CONCEPT,RxNorm,RXN:DRUG_000035:3288,HIGH_EXACT,HIGH_AUTHORITATIVE,"{""mapping_method"": ""exact_identifier_based"", ""resolution_status"": ""HIGH_EXACT"", ""match_score"": 100.0, ""source_dataset"": ""RxNorm"", ""provenance"": ""rxnorm_drug_enrichment.csv""}"
E_RXN_000036,DRUG_000036,RXCUI_3288,HAS_RXNORM_CONCEPT,RxNorm,RXN:DRUG_000036:3288,HIGH_EXACT,HIGH_AUTHORITATIVE,"{""mapping_method"": ""exact_identifier_based"", ""resolution_status"": ""HIGH_EXACT"", ""match_score"": 100.0, ""source_dataset"": ""RxNorm"", ""provenance"": ""rxnorm_drug_enrichment.csv""}"
E_RXN_000037,DRUG_000037,RXCUI_725,HAS_RXNORM_CONCEPT,RxNorm,RXN:DRUG_000037:725,HIGH_EXACT,HIGH_AUTHORITATIVE,"{""mapping_method"": ""exact_name_lookup"", ""resolution_status"": ""HIGH_EXACT"", ""match_score"": 100.0, ""source_dataset"": ""RxNorm"", ""provenance"": ""rxnorm_drug_enrichment.csv""}"
E_RXN_000038,DRUG_000038,RXCUI_31765,HAS_RXNORM_CONCEPT,RxNorm,RXN:DRUG_000038:31765,HIGH_EXACT,HIGH_AUTHORITATIVE,"{""mapping_method"": ""exact_identifier_based"", ""resolution_status"": ""HIGH_EXACT"", ""match_score"": 100.0, ""source_dataset"": ""RxNorm"", ""provenance"": ""rxnorm_drug_enrichment.csv""}"
E_RXN_000039,DRUG_000039,RXCUI_44281,HAS_RXNORM_CONCEPT,RxNorm,RXN:DRUG_000039:44281,HIGH_EXACT,HIGH_AUTHORITATIVE,"{""mapping_method"": ""exact_identifier_based"", ""resolution_status"": ""HIGH_EXACT"", ""match_score"": 100.0, ""source_dataset"": ""RxNorm"", ""provenance"": ""rxnorm_drug_enrichment.csv""}"
E_RXN_000040,DRUG_000040,RXCUI_6470,HAS_RXNORM_CONCEPT,RxNorm,RXN:DRUG_000040:6470,HIGH_EXACT,HIGH_AUTHORITATIVE,"{""mapping_method"": ""exact_identifier_based"", ""resolution_status"": ""HIGH_EXACT"", ""match_score"": 100.0, ""source_dataset"": ""RxNorm"", ""provenance"": ""rxnorm_drug_enrichment.csv""}"
E_RXN_000041,DRUG_000041,RXCUI_49737,HAS_RXNORM_CONCEPT,RxNorm,RXN:DRUG_000041:49737,HIGH_EXACT,HIGH_AUTHORITATIVE,"{""mapping_method"": ""exact_identifier_based"", ""resolution_status"": ""HIGH_EXACT"", ""match_score"": 100.0, ""source_dataset"": ""RxNorm"", ""provenance"": ""rxnorm_drug_enrichment.csv""}"
E_RXN_000042,DRUG_000042,RXCUI_358258,HAS_RXNORM_CONCEPT,RxNorm,RXN:DRUG_000042:358258,HIGH_EXACT,HIGH_AUTHORITATIVE,"{""mapping_method"": ""exact_identifier_based"", ""resolution_status"": ""HIGH_EXACT"", ""match_score"": 100.0, ""source_dataset"": ""RxNorm"", ""provenance"": ""rxnorm_drug_enrichment.csv""}"
E_RXN_000043,DRUG_000043,RXCUI_4118,HAS_RXNORM_CONCEPT,RxNorm,RXN:DRUG_000043:4118,HIGH_EXACT,HIGH_AUTHORITATIVE,"{""mapping_method"": ""exact_identifier_based"", ""resolution_status"": ""HIGH_EXACT"", ""match_score"": 100.0, ""source_dataset"": ""RxNorm"", ""provenance"": ""rxnorm_drug_enrichment.csv""}"
E_RXN_000044,DRUG_000044,RXCUI_1545982,HAS_RXNORM_CONCEPT,RxNorm,RXN:DRUG_000044:1545982,HIGH_EXACT,HIGH_AUTHORITATIVE,"{""mapping_method"": ""exact_identifier_based"", ""resolution_status"": ""HIGH_EXACT"", ""match_score"": 100.0, ""source_dataset"": ""RxNorm"", ""provenance"": ""rxnorm_drug_enrichment.csv""}"
E_RXN_000045,DRUG_000046,RXCUI_10689,HAS_RXNORM_CONCEPT,RxNorm,RXN:DRUG_000046:10689,HIGH_EXACT,HIGH_AUTHORITATIVE,"{""mapping_method"": ""exact_identifier_based"", ""resolution_status"": ""HIGH_EXACT"", ""match_score"": 100.0, ""source_dataset"": ""RxNorm"", ""provenance"": ""rxnorm_drug_enrichment.csv""}"
E_RXN_000046,DRUG_000047,RXCUI_1520,HAS_RXNORM_CONCEPT,RxNorm,RXN:DRUG_000047:1520,HIGH_EXACT,HIGH_AUTHORITATIVE,"{""mapping_method"": ""exact_identifier_based"", ""resolution_status"": ""HIGH_EXACT"", ""match_score"": 100.0, ""source_dataset"": ""RxNorm"", ""provenance"": ""rxnorm_drug_enrichment.csv""}"
E_RXN_000047,DRUG_000049,RXCUI_260101,HAS_RXNORM_CONCEPT,RxNorm,RXN:DRUG_000049:260101,HIGH_EXACT,HIGH_AUTHORITATIVE,"{""mapping_method"": ""exact_identifier_based"", ""resolution_status"": ""HIGH_EXACT"", ""match_score"": 100.0, ""source_dataset"": ""RxNorm"", ""provenance"": ""rxnorm_drug_enrichment.csv""}"
E_RXN_000048,DRUG_000050,RXCUI_4053,HAS_RXNORM_CONCEPT,RxNorm,RXN:DRUG_000050:4053,HIGH_EXACT,HIGH_AUTHORITATIVE,"{""mapping_method"": ""exact_identifier_based"", ""resolution_status"": ""HIGH_EXACT"", ""match_score"": 100.0, ""source_dataset"": ""RxNorm"", ""provenance"": ""rxnorm_drug_enrichment.csv""}"
E_RXN_000049,DRUG_000051,RXCUI_1886,HAS_RXNORM_CONCEPT,RxNorm,RXN:DRUG_000051:1886,HIGH_EXACT,HIGH_AUTHORITATIVE,"{""mapping_method"": ""exact_identifier_based"", ""resolution_status"": ""HIGH_EXACT"", ""match_score"": 100.0, ""source_dataset"": ""RxNorm"", ""provenance"": ""rxnorm_drug_enrichment.csv""}"
E_RXN_000050,DRUG_000052,RXCUI_10154,HAS_RXNORM_CONCEPT,RxNorm,RXN:DRUG_000052:10154,HIGH_EXACT,HIGH_AUTHORITATIVE,"{""mapping_method"": ""exact_identifier_based"", ""resolution_status"": ""HIGH_EXACT"", ""match_score"": 100.0, ""source_dataset"": ""RxNorm"", ""provenance"": ""rxnorm_drug_enrichment.csv""}"
E_RXN_000051,DRUG_000053,RXCUI_136411,HAS_RXNORM_CONCEPT,RxNorm,RXN:DRUG_000053:136411,HIGH_EXACT,HIGH_AUTHORITATIVE,"{""mapping_method"": ""exact_identifier_based"", ""resolution_status"": ""HIGH_EXACT"", ""match_score"": 100.0, ""source_dataset"": ""RxNorm"", ""provenance"": ""rxnorm_drug_enrichment.csv""}"
E_RXN_000052,DRUG_000054,RXCUI_49247,HAS_RXNORM_CONCEPT,RxNorm,RXN:DRUG_000054:49247,HIGH_EXACT,HIGH_AUTHORITATIVE,"{""mapping_method"": ""exact_identifier_based"", ""resolution_status"": ""HIGH_EXACT"", ""match_score"": 100.0, ""source_dataset"": ""RxNorm"", ""provenance"": ""rxnorm_drug_enrichment.csv""}"
E_RXN_000053,DRUG_000055,RXCUI_9010,HAS_RXNORM_CONCEPT,RxNorm,RXN:DRUG_000055:9010,HIGH_EXACT,HIGH_AUTHORITATIVE,"{""mapping_method"": ""exact_identifier_based"", ""resolution_status"": ""HIGH_EXACT"", ""match_score"": 100.0, ""source_dataset"": ""RxNorm"", ""provenance"": ""rxnorm_drug_enrichment.csv""}"
E_RXN_000054,DRUG_000056,RXCUI_9260,HAS_RXNORM_CONCEPT,RxNorm,RXN:DRUG_000056:9260,HIGH_EXACT,HIGH_AUTHORITATIVE,"{""mapping_method"": ""exact_identifier_based"", ""resolution_status"": ""HIGH_EXACT"", ""match_score"": 100.0, ""source_dataset"": ""RxNorm"", ""provenance"": ""rxnorm_drug_enrichment.csv""}"
E_RXN_000055,DRUG_000057,RXCUI_18631,HAS_RXNORM_CONCEPT,RxNorm,RXN:DRUG_000057:18631,HIGH_EXACT,HIGH_AUTHORITATIVE,"{""mapping_method"": ""exact_identifier_based"", ""resolution_status"": ""HIGH_EXACT"", ""match_score"": 100.0, ""source_dataset"": ""RxNorm"", ""provenance"": ""rxnorm_drug_enrichment.csv""}"
E_RXN_000056,DRUG_000058,RXCUI_10594,HAS_RXNORM_CONCEPT,RxNorm,RXN:DRUG_000058:10594,HIGH_EXACT,HIGH_AUTHORITATIVE,"{""mapping_method"": ""exact_identifier_based"", ""resolution_status"": ""HIGH_EXACT"", ""match_score"": 100.0, ""source_dataset"": ""RxNorm"", ""provenance"": ""rxnorm_drug_enrichment.csv""}"
E_RXN_000057,DRUG_000059,RXCUI_236778,HAS_RXNORM_CONCEPT,RxNorm,RXN:DRUG_000059:236778,HIGH_EXACT,HIGH_AUTHORITATIVE,"{""mapping_method"": ""exact_identifier_based"", ""resolution_status"": ""HIGH_EXACT"", ""match_score"": 100.0, ""source_dataset"": ""RxNorm"", ""provenance"": ""rxnorm_drug_enrichment.csv""}"
E_RXN_000058,DRUG_000060,RXCUI_60223,HAS_RXNORM_CONCEPT,RxNorm,RXN:DRUG_000060:60223,HIGH_EXACT,HIGH_AUTHORITATIVE,"{""mapping_method"": ""exact_identifier_based"", ""resolution_status"": ""HIGH_EXACT"", ""match_score"": 100.0, ""source_dataset"": ""RxNorm"", ""provenance"": ""rxnorm_drug_enrichment.csv""}"
E_RXN_000059,DRUG_000061,RXCUI_6963,HAS_RXNORM_CONCEPT,RxNorm,RXN:DRUG_000061:6963,HIGH_EXACT,HIGH_AUTHORITATIVE,"{""mapping_method"": ""exact_identifier_based"", ""resolution_status"": ""HIGH_EXACT"", ""match_score"": 100.0, ""source_dataset"": ""RxNorm"", ""provenance"": ""rxnorm_drug_enrichment.csv""}"
E_RXN_000060,DRUG_000063,RXCUI_40790,HAS_RXNORM_CONCEPT,RxNorm,RXN:DRUG_000063:40790,HIGH_EXACT,HIGH_AUTHORITATIVE,"{""mapping_method"": ""exact_identifier_based"", ""resolution_status"": ""HIGH_EXACT"", ""match_score"": 100.0, ""source_dataset"": ""RxNorm"", ""provenance"": ""rxnorm_drug_enrichment.csv""}"
E_RXN_000061,DRUG_000064,RXCUI_38413,HAS_RXNORM_CONCEPT,RxNorm,RXN:DRUG_000064:38413,HIGH_EXACT,HIGH_AUTHORITATIVE,"{""mapping_method"": ""exact_identifier_based"", ""resolution_status"": ""HIGH_EXACT"", ""match_score"": 100.0, ""source_dataset"": ""RxNorm"", ""provenance"": ""rxnorm_drug_enrichment.csv""}"
E_RXN_000062,DRUG_000065,RXCUI_2556,HAS_RXNORM_CONCEPT,RxNorm,RXN:DRUG_000065:2556,HIGH_EXACT,HIGH_AUTHORITATIVE,"{""mapping_method"": ""exact_identifier_based"", ""resolution_status"": ""HIGH_EXACT"", ""match_score"": 100.0, ""source_dataset"": ""RxNorm"", ""provenance"": ""rxnorm_drug_enrichment.csv""}"
E_RXN_000063,DRUG_000066,RXCUI_321988,HAS_RXNORM_CONCEPT,RxNorm,RXN:DRUG_000066:321988,HIGH_EXACT,HIGH_AUTHORITATIVE,"{""mapping_method"": ""exact_identifier_based"", ""resolution_status"": ""HIGH_EXACT"", ""match_score"": 100.0, ""source_dataset"": ""RxNorm"", ""provenance"": ""rxnorm_drug_enrichment.csv""}"
E_RXN_000064,DRUG_000067,RXCUI_2556,HAS_RXNORM_CONCEPT,RxNorm,RXN:DRUG_000067:2556,HIGH_EXACT,HIGH_AUTHORITATIVE,"{""mapping_method"": ""exact_name_lookup"", ""resolution_status"": ""HIGH_EXACT"", ""match_score"": 100.0, ""source_dataset"": ""RxNorm"", ""provenance"": ""rxnorm_drug_enrichment.csv""}"
E_RXN_000065,DRUG_000068,RXCUI_231049,HAS_RXNORM_CONCEPT,RxNorm,RXN:DRUG_000068:231049,HIGH_EXACT,HIGH_AUTHORITATIVE,"{""mapping_method"": ""exact_identifier_based"", ""resolution_status"": ""HIGH_EXACT"", ""match_score"": 100.0, ""source_dataset"": ""RxNorm"", ""provenance"": ""rxnorm_drug_enrichment.csv""}"
E_RXN_000066,DRUG_000069,RXCUI_1523,HAS_RXNORM_CONCEPT,RxNorm,RXN:DRUG_000069:1523,HIGH_EXACT,HIGH_AUTHORITATIVE,"{""mapping_method"": ""exact_identifier_based"", ""resolution_status"": ""HIGH_EXACT"", ""match_score"": 100.0, ""source_dataset"": ""RxNorm"", ""provenance"": ""rxnorm_drug_enrichment.csv""}"
E_RXN_000067,DRUG_000070,RXCUI_139462,HAS_RXNORM_CONCEPT,RxNorm,RXN:DRUG_000070:139462,HIGH_EXACT,HIGH_AUTHORITATIVE,"{""mapping_method"": ""exact_identifier_based"", ""resolution_status"": ""HIGH_EXACT"", ""match_score"": 100.0, ""source_dataset"": ""RxNorm"", ""provenance"": ""rxnorm_drug_enrichment.csv""}"
E_RXN_000068,DRUG_000071,RXCUI_7818,HAS_RXNORM_CONCEPT,RxNorm,RXN:DRUG_000071:7818,HIGH_EXACT,HIGH_AUTHORITATIVE,"{""mapping_method"": ""exact_identifier_based"", ""resolution_status"": ""HIGH_EXACT"", ""match_score"": 100.0, ""source_dataset"": ""RxNorm"", ""provenance"": ""rxnorm_drug_enrichment.csv""}"
E_RXN_000069,DRUG_000072,RXCUI_134527,HAS_RXNORM_CONCEPT,RxNorm,RXN:DRUG_000072:134527,HIGH_EXACT,HIGH_AUTHORITATIVE,"{""mapping_method"": ""exact_identifier_based"", ""resolution_status"": ""HIGH_EXACT"", ""match_score"": 100.0, ""source_dataset"": ""RxNorm"", ""provenance"": ""rxnorm_drug_enrichment.csv""}"
E_RXN_000070,DRUG_000073,RXCUI_6023,HAS_RXNORM_CONCEPT,RxNorm,RXN:DRUG_000073:6023,HIGH_EXACT,HIGH_AUTHORITATIVE,"{""mapping_method"": ""exact_identifier_based"", ""resolution_status"": ""HIGH_EXACT"", ""match_score"": 100.0, ""source_dataset"": ""RxNorm"", ""provenance"": ""rxnorm_drug_enrichment.csv""}"
E_RXN_000071,DRUG_000074,RXCUI_25789,HAS_RXNORM_CONCEPT,RxNorm,RXN:DRUG_000074:25789,HIGH_EXACT,HIGH_AUTHORITATIVE,"{""mapping_method"": ""exact_identifier_based"", ""resolution_status"": ""HIGH_EXACT"", ""match_score"": 100.0, ""source_dataset"": ""RxNorm"", ""provenance"": ""rxnorm_drug_enrichment.csv""}"
E_RXN_000072,DRUG_000075,RXCUI_91311,HAS_RXNORM_CONCEPT,RxNorm,RXN:DRUG_000075:91311,HIGH_EXACT,HIGH_AUTHORITATIVE,"{""mapping_method"": ""exact_identifier_based"", ""resolution_status"": ""HIGH_EXACT"", ""match_score"": 100.0, ""source_dataset"": ""RxNorm"", ""provenance"": ""rxnorm_drug_enrichment.csv""}"
E_RXN_000073,DRUG_000076,RXCUI_114289,HAS_RXNORM_CONCEPT,RxNorm,RXN:DRUG_000076:114289,HIGH_EXACT,HIGH_AUTHORITATIVE,"{""mapping_method"": ""exact_identifier_based"", ""resolution_status"": ""HIGH_EXACT"", ""match_score"": 100.0, ""source_dataset"": ""RxNorm"", ""provenance"": ""rxnorm_drug_enrichment.csv""}"
E_RXN_000074,DRUG_000077,RXCUI_26296,HAS_RXNORM_CONCEPT,RxNorm,RXN:DRUG_000077:26296,HIGH_EXACT,HIGH_AUTHORITATIVE,"{""mapping_method"": ""exact_identifier_based"", ""resolution_status"": ""HIGH_EXACT"", ""match_score"": 100.0, ""source_dataset"": ""RxNorm"", ""provenance"": ""rxnorm_drug_enrichment.csv""}"
E_RXN_000075,DRUG_000078,RXCUI_6472,HAS_RXNORM_CONCEPT,RxNorm,RXN:DRUG_000078:6472,HIGH_EXACT,HIGH_AUTHORITATIVE,"{""mapping_method"": ""exact_identifier_based"", ""resolution_status"": ""HIGH_EXACT"", ""match_score"": 100.0, ""source_dataset"": ""RxNorm"", ""provenance"": ""rxnorm_drug_enrichment.csv""}"
E_RXN_000076,DRUG_000079,RXCUI_3920,HAS_RXNORM_CONCEPT,RxNorm,RXN:DRUG_000079:3920,HIGH_EXACT,HIGH_AUTHORITATIVE,"{""mapping_method"": ""exact_identifier_based"", ""resolution_status"": ""HIGH_EXACT"", ""match_score"": 100.0, ""source_dataset"": ""RxNorm"", ""provenance"": ""rxnorm_drug_enrichment.csv""}"
E_RXN_000077,DRUG_000080,RXCUI_2188,HAS_RXNORM_CONCEPT,RxNorm,RXN:DRUG_000080:2188,HIGH_EXACT,HIGH_AUTHORITATIVE,"{""mapping_method"": ""exact_identifier_based"", ""resolution_status"": ""HIGH_EXACT"", ""match_score"": 100.0, ""source_dataset"": ""RxNorm"", ""provenance"": ""rxnorm_drug_enrichment.csv""}"
E_RXN_000078,DRUG_000081,RXCUI_187832,HAS_RXNORM_CONCEPT,RxNorm,RXN:DRUG_000081:187832,HIGH_EXACT,HIGH_AUTHORITATIVE,"{""mapping_method"": ""exact_identifier_based"", ""resolution_status"": ""HIGH_EXACT"", ""match_score"": 100.0, ""source_dataset"": ""RxNorm"", ""provenance"": ""rxnorm_drug_enrichment.csv""}"
E_RXN_000079,DRUG_000082,RXCUI_10355,HAS_RXNORM_CONCEPT,RxNorm,RXN:DRUG_000082:10355,HIGH_EXACT,HIGH_AUTHORITATIVE,"{""mapping_method"": ""exact_identifier_based"", ""resolution_status"": ""HIGH_EXACT"", ""match_score"": 100.0, ""source_dataset"": ""RxNorm"", ""provenance"": ""rxnorm_drug_enrichment.csv""}"
E_RXN_000080,DRUG_000083,RXCUI_6860,HAS_RXNORM_CONCEPT,RxNorm,RXN:DRUG_000083:6860,HIGH_EXACT,HIGH_AUTHORITATIVE,"{""mapping_method"": ""exact_identifier_based"", ""resolution_status"": ""HIGH_EXACT"", ""match_score"": 100.0, ""source_dataset"": ""RxNorm"", ""provenance"": ""rxnorm_drug_enrichment.csv""}"
E_RXN_000081,DRUG_000084,RXCUI_7833,HAS_RXNORM_CONCEPT,RxNorm,RXN:DRUG_000084:7833,HIGH_EXACT,HIGH_AUTHORITATIVE,"{""mapping_method"": ""exact_identifier_based"", ""resolution_status"": ""HIGH_EXACT"", ""match_score"": 100.0, ""source_dataset"": ""RxNorm"", ""provenance"": ""rxnorm_drug_enrichment.csv""}"
E_RXN_000082,DRUG_000085,RXCUI_60842,HAS_RXNORM_CONCEPT,RxNorm,RXN:DRUG_000085:60842,HIGH_EXACT,HIGH_AUTHORITATIVE,"{""mapping_method"": ""exact_identifier_based"", ""resolution_status"": ""HIGH_EXACT"", ""match_score"": 100.0, ""source_dataset"": ""RxNorm"", ""provenance"": ""rxnorm_drug_enrichment.csv""}"
E_RXN_000083,DRUG_000086,RXCUI_52769,HAS_RXNORM_CONCEPT,RxNorm,RXN:DRUG_000086:52769,HIGH_EXACT,HIGH_AUTHORITATIVE,"{""mapping_method"": ""exact_identifier_based"", ""resolution_status"": ""HIGH_EXACT"", ""match_score"": 100.0, ""source_dataset"": ""RxNorm"", ""provenance"": ""rxnorm_drug_enrichment.csv""}"
E_RXN_000084,DRUG_000087,RXCUI_8347,HAS_RXNORM_CONCEPT,RxNorm,RXN:DRUG_000087:8347,HIGH_EXACT,HIGH_AUTHORITATIVE,"{""mapping_method"": ""exact_identifier_based"", ""resolution_status"": ""HIGH_EXACT"", ""match_score"": 100.0, ""source_dataset"": ""RxNorm"", ""provenance"": ""rxnorm_drug_enrichment.csv""}"
E_RXN_000085,DRUG_000088,RXCUI_477631,HAS_RXNORM_CONCEPT,RxNorm,RXN:DRUG_000088:477631,HIGH_EXACT,HIGH_AUTHORITATIVE,"{""mapping_method"": ""exact_identifier_based"", ""resolution_status"": ""HIGH_EXACT"", ""match_score"": 100.0, ""source_dataset"": ""RxNorm"", ""provenance"": ""rxnorm_drug_enrichment.csv""}"
E_RXN_000086,DRUG_000089,RXCUI_53654,HAS_RXNORM_CONCEPT,RxNorm,RXN:DRUG_000089:53654,HIGH_EXACT,HIGH_AUTHORITATIVE,"{""mapping_method"": ""exact_identifier_based"", ""resolution_status"": ""HIGH_EXACT"", ""match_score"": 100.0, ""source_dataset"": ""RxNorm"", ""provenance"": ""rxnorm_drug_enrichment.csv""}"
E_RXN_000087,DRUG_000090,RXCUI_32638,HAS_RXNORM_CONCEPT,RxNorm,RXN:DRUG_000090:32638,HIGH_EXACT,HIGH_AUTHORITATIVE,"{""mapping_method"": ""exact_identifier_based"", ""resolution_status"": ""HIGH_EXACT"", ""match_score"": 100.0, ""source_dataset"": ""RxNorm"", ""provenance"": ""rxnorm_drug_enrichment.csv""}"
E_RXN_000088,DRUG_000091,RXCUI_108088,HAS_RXNORM_CONCEPT,RxNorm,RXN:DRUG_000091:108088,HIGH_EXACT,HIGH_AUTHORITATIVE,"{""mapping_method"": ""exact_identifier_based"", ""resolution_status"": ""HIGH_EXACT"", ""match_score"": 100.0, ""source_dataset"": ""RxNorm"", ""provenance"": ""rxnorm_drug_enrichment.csv""}"
E_RXN_000089,DRUG_000092,RXCUI_19860,HAS_RXNORM_CONCEPT,RxNorm,RXN:DRUG_000092:19860,HIGH_EXACT,HIGH_AUTHORITATIVE,"{""mapping_method"": ""exact_identifier_based"", ""resolution_status"": ""HIGH_EXACT"", ""match_score"": 100.0, ""source_dataset"": ""RxNorm"", ""provenance"": ""rxnorm_drug_enrichment.csv""}"
E_RXN_000090,DRUG_000093,RXCUI_44157,HAS_RXNORM_CONCEPT,RxNorm,RXN:DRUG_000093:44157,HIGH_EXACT,HIGH_AUTHORITATIVE,"{""mapping_method"": ""exact_identifier_based"", ""resolution_status"": ""HIGH_EXACT"", ""match_score"": 100.0, ""source_dataset"": ""RxNorm"", ""provenance"": ""rxnorm_drug_enrichment.csv""}"
E_RXN_000091,DRUG_000094,RXCUI_35829,HAS_RXNORM_CONCEPT,RxNorm,RXN:DRUG_000094:35829,HIGH_EXACT,HIGH_AUTHORITATIVE,"{""mapping_method"": ""exact_identifier_based"", ""resolution_status"": ""HIGH_EXACT"", ""match_score"": 100.0, ""source_dataset"": ""RxNorm"", ""provenance"": ""rxnorm_drug_enrichment.csv""}"
E_RXN_000092,DRUG_000095,RXCUI_52582,HAS_RXNORM_CONCEPT,RxNorm,RXN:DRUG_000095:52582,HIGH_EXACT,HIGH_AUTHORITATIVE,"{""mapping_method"": ""exact_identifier_based"", ""resolution_status"": ""HIGH_EXACT"", ""match_score"": 100.0, ""source_dataset"": ""RxNorm"", ""provenance"": ""rxnorm_drug_enrichment.csv""}"
E_RXN_000093,DRUG_000096,RXCUI_1424,HAS_RXNORM_CONCEPT,RxNorm,RXN:DRUG_000096:1424,HIGH_EXACT,HIGH_AUTHORITATIVE,"{""mapping_method"": ""exact_identifier_based"", ""resolution_status"": ""HIGH_EXACT"", ""match_score"": 100.0, ""source_dataset"": ""RxNorm"", ""provenance"": ""rxnorm_drug_enrichment.csv""}"
E_RXN_000094,DRUG_000097,RXCUI_115698,HAS_RXNORM_CONCEPT,RxNorm,RXN:DRUG_000097:115698,HIGH_EXACT,HIGH_AUTHORITATIVE,"{""mapping_method"": ""exact_identifier_based"", ""resolution_status"": ""HIGH_EXACT"", ""match_score"": 100.0, ""source_dataset"": ""RxNorm"", ""provenance"": ""rxnorm_drug_enrichment.csv""}"
E_RXN_000095,DRUG_000098,RXCUI_6911,HAS_RXNORM_CONCEPT,RxNorm,RXN:DRUG_000098:6911,HIGH_EXACT,HIGH_AUTHORITATIVE,"{""mapping_method"": ""exact_identifier_based"", ""resolution_status"": ""HIGH_EXACT"", ""match_score"": 100.0, ""source_dataset"": ""RxNorm"", ""provenance"": ""rxnorm_drug_enrichment.csv""}"
E_RXN_000096,DRUG_000099,RXCUI_47579,HAS_RXNORM_CONCEPT,RxNorm,RXN:DRUG_000099:47579,HIGH_EXACT,HIGH_AUTHORITATIVE,"{""mapping_method"": ""exact_identifier_based"", ""resolution_status"": ""HIGH_EXACT"", ""match_score"": 100.0, ""source_dataset"": ""RxNorm"", ""provenance"": ""rxnorm_drug_enrichment.csv""}"
E_RXN_000097,DRUG_000100,RXCUI_3108,HAS_RXNORM_CONCEPT,RxNorm,RXN:DRUG_000100:3108,HIGH_EXACT,HIGH_AUTHORITATIVE,"{""mapping_method"": ""exact_identifier_based"", ""resolution_status"": ""HIGH_EXACT"", ""match_score"": 100.0, ""source_dataset"": ""RxNorm"", ""provenance"": ""rxnorm_drug_enrichment.csv""}"
E_RXN_000098,DRUG_000101,RXCUI_37806,HAS_RXNORM_CONCEPT,RxNorm,RXN:DRUG_000101:37806,HIGH_EXACT,HIGH_AUTHORITATIVE,"{""mapping_method"": ""exact_identifier_based"", ""resolution_status"": ""HIGH_EXACT"", ""match_score"": 100.0, ""source_dataset"": ""RxNorm"", ""provenance"": ""rxnorm_drug_enrichment.csv""}"
E_RXN_000099,DRUG_000102,RXCUI_8183,HAS_RXNORM_CONCEPT,RxNorm,RXN:DRUG_000102:8183,HIGH_EXACT,HIGH_AUTHORITATIVE,"{""mapping_method"": ""exact_identifier_based"", ""resolution_status"": ""HIGH_EXACT"", ""match_score"": 100.0, ""source_dataset"": ""RxNorm"", ""provenance"": ""rxnorm_drug_enrichment.csv""}"
E_RXN_000100,DRUG_000103,RXCUI_29439,HAS_RXNORM_CONCEPT,RxNorm,RXN:DRUG_000103:29439,HIGH_EXACT,HIGH_AUTHORITATIVE,"{""mapping_method"": ""exact_identifier_based"", ""resolution_status"": ""HIGH_EXACT"", ""match_score"": 100.0, ""source_dataset"": ""RxNorm"", ""provenance"": ""rxnorm_drug_enrichment.csv""}"
E_RXN_000101,DRUG_000104,RXCUI_1545992,HAS_RXNORM_CONCEPT,RxNorm,RXN:DRUG_000104:1545992,HIGH_EXACT,HIGH_AUTHORITATIVE,"{""mapping_method"": ""exact_identifier_based"", ""resolution_status"": ""HIGH_EXACT"", ""match_score"": 100.0, ""source_dataset"": ""RxNorm"", ""provenance"": ""rxnorm_drug_enrichment.csv""}"
E_RXN_000102,DRUG_000105,RXCUI_3390,HAS_RXNORM_CONCEPT,RxNorm,RXN:DRUG_000105:3390,HIGH_EXACT,HIGH_AUTHORITATIVE,"{""mapping_method"": ""exact_identifier_based"", ""resolution_status"": ""HIGH_EXACT"", ""match_score"": 100.0, ""source_dataset"": ""RxNorm"", ""provenance"": ""rxnorm_drug_enrichment.csv""}"
E_RXN_000103,DRUG_000106,RXCUI_6513,HAS_RXNORM_CONCEPT,RxNorm,RXN:DRUG_000106:6513,HIGH_EXACT,HIGH_AUTHORITATIVE,"{""mapping_method"": ""exact_identifier_based"", ""resolution_status"": ""HIGH_EXACT"", ""match_score"": 100.0, ""source_dataset"": ""RxNorm"", ""provenance"": ""rxnorm_drug_enrichment.csv""}"
E_RXN_000104,DRUG_000107,RXCUI_2623,HAS_RXNORM_CONCEPT,RxNorm,RXN:DRUG_000107:2623,HIGH_EXACT,HIGH_AUTHORITATIVE,"{""mapping_method"": ""exact_identifier_based"", ""resolution_status"": ""HIGH_EXACT"", ""match_score"": 100.0, ""source_dataset"": ""RxNorm"", ""provenance"": ""rxnorm_drug_enrichment.csv""}"
E_RXN_000105,DRUG_000108,RXCUI_214342,HAS_RXNORM_CONCEPT,RxNorm,RXN:DRUG_000108:214342,HIGH_EXACT,HIGH_AUTHORITATIVE,"{""mapping_method"": ""exact_identifier_based"", ""resolution_status"": ""HIGH_EXACT"", ""match_score"": 100.0, ""source_dataset"": ""RxNorm"", ""provenance"": ""rxnorm_drug_enrichment.csv""}"
E_RXN_000106,DRUG_000109,RXCUI_10184,HAS_RXNORM_CONCEPT,RxNorm,RXN:DRUG_000109:10184,HIGH_EXACT,HIGH_AUTHORITATIVE,"{""mapping_method"": ""exact_identifier_based"", ""resolution_status"": ""HIGH_EXACT"", ""match_score"": 100.0, ""source_dataset"": ""RxNorm"", ""provenance"": ""rxnorm_drug_enrichment.csv""}"
E_RXN_000107,DRUG_000110,RXCUI_3007,HAS_RXNORM_CONCEPT,RxNorm,RXN:DRUG_000110:3007,HIGH_EXACT,HIGH_AUTHORITATIVE,"{""mapping_method"": ""exact_identifier_based"", ""resolution_status"": ""HIGH_EXACT"", ""match_score"": 100.0, ""source_dataset"": ""RxNorm"", ""provenance"": ""rxnorm_drug_enrichment.csv""}"
E_RXN_000108,DRUG_000111,RXCUI_596724,HAS_RXNORM_CONCEPT,RxNorm,RXN:DRUG_000111:596724,HIGH_EXACT,HIGH_AUTHORITATIVE,"{""mapping_method"": ""exact_identifier_based"", ""resolution_status"": ""HIGH_EXACT"", ""match_score"": 100.0, ""source_dataset"": ""RxNorm"", ""provenance"": ""rxnorm_drug_enrichment.csv""}"
E_RXN_000109,DRUG_000112,RXCUI_2105,HAS_RXNORM_CONCEPT,RxNorm,RXN:DRUG_000112:2105,HIGH_EXACT,HIGH_AUTHORITATIVE,"{""mapping_method"": ""exact_identifier_based"", ""resolution_status"": ""HIGH_EXACT"", ""match_score"": 100.0, ""source_dataset"": ""RxNorm"", ""provenance"": ""rxnorm_drug_enrichment.csv""}"
E_RXN_000110,DRUG_000113,RXCUI_10207,HAS_RXNORM_CONCEPT,RxNorm,RXN:DRUG_000113:10207,HIGH_EXACT,HIGH_AUTHORITATIVE,"{""mapping_method"": ""exact_identifier_based"", ""resolution_status"": ""HIGH_EXACT"", ""match_score"": 100.0, ""source_dataset"": ""RxNorm"", ""provenance"": ""rxnorm_drug_enrichment.csv""}"
E_RXN_000111,DRUG_000114,RXCUI_6918,HAS_RXNORM_CONCEPT,RxNorm,RXN:DRUG_000114:6918,HIGH_EXACT,HIGH_AUTHORITATIVE,"{""mapping_method"": ""exact_identifier_based"", ""resolution_status"": ""HIGH_EXACT"", ""match_score"": 100.0, ""source_dataset"": ""RxNorm"", ""provenance"": ""rxnorm_drug_enrichment.csv""}"
E_RXN_000112,DRUG_000115,RXCUI_1598,HAS_RXNORM_CONCEPT,RxNorm,RXN:DRUG_000115:1598,HIGH_EXACT,HIGH_AUTHORITATIVE,"{""mapping_method"": ""exact_identifier_based"", ""resolution_status"": ""HIGH_EXACT"", ""match_score"": 100.0, ""source_dataset"": ""RxNorm"", ""provenance"": ""rxnorm_drug_enrichment.csv""}"
E_RXN_000113,DRUG_000117,RXCUI_72302,HAS_RXNORM_CONCEPT,RxNorm,RXN:DRUG_000117:72302,HIGH_EXACT,HIGH_AUTHORITATIVE,"{""mapping_method"": ""exact_identifier_based"", ""resolution_status"": ""HIGH_EXACT"", ""match_score"": 100.0, ""source_dataset"": ""RxNorm"", ""provenance"": ""rxnorm_drug_enrichment.csv""}"
E_RXN_000114,DRUG_000118,RXCUI_33910,HAS_RXNORM_CONCEPT,RxNorm,RXN:DRUG_000118:33910,HIGH_EXACT,HIGH_AUTHORITATIVE,"{""mapping_method"": ""exact_identifier_based"", ""resolution_status"": ""HIGH_EXACT"", ""match_score"": 100.0, ""source_dataset"": ""RxNorm"", ""provenance"": ""rxnorm_drug_enrichment.csv""}"
E_RXN_000115,DRUG_000119,RXCUI_1546223,HAS_RXNORM_CONCEPT,RxNorm,RXN:DRUG_000119:1546223,HIGH_EXACT,HIGH_AUTHORITATIVE,"{""mapping_method"": ""exact_identifier_based"", ""resolution_status"": ""HIGH_EXACT"", ""match_score"": 100.0, ""source_dataset"": ""RxNorm"", ""provenance"": ""rxnorm_drug_enrichment.csv""}"
E_RXN_000116,DRUG_000120,RXCUI_38404,HAS_RXNORM_CONCEPT,RxNorm,RXN:DRUG_000120:38404,HIGH_EXACT,HIGH_AUTHORITATIVE,"{""mapping_method"": ""exact_identifier_based"", ""resolution_status"": ""HIGH_EXACT"", ""match_score"": 100.0, ""source_dataset"": ""RxNorm"", ""provenance"": ""rxnorm_drug_enrichment.csv""}"
E_RXN_000117,DRUG_000121,RXCUI_2182,HAS_RXNORM_CONCEPT,RxNorm,RXN:DRUG_000121:2182,HIGH_EXACT,HIGH_AUTHORITATIVE,"{""mapping_method"": ""exact_identifier_based"", ""resolution_status"": ""HIGH_EXACT"", ""match_score"": 100.0, ""source_dataset"": ""RxNorm"", ""provenance"": ""rxnorm_drug_enrichment.csv""}"
E_RXN_000118,DRUG_000122,RXCUI_321064,HAS_RXNORM_CONCEPT,RxNorm,RXN:DRUG_000122:321064,HIGH_EXACT,HIGH_AUTHORITATIVE,"{""mapping_method"": ""exact_identifier_based"", ""resolution_status"": ""HIGH_EXACT"", ""match_score"": 100.0, ""source_dataset"": ""RxNorm"", ""provenance"": ""rxnorm_drug_enrichment.csv""}"
E_RXN_000119,DRUG_000123,RXCUI_739,HAS_RXNORM_CONCEPT,RxNorm,RXN:DRUG_000123:739,HIGH_EXACT,HIGH_AUTHORITATIVE,"{""mapping_method"": ""exact_identifier_based"", ""resolution_status"": ""HIGH_EXACT"", ""match_score"": 100.0, ""source_dataset"": ""RxNorm"", ""provenance"": ""rxnorm_drug_enrichment.csv""}"
E_RXN_000120,DRUG_000124,RXCUI_10438,HAS_RXNORM_CONCEPT,RxNorm,RXN:DRUG_000124:10438,HIGH_EXACT,HIGH_AUTHORITATIVE,"{""mapping_method"": ""exact_identifier_based"", ""resolution_status"": ""HIGH_EXACT"", ""match_score"": 100.0, ""source_dataset"": ""RxNorm"", ""provenance"": ""rxnorm_drug_enrichment.csv""}"
E_RXN_000121,DRUG_000125,RXCUI_15202,HAS_RXNORM_CONCEPT,RxNorm,RXN:DRUG_000125:15202,HIGH_EXACT,HIGH_AUTHORITATIVE,"{""mapping_method"": ""exact_identifier_based"", ""resolution_status"": ""HIGH_EXACT"", ""match_score"": 100.0, ""source_dataset"": ""RxNorm"", ""provenance"": ""rxnorm_drug_enrichment.csv""}"
E_RXN_000122,DRUG_000126,RXCUI_10814,HAS_RXNORM_CONCEPT,RxNorm,RXN:DRUG_000126:10814,HIGH_EXACT,HIGH_AUTHORITATIVE,"{""mapping_method"": ""exact_identifier_based"", ""resolution_status"": ""HIGH_EXACT"", ""match_score"": 100.0, ""source_dataset"": ""RxNorm"", ""provenance"": ""rxnorm_drug_enrichment.csv""}"
E_RXN_000123,DRUG_000127,RXCUI_3541,HAS_RXNORM_CONCEPT,RxNorm,RXN:DRUG_000127:3541,HIGH_EXACT,HIGH_AUTHORITATIVE,"{""mapping_method"": ""exact_identifier_based"", ""resolution_status"": ""HIGH_EXACT"", ""match_score"": 100.0, ""source_dataset"": ""RxNorm"", ""provenance"": ""rxnorm_drug_enrichment.csv""}"
E_RXN_000124,DRUG_000128,RXCUI_6387,HAS_RXNORM_CONCEPT,RxNorm,RXN:DRUG_000128:6387,HIGH_EXACT,HIGH_AUTHORITATIVE,"{""mapping_method"": ""exact_identifier_based"", ""resolution_status"": ""HIGH_EXACT"", ""match_score"": 100.0, ""source_dataset"": ""RxNorm"", ""provenance"": ""rxnorm_drug_enrichment.csv""}"
E_RXN_000125,DRUG_000130,RXCUI_2578,HAS_RXNORM_CONCEPT,RxNorm,RXN:DRUG_000130:2578,HIGH_EXACT,HIGH_AUTHORITATIVE,"{""mapping_method"": ""exact_identifier_based"", ""resolution_status"": ""HIGH_EXACT"", ""match_score"": 100.0, ""source_dataset"": ""RxNorm"", ""provenance"": ""rxnorm_drug_enrichment.csv""}"
E_RXN_000126,DRUG_000131,RXCUI_16681,HAS_RXNORM_CONCEPT,RxNorm,RXN:DRUG_000131:16681,HIGH_EXACT,HIGH_AUTHORITATIVE,"{""mapping_method"": ""exact_identifier_based"", ""resolution_status"": ""HIGH_EXACT"", ""match_score"": 100.0, ""source_dataset"": ""RxNorm"", ""provenance"": ""rxnorm_drug_enrichment.csv""}"
E_RXN_000127,DRUG_000132,RXCUI_39786,HAS_RXNORM_CONCEPT,RxNorm,RXN:DRUG_000132:39786,HIGH_EXACT,HIGH_AUTHORITATIVE,"{""mapping_method"": ""exact_identifier_based"", ""resolution_status"": ""HIGH_EXACT"", ""match_score"": 100.0, ""source_dataset"": ""RxNorm"", ""provenance"": ""rxnorm_drug_enrichment.csv""}"
E_RXN_000128,DRUG_000133,RXCUI_283809,HAS_RXNORM_CONCEPT,RxNorm,RXN:DRUG_000133:283809,HIGH_EXACT,HIGH_AUTHORITATIVE,"{""mapping_method"": ""exact_identifier_based"", ""resolution_status"": ""HIGH_EXACT"", ""match_score"": 100.0, ""source_dataset"": ""RxNorm"", ""provenance"": ""rxnorm_drug_enrichment.csv""}"
E_RXN_000129,DRUG_000134,RXCUI_17652,HAS_RXNORM_CONCEPT,RxNorm,RXN:DRUG_000134:17652,HIGH_EXACT,HIGH_AUTHORITATIVE,"{""mapping_method"": ""exact_identifier_based"", ""resolution_status"": ""HIGH_EXACT"", ""match_score"": 100.0, ""source_dataset"": ""RxNorm"", ""provenance"": ""rxnorm_drug_enrichment.csv""}"
E_RXN_000130,DRUG_000135,RXCUI_38400,HAS_RXNORM_CONCEPT,RxNorm,RXN:DRUG_000135:38400,HIGH_EXACT,HIGH_AUTHORITATIVE,"{""mapping_method"": ""exact_identifier_based"", ""resolution_status"": ""HIGH_EXACT"", ""match_score"": 100.0, ""source_dataset"": ""RxNorm"", ""provenance"": ""rxnorm_drug_enrichment.csv""}"
E_RXN_000131,DRUG_000136,RXCUI_1622,HAS_RXNORM_CONCEPT,RxNorm,RXN:DRUG_000136:1622,HIGH_EXACT,HIGH_AUTHORITATIVE,"{""mapping_method"": ""exact_identifier_based"", ""resolution_status"": ""HIGH_EXACT"", ""match_score"": 100.0, ""source_dataset"": ""RxNorm"", ""provenance"": ""rxnorm_drug_enrichment.csv""}"
E_RXN_000132,DRUG_000137,RXCUI_2346,HAS_RXNORM_CONCEPT,RxNorm,RXN:DRUG_000137:2346,HIGH_EXACT,HIGH_AUTHORITATIVE,"{""mapping_method"": ""exact_identifier_based"", ""resolution_status"": ""HIGH_EXACT"", ""match_score"": 100.0, ""source_dataset"": ""RxNorm"", ""provenance"": ""rxnorm_drug_enrichment.csv""}"
E_RXN_000133,DRUG_000138,RXCUI_4177,HAS_RXNORM_CONCEPT,RxNorm,RXN:DRUG_000138:4177,HIGH_EXACT,HIGH_AUTHORITATIVE,"{""mapping_method"": ""exact_identifier_based"", ""resolution_status"": ""HIGH_EXACT"", ""match_score"": 100.0, ""source_dataset"": ""RxNorm"", ""provenance"": ""rxnorm_drug_enrichment.csv""}"
E_RXN_000134,DRUG_000139,RXCUI_196239,HAS_RXNORM_CONCEPT,RxNorm,RXN:DRUG_000139:196239,HIGH_EXACT,HIGH_AUTHORITATIVE,"{""mapping_method"": ""exact_identifier_based"", ""resolution_status"": ""HIGH_EXACT"", ""match_score"": 100.0, ""source_dataset"": ""RxNorm"", ""provenance"": ""rxnorm_drug_enrichment.csv""}"
E_RXN_000135,DRUG_000140,RXCUI_14584,HAS_RXNORM_CONCEPT,RxNorm,RXN:DRUG_000140:14584,HIGH_EXACT,HIGH_AUTHORITATIVE,"{""mapping_method"": ""exact_identifier_based"", ""resolution_status"": ""HIGH_EXACT"", ""match_score"": 100.0, ""source_dataset"": ""RxNorm"", ""provenance"": ""rxnorm_drug_enrichment.csv""}"
E_RXN_000136,DRUG_000141,RXCUI_32926,HAS_RXNORM_CONCEPT,RxNorm,RXN:DRUG_000141:32926,HIGH_EXACT,HIGH_AUTHORITATIVE,"{""mapping_method"": ""exact_identifier_based"", ""resolution_status"": ""HIGH_EXACT"", ""match_score"": 100.0, ""source_dataset"": ""RxNorm"", ""provenance"": ""rxnorm_drug_enrichment.csv""}"
E_RXN_000137,DRUG_000142,RXCUI_35780,HAS_RXNORM_CONCEPT,RxNorm,RXN:DRUG_000142:35780,HIGH_EXACT,HIGH_AUTHORITATIVE,"{""mapping_method"": ""exact_identifier_based"", ""resolution_status"": ""HIGH_EXACT"", ""match_score"": 100.0, ""source_dataset"": ""RxNorm"", ""provenance"": ""rxnorm_drug_enrichment.csv""}"
E_RXN_000138,DRUG_000143,RXCUI_1815,HAS_RXNORM_CONCEPT,RxNorm,RXN:DRUG_000143:1815,HIGH_EXACT,HIGH_AUTHORITATIVE,"{""mapping_method"": ""exact_identifier_based"", ""resolution_status"": ""HIGH_EXACT"", ""match_score"": 100.0, ""source_dataset"": ""RxNorm"", ""provenance"": ""rxnorm_drug_enrichment.csv""}"
E_RXN_000139,DRUG_000144,RXCUI_1815,HAS_RXNORM_CONCEPT,RxNorm,RXN:DRUG_000144:1815,HIGH_EXACT,HIGH_AUTHORITATIVE,"{""mapping_method"": ""exact_identifier_based"", ""resolution_status"": ""HIGH_EXACT"", ""match_score"": 100.0, ""source_dataset"": ""RxNorm"", ""provenance"": ""rxnorm_drug_enrichment.csv""}"
E_RXN_000140,DRUG_000146,RXCUI_22298,HAS_RXNORM_CONCEPT,RxNorm,RXN:DRUG_000146:22298,HIGH_EXACT,HIGH_AUTHORITATIVE,"{""mapping_method"": ""exact_identifier_based"", ""resolution_status"": ""HIGH_EXACT"", ""match_score"": 100.0, ""source_dataset"": ""RxNorm"", ""provenance"": ""rxnorm_drug_enrichment.csv""}"
E_RXN_000141,DRUG_000147,RXCUI_300195,HAS_RXNORM_CONCEPT,RxNorm,RXN:DRUG_000147:300195,HIGH_EXACT,HIGH_AUTHORITATIVE,"{""mapping_method"": ""exact_identifier_based"", ""resolution_status"": ""HIGH_EXACT"", ""match_score"": 100.0, ""source_dataset"": ""RxNorm"", ""provenance"": ""rxnorm_drug_enrichment.csv""}"
E_RXN_000142,DRUG_000148,RXCUI_4448,HAS_RXNORM_CONCEPT,RxNorm,RXN:DRUG_000148:4448,HIGH_EXACT,HIGH_AUTHORITATIVE,"{""mapping_method"": ""exact_identifier_based"", ""resolution_status"": ""HIGH_EXACT"", ""match_score"": 100.0, ""source_dataset"": ""RxNorm"", ""provenance"": ""rxnorm_drug_enrichment.csv""}"
E_RXN_000143,DRUG_000149,RXCUI_10691,HAS_RXNORM_CONCEPT,RxNorm,RXN:DRUG_000149:10691,HIGH_EXACT,HIGH_AUTHORITATIVE,"{""mapping_method"": ""exact_identifier_based"", ""resolution_status"": ""HIGH_EXACT"", ""match_score"": 100.0, ""source_dataset"": ""RxNorm"", ""provenance"": ""rxnorm_drug_enrichment.csv""}"
E_RXN_000144,DRUG_000150,RXCUI_325642,HAS_RXNORM_CONCEPT,RxNorm,RXN:DRUG_000150:325642,HIGH_EXACT,HIGH_AUTHORITATIVE,"{""mapping_method"": ""exact_identifier_based"", ""resolution_status"": ""HIGH_EXACT"", ""match_score"": 100.0, ""source_dataset"": ""RxNorm"", ""provenance"": ""rxnorm_drug_enrichment.csv""}"
E_RXN_000145,DRUG_000151,RXCUI_22656,HAS_RXNORM_CONCEPT,RxNorm,RXN:DRUG_000151:22656,HIGH_EXACT,HIGH_AUTHORITATIVE,"{""mapping_method"": ""exact_identifier_based"", ""resolution_status"": ""HIGH_EXACT"", ""match_score"": 100.0, ""source_dataset"": ""RxNorm"", ""provenance"": ""rxnorm_drug_enrichment.csv""}"
E_RXN_000146,DRUG_000152,RXCUI_632,HAS_RXNORM_CONCEPT,RxNorm,RXN:DRUG_000152:632,HIGH_EXACT,HIGH_AUTHORITATIVE,"{""mapping_method"": ""exact_identifier_based"", ""resolution_status"": ""HIGH_EXACT"", ""match_score"": 100.0, ""source_dataset"": ""RxNorm"", ""provenance"": ""rxnorm_drug_enrichment.csv""}"
E_RXN_000147,DRUG_000153,RXCUI_233272,HAS_RXNORM_CONCEPT,RxNorm,RXN:DRUG_000153:233272,HIGH_EXACT,HIGH_AUTHORITATIVE,"{""mapping_method"": ""exact_identifier_based"", ""resolution_status"": ""HIGH_EXACT"", ""match_score"": 100.0, ""source_dataset"": ""RxNorm"", ""provenance"": ""rxnorm_drug_enrichment.csv""}"
E_RXN_000148,DRUG_000154,RXCUI_41289,HAS_RXNORM_CONCEPT,RxNorm,RXN:DRUG_000154:41289,HIGH_EXACT,HIGH_AUTHORITATIVE,"{""mapping_method"": ""exact_identifier_based"", ""resolution_status"": ""HIGH_EXACT"", ""match_score"": 100.0, ""source_dataset"": ""RxNorm"", ""provenance"": ""rxnorm_drug_enrichment.csv""}"
E_RXN_000149,DRUG_000155,RXCUI_11204,HAS_RXNORM_CONCEPT,RxNorm,RXN:DRUG_000155:11204,HIGH_EXACT,HIGH_AUTHORITATIVE,"{""mapping_method"": ""exact_identifier_based"", ""resolution_status"": ""HIGH_EXACT"", ""match_score"": 100.0, ""source_dataset"": ""RxNorm"", ""provenance"": ""rxnorm_drug_enrichment.csv""}"
E_RXN_000150,DRUG_000156,RXCUI_2409,HAS_RXNORM_CONCEPT,RxNorm,RXN:DRUG_000156:2409,HIGH_EXACT,HIGH_AUTHORITATIVE,"{""mapping_method"": ""exact_identifier_based"", ""resolution_status"": ""HIGH_EXACT"", ""match_score"": 100.0, ""source_dataset"": ""RxNorm"", ""provenance"": ""rxnorm_drug_enrichment.csv""}"
E_RXN_000151,DRUG_000157,RXCUI_8004,HAS_RXNORM_CONCEPT,RxNorm,RXN:DRUG_000157:8004,HIGH_EXACT,HIGH_AUTHORITATIVE,"{""mapping_method"": ""exact_identifier_based"", ""resolution_status"": ""HIGH_EXACT"", ""match_score"": 100.0, ""source_dataset"": ""RxNorm"", ""provenance"": ""rxnorm_drug_enrichment.csv""}"
E_RXN_000152,DRUG_000158,RXCUI_11118,HAS_RXNORM_CONCEPT,RxNorm,RXN:DRUG_000158:11118,HIGH_EXACT,HIGH_AUTHORITATIVE,"{""mapping_method"": ""exact_identifier_based"", ""resolution_status"": ""HIGH_EXACT"", ""match_score"": 100.0, ""source_dataset"": ""RxNorm"", ""provenance"": ""rxnorm_drug_enrichment.csv""}"
E_RXN_000153,DRUG_000159,RXCUI_78903,HAS_RXNORM_CONCEPT,RxNorm,RXN:DRUG_000159:78903,HIGH_EXACT,HIGH_AUTHORITATIVE,"{""mapping_method"": ""exact_identifier_based"", ""resolution_status"": ""HIGH_EXACT"", ""match_score"": 100.0, ""source_dataset"": ""RxNorm"", ""provenance"": ""rxnorm_drug_enrichment.csv""}"
E_RXN_000154,DRUG_000160,RXCUI_135775,HAS_RXNORM_CONCEPT,RxNorm,RXN:DRUG_000160:135775,HIGH_EXACT,HIGH_AUTHORITATIVE,"{""mapping_method"": ""exact_identifier_based"", ""resolution_status"": ""HIGH_EXACT"", ""match_score"": 100.0, ""source_dataset"": ""RxNorm"", ""provenance"": ""rxnorm_drug_enrichment.csv""}"
E_RXN_000155,DRUG_000161,RXCUI_161,HAS_RXNORM_CONCEPT,RxNorm,RXN:DRUG_000161:161,HIGH_EXACT,HIGH_AUTHORITATIVE,"{""mapping_method"": ""exact_identifier_based"", ""resolution_status"": ""HIGH_EXACT"", ""match_score"": 100.0, ""source_dataset"": ""RxNorm"", ""provenance"": ""rxnorm_drug_enrichment.csv""}"
E_RXN_000156,DRUG_000162,RXCUI_328134,HAS_RXNORM_CONCEPT,RxNorm,RXN:DRUG_000162:328134,HIGH_EXACT,HIGH_AUTHORITATIVE,"{""mapping_method"": ""exact_identifier_based"", ""resolution_status"": ""HIGH_EXACT"", ""match_score"": 100.0, ""source_dataset"": ""RxNorm"", ""provenance"": ""rxnorm_drug_enrichment.csv""}"
E_RXN_000157,DRUG_000163,RXCUI_1545976,HAS_RXNORM_CONCEPT,RxNorm,RXN:DRUG_000163:1545976,HIGH_EXACT,HIGH_AUTHORITATIVE,"{""mapping_method"": ""exact_identifier_based"", ""resolution_status"": ""HIGH_EXACT"", ""match_score"": 100.0, ""source_dataset"": ""RxNorm"", ""provenance"": ""rxnorm_drug_enrichment.csv""}"
E_RXN_000158,DRUG_000164,RXCUI_1546000,HAS_RXNORM_CONCEPT,RxNorm,RXN:DRUG_000164:1546000,HIGH_EXACT,HIGH_AUTHORITATIVE,"{""mapping_method"": ""exact_identifier_based"", ""resolution_status"": ""HIGH_EXACT"", ""match_score"": 100.0, ""source_dataset"": ""RxNorm"", ""provenance"": ""rxnorm_drug_enrichment.csv""}"
E_RXN_000159,DRUG_000165,RXCUI_3418,HAS_RXNORM_CONCEPT,RxNorm,RXN:DRUG_000165:3418,HIGH_EXACT,HIGH_AUTHORITATIVE,"{""mapping_method"": ""exact_identifier_based"", ""resolution_status"": ""HIGH_EXACT"", ""match_score"": 100.0, ""source_dataset"": ""RxNorm"", ""provenance"": ""rxnorm_drug_enrichment.csv""}"
E_RXN_000160,DRUG_000166,RXCUI_704,HAS_RXNORM_CONCEPT,RxNorm,RXN:DRUG_000166:704,HIGH_EXACT,HIGH_AUTHORITATIVE,"{""mapping_method"": ""exact_identifier_based"", ""resolution_status"": ""HIGH_EXACT"", ""match_score"": 100.0, ""source_dataset"": ""RxNorm"", ""provenance"": ""rxnorm_drug_enrichment.csv""}"
E_RXN_000161,DRUG_000167,RXCUI_4488,HAS_RXNORM_CONCEPT,RxNorm,RXN:DRUG_000167:4488,HIGH_EXACT,HIGH_AUTHORITATIVE,"{""mapping_method"": ""exact_identifier_based"", ""resolution_status"": ""HIGH_EXACT"", ""match_score"": 100.0, ""source_dataset"": ""RxNorm"", ""provenance"": ""rxnorm_drug_enrichment.csv""}"
E_RXN_000162,DRUG_000168,RXCUI_72937,HAS_RXNORM_CONCEPT,RxNorm,RXN:DRUG_000168:72937,HIGH_EXACT,HIGH_AUTHORITATIVE,"{""mapping_method"": ""exact_identifier_based"", ""resolution_status"": ""HIGH_EXACT"", ""match_score"": 100.0, ""source_dataset"": ""RxNorm"", ""provenance"": ""rxnorm_drug_enrichment.csv""}"
E_RXN_000163,DRUG_000169,RXCUI_4491,HAS_RXNORM_CONCEPT,RxNorm,RXN:DRUG_000169:4491,HIGH_EXACT,HIGH_AUTHORITATIVE,"{""mapping_method"": ""exact_identifier_based"", ""resolution_status"": ""HIGH_EXACT"", ""match_score"": 100.0, ""source_dataset"": ""RxNorm"", ""provenance"": ""rxnorm_drug_enrichment.csv""}"
E_RXN_000164,DRUG_000170,RXCUI_7476,HAS_RXNORM_CONCEPT,RxNorm,RXN:DRUG_000170:7476,HIGH_EXACT,HIGH_AUTHORITATIVE,"{""mapping_method"": ""exact_identifier_based"", ""resolution_status"": ""HIGH_EXACT"", ""match_score"": 100.0, ""source_dataset"": ""RxNorm"", ""provenance"": ""rxnorm_drug_enrichment.csv""}"
E_RXN_000165,DRUG_000171,RXCUI_47618,HAS_RXNORM_CONCEPT,RxNorm,RXN:DRUG_000171:47618,HIGH_EXACT,HIGH_AUTHORITATIVE,"{""mapping_method"": ""exact_identifier_based"", ""resolution_status"": ""HIGH_EXACT"", ""match_score"": 100.0, ""source_dataset"": ""RxNorm"", ""provenance"": ""rxnorm_drug_enrichment.csv""}"
E_RXN_000166,DRUG_000172,RXCUI_3423,HAS_RXNORM_CONCEPT,RxNorm,RXN:DRUG_000172:3423,HIGH_EXACT,HIGH_AUTHORITATIVE,"{""mapping_method"": ""exact_identifier_based"", ""resolution_status"": ""HIGH_EXACT"", ""match_score"": 100.0, ""source_dataset"": ""RxNorm"", ""provenance"": ""rxnorm_drug_enrichment.csv""}"
E_RXN_000167,DRUG_000173,RXCUI_5781,HAS_RXNORM_CONCEPT,RxNorm,RXN:DRUG_000173:5781,HIGH_EXACT,HIGH_AUTHORITATIVE,"{""mapping_method"": ""exact_identifier_based"", ""resolution_status"": ""HIGH_EXACT"", ""match_score"": 100.0, ""source_dataset"": ""RxNorm"", ""provenance"": ""rxnorm_drug_enrichment.csv""}"
E_RXN_000168,DRUG_000174,RXCUI_4110,HAS_RXNORM_CONCEPT,RxNorm,RXN:DRUG_000174:4110,HIGH_EXACT,HIGH_AUTHORITATIVE,"{""mapping_method"": ""exact_identifier_based"", ""resolution_status"": ""HIGH_EXACT"", ""match_score"": 100.0, ""source_dataset"": ""RxNorm"", ""provenance"": ""rxnorm_drug_enrichment.csv""}"
E_RXN_000169,DRUG_000175,RXCUI_6809,HAS_RXNORM_CONCEPT,RxNorm,RXN:DRUG_000175:6809,HIGH_EXACT,HIGH_AUTHORITATIVE,"{""mapping_method"": ""exact_identifier_based"", ""resolution_status"": ""HIGH_EXACT"", ""match_score"": 100.0, ""source_dataset"": ""RxNorm"", ""provenance"": ""rxnorm_drug_enrichment.csv""}"
E_RXN_000170,DRUG_000176,RXCUI_1546373,HAS_RXNORM_CONCEPT,RxNorm,RXN:DRUG_000176:1546373,HIGH_EXACT,HIGH_AUTHORITATIVE,"{""mapping_method"": ""exact_identifier_based"", ""resolution_status"": ""HIGH_EXACT"", ""match_score"": 100.0, ""source_dataset"": ""RxNorm"", ""provenance"": ""rxnorm_drug_enrichment.csv""}"
E_RXN_000171,DRUG_000177,RXCUI_6813,HAS_RXNORM_CONCEPT,RxNorm,RXN:DRUG_000177:6813,HIGH_EXACT,HIGH_AUTHORITATIVE,"{""mapping_method"": ""exact_identifier_based"", ""resolution_status"": ""HIGH_EXACT"", ""match_score"": 100.0, ""source_dataset"": ""RxNorm"", ""provenance"": ""rxnorm_drug_enrichment.csv""}"
E_RXN_000172,DRUG_000178,RXCUI_61381,HAS_RXNORM_CONCEPT,RxNorm,RXN:DRUG_000178:61381,HIGH_EXACT,HIGH_AUTHORITATIVE,"{""mapping_method"": ""exact_identifier_based"", ""resolution_status"": ""HIGH_EXACT"", ""match_score"": 100.0, ""source_dataset"": ""RxNorm"", ""provenance"": ""rxnorm_drug_enrichment.csv""}"
E_RXN_000173,DRUG_000179,RXCUI_1202,HAS_RXNORM_CONCEPT,RxNorm,RXN:DRUG_000179:1202,HIGH_EXACT,HIGH_AUTHORITATIVE,"{""mapping_method"": ""exact_identifier_based"", ""resolution_status"": ""HIGH_EXACT"", ""match_score"": 100.0, ""source_dataset"": ""RxNorm"", ""provenance"": ""rxnorm_drug_enrichment.csv""}"
E_RXN_000174,DRUG_000180,RXCUI_7455,HAS_RXNORM_CONCEPT,RxNorm,RXN:DRUG_000180:7455,HIGH_EXACT,HIGH_AUTHORITATIVE,"{""mapping_method"": ""exact_identifier_based"", ""resolution_status"": ""HIGH_EXACT"", ""match_score"": 100.0, ""source_dataset"": ""RxNorm"", ""provenance"": ""rxnorm_drug_enrichment.csv""}"
E_RXN_000175,DRUG_000181,RXCUI_321952,HAS_RXNORM_CONCEPT,RxNorm,RXN:DRUG_000181:321952,HIGH_EXACT,HIGH_AUTHORITATIVE,"{""mapping_method"": ""exact_identifier_based"", ""resolution_status"": ""HIGH_EXACT"", ""match_score"": 100.0, ""source_dataset"": ""RxNorm"", ""provenance"": ""rxnorm_drug_enrichment.csv""}"
E_RXN_000176,DRUG_000182,RXCUI_7646,HAS_RXNORM_CONCEPT,RxNorm,RXN:DRUG_000182:7646,HIGH_EXACT,HIGH_AUTHORITATIVE,"{""mapping_method"": ""exact_identifier_based"", ""resolution_status"": ""HIGH_EXACT"", ""match_score"": 100.0, ""source_dataset"": ""RxNorm"", ""provenance"": ""rxnorm_drug_enrichment.csv""}"
E_RXN_000177,DRUG_000183,RXCUI_8987,HAS_RXNORM_CONCEPT,RxNorm,RXN:DRUG_000183:8987,HIGH_EXACT,HIGH_AUTHORITATIVE,"{""mapping_method"": ""exact_identifier_based"", ""resolution_status"": ""HIGH_EXACT"", ""match_score"": 100.0, ""source_dataset"": ""RxNorm"", ""provenance"": ""rxnorm_drug_enrichment.csv""}"
E_RXN_000178,DRUG_000184,RXCUI_29682,HAS_RXNORM_CONCEPT,RxNorm,RXN:DRUG_000184:29682,HIGH_EXACT,HIGH_AUTHORITATIVE,"{""mapping_method"": ""exact_identifier_based"", ""resolution_status"": ""HIGH_EXACT"", ""match_score"": 100.0, ""source_dataset"": ""RxNorm"", ""provenance"": ""rxnorm_drug_enrichment.csv""}"
E_RXN_000179,DRUG_000185,RXCUI_20610,HAS_RXNORM_CONCEPT,RxNorm,RXN:DRUG_000185:20610,HIGH_EXACT,HIGH_AUTHORITATIVE,"{""mapping_method"": ""exact_identifier_based"", ""resolution_status"": ""HIGH_EXACT"", ""match_score"": 100.0, ""source_dataset"": ""RxNorm"", ""provenance"": ""rxnorm_drug_enrichment.csv""}"
E_RXN_000180,DRUG_000186,RXCUI_356887,HAS_RXNORM_CONCEPT,RxNorm,RXN:DRUG_000186:356887,HIGH_EXACT,HIGH_AUTHORITATIVE,"{""mapping_method"": ""exact_identifier_based"", ""resolution_status"": ""HIGH_EXACT"", ""match_score"": 100.0, ""source_dataset"": ""RxNorm"", ""provenance"": ""rxnorm_drug_enrichment.csv""}"
E_RXN_000181,DRUG_000187,RXCUI_20610,HAS_RXNORM_CONCEPT,RxNorm,RXN:DRUG_000187:20610,HIGH_EXACT,HIGH_AUTHORITATIVE,"{""mapping_method"": ""exact_name_lookup"", ""resolution_status"": ""HIGH_EXACT"", ""match_score"": 100.0, ""source_dataset"": ""RxNorm"", ""provenance"": ""rxnorm_drug_enrichment.csv""}"
E_RXN_000182,DRUG_000188,RXCUI_3443,HAS_RXNORM_CONCEPT,RxNorm,RXN:DRUG_000188:3443,HIGH_EXACT,HIGH_AUTHORITATIVE,"{""mapping_method"": ""exact_identifier_based"", ""resolution_status"": ""HIGH_EXACT"", ""match_score"": 100.0, ""source_dataset"": ""RxNorm"", ""provenance"": ""rxnorm_drug_enrichment.csv""}"
E_RXN_000183,DRUG_000189,RXCUI_8886,HAS_RXNORM_CONCEPT,RxNorm,RXN:DRUG_000189:8886,HIGH_EXACT,HIGH_AUTHORITATIVE,"{""mapping_method"": ""exact_identifier_based"", ""resolution_status"": ""HIGH_EXACT"", ""match_score"": 100.0, ""source_dataset"": ""RxNorm"", ""provenance"": ""rxnorm_drug_enrichment.csv""}"
E_RXN_000184,DRUG_000190,RXCUI_42837,HAS_RXNORM_CONCEPT,RxNorm,RXN:DRUG_000190:42837,HIGH_EXACT,HIGH_AUTHORITATIVE,"{""mapping_method"": ""exact_identifier_based"", ""resolution_status"": ""HIGH_EXACT"", ""match_score"": 100.0, ""source_dataset"": ""RxNorm"", ""provenance"": ""rxnorm_drug_enrichment.csv""}"
E_RXN_000185,DRUG_000191,RXCUI_17300,HAS_RXNORM_CONCEPT,RxNorm,RXN:DRUG_000191:17300,HIGH_EXACT,HIGH_AUTHORITATIVE,"{""mapping_method"": ""exact_identifier_based"", ""resolution_status"": ""HIGH_EXACT"", ""match_score"": 100.0, ""source_dataset"": ""RxNorm"", ""provenance"": ""rxnorm_drug_enrichment.csv""}"
E_RXN_000186,DRUG_000192,RXCUI_10827,HAS_RXNORM_CONCEPT,RxNorm,RXN:DRUG_000192:10827,HIGH_EXACT,HIGH_AUTHORITATIVE,"{""mapping_method"": ""exact_identifier_based"", ""resolution_status"": ""HIGH_EXACT"", ""match_score"": 100.0, ""source_dataset"": ""RxNorm"", ""provenance"": ""rxnorm_drug_enrichment.csv""}"
E_RXN_000187,DRUG_000193,RXCUI_21241,HAS_RXNORM_CONCEPT,RxNorm,RXN:DRUG_000193:21241,HIGH_EXACT,HIGH_AUTHORITATIVE,"{""mapping_method"": ""exact_identifier_based"", ""resolution_status"": ""HIGH_EXACT"", ""match_score"": 100.0, ""source_dataset"": ""RxNorm"", ""provenance"": ""rxnorm_drug_enrichment.csv""}"
E_RXN_000188,DRUG_000194,RXCUI_6984,HAS_RXNORM_CONCEPT,RxNorm,RXN:DRUG_000194:6984,HIGH_EXACT,HIGH_AUTHORITATIVE,"{""mapping_method"": ""exact_identifier_based"", ""resolution_status"": ""HIGH_EXACT"", ""match_score"": 100.0, ""source_dataset"": ""RxNorm"", ""provenance"": ""rxnorm_drug_enrichment.csv""}"
E_RXN_000189,DRUG_000195,RXCUI_29451,HAS_RXNORM_CONCEPT,RxNorm,RXN:DRUG_000195:29451,HIGH_EXACT,HIGH_AUTHORITATIVE,"{""mapping_method"": ""exact_identifier_based"", ""resolution_status"": ""HIGH_EXACT"", ""match_score"": 100.0, ""source_dataset"": ""RxNorm"", ""provenance"": ""rxnorm_drug_enrichment.csv""}"
E_RXN_000190,DRUG_000196,RXCUI_10485,HAS_RXNORM_CONCEPT,RxNorm,RXN:DRUG_000196:10485,HIGH_EXACT,HIGH_AUTHORITATIVE,"{""mapping_method"": ""exact_identifier_based"", ""resolution_status"": ""HIGH_EXACT"", ""match_score"": 100.0, ""source_dataset"": ""RxNorm"", ""provenance"": ""rxnorm_drug_enrichment.csv""}"
E_RXN_000191,DRUG_000197,RXCUI_6883,HAS_RXNORM_CONCEPT,RxNorm,RXN:DRUG_000197:6883,HIGH_EXACT,HIGH_AUTHORITATIVE,"{""mapping_method"": ""exact_identifier_based"", ""resolution_status"": ""HIGH_EXACT"", ""match_score"": 100.0, ""source_dataset"": ""RxNorm"", ""provenance"": ""rxnorm_drug_enrichment.csv""}"
E_RXN_000192,DRUG_000198,RXCUI_59636,HAS_RXNORM_CONCEPT,RxNorm,RXN:DRUG_000198:59636,HIGH_EXACT,HIGH_AUTHORITATIVE,"{""mapping_method"": ""exact_identifier_based"", ""resolution_status"": ""HIGH_EXACT"", ""match_score"": 100.0, ""source_dataset"": ""RxNorm"", ""provenance"": ""rxnorm_drug_enrichment.csv""}"
E_RXN_000193,DRUG_000199,RXCUI_1272,HAS_RXNORM_CONCEPT,RxNorm,RXN:DRUG_000199:1272,HIGH_EXACT,HIGH_AUTHORITATIVE,"{""mapping_method"": ""exact_identifier_based"", ""resolution_status"": ""HIGH_EXACT"", ""match_score"": 100.0, ""source_dataset"": ""RxNorm"", ""provenance"": ""rxnorm_drug_enrichment.csv""}"
E_RXN_000194,DRUG_000200,RXCUI_2410,HAS_RXNORM_CONCEPT,RxNorm,RXN:DRUG_000200:2410,HIGH_EXACT,HIGH_AUTHORITATIVE,"{""mapping_method"": ""exact_identifier_based"", ""resolution_status"": ""HIGH_EXACT"", ""match_score"": 100.0, ""source_dataset"": ""RxNorm"", ""provenance"": ""rxnorm_drug_enrichment.csv""}"
E_RXN_000195,DRUG_000201,RXCUI_677,HAS_RXNORM_CONCEPT,RxNorm,RXN:DRUG_000201:677,HIGH_EXACT,HIGH_AUTHORITATIVE,"{""mapping_method"": ""exact_identifier_based"", ""resolution_status"": ""HIGH_EXACT"", ""match_score"": 100.0, ""source_dataset"": ""RxNorm"", ""provenance"": ""rxnorm_drug_enrichment.csv""}"
E_RXN_000196,DRUG_000202,RXCUI_6694,HAS_RXNORM_CONCEPT,RxNorm,RXN:DRUG_000202:6694,HIGH_EXACT,HIGH_AUTHORITATIVE,"{""mapping_method"": ""exact_identifier_based"", ""resolution_status"": ""HIGH_EXACT"", ""match_score"": 100.0, ""source_dataset"": ""RxNorm"", ""provenance"": ""rxnorm_drug_enrichment.csv""}"
E_RXN_000197,DRUG_000203,RXCUI_10171,HAS_RXNORM_CONCEPT,RxNorm,RXN:DRUG_000203:10171,HIGH_EXACT,HIGH_AUTHORITATIVE,"{""mapping_method"": ""exact_identifier_based"", ""resolution_status"": ""HIGH_EXACT"", ""match_score"": 100.0, ""source_dataset"": ""RxNorm"", ""provenance"": ""rxnorm_drug_enrichment.csv""}"
E_RXN_000198,DRUG_000204,RXCUI_753340,HAS_RXNORM_CONCEPT,RxNorm,RXN:DRUG_000204:753340,HIGH_EXACT,HIGH_AUTHORITATIVE,"{""mapping_method"": ""exact_identifier_based"", ""resolution_status"": ""HIGH_EXACT"", ""match_score"": 100.0, ""source_dataset"": ""RxNorm"", ""provenance"": ""rxnorm_drug_enrichment.csv""}"
E_RXN_000199,DRUG_000205,RXCUI_39541,HAS_RXNORM_CONCEPT,RxNorm,RXN:DRUG_000205:39541,HIGH_EXACT,HIGH_AUTHORITATIVE,"{""mapping_method"": ""exact_identifier_based"", ""resolution_status"": ""HIGH_EXACT"", ""match_score"": 100.0, ""source_dataset"": ""RxNorm"", ""provenance"": ""rxnorm_drug_enrichment.csv""}"
E_RXN_000200,DRUG_000206,RXCUI_341018,HAS_RXNORM_CONCEPT,RxNorm,RXN:DRUG_000206:341018,HIGH_EXACT,HIGH_AUTHORITATIVE,"{""mapping_method"": ""exact_identifier_based"", ""resolution_status"": ""HIGH_EXACT"", ""match_score"": 100.0, ""source_dataset"": ""RxNorm"", ""provenance"": ""rxnorm_drug_enrichment.csv""}"
E_RXN_000201,DRUG_000207,RXCUI_2626,HAS_RXNORM_CONCEPT,RxNorm,RXN:DRUG_000207:2626,HIGH_EXACT,HIGH_AUTHORITATIVE,"{""mapping_method"": ""exact_identifier_based"", ""resolution_status"": ""HIGH_EXACT"", ""match_score"": 100.0, ""source_dataset"": ""RxNorm"", ""provenance"": ""rxnorm_drug_enrichment.csv""}"
E_RXN_000202,DRUG_000208,RXCUI_10156,HAS_RXNORM_CONCEPT,RxNorm,RXN:DRUG_000208:10156,HIGH_EXACT,HIGH_AUTHORITATIVE,"{""mapping_method"": ""exact_identifier_based"", ""resolution_status"": ""HIGH_EXACT"", ""match_score"": 100.0, ""source_dataset"": ""RxNorm"", ""provenance"": ""rxnorm_drug_enrichment.csv""}"
E_RXN_000203,DRUG_000209,RXCUI_3642,HAS_RXNORM_CONCEPT,RxNorm,RXN:DRUG_000209:3642,HIGH_EXACT,HIGH_AUTHORITATIVE,"{""mapping_method"": ""exact_identifier_based"", ""resolution_status"": ""HIGH_EXACT"", ""match_score"": 100.0, ""source_dataset"": ""RxNorm"", ""provenance"": ""rxnorm_drug_enrichment.csv""}"
E_RXN_000204,DRUG_000210,RXCUI_6373,HAS_RXNORM_CONCEPT,RxNorm,RXN:DRUG_000210:6373,HIGH_EXACT,HIGH_AUTHORITATIVE,"{""mapping_method"": ""exact_identifier_based"", ""resolution_status"": ""HIGH_EXACT"", ""match_score"": 100.0, ""source_dataset"": ""RxNorm"", ""provenance"": ""rxnorm_drug_enrichment.csv""}"
E_RXN_000205,DRUG_000211,RXCUI_7518,HAS_RXNORM_CONCEPT,RxNorm,RXN:DRUG_000211:7518,HIGH_EXACT,HIGH_AUTHORITATIVE,"{""mapping_method"": ""exact_identifier_based"", ""resolution_status"": ""HIGH_EXACT"", ""match_score"": 100.0, ""source_dataset"": ""RxNorm"", ""provenance"": ""rxnorm_drug_enrichment.csv""}"
E_RXN_000206,DRUG_000212,RXCUI_7518,HAS_RXNORM_CONCEPT,RxNorm,RXN:DRUG_000212:7518,HIGH_EXACT,HIGH_AUTHORITATIVE,"{""mapping_method"": ""exact_name_lookup"", ""resolution_status"": ""HIGH_EXACT"", ""match_score"": 100.0, ""source_dataset"": ""RxNorm"", ""provenance"": ""rxnorm_drug_enrichment.csv""}"
E_RXN_000207,DRUG_000213,RXCUI_7512,HAS_RXNORM_CONCEPT,RxNorm,RXN:DRUG_000213:7512,HIGH_EXACT,HIGH_AUTHORITATIVE,"{""mapping_method"": ""exact_identifier_based"", ""resolution_status"": ""HIGH_EXACT"", ""match_score"": 100.0, ""source_dataset"": ""RxNorm"", ""provenance"": ""rxnorm_drug_enrichment.csv""}"
E_RXN_000208,DRUG_000214,RXCUI_1546007,HAS_RXNORM_CONCEPT,RxNorm,RXN:DRUG_000214:1546007,HIGH_EXACT,HIGH_AUTHORITATIVE,"{""mapping_method"": ""exact_identifier_based"", ""resolution_status"": ""HIGH_EXACT"", ""match_score"": 100.0, ""source_dataset"": ""RxNorm"", ""provenance"": ""rxnorm_drug_enrichment.csv""}"
E_RXN_000209,DRUG_000215,RXCUI_15996,HAS_RXNORM_CONCEPT,RxNorm,RXN:DRUG_000215:15996,HIGH_EXACT,HIGH_AUTHORITATIVE,"{""mapping_method"": ""exact_identifier_based"", ""resolution_status"": ""HIGH_EXACT"", ""match_score"": 100.0, ""source_dataset"": ""RxNorm"", ""provenance"": ""rxnorm_drug_enrichment.csv""}"
E_RXN_000210,DRUG_000216,RXCUI_6760,HAS_RXNORM_CONCEPT,RxNorm,RXN:DRUG_000216:6760,HIGH_EXACT,HIGH_AUTHORITATIVE,"{""mapping_method"": ""exact_identifier_based"", ""resolution_status"": ""HIGH_EXACT"", ""match_score"": 100.0, ""source_dataset"": ""RxNorm"", ""provenance"": ""rxnorm_drug_enrichment.csv""}"
E_RXN_000211,DRUG_000217,RXCUI_10600,HAS_RXNORM_CONCEPT,RxNorm,RXN:DRUG_000217:10600,HIGH_EXACT,HIGH_AUTHORITATIVE,"{""mapping_method"": ""exact_identifier_based"", ""resolution_status"": ""HIGH_EXACT"", ""match_score"": 100.0, ""source_dataset"": ""RxNorm"", ""provenance"": ""rxnorm_drug_enrichment.csv""}"
E_RXN_000212,DRUG_000218,RXCUI_343048,HAS_RXNORM_CONCEPT,RxNorm,RXN:DRUG_000218:343048,HIGH_EXACT,HIGH_AUTHORITATIVE,"{""mapping_method"": ""exact_identifier_based"", ""resolution_status"": ""HIGH_EXACT"", ""match_score"": 100.0, ""source_dataset"": ""RxNorm"", ""provenance"": ""rxnorm_drug_enrichment.csv""}"
E_RXN_000213,DRUG_000219,RXCUI_10811,HAS_RXNORM_CONCEPT,RxNorm,RXN:DRUG_000219:10811,HIGH_EXACT,HIGH_AUTHORITATIVE,"{""mapping_method"": ""exact_identifier_based"", ""resolution_status"": ""HIGH_EXACT"", ""match_score"": 100.0, ""source_dataset"": ""RxNorm"", ""provenance"": ""rxnorm_drug_enrichment.csv""}"
E_RXN_000214,DRUG_000220,RXCUI_70561,HAS_RXNORM_CONCEPT,RxNorm,RXN:DRUG_000220:70561,HIGH_EXACT,HIGH_AUTHORITATIVE,"{""mapping_method"": ""exact_identifier_based"", ""resolution_status"": ""HIGH_EXACT"", ""match_score"": 100.0, ""source_dataset"": ""RxNorm"", ""provenance"": ""rxnorm_drug_enrichment.csv""}"
E_RXN_000215,DRUG_000221,RXCUI_3706,HAS_RXNORM_CONCEPT,RxNorm,RXN:DRUG_000221:3706,HIGH_EXACT,HIGH_AUTHORITATIVE,"{""mapping_method"": ""exact_identifier_based"", ""resolution_status"": ""HIGH_EXACT"", ""match_score"": 100.0, ""source_dataset"": ""RxNorm"", ""provenance"": ""rxnorm_drug_enrichment.csv""}"
E_RXN_000216,DRUG_000222,RXCUI_6926,HAS_RXNORM_CONCEPT,RxNorm,RXN:DRUG_000222:6926,HIGH_EXACT,HIGH_AUTHORITATIVE,"{""mapping_method"": ""exact_identifier_based"", ""resolution_status"": ""HIGH_EXACT"", ""match_score"": 100.0, ""source_dataset"": ""RxNorm"", ""provenance"": ""rxnorm_drug_enrichment.csv""}"
E_RXN_000217,DRUG_000223,RXCUI_42736,HAS_RXNORM_CONCEPT,RxNorm,RXN:DRUG_000223:42736,HIGH_EXACT,HIGH_AUTHORITATIVE,"{""mapping_method"": ""exact_identifier_based"", ""resolution_status"": ""HIGH_EXACT"", ""match_score"": 100.0, ""source_dataset"": ""RxNorm"", ""provenance"": ""rxnorm_drug_enrichment.csv""}"
E_RXN_000218,DRUG_000224,RXCUI_17767,HAS_RXNORM_CONCEPT,RxNorm,RXN:DRUG_000224:17767,HIGH_EXACT,HIGH_AUTHORITATIVE,"{""mapping_method"": ""exact_identifier_based"", ""resolution_status"": ""HIGH_EXACT"", ""match_score"": 100.0, ""source_dataset"": ""RxNorm"", ""provenance"": ""rxnorm_drug_enrichment.csv""}"
E_RXN_000219,DRUG_000225,RXCUI_10763,HAS_RXNORM_CONCEPT,RxNorm,RXN:DRUG_000225:10763,HIGH_EXACT,HIGH_AUTHORITATIVE,"{""mapping_method"": ""exact_identifier_based"", ""resolution_status"": ""HIGH_EXACT"", ""match_score"": 100.0, ""source_dataset"": ""RxNorm"", ""provenance"": ""rxnorm_drug_enrichment.csv""}"
E_RXN_000220,DRUG_000226,RXCUI_31435,HAS_RXNORM_CONCEPT,RxNorm,RXN:DRUG_000226:31435,HIGH_EXACT,HIGH_AUTHORITATIVE,"{""mapping_method"": ""exact_identifier_based"", ""resolution_status"": ""HIGH_EXACT"", ""match_score"": 100.0, ""source_dataset"": ""RxNorm"", ""provenance"": ""rxnorm_drug_enrichment.csv""}"
E_RXN_000221,DRUG_000227,RXCUI_8718,HAS_RXNORM_CONCEPT,RxNorm,RXN:DRUG_000227:8718,HIGH_EXACT,HIGH_AUTHORITATIVE,"{""mapping_method"": ""exact_identifier_based"", ""resolution_status"": ""HIGH_EXACT"", ""match_score"": 100.0, ""source_dataset"": ""RxNorm"", ""provenance"": ""rxnorm_drug_enrichment.csv""}"
E_RXN_000222,DRUG_000228,RXCUI_8163,HAS_RXNORM_CONCEPT,RxNorm,RXN:DRUG_000228:8163,HIGH_EXACT,HIGH_AUTHORITATIVE,"{""mapping_method"": ""exact_identifier_based"", ""resolution_status"": ""HIGH_EXACT"", ""match_score"": 100.0, ""source_dataset"": ""RxNorm"", ""provenance"": ""rxnorm_drug_enrichment.csv""}"
E_RXN_000223,DRUG_000229,RXCUI_2020,HAS_RXNORM_CONCEPT,RxNorm,RXN:DRUG_000229:2020,HIGH_EXACT,HIGH_AUTHORITATIVE,"{""mapping_method"": ""exact_identifier_based"", ""resolution_status"": ""HIGH_EXACT"", ""match_score"": 100.0, ""source_dataset"": ""RxNorm"", ""provenance"": ""rxnorm_drug_enrichment.csv""}"
E_RXN_000224,DRUG_000230,RXCUI_3407,HAS_RXNORM_CONCEPT,RxNorm,RXN:DRUG_000230:3407,HIGH_EXACT,HIGH_AUTHORITATIVE,"{""mapping_method"": ""exact_identifier_based"", ""resolution_status"": ""HIGH_EXACT"", ""match_score"": 100.0, ""source_dataset"": ""RxNorm"", ""provenance"": ""rxnorm_drug_enrichment.csv""}"
E_RXN_000225,DRUG_000231,RXCUI_10239,HAS_RXNORM_CONCEPT,RxNorm,RXN:DRUG_000231:10239,HIGH_EXACT,HIGH_AUTHORITATIVE,"{""mapping_method"": ""exact_identifier_based"", ""resolution_status"": ""HIGH_EXACT"", ""match_score"": 100.0, ""source_dataset"": ""RxNorm"", ""provenance"": ""rxnorm_drug_enrichment.csv""}"
E_RXN_000226,DRUG_000232,RXCUI_4134,HAS_RXNORM_CONCEPT,RxNorm,RXN:DRUG_000232:4134,HIGH_EXACT,HIGH_AUTHORITATIVE,"{""mapping_method"": ""exact_identifier_based"", ""resolution_status"": ""HIGH_EXACT"", ""match_score"": 100.0, ""source_dataset"": ""RxNorm"", ""provenance"": ""rxnorm_drug_enrichment.csv""}"
E_RXN_000227,DRUG_000233,RXCUI_7426,HAS_RXNORM_CONCEPT,RxNorm,RXN:DRUG_000233:7426,HIGH_EXACT,HIGH_AUTHORITATIVE,"{""mapping_method"": ""exact_identifier_based"", ""resolution_status"": ""HIGH_EXACT"", ""match_score"": 100.0, ""source_dataset"": ""RxNorm"", ""provenance"": ""rxnorm_drug_enrichment.csv""}"
E_RXN_000228,DRUG_000234,RXCUI_1348,HAS_RXNORM_CONCEPT,RxNorm,RXN:DRUG_000234:1348,HIGH_EXACT,HIGH_AUTHORITATIVE,"{""mapping_method"": ""exact_identifier_based"", ""resolution_status"": ""HIGH_EXACT"", ""match_score"": 100.0, ""source_dataset"": ""RxNorm"", ""provenance"": ""rxnorm_drug_enrichment.csv""}"
E_RXN_000229,DRUG_000235,RXCUI_2101,HAS_RXNORM_CONCEPT,RxNorm,RXN:DRUG_000235:2101,HIGH_EXACT,HIGH_AUTHORITATIVE,"{""mapping_method"": ""exact_identifier_based"", ""resolution_status"": ""HIGH_EXACT"", ""match_score"": 100.0, ""source_dataset"": ""RxNorm"", ""provenance"": ""rxnorm_drug_enrichment.csv""}"
E_RXN_000230,DRUG_000236,RXCUI_8727,HAS_RXNORM_CONCEPT,RxNorm,RXN:DRUG_000236:8727,HIGH_EXACT,HIGH_AUTHORITATIVE,"{""mapping_method"": ""exact_identifier_based"", ""resolution_status"": ""HIGH_EXACT"", ""match_score"": 100.0, ""source_dataset"": ""RxNorm"", ""provenance"": ""rxnorm_drug_enrichment.csv""}"
E_RXN_000231,DRUG_000237,RXCUI_8175,HAS_RXNORM_CONCEPT,RxNorm,RXN:DRUG_000237:8175,HIGH_EXACT,HIGH_AUTHORITATIVE,"{""mapping_method"": ""exact_identifier_based"", ""resolution_status"": ""HIGH_EXACT"", ""match_score"": 100.0, ""source_dataset"": ""RxNorm"", ""provenance"": ""rxnorm_drug_enrichment.csv""}"
E_RXN_000232,DRUG_000238,RXCUI_495881,HAS_RXNORM_CONCEPT,RxNorm,RXN:DRUG_000238:495881,HIGH_EXACT,HIGH_AUTHORITATIVE,"{""mapping_method"": ""exact_identifier_based"", ""resolution_status"": ""HIGH_EXACT"", ""match_score"": 100.0, ""source_dataset"": ""RxNorm"", ""provenance"": ""rxnorm_drug_enrichment.csv""}"
E_RXN_000233,DRUG_000240,RXCUI_5021,HAS_RXNORM_CONCEPT,RxNorm,RXN:DRUG_000240:5021,HIGH_EXACT,HIGH_AUTHORITATIVE,"{""mapping_method"": ""exact_identifier_based"", ""resolution_status"": ""HIGH_EXACT"", ""match_score"": 100.0, ""source_dataset"": ""RxNorm"", ""provenance"": ""rxnorm_drug_enrichment.csv""}"
E_RXN_000234,DRUG_000241,RXCUI_7435,HAS_RXNORM_CONCEPT,RxNorm,RXN:DRUG_000241:7435,HIGH_EXACT,HIGH_AUTHORITATIVE,"{""mapping_method"": ""exact_identifier_based"", ""resolution_status"": ""HIGH_EXACT"", ""match_score"": 100.0, ""source_dataset"": ""RxNorm"", ""provenance"": ""rxnorm_drug_enrichment.csv""}"
E_RXN_000235,DRUG_000242,RXCUI_461016,HAS_RXNORM_CONCEPT,RxNorm,RXN:DRUG_000242:461016,HIGH_EXACT,HIGH_AUTHORITATIVE,"{""mapping_method"": ""exact_identifier_based"", ""resolution_status"": ""HIGH_EXACT"", ""match_score"": 100.0, ""source_dataset"": ""RxNorm"", ""provenance"": ""rxnorm_drug_enrichment.csv""}"
E_RXN_000236,DRUG_000243,RXCUI_40001,HAS_RXNORM_CONCEPT,RxNorm,RXN:DRUG_000243:40001,HIGH_EXACT,HIGH_AUTHORITATIVE,"{""mapping_method"": ""exact_identifier_based"", ""resolution_status"": ""HIGH_EXACT"", ""match_score"": 100.0, ""source_dataset"": ""RxNorm"", ""provenance"": ""rxnorm_drug_enrichment.csv""}"
E_RXN_000237,DRUG_000244,RXCUI_40001,HAS_RXNORM_CONCEPT,RxNorm,RXN:DRUG_000244:40001,HIGH_EXACT,HIGH_AUTHORITATIVE,"{""mapping_method"": ""exact_name_lookup"", ""resolution_status"": ""HIGH_EXACT"", ""match_score"": 100.0, ""source_dataset"": ""RxNorm"", ""provenance"": ""rxnorm_drug_enrichment.csv""}"
E_RXN_000238,DRUG_000245,RXCUI_596,HAS_RXNORM_CONCEPT,RxNorm,RXN:DRUG_000245:596,HIGH_EXACT,HIGH_AUTHORITATIVE,"{""mapping_method"": ""exact_identifier_based"", ""resolution_status"": ""HIGH_EXACT"", ""match_score"": 100.0, ""source_dataset"": ""RxNorm"", ""provenance"": ""rxnorm_drug_enrichment.csv""}"
E_RXN_000239,DRUG_000246,RXCUI_1767,HAS_RXNORM_CONCEPT,RxNorm,RXN:DRUG_000246:1767,HIGH_EXACT,HIGH_AUTHORITATIVE,"{""mapping_method"": ""exact_identifier_based"", ""resolution_status"": ""HIGH_EXACT"", ""match_score"": 100.0, ""source_dataset"": ""RxNorm"", ""provenance"": ""rxnorm_drug_enrichment.csv""}"
E_RXN_000240,DRUG_000247,RXCUI_6475,HAS_RXNORM_CONCEPT,RxNorm,RXN:DRUG_000247:6475,HIGH_EXACT,HIGH_AUTHORITATIVE,"{""mapping_method"": ""exact_identifier_based"", ""resolution_status"": ""HIGH_EXACT"", ""match_score"": 100.0, ""source_dataset"": ""RxNorm"", ""provenance"": ""rxnorm_drug_enrichment.csv""}"
E_RXN_000241,DRUG_000248,RXCUI_35350,HAS_RXNORM_CONCEPT,RxNorm,RXN:DRUG_000248:35350,HIGH_EXACT,HIGH_AUTHORITATIVE,"{""mapping_method"": ""exact_identifier_based"", ""resolution_status"": ""HIGH_EXACT"", ""match_score"": 100.0, ""source_dataset"": ""RxNorm"", ""provenance"": ""rxnorm_drug_enrichment.csv""}"
E_RXN_000242,DRUG_000249,RXCUI_42372,HAS_RXNORM_CONCEPT,RxNorm,RXN:DRUG_000249:42372,HIGH_EXACT,HIGH_AUTHORITATIVE,"{""mapping_method"": ""exact_identifier_based"", ""resolution_status"": ""HIGH_EXACT"", ""match_score"": 100.0, ""source_dataset"": ""RxNorm"", ""provenance"": ""rxnorm_drug_enrichment.csv""}"
E_RXN_000243,DRUG_000250,RXCUI_1546387,HAS_RXNORM_CONCEPT,RxNorm,RXN:DRUG_000250:1546387,HIGH_EXACT,HIGH_AUTHORITATIVE,"{""mapping_method"": ""exact_identifier_based"", ""resolution_status"": ""HIGH_EXACT"", ""match_score"": 100.0, ""source_dataset"": ""RxNorm"", ""provenance"": ""rxnorm_drug_enrichment.csv""}"
E_RXN_000244,DRUG_000251,RXCUI_84108,HAS_RXNORM_CONCEPT,RxNorm,RXN:DRUG_000251:84108,HIGH_EXACT,HIGH_AUTHORITATIVE,"{""mapping_method"": ""exact_identifier_based"", ""resolution_status"": ""HIGH_EXACT"", ""match_score"": 100.0, ""source_dataset"": ""RxNorm"", ""provenance"": ""rxnorm_drug_enrichment.csv""}"
E_RXN_000245,DRUG_000252,RXCUI_746741,HAS_RXNORM_CONCEPT,RxNorm,RXN:DRUG_000252:746741,HIGH_EXACT,HIGH_AUTHORITATIVE,"{""mapping_method"": ""exact_identifier_based"", ""resolution_status"": ""HIGH_EXACT"", ""match_score"": 100.0, ""source_dataset"": ""RxNorm"", ""provenance"": ""rxnorm_drug_enrichment.csv""}"
E_RXN_000246,DRUG_000253,RXCUI_221058,HAS_RXNORM_CONCEPT,RxNorm,RXN:DRUG_000253:221058,HIGH_EXACT,HIGH_AUTHORITATIVE,"{""mapping_method"": ""exact_identifier_based"", ""resolution_status"": ""HIGH_EXACT"", ""match_score"": 100.0, ""source_dataset"": ""RxNorm"", ""provenance"": ""rxnorm_drug_enrichment.csv""}"
E_RXN_000247,DRUG_000254,RXCUI_7984,HAS_RXNORM_CONCEPT,RxNorm,RXN:DRUG_000254:7984,HIGH_EXACT,HIGH_AUTHORITATIVE,"{""mapping_method"": ""exact_identifier_based"", ""resolution_status"": ""HIGH_EXACT"", ""match_score"": 100.0, ""source_dataset"": ""RxNorm"", ""provenance"": ""rxnorm_drug_enrichment.csv""}"
E_RXN_000248,DRUG_000255,RXCUI_9624,HAS_RXNORM_CONCEPT,RxNorm,RXN:DRUG_000255:9624,HIGH_EXACT,HIGH_AUTHORITATIVE,"{""mapping_method"": ""exact_identifier_based"", ""resolution_status"": ""HIGH_EXACT"", ""match_score"": 100.0, ""source_dataset"": ""RxNorm"", ""provenance"": ""rxnorm_drug_enrichment.csv""}"
E_RXN_000249,DRUG_000256,RXCUI_402316,HAS_RXNORM_CONCEPT,RxNorm,RXN:DRUG_000256:402316,HIGH_EXACT,HIGH_AUTHORITATIVE,"{""mapping_method"": ""exact_identifier_based"", ""resolution_status"": ""HIGH_EXACT"", ""match_score"": 100.0, ""source_dataset"": ""RxNorm"", ""provenance"": ""rxnorm_drug_enrichment.csv""}"
E_RXN_000250,DRUG_000257,RXCUI_8742,HAS_RXNORM_CONCEPT,RxNorm,RXN:DRUG_000257:8742,HIGH_EXACT,HIGH_AUTHORITATIVE,"{""mapping_method"": ""exact_identifier_based"", ""resolution_status"": ""HIGH_EXACT"", ""match_score"": 100.0, ""source_dataset"": ""RxNorm"", ""provenance"": ""rxnorm_drug_enrichment.csv""}"
E_RXN_000251,DRUG_000258,RXCUI_9997,HAS_RXNORM_CONCEPT,RxNorm,RXN:DRUG_000258:9997,HIGH_EXACT,HIGH_AUTHORITATIVE,"{""mapping_method"": ""exact_identifier_based"", ""resolution_status"": ""HIGH_EXACT"", ""match_score"": 100.0, ""source_dataset"": ""RxNorm"", ""provenance"": ""rxnorm_drug_enrichment.csv""}"
E_RXN_000252,DRUG_000259,RXCUI_6901,HAS_RXNORM_CONCEPT,RxNorm,RXN:DRUG_000259:6901,HIGH_EXACT,HIGH_AUTHORITATIVE,"{""mapping_method"": ""exact_identifier_based"", ""resolution_status"": ""HIGH_EXACT"", ""match_score"": 100.0, ""source_dataset"": ""RxNorm"", ""provenance"": ""rxnorm_drug_enrichment.csv""}"
E_RXN_000253,DRUG_000260,RXCUI_352372,HAS_RXNORM_CONCEPT,RxNorm,RXN:DRUG_000260:352372,HIGH_EXACT,HIGH_AUTHORITATIVE,"{""mapping_method"": ""exact_identifier_based"", ""resolution_status"": ""HIGH_EXACT"", ""match_score"": 100.0, ""source_dataset"": ""RxNorm"", ""provenance"": ""rxnorm_drug_enrichment.csv""}"
E_RXN_000254,DRUG_000261,RXCUI_6901,HAS_RXNORM_CONCEPT,RxNorm,RXN:DRUG_000261:6901,HIGH_EXACT,HIGH_AUTHORITATIVE,"{""mapping_method"": ""exact_name_lookup"", ""resolution_status"": ""HIGH_EXACT"", ""match_score"": 100.0, ""source_dataset"": ""RxNorm"", ""provenance"": ""rxnorm_drug_enrichment.csv""}"
E_RXN_000255,DRUG_000262,RXCUI_6845,HAS_RXNORM_CONCEPT,RxNorm,RXN:DRUG_000262:6845,HIGH_EXACT,HIGH_AUTHORITATIVE,"{""mapping_method"": ""exact_identifier_based"", ""resolution_status"": ""HIGH_EXACT"", ""match_score"": 100.0, ""source_dataset"": ""RxNorm"", ""provenance"": ""rxnorm_drug_enrichment.csv""}"
E_RXN_000256,DRUG_000263,RXCUI_153970,HAS_RXNORM_CONCEPT,RxNorm,RXN:DRUG_000263:153970,HIGH_EXACT,HIGH_AUTHORITATIVE,"{""mapping_method"": ""exact_identifier_based"", ""resolution_status"": ""HIGH_EXACT"", ""match_score"": 100.0, ""source_dataset"": ""RxNorm"", ""provenance"": ""rxnorm_drug_enrichment.csv""}"
E_RXN_000257,DRUG_000264,RXCUI_1223,HAS_RXNORM_CONCEPT,RxNorm,RXN:DRUG_000264:1223,HIGH_EXACT,HIGH_AUTHORITATIVE,"{""mapping_method"": ""exact_identifier_based"", ""resolution_status"": ""HIGH_EXACT"", ""match_score"": 100.0, ""source_dataset"": ""RxNorm"", ""provenance"": ""rxnorm_drug_enrichment.csv""}"
E_RXN_000258,DRUG_000266,RXCUI_39993,HAS_RXNORM_CONCEPT,RxNorm,RXN:DRUG_000266:39993,HIGH_EXACT,HIGH_AUTHORITATIVE,"{""mapping_method"": ""exact_identifier_based"", ""resolution_status"": ""HIGH_EXACT"", ""match_score"": 100.0, ""source_dataset"": ""RxNorm"", ""provenance"": ""rxnorm_drug_enrichment.csv""}"
E_RXN_000259,DRUG_000267,RXCUI_68099,HAS_RXNORM_CONCEPT,RxNorm,RXN:DRUG_000267:68099,HIGH_EXACT,HIGH_AUTHORITATIVE,"{""mapping_method"": ""exact_identifier_based"", ""resolution_status"": ""HIGH_EXACT"", ""match_score"": 100.0, ""source_dataset"": ""RxNorm"", ""provenance"": ""rxnorm_drug_enrichment.csv""}"
E_RXN_000260,DRUG_000268,RXCUI_10849,HAS_RXNORM_CONCEPT,RxNorm,RXN:DRUG_000268:10849,HIGH_EXACT,HIGH_AUTHORITATIVE,"{""mapping_method"": ""exact_identifier_based"", ""resolution_status"": ""HIGH_EXACT"", ""match_score"": 100.0, ""source_dataset"": ""RxNorm"", ""provenance"": ""rxnorm_drug_enrichment.csv""}"
E_RXN_000261,DRUG_000269,RXCUI_10114,HAS_RXNORM_CONCEPT,RxNorm,RXN:DRUG_000269:10114,HIGH_EXACT,HIGH_AUTHORITATIVE,"{""mapping_method"": ""exact_identifier_based"", ""resolution_status"": ""HIGH_EXACT"", ""match_score"": 100.0, ""source_dataset"": ""RxNorm"", ""provenance"": ""rxnorm_drug_enrichment.csv""}"
E_RXN_000262,DRUG_000270,RXCUI_20259,HAS_RXNORM_CONCEPT,RxNorm,RXN:DRUG_000270:20259,HIGH_EXACT,HIGH_AUTHORITATIVE,"{""mapping_method"": ""exact_identifier_based"", ""resolution_status"": ""HIGH_EXACT"", ""match_score"": 100.0, ""source_dataset"": ""RxNorm"", ""provenance"": ""rxnorm_drug_enrichment.csv""}"
E_RXN_000263,DRUG_000272,RXCUI_10803,HAS_RXNORM_CONCEPT,RxNorm,RXN:DRUG_000272:10803,HIGH_EXACT,HIGH_AUTHORITATIVE,"{""mapping_method"": ""exact_identifier_based"", ""resolution_status"": ""HIGH_EXACT"", ""match_score"": 100.0, ""source_dataset"": ""RxNorm"", ""provenance"": ""rxnorm_drug_enrichment.csv""}"
E_RXN_000264,DRUG_000273,RXCUI_8704,HAS_RXNORM_CONCEPT,RxNorm,RXN:DRUG_000273:8704,HIGH_EXACT,HIGH_AUTHORITATIVE,"{""mapping_method"": ""exact_identifier_based"", ""resolution_status"": ""HIGH_EXACT"", ""match_score"": 100.0, ""source_dataset"": ""RxNorm"", ""provenance"": ""rxnorm_drug_enrichment.csv""}"
E_RXN_000265,DRUG_000274,RXCUI_3013,HAS_RXNORM_CONCEPT,RxNorm,RXN:DRUG_000274:3013,HIGH_EXACT,HIGH_AUTHORITATIVE,"{""mapping_method"": ""exact_identifier_based"", ""resolution_status"": ""HIGH_EXACT"", ""match_score"": 100.0, ""source_dataset"": ""RxNorm"", ""provenance"": ""rxnorm_drug_enrichment.csv""}"
E_RXN_000266,DRUG_000275,RXCUI_7442,HAS_RXNORM_CONCEPT,RxNorm,RXN:DRUG_000275:7442,HIGH_EXACT,HIGH_AUTHORITATIVE,"{""mapping_method"": ""exact_identifier_based"", ""resolution_status"": ""HIGH_EXACT"", ""match_score"": 100.0, ""source_dataset"": ""RxNorm"", ""provenance"": ""rxnorm_drug_enrichment.csv""}"
E_RXN_000267,DRUG_000276,RXCUI_1369,HAS_RXNORM_CONCEPT,RxNorm,RXN:DRUG_000276:1369,HIGH_EXACT,HIGH_AUTHORITATIVE,"{""mapping_method"": ""exact_identifier_based"", ""resolution_status"": ""HIGH_EXACT"", ""match_score"": 100.0, ""source_dataset"": ""RxNorm"", ""provenance"": ""rxnorm_drug_enrichment.csv""}"
E_RXN_000268,DRUG_000277,RXCUI_519,HAS_RXNORM_CONCEPT,RxNorm,RXN:DRUG_000277:519,HIGH_EXACT,HIGH_AUTHORITATIVE,"{""mapping_method"": ""exact_identifier_based"", ""resolution_status"": ""HIGH_EXACT"", ""match_score"": 100.0, ""source_dataset"": ""RxNorm"", ""provenance"": ""rxnorm_drug_enrichment.csv""}"
E_RXN_000269,DRUG_000278,RXCUI_1545984,HAS_RXNORM_CONCEPT,RxNorm,RXN:DRUG_000278:1545984,HIGH_EXACT,HIGH_AUTHORITATIVE,"{""mapping_method"": ""exact_identifier_based"", ""resolution_status"": ""HIGH_EXACT"", ""match_score"": 100.0, ""source_dataset"": ""RxNorm"", ""provenance"": ""rxnorm_drug_enrichment.csv""}"
E_RXN_000270,DRUG_000279,RXCUI_10829,HAS_RXNORM_CONCEPT,RxNorm,RXN:DRUG_000279:10829,HIGH_EXACT,HIGH_AUTHORITATIVE,"{""mapping_method"": ""exact_identifier_based"", ""resolution_status"": ""HIGH_EXACT"", ""match_score"": 100.0, ""source_dataset"": ""RxNorm"", ""provenance"": ""rxnorm_drug_enrichment.csv""}"
E_RXN_000271,DRUG_000280,RXCUI_12574,HAS_RXNORM_CONCEPT,RxNorm,RXN:DRUG_000280:12574,HIGH_EXACT,HIGH_AUTHORITATIVE,"{""mapping_method"": ""exact_identifier_based"", ""resolution_status"": ""HIGH_EXACT"", ""match_score"": 100.0, ""source_dataset"": ""RxNorm"", ""provenance"": ""rxnorm_drug_enrichment.csv""}"
E_RXN_000272,DRUG_000281,RXCUI_1546027,HAS_RXNORM_CONCEPT,RxNorm,RXN:DRUG_000281:1546027,HIGH_EXACT,HIGH_AUTHORITATIVE,"{""mapping_method"": ""exact_identifier_based"", ""resolution_status"": ""HIGH_EXACT"", ""match_score"": 100.0, ""source_dataset"": ""RxNorm"", ""provenance"": ""rxnorm_drug_enrichment.csv""}"
E_RXN_000273,DRUG_000282,RXCUI_1514,HAS_RXNORM_CONCEPT,RxNorm,RXN:DRUG_000282:1514,HIGH_EXACT,HIGH_AUTHORITATIVE,"{""mapping_method"": ""exact_identifier_based"", ""resolution_status"": ""HIGH_EXACT"", ""match_score"": 100.0, ""source_dataset"": ""RxNorm"", ""provenance"": ""rxnorm_drug_enrichment.csv""}"
E_RXN_000274,DRUG_000283,RXCUI_3264,HAS_RXNORM_CONCEPT,RxNorm,RXN:DRUG_000283:3264,HIGH_EXACT,HIGH_AUTHORITATIVE,"{""mapping_method"": ""exact_identifier_based"", ""resolution_status"": ""HIGH_EXACT"", ""match_score"": 100.0, ""source_dataset"": ""RxNorm"", ""provenance"": ""rxnorm_drug_enrichment.csv""}"
E_RXN_000275,DRUG_000285,RXCUI_10362,HAS_RXNORM_CONCEPT,RxNorm,RXN:DRUG_000285:10362,HIGH_EXACT,HIGH_AUTHORITATIVE,"{""mapping_method"": ""exact_identifier_based"", ""resolution_status"": ""HIGH_EXACT"", ""match_score"": 100.0, ""source_dataset"": ""RxNorm"", ""provenance"": ""rxnorm_drug_enrichment.csv""}"
E_RXN_000276,DRUG_000286,RXCUI_3995,HAS_RXNORM_CONCEPT,RxNorm,RXN:DRUG_000286:3995,HIGH_EXACT,HIGH_AUTHORITATIVE,"{""mapping_method"": ""exact_identifier_based"", ""resolution_status"": ""HIGH_EXACT"", ""match_score"": 100.0, ""source_dataset"": ""RxNorm"", ""provenance"": ""rxnorm_drug_enrichment.csv""}"
E_RXN_000277,DRUG_000287,RXCUI_2348,HAS_RXNORM_CONCEPT,RxNorm,RXN:DRUG_000287:2348,HIGH_EXACT,HIGH_AUTHORITATIVE,"{""mapping_method"": ""exact_identifier_based"", ""resolution_status"": ""HIGH_EXACT"", ""match_score"": 100.0, ""source_dataset"": ""RxNorm"", ""provenance"": ""rxnorm_drug_enrichment.csv""}"
E_RXN_000278,DRUG_000288,RXCUI_17128,HAS_RXNORM_CONCEPT,RxNorm,RXN:DRUG_000288:17128,HIGH_EXACT,HIGH_AUTHORITATIVE,"{""mapping_method"": ""exact_identifier_based"", ""resolution_status"": ""HIGH_EXACT"", ""match_score"": 100.0, ""source_dataset"": ""RxNorm"", ""provenance"": ""rxnorm_drug_enrichment.csv""}"
E_RXN_000279,DRUG_000289,RXCUI_816346,HAS_RXNORM_CONCEPT,RxNorm,RXN:DRUG_000289:816346,HIGH_EXACT,HIGH_AUTHORITATIVE,"{""mapping_method"": ""exact_identifier_based"", ""resolution_status"": ""HIGH_EXACT"", ""match_score"": 100.0, ""source_dataset"": ""RxNorm"", ""provenance"": ""rxnorm_drug_enrichment.csv""}"
E_RXN_000280,DRUG_000290,RXCUI_17128,HAS_RXNORM_CONCEPT,RxNorm,RXN:DRUG_000290:17128,HIGH_EXACT,HIGH_AUTHORITATIVE,"{""mapping_method"": ""exact_name_lookup"", ""resolution_status"": ""HIGH_EXACT"", ""match_score"": 100.0, ""source_dataset"": ""RxNorm"", ""provenance"": ""rxnorm_drug_enrichment.csv""}"
E_RXN_000281,DRUG_000291,RXCUI_23410,HAS_RXNORM_CONCEPT,RxNorm,RXN:DRUG_000291:23410,HIGH_EXACT,HIGH_AUTHORITATIVE,"{""mapping_method"": ""exact_identifier_based"", ""resolution_status"": ""HIGH_EXACT"", ""match_score"": 100.0, ""source_dataset"": ""RxNorm"", ""provenance"": ""rxnorm_drug_enrichment.csv""}"
E_RXN_000282,DRUG_000292,RXCUI_3648,HAS_RXNORM_CONCEPT,RxNorm,RXN:DRUG_000292:3648,HIGH_EXACT,HIGH_AUTHORITATIVE,"{""mapping_method"": ""exact_identifier_based"", ""resolution_status"": ""HIGH_EXACT"", ""match_score"": 100.0, ""source_dataset"": ""RxNorm"", ""provenance"": ""rxnorm_drug_enrichment.csv""}"
E_RXN_000283,DRUG_000293,RXCUI_10582,HAS_RXNORM_CONCEPT,RxNorm,RXN:DRUG_000293:10582,HIGH_EXACT,HIGH_AUTHORITATIVE,"{""mapping_method"": ""exact_identifier_based"", ""resolution_status"": ""HIGH_EXACT"", ""match_score"": 100.0, ""source_dataset"": ""RxNorm"", ""provenance"": ""rxnorm_drug_enrichment.csv""}"
E_RXN_000284,DRUG_000294,RXCUI_4556,HAS_RXNORM_CONCEPT,RxNorm,RXN:DRUG_000294:4556,HIGH_EXACT,HIGH_AUTHORITATIVE,"{""mapping_method"": ""exact_identifier_based"", ""resolution_status"": ""HIGH_EXACT"", ""match_score"": 100.0, ""source_dataset"": ""RxNorm"", ""provenance"": ""rxnorm_drug_enrichment.csv""}"
E_RXN_000285,DRUG_000296,RXCUI_6754,HAS_RXNORM_CONCEPT,RxNorm,RXN:DRUG_000296:6754,HIGH_EXACT,HIGH_AUTHORITATIVE,"{""mapping_method"": ""exact_identifier_based"", ""resolution_status"": ""HIGH_EXACT"", ""match_score"": 100.0, ""source_dataset"": ""RxNorm"", ""provenance"": ""rxnorm_drug_enrichment.csv""}"
E_RXN_000286,DRUG_000297,RXCUI_28889,HAS_RXNORM_CONCEPT,RxNorm,RXN:DRUG_000297:28889,HIGH_EXACT,HIGH_AUTHORITATIVE,"{""mapping_method"": ""exact_identifier_based"", ""resolution_status"": ""HIGH_EXACT"", ""match_score"": 100.0, ""source_dataset"": ""RxNorm"", ""provenance"": ""rxnorm_drug_enrichment.csv""}"
E_RXN_000287,DRUG_000298,RXCUI_2236,HAS_RXNORM_CONCEPT,RxNorm,RXN:DRUG_000298:2236,HIGH_EXACT,HIGH_AUTHORITATIVE,"{""mapping_method"": ""exact_identifier_based"", ""resolution_status"": ""HIGH_EXACT"", ""match_score"": 100.0, ""source_dataset"": ""RxNorm"", ""provenance"": ""rxnorm_drug_enrichment.csv""}"
E_RXN_000288,DRUG_000299,RXCUI_8629,HAS_RXNORM_CONCEPT,RxNorm,RXN:DRUG_000299:8629,HIGH_EXACT,HIGH_AUTHORITATIVE,"{""mapping_method"": ""exact_identifier_based"", ""resolution_status"": ""HIGH_EXACT"", ""match_score"": 100.0, ""source_dataset"": ""RxNorm"", ""provenance"": ""rxnorm_drug_enrichment.csv""}"
E_RXN_000289,DRUG_000300,RXCUI_5691,HAS_RXNORM_CONCEPT,RxNorm,RXN:DRUG_000300:5691,HIGH_EXACT,HIGH_AUTHORITATIVE,"{""mapping_method"": ""exact_identifier_based"", ""resolution_status"": ""HIGH_EXACT"", ""match_score"": 100.0, ""source_dataset"": ""RxNorm"", ""provenance"": ""rxnorm_drug_enrichment.csv""}"
E_RXN_000290,DRUG_000301,RXCUI_16818,HAS_RXNORM_CONCEPT,RxNorm,RXN:DRUG_000301:16818,HIGH_EXACT,HIGH_AUTHORITATIVE,"{""mapping_method"": ""exact_identifier_based"", ""resolution_status"": ""HIGH_EXACT"", ""match_score"": 100.0, ""source_dataset"": ""RxNorm"", ""provenance"": ""rxnorm_drug_enrichment.csv""}"
E_RXN_000291,DRUG_000302,RXCUI_118886,HAS_RXNORM_CONCEPT,RxNorm,RXN:DRUG_000302:118886,HIGH_EXACT,HIGH_AUTHORITATIVE,"{""mapping_method"": ""exact_identifier_based"", ""resolution_status"": ""HIGH_EXACT"", ""match_score"": 100.0, ""source_dataset"": ""RxNorm"", ""provenance"": ""rxnorm_drug_enrichment.csv""}"
E_RXN_000292,DRUG_000303,RXCUI_31448,HAS_RXNORM_CONCEPT,RxNorm,RXN:DRUG_000303:31448,HIGH_EXACT,HIGH_AUTHORITATIVE,"{""mapping_method"": ""exact_identifier_based"", ""resolution_status"": ""HIGH_EXACT"", ""match_score"": 100.0, ""source_dataset"": ""RxNorm"", ""provenance"": ""rxnorm_drug_enrichment.csv""}"
E_RXN_000293,DRUG_000304,RXCUI_56092,HAS_RXNORM_CONCEPT,RxNorm,RXN:DRUG_000304:56092,HIGH_EXACT,HIGH_AUTHORITATIVE,"{""mapping_method"": ""exact_identifier_based"", ""resolution_status"": ""HIGH_EXACT"", ""match_score"": 100.0, ""source_dataset"": ""RxNorm"", ""provenance"": ""rxnorm_drug_enrichment.csv""}"
E_RXN_000294,DRUG_000305,RXCUI_35827,HAS_RXNORM_CONCEPT,RxNorm,RXN:DRUG_000305:35827,HIGH_EXACT,HIGH_AUTHORITATIVE,"{""mapping_method"": ""exact_identifier_based"", ""resolution_status"": ""HIGH_EXACT"", ""match_score"": 100.0, ""source_dataset"": ""RxNorm"", ""provenance"": ""rxnorm_drug_enrichment.csv""}"
E_RXN_000295,DRUG_000306,RXCUI_3925,HAS_RXNORM_CONCEPT,RxNorm,RXN:DRUG_000306:3925,HIGH_EXACT,HIGH_AUTHORITATIVE,"{""mapping_method"": ""exact_identifier_based"", ""resolution_status"": ""HIGH_EXACT"", ""match_score"": 100.0, ""source_dataset"": ""RxNorm"", ""provenance"": ""rxnorm_drug_enrichment.csv""}"
E_RXN_000296,DRUG_000307,RXCUI_9071,HAS_RXNORM_CONCEPT,RxNorm,RXN:DRUG_000307:9071,HIGH_EXACT,HIGH_AUTHORITATIVE,"{""mapping_method"": ""exact_identifier_based"", ""resolution_status"": ""HIGH_EXACT"", ""match_score"": 100.0, ""source_dataset"": ""RxNorm"", ""provenance"": ""rxnorm_drug_enrichment.csv""}"
E_RXN_000297,DRUG_000308,RXCUI_9068,HAS_RXNORM_CONCEPT,RxNorm,RXN:DRUG_000308:9068,HIGH_EXACT,HIGH_AUTHORITATIVE,"{""mapping_method"": ""exact_identifier_based"", ""resolution_status"": ""HIGH_EXACT"", ""match_score"": 100.0, ""source_dataset"": ""RxNorm"", ""provenance"": ""rxnorm_drug_enrichment.csv""}"
E_RXN_000298,DRUG_000310,RXCUI_37790,HAS_RXNORM_CONCEPT,RxNorm,RXN:DRUG_000310:37790,HIGH_EXACT,HIGH_AUTHORITATIVE,"{""mapping_method"": ""exact_identifier_based"", ""resolution_status"": ""HIGH_EXACT"", ""match_score"": 100.0, ""source_dataset"": ""RxNorm"", ""provenance"": ""rxnorm_drug_enrichment.csv""}"
E_RXN_000299,DRUG_000311,RXCUI_10402,HAS_RXNORM_CONCEPT,RxNorm,RXN:DRUG_000311:10402,HIGH_EXACT,HIGH_AUTHORITATIVE,"{""mapping_method"": ""exact_identifier_based"", ""resolution_status"": ""HIGH_EXACT"", ""match_score"": 100.0, ""source_dataset"": ""RxNorm"", ""provenance"": ""rxnorm_drug_enrichment.csv""}"
E_RXN_000300,DRUG_000312,RXCUI_88249,HAS_RXNORM_CONCEPT,RxNorm,RXN:DRUG_000312:88249,HIGH_EXACT,HIGH_AUTHORITATIVE,"{""mapping_method"": ""exact_identifier_based"", ""resolution_status"": ""HIGH_EXACT"", ""match_score"": 100.0, ""source_dataset"": ""RxNorm"", ""provenance"": ""rxnorm_drug_enrichment.csv""}"
E_RXN_000301,DRUG_000313,RXCUI_4493,HAS_RXNORM_CONCEPT,RxNorm,RXN:DRUG_000313:4493,HIGH_EXACT,HIGH_AUTHORITATIVE,"{""mapping_method"": ""exact_identifier_based"", ""resolution_status"": ""HIGH_EXACT"", ""match_score"": 100.0, ""source_dataset"": ""RxNorm"", ""provenance"": ""rxnorm_drug_enrichment.csv""}"
E_RXN_000302,DRUG_000314,RXCUI_6847,HAS_RXNORM_CONCEPT,RxNorm,RXN:DRUG_000314:6847,HIGH_EXACT,HIGH_AUTHORITATIVE,"{""mapping_method"": ""exact_identifier_based"", ""resolution_status"": ""HIGH_EXACT"", ""match_score"": 100.0, ""source_dataset"": ""RxNorm"", ""provenance"": ""rxnorm_drug_enrichment.csv""}"
E_RXN_000303,DRUG_000315,RXCUI_2356,HAS_RXNORM_CONCEPT,RxNorm,RXN:DRUG_000315:2356,HIGH_EXACT,HIGH_AUTHORITATIVE,"{""mapping_method"": ""exact_identifier_based"", ""resolution_status"": ""HIGH_EXACT"", ""match_score"": 100.0, ""source_dataset"": ""RxNorm"", ""provenance"": ""rxnorm_drug_enrichment.csv""}"
E_RXN_000304,DRUG_000316,RXCUI_72625,HAS_RXNORM_CONCEPT,RxNorm,RXN:DRUG_000316:72625,HIGH_EXACT,HIGH_AUTHORITATIVE,"{""mapping_method"": ""exact_identifier_based"", ""resolution_status"": ""HIGH_EXACT"", ""match_score"": 100.0, ""source_dataset"": ""RxNorm"", ""provenance"": ""rxnorm_drug_enrichment.csv""}"
E_RXN_000305,DRUG_000317,RXCUI_2403,HAS_RXNORM_CONCEPT,RxNorm,RXN:DRUG_000317:2403,HIGH_EXACT,HIGH_AUTHORITATIVE,"{""mapping_method"": ""exact_identifier_based"", ""resolution_status"": ""HIGH_EXACT"", ""match_score"": 100.0, ""source_dataset"": ""RxNorm"", ""provenance"": ""rxnorm_drug_enrichment.csv""}"
E_RXN_000306,DRUG_000318,RXCUI_641,HAS_RXNORM_CONCEPT,RxNorm,RXN:DRUG_000318:641,HIGH_EXACT,HIGH_AUTHORITATIVE,"{""mapping_method"": ""exact_identifier_based"", ""resolution_status"": ""HIGH_EXACT"", ""match_score"": 100.0, ""source_dataset"": ""RxNorm"", ""provenance"": ""rxnorm_drug_enrichment.csv""}"
E_RXN_000307,DRUG_000319,RXCUI_342369,HAS_RXNORM_CONCEPT,RxNorm,RXN:DRUG_000319:342369,HIGH_EXACT,HIGH_AUTHORITATIVE,"{""mapping_method"": ""exact_identifier_based"", ""resolution_status"": ""HIGH_EXACT"", ""match_score"": 100.0, ""source_dataset"": ""RxNorm"", ""provenance"": ""rxnorm_drug_enrichment.csv""}"
E_RXN_000308,DRUG_000320,RXCUI_72143,HAS_RXNORM_CONCEPT,RxNorm,RXN:DRUG_000320:72143,HIGH_EXACT,HIGH_AUTHORITATIVE,"{""mapping_method"": ""exact_identifier_based"", ""resolution_status"": ""HIGH_EXACT"", ""match_score"": 100.0, ""source_dataset"": ""RxNorm"", ""provenance"": ""rxnorm_drug_enrichment.csv""}"
E_RXN_000309,DRUG_000321,RXCUI_140587,HAS_RXNORM_CONCEPT,RxNorm,RXN:DRUG_000321:140587,HIGH_EXACT,HIGH_AUTHORITATIVE,"{""mapping_method"": ""exact_identifier_based"", ""resolution_status"": ""HIGH_EXACT"", ""match_score"": 100.0, ""source_dataset"": ""RxNorm"", ""provenance"": ""rxnorm_drug_enrichment.csv""}"
E_RXN_000310,DRUG_000322,RXCUI_4639,HAS_RXNORM_CONCEPT,RxNorm,RXN:DRUG_000322:4639,HIGH_EXACT,HIGH_AUTHORITATIVE,"{""mapping_method"": ""exact_identifier_based"", ""resolution_status"": ""HIGH_EXACT"", ""match_score"": 100.0, ""source_dataset"": ""RxNorm"", ""provenance"": ""rxnorm_drug_enrichment.csv""}"
E_RXN_000311,DRUG_000323,RXCUI_134615,HAS_RXNORM_CONCEPT,RxNorm,RXN:DRUG_000323:134615,HIGH_EXACT,HIGH_AUTHORITATIVE,"{""mapping_method"": ""exact_identifier_based"", ""resolution_status"": ""HIGH_EXACT"", ""match_score"": 100.0, ""source_dataset"": ""RxNorm"", ""provenance"": ""rxnorm_drug_enrichment.csv""}"
E_RXN_000312,DRUG_000324,RXCUI_3356,HAS_RXNORM_CONCEPT,RxNorm,RXN:DRUG_000324:3356,HIGH_EXACT,HIGH_AUTHORITATIVE,"{""mapping_method"": ""exact_identifier_based"", ""resolution_status"": ""HIGH_EXACT"", ""match_score"": 100.0, ""source_dataset"": ""RxNorm"", ""provenance"": ""rxnorm_drug_enrichment.csv""}"
E_RXN_000313,DRUG_000325,RXCUI_31447,HAS_RXNORM_CONCEPT,RxNorm,RXN:DRUG_000325:31447,HIGH_EXACT,HIGH_AUTHORITATIVE,"{""mapping_method"": ""exact_identifier_based"", ""resolution_status"": ""HIGH_EXACT"", ""match_score"": 100.0, ""source_dataset"": ""RxNorm"", ""provenance"": ""rxnorm_drug_enrichment.csv""}"
E_RXN_000314,DRUG_000326,RXCUI_7960,HAS_RXNORM_CONCEPT,RxNorm,RXN:DRUG_000326:7960,HIGH_EXACT,HIGH_AUTHORITATIVE,"{""mapping_method"": ""exact_identifier_based"", ""resolution_status"": ""HIGH_EXACT"", ""match_score"": 100.0, ""source_dataset"": ""RxNorm"", ""provenance"": ""rxnorm_drug_enrichment.csv""}"
E_RXN_000315,DRUG_000327,RXCUI_5296,HAS_RXNORM_CONCEPT,RxNorm,RXN:DRUG_000327:5296,HIGH_EXACT,HIGH_AUTHORITATIVE,"{""mapping_method"": ""exact_identifier_based"", ""resolution_status"": ""HIGH_EXACT"", ""match_score"": 100.0, ""source_dataset"": ""RxNorm"", ""provenance"": ""rxnorm_drug_enrichment.csv""}"
E_RXN_000316,DRUG_000328,RXCUI_9947,HAS_RXNORM_CONCEPT,RxNorm,RXN:DRUG_000328:9947,HIGH_EXACT,HIGH_AUTHORITATIVE,"{""mapping_method"": ""exact_identifier_based"", ""resolution_status"": ""HIGH_EXACT"", ""match_score"": 100.0, ""source_dataset"": ""RxNorm"", ""provenance"": ""rxnorm_drug_enrichment.csv""}"
E_RXN_000317,DRUG_000329,RXCUI_1827,HAS_RXNORM_CONCEPT,RxNorm,RXN:DRUG_000329:1827,HIGH_EXACT,HIGH_AUTHORITATIVE,"{""mapping_method"": ""exact_identifier_based"", ""resolution_status"": ""HIGH_EXACT"", ""match_score"": 100.0, ""source_dataset"": ""RxNorm"", ""provenance"": ""rxnorm_drug_enrichment.csv""}"
E_RXN_000318,DRUG_000330,RXCUI_30009,HAS_RXNORM_CONCEPT,RxNorm,RXN:DRUG_000330:30009,HIGH_EXACT,HIGH_AUTHORITATIVE,"{""mapping_method"": ""exact_identifier_based"", ""resolution_status"": ""HIGH_EXACT"", ""match_score"": 100.0, ""source_dataset"": ""RxNorm"", ""provenance"": ""rxnorm_drug_enrichment.csv""}"
E_RXN_000319,DRUG_000331,RXCUI_50166,HAS_RXNORM_CONCEPT,RxNorm,RXN:DRUG_000331:50166,HIGH_EXACT,HIGH_AUTHORITATIVE,"{""mapping_method"": ""exact_identifier_based"", ""resolution_status"": ""HIGH_EXACT"", ""match_score"": 100.0, ""source_dataset"": ""RxNorm"", ""provenance"": ""rxnorm_drug_enrichment.csv""}"
E_RXN_000320,DRUG_000332,RXCUI_2186,HAS_RXNORM_CONCEPT,RxNorm,RXN:DRUG_000332:2186,HIGH_EXACT,HIGH_AUTHORITATIVE,"{""mapping_method"": ""exact_identifier_based"", ""resolution_status"": ""HIGH_EXACT"", ""match_score"": 100.0, ""source_dataset"": ""RxNorm"", ""provenance"": ""rxnorm_drug_enrichment.csv""}"
E_RXN_000321,DRUG_000333,RXCUI_60307,HAS_RXNORM_CONCEPT,RxNorm,RXN:DRUG_000333:60307,HIGH_EXACT,HIGH_AUTHORITATIVE,"{""mapping_method"": ""exact_identifier_based"", ""resolution_status"": ""HIGH_EXACT"", ""match_score"": 100.0, ""source_dataset"": ""RxNorm"", ""provenance"": ""rxnorm_drug_enrichment.csv""}"
E_RXN_000322,DRUG_000334,RXCUI_11413,HAS_RXNORM_CONCEPT,RxNorm,RXN:DRUG_000334:11413,HIGH_EXACT,HIGH_AUTHORITATIVE,"{""mapping_method"": ""exact_identifier_based"", ""resolution_status"": ""HIGH_EXACT"", ""match_score"": 100.0, ""source_dataset"": ""RxNorm"", ""provenance"": ""rxnorm_drug_enrichment.csv""}"
E_RXN_000323,DRUG_000335,RXCUI_136198,HAS_RXNORM_CONCEPT,RxNorm,RXN:DRUG_000335:136198,HIGH_EXACT,HIGH_AUTHORITATIVE,"{""mapping_method"": ""exact_identifier_based"", ""resolution_status"": ""HIGH_EXACT"", ""match_score"": 100.0, ""source_dataset"": ""RxNorm"", ""provenance"": ""rxnorm_drug_enrichment.csv""}"
E_RXN_000324,DRUG_000336,RXCUI_7804,HAS_RXNORM_CONCEPT,RxNorm,RXN:DRUG_000336:7804,HIGH_EXACT,HIGH_AUTHORITATIVE,"{""mapping_method"": ""exact_identifier_based"", ""resolution_status"": ""HIGH_EXACT"", ""match_score"": 100.0, ""source_dataset"": ""RxNorm"", ""provenance"": ""rxnorm_drug_enrichment.csv""}"
E_RXN_000325,DRUG_000337,RXCUI_8130,HAS_RXNORM_CONCEPT,RxNorm,RXN:DRUG_000337:8130,HIGH_EXACT,HIGH_AUTHORITATIVE,"{""mapping_method"": ""exact_identifier_based"", ""resolution_status"": ""HIGH_EXACT"", ""match_score"": 100.0, ""source_dataset"": ""RxNorm"", ""provenance"": ""rxnorm_drug_enrichment.csv""}"
E_RXN_000326,DRUG_000338,RXCUI_4508,HAS_RXNORM_CONCEPT,RxNorm,RXN:DRUG_000338:4508,HIGH_EXACT,HIGH_AUTHORITATIVE,"{""mapping_method"": ""exact_identifier_based"", ""resolution_status"": ""HIGH_EXACT"", ""match_score"": 100.0, ""source_dataset"": ""RxNorm"", ""provenance"": ""rxnorm_drug_enrichment.csv""}"
E_RXN_000327,DRUG_000339,RXCUI_10636,HAS_RXNORM_CONCEPT,RxNorm,RXN:DRUG_000339:10636,HIGH_EXACT,HIGH_AUTHORITATIVE,"{""mapping_method"": ""exact_identifier_based"", ""resolution_status"": ""HIGH_EXACT"", ""match_score"": 100.0, ""source_dataset"": ""RxNorm"", ""provenance"": ""rxnorm_drug_enrichment.csv""}"
E_RXN_000328,DRUG_000340,RXCUI_2541,HAS_RXNORM_CONCEPT,RxNorm,RXN:DRUG_000340:2541,HIGH_EXACT,HIGH_AUTHORITATIVE,"{""mapping_method"": ""exact_identifier_based"", ""resolution_status"": ""HIGH_EXACT"", ""match_score"": 100.0, ""source_dataset"": ""RxNorm"", ""provenance"": ""rxnorm_drug_enrichment.csv""}"
E_RXN_000329,DRUG_000341,RXCUI_5093,HAS_RXNORM_CONCEPT,RxNorm,RXN:DRUG_000341:5093,HIGH_EXACT,HIGH_AUTHORITATIVE,"{""mapping_method"": ""exact_identifier_based"", ""resolution_status"": ""HIGH_EXACT"", ""match_score"": 100.0, ""source_dataset"": ""RxNorm"", ""provenance"": ""rxnorm_drug_enrichment.csv""}"
E_RXN_000330,DRUG_000342,RXCUI_85762,HAS_RXNORM_CONCEPT,RxNorm,RXN:DRUG_000342:85762,HIGH_EXACT,HIGH_AUTHORITATIVE,"{""mapping_method"": ""exact_identifier_based"", ""resolution_status"": ""HIGH_EXACT"", ""match_score"": 100.0, ""source_dataset"": ""RxNorm"", ""provenance"": ""rxnorm_drug_enrichment.csv""}"
E_RXN_000331,DRUG_000343,RXCUI_6370,HAS_RXNORM_CONCEPT,RxNorm,RXN:DRUG_000343:6370,HIGH_EXACT,HIGH_AUTHORITATIVE,"{""mapping_method"": ""exact_identifier_based"", ""resolution_status"": ""HIGH_EXACT"", ""match_score"": 100.0, ""source_dataset"": ""RxNorm"", ""provenance"": ""rxnorm_drug_enrichment.csv""}"
E_RXN_000332,DRUG_000344,RXCUI_10805,HAS_RXNORM_CONCEPT,RxNorm,RXN:DRUG_000344:10805,HIGH_EXACT,HIGH_AUTHORITATIVE,"{""mapping_method"": ""exact_identifier_based"", ""resolution_status"": ""HIGH_EXACT"", ""match_score"": 100.0, ""source_dataset"": ""RxNorm"", ""provenance"": ""rxnorm_drug_enrichment.csv""}"
E_RXN_000333,DRUG_000345,RXCUI_132871,HAS_RXNORM_CONCEPT,RxNorm,RXN:DRUG_000345:132871,HIGH_EXACT,HIGH_AUTHORITATIVE,"{""mapping_method"": ""exact_identifier_based"", ""resolution_status"": ""HIGH_EXACT"", ""match_score"": 100.0, ""source_dataset"": ""RxNorm"", ""provenance"": ""rxnorm_drug_enrichment.csv""}"
E_RXN_000334,DRUG_000346,RXCUI_11124,HAS_RXNORM_CONCEPT,RxNorm,RXN:DRUG_000346:11124,HIGH_EXACT,HIGH_AUTHORITATIVE,"{""mapping_method"": ""exact_identifier_based"", ""resolution_status"": ""HIGH_EXACT"", ""match_score"": 100.0, ""source_dataset"": ""RxNorm"", ""provenance"": ""rxnorm_drug_enrichment.csv""}"
E_RXN_000335,DRUG_000347,RXCUI_99,HAS_RXNORM_CONCEPT,RxNorm,RXN:DRUG_000347:99,HIGH_EXACT,HIGH_AUTHORITATIVE,"{""mapping_method"": ""exact_identifier_based"", ""resolution_status"": ""HIGH_EXACT"", ""match_score"": 100.0, ""source_dataset"": ""RxNorm"", ""provenance"": ""rxnorm_drug_enrichment.csv""}"
E_RXN_000336,DRUG_000348,RXCUI_236146,HAS_RXNORM_CONCEPT,RxNorm,RXN:DRUG_000348:236146,HIGH_EXACT,HIGH_AUTHORITATIVE,"{""mapping_method"": ""exact_identifier_based"", ""resolution_status"": ""HIGH_EXACT"", ""match_score"": 100.0, ""source_dataset"": ""RxNorm"", ""provenance"": ""rxnorm_drug_enrichment.csv""}"
E_RXN_000337,DRUG_000349,RXCUI_2555,HAS_RXNORM_CONCEPT,RxNorm,RXN:DRUG_000349:2555,HIGH_EXACT,HIGH_AUTHORITATIVE,"{""mapping_method"": ""exact_identifier_based"", ""resolution_status"": ""HIGH_EXACT"", ""match_score"": 100.0, ""source_dataset"": ""RxNorm"", ""provenance"": ""rxnorm_drug_enrichment.csv""}"
E_RXN_000338,DRUG_000350,RXCUI_17945,HAS_RXNORM_CONCEPT,RxNorm,RXN:DRUG_000350:17945,HIGH_EXACT,HIGH_AUTHORITATIVE,"{""mapping_method"": ""exact_identifier_based"", ""resolution_status"": ""HIGH_EXACT"", ""match_score"": 100.0, ""source_dataset"": ""RxNorm"", ""provenance"": ""rxnorm_drug_enrichment.csv""}"
E_RXN_000339,DRUG_000351,RXCUI_430,HAS_RXNORM_CONCEPT,RxNorm,RXN:DRUG_000351:430,HIGH_EXACT,HIGH_AUTHORITATIVE,"{""mapping_method"": ""exact_identifier_based"", ""resolution_status"": ""HIGH_EXACT"", ""match_score"": 100.0, ""source_dataset"": ""RxNorm"", ""provenance"": ""rxnorm_drug_enrichment.csv""}"
E_RXN_000340,DRUG_000352,RXCUI_38454,HAS_RXNORM_CONCEPT,RxNorm,RXN:DRUG_000352:38454,HIGH_EXACT,HIGH_AUTHORITATIVE,"{""mapping_method"": ""exact_identifier_based"", ""resolution_status"": ""HIGH_EXACT"", ""match_score"": 100.0, ""source_dataset"": ""RxNorm"", ""provenance"": ""rxnorm_drug_enrichment.csv""}"
E_RXN_000341,DRUG_000353,RXCUI_140108,HAS_RXNORM_CONCEPT,RxNorm,RXN:DRUG_000353:140108,HIGH_EXACT,HIGH_AUTHORITATIVE,"{""mapping_method"": ""exact_identifier_based"", ""resolution_status"": ""HIGH_EXACT"", ""match_score"": 100.0, ""source_dataset"": ""RxNorm"", ""provenance"": ""rxnorm_drug_enrichment.csv""}"
E_RXN_000342,DRUG_000354,RXCUI_2116,HAS_RXNORM_CONCEPT,RxNorm,RXN:DRUG_000354:2116,HIGH_EXACT,HIGH_AUTHORITATIVE,"{""mapping_method"": ""exact_identifier_based"", ""resolution_status"": ""HIGH_EXACT"", ""match_score"": 100.0, ""source_dataset"": ""RxNorm"", ""provenance"": ""rxnorm_drug_enrichment.csv""}"
E_RXN_000343,DRUG_000355,RXCUI_81864,HAS_RXNORM_CONCEPT,RxNorm,RXN:DRUG_000355:81864,HIGH_EXACT,HIGH_AUTHORITATIVE,"{""mapping_method"": ""exact_identifier_based"", ""resolution_status"": ""HIGH_EXACT"", ""match_score"": 100.0, ""source_dataset"": ""RxNorm"", ""provenance"": ""rxnorm_drug_enrichment.csv""}"
E_RXN_000344,DRUG_000356,RXCUI_10753,HAS_RXNORM_CONCEPT,RxNorm,RXN:DRUG_000356:10753,HIGH_EXACT,HIGH_AUTHORITATIVE,"{""mapping_method"": ""exact_identifier_based"", ""resolution_status"": ""HIGH_EXACT"", ""match_score"": 100.0, ""source_dataset"": ""RxNorm"", ""provenance"": ""rxnorm_drug_enrichment.csv""}"
E_RXN_000345,DRUG_000357,RXCUI_6064,HAS_RXNORM_CONCEPT,RxNorm,RXN:DRUG_000357:6064,HIGH_EXACT,HIGH_AUTHORITATIVE,"{""mapping_method"": ""exact_identifier_based"", ""resolution_status"": ""HIGH_EXACT"", ""match_score"": 100.0, ""source_dataset"": ""RxNorm"", ""provenance"": ""rxnorm_drug_enrichment.csv""}"
E_RXN_000346,DRUG_000359,RXCUI_6916,HAS_RXNORM_CONCEPT,RxNorm,RXN:DRUG_000359:6916,HIGH_EXACT,HIGH_AUTHORITATIVE,"{""mapping_method"": ""exact_identifier_based"", ""resolution_status"": ""HIGH_EXACT"", ""match_score"": 100.0, ""source_dataset"": ""RxNorm"", ""provenance"": ""rxnorm_drug_enrichment.csv""}"
E_RXN_000347,DRUG_000360,RXCUI_10637,HAS_RXNORM_CONCEPT,RxNorm,RXN:DRUG_000360:10637,HIGH_EXACT,HIGH_AUTHORITATIVE,"{""mapping_method"": ""exact_identifier_based"", ""resolution_status"": ""HIGH_EXACT"", ""match_score"": 100.0, ""source_dataset"": ""RxNorm"", ""provenance"": ""rxnorm_drug_enrichment.csv""}"
E_RXN_000348,DRUG_000361,RXCUI_32592,HAS_RXNORM_CONCEPT,RxNorm,RXN:DRUG_000361:32592,HIGH_EXACT,HIGH_AUTHORITATIVE,"{""mapping_method"": ""exact_identifier_based"", ""resolution_status"": ""HIGH_EXACT"", ""match_score"": 100.0, ""source_dataset"": ""RxNorm"", ""provenance"": ""rxnorm_drug_enrichment.csv""}"
E_RXN_000349,DRUG_000362,RXCUI_3339,HAS_RXNORM_CONCEPT,RxNorm,RXN:DRUG_000362:3339,HIGH_EXACT,HIGH_AUTHORITATIVE,"{""mapping_method"": ""exact_identifier_based"", ""resolution_status"": ""HIGH_EXACT"", ""match_score"": 100.0, ""source_dataset"": ""RxNorm"", ""provenance"": ""rxnorm_drug_enrichment.csv""}"
E_RXN_000350,DRUG_000363,RXCUI_135056,HAS_RXNORM_CONCEPT,RxNorm,RXN:DRUG_000363:135056,HIGH_EXACT,HIGH_AUTHORITATIVE,"{""mapping_method"": ""exact_identifier_based"", ""resolution_status"": ""HIGH_EXACT"", ""match_score"": 100.0, ""source_dataset"": ""RxNorm"", ""provenance"": ""rxnorm_drug_enrichment.csv""}"
E_RXN_000351,DRUG_000364,RXCUI_33562,HAS_RXNORM_CONCEPT,RxNorm,RXN:DRUG_000364:33562,HIGH_EXACT,HIGH_AUTHORITATIVE,"{""mapping_method"": ""exact_identifier_based"", ""resolution_status"": ""HIGH_EXACT"", ""match_score"": 100.0, ""source_dataset"": ""RxNorm"", ""provenance"": ""rxnorm_drug_enrichment.csv""}"
E_RXN_000352,DRUG_000365,RXCUI_337525,HAS_RXNORM_CONCEPT,RxNorm,RXN:DRUG_000365:337525,HIGH_EXACT,HIGH_AUTHORITATIVE,"{""mapping_method"": ""exact_identifier_based"", ""resolution_status"": ""HIGH_EXACT"", ""match_score"": 100.0, ""source_dataset"": ""RxNorm"", ""provenance"": ""rxnorm_drug_enrichment.csv""}"
E_RXN_000353,DRUG_000367,RXCUI_25037,HAS_RXNORM_CONCEPT,RxNorm,RXN:DRUG_000367:25037,HIGH_EXACT,HIGH_AUTHORITATIVE,"{""mapping_method"": ""exact_identifier_based"", ""resolution_status"": ""HIGH_EXACT"", ""match_score"": 100.0, ""source_dataset"": ""RxNorm"", ""provenance"": ""rxnorm_drug_enrichment.csv""}"
E_RXN_000354,DRUG_000368,RXCUI_2551,HAS_RXNORM_CONCEPT,RxNorm,RXN:DRUG_000368:2551,HIGH_EXACT,HIGH_AUTHORITATIVE,"{""mapping_method"": ""exact_identifier_based"", ""resolution_status"": ""HIGH_EXACT"", ""match_score"": 100.0, ""source_dataset"": ""RxNorm"", ""provenance"": ""rxnorm_drug_enrichment.csv""}"
E_RXN_000355,DRUG_000369,RXCUI_38409,HAS_RXNORM_CONCEPT,RxNorm,RXN:DRUG_000369:38409,HIGH_EXACT,HIGH_AUTHORITATIVE,"{""mapping_method"": ""exact_identifier_based"", ""resolution_status"": ""HIGH_EXACT"", ""match_score"": 100.0, ""source_dataset"": ""RxNorm"", ""provenance"": ""rxnorm_drug_enrichment.csv""}"
E_RXN_000356,DRUG_000370,RXCUI_7531,HAS_RXNORM_CONCEPT,RxNorm,RXN:DRUG_000370:7531,HIGH_EXACT,HIGH_AUTHORITATIVE,"{""mapping_method"": ""exact_identifier_based"", ""resolution_status"": ""HIGH_EXACT"", ""match_score"": 100.0, ""source_dataset"": ""RxNorm"", ""provenance"": ""rxnorm_drug_enrichment.csv""}"
E_RXN_000357,DRUG_000371,RXCUI_11202,HAS_RXNORM_CONCEPT,RxNorm,RXN:DRUG_000371:11202,HIGH_EXACT,HIGH_AUTHORITATIVE,"{""mapping_method"": ""exact_identifier_based"", ""resolution_status"": ""HIGH_EXACT"", ""match_score"": 100.0, ""source_dataset"": ""RxNorm"", ""provenance"": ""rxnorm_drug_enrichment.csv""}"
E_RXN_000358,DRUG_000372,RXCUI_18867,HAS_RXNORM_CONCEPT,RxNorm,RXN:DRUG_000372:18867,HIGH_EXACT,HIGH_AUTHORITATIVE,"{""mapping_method"": ""exact_identifier_based"", ""resolution_status"": ""HIGH_EXACT"", ""match_score"": 100.0, ""source_dataset"": ""RxNorm"", ""provenance"": ""rxnorm_drug_enrichment.csv""}"
E_RXN_000359,DRUG_000373,RXCUI_722,HAS_RXNORM_CONCEPT,RxNorm,RXN:DRUG_000373:722,HIGH_EXACT,HIGH_AUTHORITATIVE,"{""mapping_method"": ""exact_identifier_based"", ""resolution_status"": ""HIGH_EXACT"", ""match_score"": 100.0, ""source_dataset"": ""RxNorm"", ""provenance"": ""rxnorm_drug_enrichment.csv""}"
E_RXN_000360,DRUG_000374,RXCUI_4492,HAS_RXNORM_CONCEPT,RxNorm,RXN:DRUG_000374:4492,HIGH_EXACT,HIGH_AUTHORITATIVE,"{""mapping_method"": ""exact_identifier_based"", ""resolution_status"": ""HIGH_EXACT"", ""match_score"": 100.0, ""source_dataset"": ""RxNorm"", ""provenance"": ""rxnorm_drug_enrichment.csv""}"
E_RXN_000361,DRUG_000375,RXCUI_9000,HAS_RXNORM_CONCEPT,RxNorm,RXN:DRUG_000375:9000,HIGH_EXACT,HIGH_AUTHORITATIVE,"{""mapping_method"": ""exact_identifier_based"", ""resolution_status"": ""HIGH_EXACT"", ""match_score"": 100.0, ""source_dataset"": ""RxNorm"", ""provenance"": ""rxnorm_drug_enrichment.csv""}"
E_RXN_000362,DRUG_000377,RXCUI_3255,HAS_RXNORM_CONCEPT,RxNorm,RXN:DRUG_000377:3255,HIGH_EXACT,HIGH_AUTHORITATIVE,"{""mapping_method"": ""exact_identifier_based"", ""resolution_status"": ""HIGH_EXACT"", ""match_score"": 100.0, ""source_dataset"": ""RxNorm"", ""provenance"": ""rxnorm_drug_enrichment.csv""}"
E_RXN_000363,DRUG_000378,RXCUI_18602,HAS_RXNORM_CONCEPT,RxNorm,RXN:DRUG_000378:18602,HIGH_EXACT,HIGH_AUTHORITATIVE,"{""mapping_method"": ""exact_identifier_based"", ""resolution_status"": ""HIGH_EXACT"", ""match_score"": 100.0, ""source_dataset"": ""RxNorm"", ""provenance"": ""rxnorm_drug_enrichment.csv""}"
E_RXN_000364,DRUG_000379,RXCUI_114970,HAS_RXNORM_CONCEPT,RxNorm,RXN:DRUG_000379:114970,HIGH_EXACT,HIGH_AUTHORITATIVE,"{""mapping_method"": ""exact_identifier_based"", ""resolution_status"": ""HIGH_EXACT"", ""match_score"": 100.0, ""source_dataset"": ""RxNorm"", ""provenance"": ""rxnorm_drug_enrichment.csv""}"
E_RXN_000365,DRUG_000380,RXCUI_8794,HAS_RXNORM_CONCEPT,RxNorm,RXN:DRUG_000380:8794,HIGH_EXACT,HIGH_AUTHORITATIVE,"{""mapping_method"": ""exact_identifier_based"", ""resolution_status"": ""HIGH_EXACT"", ""match_score"": 100.0, ""source_dataset"": ""RxNorm"", ""provenance"": ""rxnorm_drug_enrichment.csv""}"
E_RXN_000366,DRUG_000381,RXCUI_16728,HAS_RXNORM_CONCEPT,RxNorm,RXN:DRUG_000381:16728,HIGH_EXACT,HIGH_AUTHORITATIVE,"{""mapping_method"": ""exact_identifier_based"", ""resolution_status"": ""HIGH_EXACT"", ""match_score"": 100.0, ""source_dataset"": ""RxNorm"", ""provenance"": ""rxnorm_drug_enrichment.csv""}"
E_RXN_000367,DRUG_000382,RXCUI_8011,HAS_RXNORM_CONCEPT,RxNorm,RXN:DRUG_000382:8011,HIGH_EXACT,HIGH_AUTHORITATIVE,"{""mapping_method"": ""exact_identifier_based"", ""resolution_status"": ""HIGH_EXACT"", ""match_score"": 100.0, ""source_dataset"": ""RxNorm"", ""provenance"": ""rxnorm_drug_enrichment.csv""}"
E_RXN_000368,DRUG_000383,RXCUI_6854,HAS_RXNORM_CONCEPT,RxNorm,RXN:DRUG_000383:6854,HIGH_EXACT,HIGH_AUTHORITATIVE,"{""mapping_method"": ""exact_identifier_based"", ""resolution_status"": ""HIGH_EXACT"", ""match_score"": 100.0, ""source_dataset"": ""RxNorm"", ""provenance"": ""rxnorm_drug_enrichment.csv""}"
E_RXN_000369,DRUG_000384,RXCUI_68115,HAS_RXNORM_CONCEPT,RxNorm,RXN:DRUG_000384:68115,HIGH_EXACT,HIGH_AUTHORITATIVE,"{""mapping_method"": ""exact_identifier_based"", ""resolution_status"": ""HIGH_EXACT"", ""match_score"": 100.0, ""source_dataset"": ""RxNorm"", ""provenance"": ""rxnorm_drug_enrichment.csv""}"
E_RXN_000370,DRUG_000385,RXCUI_28439,HAS_RXNORM_CONCEPT,RxNorm,RXN:DRUG_000385:28439,HIGH_EXACT,HIGH_AUTHORITATIVE,"{""mapping_method"": ""exact_identifier_based"", ""resolution_status"": ""HIGH_EXACT"", ""match_score"": 100.0, ""source_dataset"": ""RxNorm"", ""provenance"": ""rxnorm_drug_enrichment.csv""}"
E_RXN_000371,DRUG_000386,RXCUI_283753,HAS_RXNORM_CONCEPT,RxNorm,RXN:DRUG_000386:283753,HIGH_EXACT,HIGH_AUTHORITATIVE,"{""mapping_method"": ""exact_identifier_based"", ""resolution_status"": ""HIGH_EXACT"", ""match_score"": 100.0, ""source_dataset"": ""RxNorm"", ""provenance"": ""rxnorm_drug_enrichment.csv""}"
E_RXN_000372,DRUG_000387,RXCUI_5553,HAS_RXNORM_CONCEPT,RxNorm,RXN:DRUG_000387:5553,HIGH_EXACT,HIGH_AUTHORITATIVE,"{""mapping_method"": ""exact_identifier_based"", ""resolution_status"": ""HIGH_EXACT"", ""match_score"": 100.0, ""source_dataset"": ""RxNorm"", ""provenance"": ""rxnorm_drug_enrichment.csv""}"
E_RXN_000373,DRUG_000389,RXCUI_384455,HAS_RXNORM_CONCEPT,RxNorm,RXN:DRUG_000389:384455,HIGH_EXACT,HIGH_AUTHORITATIVE,"{""mapping_method"": ""exact_identifier_based"", ""resolution_status"": ""HIGH_EXACT"", ""match_score"": 100.0, ""source_dataset"": ""RxNorm"", ""provenance"": ""rxnorm_drug_enrichment.csv""}"
E_RXN_000374,DRUG_000390,RXCUI_3637,HAS_RXNORM_CONCEPT,RxNorm,RXN:DRUG_000390:3637,HIGH_EXACT,HIGH_AUTHORITATIVE,"{""mapping_method"": ""exact_identifier_based"", ""resolution_status"": ""HIGH_EXACT"", ""match_score"": 100.0, ""source_dataset"": ""RxNorm"", ""provenance"": ""rxnorm_drug_enrichment.csv""}"
E_RXN_000375,DRUG_000391,RXCUI_19008,HAS_RXNORM_CONCEPT,RxNorm,RXN:DRUG_000391:19008,HIGH_EXACT,HIGH_AUTHORITATIVE,"{""mapping_method"": ""exact_identifier_based"", ""resolution_status"": ""HIGH_EXACT"", ""match_score"": 100.0, ""source_dataset"": ""RxNorm"", ""provenance"": ""rxnorm_drug_enrichment.csv""}"
E_RXN_000376,DRUG_000392,RXCUI_6851,HAS_RXNORM_CONCEPT,RxNorm,RXN:DRUG_000392:6851,HIGH_EXACT,HIGH_AUTHORITATIVE,"{""mapping_method"": ""exact_identifier_based"", ""resolution_status"": ""HIGH_EXACT"", ""match_score"": 100.0, ""source_dataset"": ""RxNorm"", ""provenance"": ""rxnorm_drug_enrichment.csv""}"
E_RXN_000377,DRUG_000393,RXCUI_2002,HAS_RXNORM_CONCEPT,RxNorm,RXN:DRUG_000393:2002,HIGH_EXACT,HIGH_AUTHORITATIVE,"{""mapping_method"": ""exact_identifier_based"", ""resolution_status"": ""HIGH_EXACT"", ""match_score"": 100.0, ""source_dataset"": ""RxNorm"", ""provenance"": ""rxnorm_drug_enrichment.csv""}"
E_RXN_000378,DRUG_000394,RXCUI_319864,HAS_RXNORM_CONCEPT,RxNorm,RXN:DRUG_000394:319864,HIGH_EXACT,HIGH_AUTHORITATIVE,"{""mapping_method"": ""exact_identifier_based"", ""resolution_status"": ""HIGH_EXACT"", ""match_score"": 100.0, ""source_dataset"": ""RxNorm"", ""provenance"": ""rxnorm_drug_enrichment.csv""}"
E_RXN_000379,DRUG_000395,RXCUI_1299782,HAS_RXNORM_CONCEPT,RxNorm,RXN:DRUG_000395:1299782,HIGH_EXACT,HIGH_AUTHORITATIVE,"{""mapping_method"": ""exact_identifier_based"", ""resolution_status"": ""HIGH_EXACT"", ""match_score"": 100.0, ""source_dataset"": ""RxNorm"", ""provenance"": ""rxnorm_drug_enrichment.csv""}"
E_RXN_000380,DRUG_000396,RXCUI_2549,HAS_RXNORM_CONCEPT,RxNorm,RXN:DRUG_000396:2549,HIGH_EXACT,HIGH_AUTHORITATIVE,"{""mapping_method"": ""exact_identifier_based"", ""resolution_status"": ""HIGH_EXACT"", ""match_score"": 100.0, ""source_dataset"": ""RxNorm"", ""provenance"": ""rxnorm_drug_enrichment.csv""}"
E_RXN_000381,DRUG_000397,RXCUI_321208,HAS_RXNORM_CONCEPT,RxNorm,RXN:DRUG_000397:321208,HIGH_EXACT,HIGH_AUTHORITATIVE,"{""mapping_method"": ""exact_identifier_based"", ""resolution_status"": ""HIGH_EXACT"", ""match_score"": 100.0, ""source_dataset"": ""RxNorm"", ""provenance"": ""rxnorm_drug_enrichment.csv""}"
E_RXN_000382,DRUG_000398,RXCUI_11198,HAS_RXNORM_CONCEPT,RxNorm,RXN:DRUG_000398:11198,HIGH_EXACT,HIGH_AUTHORITATIVE,"{""mapping_method"": ""exact_identifier_based"", ""resolution_status"": ""HIGH_EXACT"", ""match_score"": 100.0, ""source_dataset"": ""RxNorm"", ""provenance"": ""rxnorm_drug_enrichment.csv""}"
E_RXN_000383,DRUG_000399,RXCUI_8787,HAS_RXNORM_CONCEPT,RxNorm,RXN:DRUG_000399:8787,HIGH_EXACT,HIGH_AUTHORITATIVE,"{""mapping_method"": ""exact_identifier_based"", ""resolution_status"": ""HIGH_EXACT"", ""match_score"": 100.0, ""source_dataset"": ""RxNorm"", ""provenance"": ""rxnorm_drug_enrichment.csv""}"
E_RXN_000384,DRUG_000400,RXCUI_4331,HAS_RXNORM_CONCEPT,RxNorm,RXN:DRUG_000400:4331,HIGH_EXACT,HIGH_AUTHORITATIVE,"{""mapping_method"": ""exact_identifier_based"", ""resolution_status"": ""HIGH_EXACT"", ""match_score"": 100.0, ""source_dataset"": ""RxNorm"", ""provenance"": ""rxnorm_drug_enrichment.csv""}"
E_RXN_000385,DRUG_000401,RXCUI_2599,HAS_RXNORM_CONCEPT,RxNorm,RXN:DRUG_000401:2599,HIGH_EXACT,HIGH_AUTHORITATIVE,"{""mapping_method"": ""exact_identifier_based"", ""resolution_status"": ""HIGH_EXACT"", ""match_score"": 100.0, ""source_dataset"": ""RxNorm"", ""provenance"": ""rxnorm_drug_enrichment.csv""}"
E_RXN_000386,DRUG_000402,RXCUI_10179,HAS_RXNORM_CONCEPT,RxNorm,RXN:DRUG_000402:10179,HIGH_EXACT,HIGH_AUTHORITATIVE,"{""mapping_method"": ""exact_identifier_based"", ""resolution_status"": ""HIGH_EXACT"", ""match_score"": 100.0, ""source_dataset"": ""RxNorm"", ""provenance"": ""rxnorm_drug_enrichment.csv""}"
E_RXN_000387,DRUG_000403,RXCUI_73645,HAS_RXNORM_CONCEPT,RxNorm,RXN:DRUG_000403:73645,HIGH_EXACT,HIGH_AUTHORITATIVE,"{""mapping_method"": ""exact_identifier_based"", ""resolution_status"": ""HIGH_EXACT"", ""match_score"": 100.0, ""source_dataset"": ""RxNorm"", ""provenance"": ""rxnorm_drug_enrichment.csv""}"
E_RXN_000388,DRUG_000404,RXCUI_2015,HAS_RXNORM_CONCEPT,RxNorm,RXN:DRUG_000404:2015,HIGH_EXACT,HIGH_AUTHORITATIVE,"{""mapping_method"": ""exact_identifier_based"", ""resolution_status"": ""HIGH_EXACT"", ""match_score"": 100.0, ""source_dataset"": ""RxNorm"", ""provenance"": ""rxnorm_drug_enrichment.csv""}"
E_RXN_000389,DRUG_000405,RXCUI_6218,HAS_RXNORM_CONCEPT,RxNorm,RXN:DRUG_000405:6218,HIGH_EXACT,HIGH_AUTHORITATIVE,"{""mapping_method"": ""exact_identifier_based"", ""resolution_status"": ""HIGH_EXACT"", ""match_score"": 100.0, ""source_dataset"": ""RxNorm"", ""provenance"": ""rxnorm_drug_enrichment.csv""}"
E_RXN_000390,DRUG_000406,RXCUI_121243,HAS_RXNORM_CONCEPT,RxNorm,RXN:DRUG_000406:121243,HIGH_EXACT,HIGH_AUTHORITATIVE,"{""mapping_method"": ""exact_identifier_based"", ""resolution_status"": ""HIGH_EXACT"", ""match_score"": 100.0, ""source_dataset"": ""RxNorm"", ""provenance"": ""rxnorm_drug_enrichment.csv""}"
E_RXN_000391,DRUG_000407,RXCUI_42955,HAS_RXNORM_CONCEPT,RxNorm,RXN:DRUG_000407:42955,HIGH_EXACT,HIGH_AUTHORITATIVE,"{""mapping_method"": ""exact_identifier_based"", ""resolution_status"": ""HIGH_EXACT"", ""match_score"": 100.0, ""source_dataset"": ""RxNorm"", ""provenance"": ""rxnorm_drug_enrichment.csv""}"
E_RXN_000392,DRUG_000408,RXCUI_3827,HAS_RXNORM_CONCEPT,RxNorm,RXN:DRUG_000408:3827,HIGH_EXACT,HIGH_AUTHORITATIVE,"{""mapping_method"": ""exact_identifier_based"", ""resolution_status"": ""HIGH_EXACT"", ""match_score"": 100.0, ""source_dataset"": ""RxNorm"", ""provenance"": ""rxnorm_drug_enrichment.csv""}"
E_RXN_000393,DRUG_000409,RXCUI_42319,HAS_RXNORM_CONCEPT,RxNorm,RXN:DRUG_000409:42319,HIGH_EXACT,HIGH_AUTHORITATIVE,"{""mapping_method"": ""exact_identifier_based"", ""resolution_status"": ""HIGH_EXACT"", ""match_score"": 100.0, ""source_dataset"": ""RxNorm"", ""provenance"": ""rxnorm_drug_enrichment.csv""}"
E_RXN_000394,DRUG_000410,RXCUI_3355,HAS_RXNORM_CONCEPT,RxNorm,RXN:DRUG_000410:3355,HIGH_EXACT,HIGH_AUTHORITATIVE,"{""mapping_method"": ""exact_identifier_based"", ""resolution_status"": ""HIGH_EXACT"", ""match_score"": 100.0, ""source_dataset"": ""RxNorm"", ""provenance"": ""rxnorm_drug_enrichment.csv""}"
E_RXN_000395,DRUG_000411,RXCUI_50121,HAS_RXNORM_CONCEPT,RxNorm,RXN:DRUG_000411:50121,HIGH_EXACT,HIGH_AUTHORITATIVE,"{""mapping_method"": ""exact_identifier_based"", ""resolution_status"": ""HIGH_EXACT"", ""match_score"": 100.0, ""source_dataset"": ""RxNorm"", ""provenance"": ""rxnorm_drug_enrichment.csv""}"
E_RXN_000396,DRUG_000412,RXCUI_6446,HAS_RXNORM_CONCEPT,RxNorm,RXN:DRUG_000412:6446,HIGH_EXACT,HIGH_AUTHORITATIVE,"{""mapping_method"": ""exact_identifier_based"", ""resolution_status"": ""HIGH_EXACT"", ""match_score"": 100.0, ""source_dataset"": ""RxNorm"", ""provenance"": ""rxnorm_drug_enrichment.csv""}"
E_RXN_000397,DRUG_000413,RXCUI_49276,HAS_RXNORM_CONCEPT,RxNorm,RXN:DRUG_000413:49276,HIGH_EXACT,HIGH_AUTHORITATIVE,"{""mapping_method"": ""exact_identifier_based"", ""resolution_status"": ""HIGH_EXACT"", ""match_score"": 100.0, ""source_dataset"": ""RxNorm"", ""provenance"": ""rxnorm_drug_enrichment.csv""}"
E_RXN_000398,DRUG_000414,RXCUI_4461,HAS_RXNORM_CONCEPT,RxNorm,RXN:DRUG_000414:4461,HIGH_EXACT,HIGH_AUTHORITATIVE,"{""mapping_method"": ""exact_identifier_based"", ""resolution_status"": ""HIGH_EXACT"", ""match_score"": 100.0, ""source_dataset"": ""RxNorm"", ""provenance"": ""rxnorm_drug_enrichment.csv""}"
E_RXN_000399,DRUG_000415,RXCUI_8340,HAS_RXNORM_CONCEPT,RxNorm,RXN:DRUG_000415:8340,HIGH_EXACT,HIGH_AUTHORITATIVE,"{""mapping_method"": ""exact_identifier_based"", ""resolution_status"": ""HIGH_EXACT"", ""match_score"": 100.0, ""source_dataset"": ""RxNorm"", ""provenance"": ""rxnorm_drug_enrichment.csv""}"
E_RXN_000400,DRUG_000416,RXCUI_4135,HAS_RXNORM_CONCEPT,RxNorm,RXN:DRUG_000416:4135,HIGH_EXACT,HIGH_AUTHORITATIVE,"{""mapping_method"": ""exact_identifier_based"", ""resolution_status"": ""HIGH_EXACT"", ""match_score"": 100.0, ""source_dataset"": ""RxNorm"", ""provenance"": ""rxnorm_drug_enrichment.csv""}"
E_RXN_000401,DRUG_000417,RXCUI_644,HAS_RXNORM_CONCEPT,RxNorm,RXN:DRUG_000417:644,HIGH_EXACT,HIGH_AUTHORITATIVE,"{""mapping_method"": ""exact_identifier_based"", ""resolution_status"": ""HIGH_EXACT"", ""match_score"": 100.0, ""source_dataset"": ""RxNorm"", ""provenance"": ""rxnorm_drug_enrichment.csv""}"
E_RXN_000402,DRUG_000418,RXCUI_1545999,HAS_RXNORM_CONCEPT,RxNorm,RXN:DRUG_000418:1545999,HIGH_EXACT,HIGH_AUTHORITATIVE,"{""mapping_method"": ""exact_identifier_based"", ""resolution_status"": ""HIGH_EXACT"", ""match_score"": 100.0, ""source_dataset"": ""RxNorm"", ""provenance"": ""rxnorm_drug_enrichment.csv""}"
E_RXN_000403,DRUG_000419,RXCUI_41208,HAS_RXNORM_CONCEPT,RxNorm,RXN:DRUG_000419:41208,HIGH_EXACT,HIGH_AUTHORITATIVE,"{""mapping_method"": ""exact_identifier_based"", ""resolution_status"": ""HIGH_EXACT"", ""match_score"": 100.0, ""source_dataset"": ""RxNorm"", ""provenance"": ""rxnorm_drug_enrichment.csv""}"
E_RXN_000404,DRUG_000420,RXCUI_6185,HAS_RXNORM_CONCEPT,RxNorm,RXN:DRUG_000420:6185,HIGH_EXACT,HIGH_AUTHORITATIVE,"{""mapping_method"": ""exact_identifier_based"", ""resolution_status"": ""HIGH_EXACT"", ""match_score"": 100.0, ""source_dataset"": ""RxNorm"", ""provenance"": ""rxnorm_drug_enrichment.csv""}"
E_RXN_000405,DRUG_000421,RXCUI_10493,HAS_RXNORM_CONCEPT,RxNorm,RXN:DRUG_000421:10493,HIGH_EXACT,HIGH_AUTHORITATIVE,"{""mapping_method"": ""exact_identifier_based"", ""resolution_status"": ""HIGH_EXACT"", ""match_score"": 100.0, ""source_dataset"": ""RxNorm"", ""provenance"": ""rxnorm_drug_enrichment.csv""}"
E_RXN_000406,DRUG_000422,RXCUI_190376,HAS_RXNORM_CONCEPT,RxNorm,RXN:DRUG_000422:190376,HIGH_EXACT,HIGH_AUTHORITATIVE,"{""mapping_method"": ""exact_identifier_based"", ""resolution_status"": ""HIGH_EXACT"", ""match_score"": 100.0, ""source_dataset"": ""RxNorm"", ""provenance"": ""rxnorm_drug_enrichment.csv""}"
E_RXN_000407,DRUG_000423,RXCUI_6069,HAS_RXNORM_CONCEPT,RxNorm,RXN:DRUG_000423:6069,HIGH_EXACT,HIGH_AUTHORITATIVE,"{""mapping_method"": ""exact_identifier_based"", ""resolution_status"": ""HIGH_EXACT"", ""match_score"": 100.0, ""source_dataset"": ""RxNorm"", ""provenance"": ""rxnorm_drug_enrichment.csv""}"
E_RXN_000408,DRUG_000424,RXCUI_1000112,HAS_RXNORM_CONCEPT,RxNorm,RXN:DRUG_000424:1000112,HIGH_EXACT,HIGH_AUTHORITATIVE,"{""mapping_method"": ""exact_identifier_based"", ""resolution_status"": ""HIGH_EXACT"", ""match_score"": 100.0, ""source_dataset"": ""RxNorm"", ""provenance"": ""rxnorm_drug_enrichment.csv""}"
E_RXN_000409,DRUG_000425,RXCUI_35255,HAS_RXNORM_CONCEPT,RxNorm,RXN:DRUG_000425:35255,HIGH_EXACT,HIGH_AUTHORITATIVE,"{""mapping_method"": ""exact_identifier_based"", ""resolution_status"": ""HIGH_EXACT"", ""match_score"": 100.0, ""source_dataset"": ""RxNorm"", ""provenance"": ""rxnorm_drug_enrichment.csv""}"
E_RXN_000410,DRUG_000426,RXCUI_10237,HAS_RXNORM_CONCEPT,RxNorm,RXN:DRUG_000426:10237,HIGH_EXACT,HIGH_AUTHORITATIVE,"{""mapping_method"": ""exact_identifier_based"", ""resolution_status"": ""HIGH_EXACT"", ""match_score"": 100.0, ""source_dataset"": ""RxNorm"", ""provenance"": ""rxnorm_drug_enrichment.csv""}"
E_RXN_000411,DRUG_000427,RXCUI_22033,HAS_RXNORM_CONCEPT,RxNorm,RXN:DRUG_000427:22033,HIGH_EXACT,HIGH_AUTHORITATIVE,"{""mapping_method"": ""exact_identifier_based"", ""resolution_status"": ""HIGH_EXACT"", ""match_score"": 100.0, ""source_dataset"": ""RxNorm"", ""provenance"": ""rxnorm_drug_enrichment.csv""}"
E_RXN_000412,DRUG_000428,RXCUI_7233,HAS_RXNORM_CONCEPT,RxNorm,RXN:DRUG_000428:7233,HIGH_EXACT,HIGH_AUTHORITATIVE,"{""mapping_method"": ""exact_identifier_based"", ""resolution_status"": ""HIGH_EXACT"", ""match_score"": 100.0, ""source_dataset"": ""RxNorm"", ""provenance"": ""rxnorm_drug_enrichment.csv""}"
E_RXN_000413,DRUG_000429,RXCUI_2393,HAS_RXNORM_CONCEPT,RxNorm,RXN:DRUG_000429:2393,HIGH_EXACT,HIGH_AUTHORITATIVE,"{""mapping_method"": ""exact_identifier_based"", ""resolution_status"": ""HIGH_EXACT"", ""match_score"": 100.0, ""source_dataset"": ""RxNorm"", ""provenance"": ""rxnorm_drug_enrichment.csv""}"
E_RXN_000414,DRUG_000430,RXCUI_4127,HAS_RXNORM_CONCEPT,RxNorm,RXN:DRUG_000430:4127,HIGH_EXACT,HIGH_AUTHORITATIVE,"{""mapping_method"": ""exact_identifier_based"", ""resolution_status"": ""HIGH_EXACT"", ""match_score"": 100.0, ""source_dataset"": ""RxNorm"", ""provenance"": ""rxnorm_drug_enrichment.csv""}"
E_RXN_000415,DRUG_000431,RXCUI_6805,HAS_RXNORM_CONCEPT,RxNorm,RXN:DRUG_000431:6805,HIGH_EXACT,HIGH_AUTHORITATIVE,"{""mapping_method"": ""exact_identifier_based"", ""resolution_status"": ""HIGH_EXACT"", ""match_score"": 100.0, ""source_dataset"": ""RxNorm"", ""provenance"": ""rxnorm_drug_enrichment.csv""}"
E_RXN_000416,DRUG_000432,RXCUI_1841,HAS_RXNORM_CONCEPT,RxNorm,RXN:DRUG_000432:1841,HIGH_EXACT,HIGH_AUTHORITATIVE,"{""mapping_method"": ""exact_identifier_based"", ""resolution_status"": ""HIGH_EXACT"", ""match_score"": 100.0, ""source_dataset"": ""RxNorm"", ""provenance"": ""rxnorm_drug_enrichment.csv""}"
E_RXN_000417,DRUG_000433,RXCUI_19484,HAS_RXNORM_CONCEPT,RxNorm,RXN:DRUG_000433:19484,HIGH_EXACT,HIGH_AUTHORITATIVE,"{""mapping_method"": ""exact_identifier_based"", ""resolution_status"": ""HIGH_EXACT"", ""match_score"": 100.0, ""source_dataset"": ""RxNorm"", ""provenance"": ""rxnorm_drug_enrichment.csv""}"
E_RXN_000418,DRUG_000434,RXCUI_720,HAS_RXNORM_CONCEPT,RxNorm,RXN:DRUG_000434:720,HIGH_EXACT,HIGH_AUTHORITATIVE,"{""mapping_method"": ""exact_identifier_based"", ""resolution_status"": ""HIGH_EXACT"", ""match_score"": 100.0, ""source_dataset"": ""RxNorm"", ""provenance"": ""rxnorm_drug_enrichment.csv""}"
E_RXN_000419,DRUG_000435,RXCUI_4601,HAS_RXNORM_CONCEPT,RxNorm,RXN:DRUG_000435:4601,HIGH_EXACT,HIGH_AUTHORITATIVE,"{""mapping_method"": ""exact_identifier_based"", ""resolution_status"": ""HIGH_EXACT"", ""match_score"": 100.0, ""source_dataset"": ""RxNorm"", ""provenance"": ""rxnorm_drug_enrichment.csv""}"
E_RXN_000420,DRUG_000436,RXCUI_55672,HAS_RXNORM_CONCEPT,RxNorm,RXN:DRUG_000436:55672,HIGH_EXACT,HIGH_AUTHORITATIVE,"{""mapping_method"": ""exact_identifier_based"", ""resolution_status"": ""HIGH_EXACT"", ""match_score"": 100.0, ""source_dataset"": ""RxNorm"", ""provenance"": ""rxnorm_drug_enrichment.csv""}"
E_RXN_000421,DRUG_000437,RXCUI_32894,HAS_RXNORM_CONCEPT,RxNorm,RXN:DRUG_000437:32894,HIGH_EXACT,HIGH_AUTHORITATIVE,"{""mapping_method"": ""exact_identifier_based"", ""resolution_status"": ""HIGH_EXACT"", ""match_score"": 100.0, ""source_dataset"": ""RxNorm"", ""provenance"": ""rxnorm_drug_enrichment.csv""}"
E_RXN_000422,DRUG_000438,RXCUI_3154,HAS_RXNORM_CONCEPT,RxNorm,RXN:DRUG_000438:3154,HIGH_EXACT,HIGH_AUTHORITATIVE,"{""mapping_method"": ""exact_identifier_based"", ""resolution_status"": ""HIGH_EXACT"", ""match_score"": 100.0, ""source_dataset"": ""RxNorm"", ""provenance"": ""rxnorm_drug_enrichment.csv""}"
E_RXN_000423,DRUG_000439,RXCUI_282388,HAS_RXNORM_CONCEPT,RxNorm,RXN:DRUG_000439:282388,HIGH_EXACT,HIGH_AUTHORITATIVE,"{""mapping_method"": ""exact_identifier_based"", ""resolution_status"": ""HIGH_EXACT"", ""match_score"": 100.0, ""source_dataset"": ""RxNorm"", ""provenance"": ""rxnorm_drug_enrichment.csv""}"
E_RXN_000424,DRUG_000440,RXCUI_10759,HAS_RXNORM_CONCEPT,RxNorm,RXN:DRUG_000440:10759,HIGH_EXACT,HIGH_AUTHORITATIVE,"{""mapping_method"": ""exact_identifier_based"", ""resolution_status"": ""HIGH_EXACT"", ""match_score"": 100.0, ""source_dataset"": ""RxNorm"", ""provenance"": ""rxnorm_drug_enrichment.csv""}"
E_RXN_000425,DRUG_000441,RXCUI_7779,HAS_RXNORM_CONCEPT,RxNorm,RXN:DRUG_000441:7779,HIGH_EXACT,HIGH_AUTHORITATIVE,"{""mapping_method"": ""exact_identifier_based"", ""resolution_status"": ""HIGH_EXACT"", ""match_score"": 100.0, ""source_dataset"": ""RxNorm"", ""provenance"": ""rxnorm_drug_enrichment.csv""}"
E_RXN_000426,DRUG_000442,RXCUI_7396,HAS_RXNORM_CONCEPT,RxNorm,RXN:DRUG_000442:7396,HIGH_EXACT,HIGH_AUTHORITATIVE,"{""mapping_method"": ""exact_identifier_based"", ""resolution_status"": ""HIGH_EXACT"", ""match_score"": 100.0, ""source_dataset"": ""RxNorm"", ""provenance"": ""rxnorm_drug_enrichment.csv""}"
E_RXN_000427,DRUG_000443,RXCUI_4496,HAS_RXNORM_CONCEPT,RxNorm,RXN:DRUG_000443:4496,HIGH_EXACT,HIGH_AUTHORITATIVE,"{""mapping_method"": ""exact_identifier_based"", ""resolution_status"": ""HIGH_EXACT"", ""match_score"": 100.0, ""source_dataset"": ""RxNorm"", ""provenance"": ""rxnorm_drug_enrichment.csv""}"
E_RXN_000428,DRUG_000444,RXCUI_10379,HAS_RXNORM_CONCEPT,RxNorm,RXN:DRUG_000444:10379,HIGH_EXACT,HIGH_AUTHORITATIVE,"{""mapping_method"": ""exact_identifier_based"", ""resolution_status"": ""HIGH_EXACT"", ""match_score"": 100.0, ""source_dataset"": ""RxNorm"", ""provenance"": ""rxnorm_drug_enrichment.csv""}"
E_RXN_000429,DRUG_000445,RXCUI_195085,HAS_RXNORM_CONCEPT,RxNorm,RXN:DRUG_000445:195085,HIGH_EXACT,HIGH_AUTHORITATIVE,"{""mapping_method"": ""exact_identifier_based"", ""resolution_status"": ""HIGH_EXACT"", ""match_score"": 100.0, ""source_dataset"": ""RxNorm"", ""provenance"": ""rxnorm_drug_enrichment.csv""}"
E_RXN_000430,DRUG_000446,RXCUI_1291,HAS_RXNORM_CONCEPT,RxNorm,RXN:DRUG_000446:1291,HIGH_EXACT,HIGH_AUTHORITATIVE,"{""mapping_method"": ""exact_identifier_based"", ""resolution_status"": ""HIGH_EXACT"", ""match_score"": 100.0, ""source_dataset"": ""RxNorm"", ""provenance"": ""rxnorm_drug_enrichment.csv""}"
E_RXN_000431,DRUG_000447,RXCUI_7393,HAS_RXNORM_CONCEPT,RxNorm,RXN:DRUG_000447:7393,HIGH_EXACT,HIGH_AUTHORITATIVE,"{""mapping_method"": ""exact_identifier_based"", ""resolution_status"": ""HIGH_EXACT"", ""match_score"": 100.0, ""source_dataset"": ""RxNorm"", ""provenance"": ""rxnorm_drug_enrichment.csv""}"
E_RXN_000432,DRUG_000448,RXCUI_2353,HAS_RXNORM_CONCEPT,RxNorm,RXN:DRUG_000448:2353,HIGH_EXACT,HIGH_AUTHORITATIVE,"{""mapping_method"": ""exact_identifier_based"", ""resolution_status"": ""HIGH_EXACT"", ""match_score"": 100.0, ""source_dataset"": ""RxNorm"", ""provenance"": ""rxnorm_drug_enrichment.csv""}"
E_RXN_000433,DRUG_000449,RXCUI_5033,HAS_RXNORM_CONCEPT,RxNorm,RXN:DRUG_000449:5033,HIGH_EXACT,HIGH_AUTHORITATIVE,"{""mapping_method"": ""exact_identifier_based"", ""resolution_status"": ""HIGH_EXACT"", ""match_score"": 100.0, ""source_dataset"": ""RxNorm"", ""provenance"": ""rxnorm_drug_enrichment.csv""}"
E_RXN_000434,DRUG_000450,RXCUI_236083,HAS_RXNORM_CONCEPT,RxNorm,RXN:DRUG_000450:236083,HIGH_EXACT,HIGH_AUTHORITATIVE,"{""mapping_method"": ""exact_identifier_based"", ""resolution_status"": ""HIGH_EXACT"", ""match_score"": 100.0, ""source_dataset"": ""RxNorm"", ""provenance"": ""rxnorm_drug_enrichment.csv""}"
E_RXN_000435,DRUG_000451,RXCUI_44151,HAS_RXNORM_CONCEPT,RxNorm,RXN:DRUG_000451:44151,HIGH_EXACT,HIGH_AUTHORITATIVE,"{""mapping_method"": ""exact_identifier_based"", ""resolution_status"": ""HIGH_EXACT"", ""match_score"": 100.0, ""source_dataset"": ""RxNorm"", ""provenance"": ""rxnorm_drug_enrichment.csv""}"
E_RXN_000436,DRUG_000452,RXCUI_48937,HAS_RXNORM_CONCEPT,RxNorm,RXN:DRUG_000452:48937,HIGH_EXACT,HIGH_AUTHORITATIVE,"{""mapping_method"": ""exact_identifier_based"", ""resolution_status"": ""HIGH_EXACT"", ""match_score"": 100.0, ""source_dataset"": ""RxNorm"", ""provenance"": ""rxnorm_drug_enrichment.csv""}"
E_RXN_000437,DRUG_000453,RXCUI_10169,HAS_RXNORM_CONCEPT,RxNorm,RXN:DRUG_000453:10169,HIGH_EXACT,HIGH_AUTHORITATIVE,"{""mapping_method"": ""exact_identifier_based"", ""resolution_status"": ""HIGH_EXACT"", ""match_score"": 100.0, ""source_dataset"": ""RxNorm"", ""provenance"": ""rxnorm_drug_enrichment.csv""}"
E_RXN_000438,DRUG_000454,RXCUI_8640,HAS_RXNORM_CONCEPT,RxNorm,RXN:DRUG_000454:8640,HIGH_EXACT,HIGH_AUTHORITATIVE,"{""mapping_method"": ""exact_identifier_based"", ""resolution_status"": ""HIGH_EXACT"", ""match_score"": 100.0, ""source_dataset"": ""RxNorm"", ""provenance"": ""rxnorm_drug_enrichment.csv""}"
E_RXN_000439,DRUG_000455,RXCUI_2594,HAS_RXNORM_CONCEPT,RxNorm,RXN:DRUG_000455:2594,HIGH_EXACT,HIGH_AUTHORITATIVE,"{""mapping_method"": ""exact_identifier_based"", ""resolution_status"": ""HIGH_EXACT"", ""match_score"": 100.0, ""source_dataset"": ""RxNorm"", ""provenance"": ""rxnorm_drug_enrichment.csv""}"
E_RXN_000440,DRUG_000456,RXCUI_42328,HAS_RXNORM_CONCEPT,RxNorm,RXN:DRUG_000456:42328,HIGH_EXACT,HIGH_AUTHORITATIVE,"{""mapping_method"": ""exact_identifier_based"", ""resolution_status"": ""HIGH_EXACT"", ""match_score"": 100.0, ""source_dataset"": ""RxNorm"", ""provenance"": ""rxnorm_drug_enrichment.csv""}"
E_RXN_000441,DRUG_000457,RXCUI_19884,HAS_RXNORM_CONCEPT,RxNorm,RXN:DRUG_000457:19884,HIGH_EXACT,HIGH_AUTHORITATIVE,"{""mapping_method"": ""exact_identifier_based"", ""resolution_status"": ""HIGH_EXACT"", ""match_score"": 100.0, ""source_dataset"": ""RxNorm"", ""provenance"": ""rxnorm_drug_enrichment.csv""}"
E_RXN_000442,DRUG_000458,RXCUI_296,HAS_RXNORM_CONCEPT,RxNorm,RXN:DRUG_000458:296,HIGH_EXACT,HIGH_AUTHORITATIVE,"{""mapping_method"": ""exact_identifier_based"", ""resolution_status"": ""HIGH_EXACT"", ""match_score"": 100.0, ""source_dataset"": ""RxNorm"", ""provenance"": ""rxnorm_drug_enrichment.csv""}"
E_RXN_000443,DRUG_000459,RXCUI_36567,HAS_RXNORM_CONCEPT,RxNorm,RXN:DRUG_000459:36567,HIGH_EXACT,HIGH_AUTHORITATIVE,"{""mapping_method"": ""exact_identifier_based"", ""resolution_status"": ""HIGH_EXACT"", ""match_score"": 100.0, ""source_dataset"": ""RxNorm"", ""provenance"": ""rxnorm_drug_enrichment.csv""}"
E_RXN_000444,DRUG_000460,RXCUI_68446,HAS_RXNORM_CONCEPT,RxNorm,RXN:DRUG_000460:68446,HIGH_EXACT,HIGH_AUTHORITATIVE,"{""mapping_method"": ""exact_identifier_based"", ""resolution_status"": ""HIGH_EXACT"", ""match_score"": 100.0, ""source_dataset"": ""RxNorm"", ""provenance"": ""rxnorm_drug_enrichment.csv""}"
E_RXN_000445,DRUG_000461,RXCUI_6672,HAS_RXNORM_CONCEPT,RxNorm,RXN:DRUG_000461:6672,HIGH_EXACT,HIGH_AUTHORITATIVE,"{""mapping_method"": ""exact_identifier_based"", ""resolution_status"": ""HIGH_EXACT"", ""match_score"": 100.0, ""source_dataset"": ""RxNorm"", ""provenance"": ""rxnorm_drug_enrichment.csv""}"
E_RXN_000446,DRUG_000462,RXCUI_23744,HAS_RXNORM_CONCEPT,RxNorm,RXN:DRUG_000462:23744,HIGH_EXACT,HIGH_AUTHORITATIVE,"{""mapping_method"": ""exact_identifier_based"", ""resolution_status"": ""HIGH_EXACT"", ""match_score"": 100.0, ""source_dataset"": ""RxNorm"", ""provenance"": ""rxnorm_drug_enrichment.csv""}"
E_RXN_000447,DRUG_000463,RXCUI_7597,HAS_RXNORM_CONCEPT,RxNorm,RXN:DRUG_000463:7597,HIGH_EXACT,HIGH_AUTHORITATIVE,"{""mapping_method"": ""exact_identifier_based"", ""resolution_status"": ""HIGH_EXACT"", ""match_score"": 100.0, ""source_dataset"": ""RxNorm"", ""provenance"": ""rxnorm_drug_enrichment.csv""}"
E_RXN_000448,DRUG_000464,RXCUI_8785,HAS_RXNORM_CONCEPT,RxNorm,RXN:DRUG_000464:8785,HIGH_EXACT,HIGH_AUTHORITATIVE,"{""mapping_method"": ""exact_identifier_based"", ""resolution_status"": ""HIGH_EXACT"", ""match_score"": 100.0, ""source_dataset"": ""RxNorm"", ""provenance"": ""rxnorm_drug_enrichment.csv""}"
E_RXN_000449,DRUG_000465,RXCUI_7004,HAS_RXNORM_CONCEPT,RxNorm,RXN:DRUG_000465:7004,HIGH_EXACT,HIGH_AUTHORITATIVE,"{""mapping_method"": ""exact_identifier_based"", ""resolution_status"": ""HIGH_EXACT"", ""match_score"": 100.0, ""source_dataset"": ""RxNorm"", ""provenance"": ""rxnorm_drug_enrichment.csv""}"
E_RXN_000450,DRUG_000466,RXCUI_59763,HAS_RXNORM_CONCEPT,RxNorm,RXN:DRUG_000466:59763,HIGH_EXACT,HIGH_AUTHORITATIVE,"{""mapping_method"": ""exact_identifier_based"", ""resolution_status"": ""HIGH_EXACT"", ""match_score"": 100.0, ""source_dataset"": ""RxNorm"", ""provenance"": ""rxnorm_drug_enrichment.csv""}"
E_RXN_000451,DRUG_000467,RXCUI_6313,HAS_RXNORM_CONCEPT,RxNorm,RXN:DRUG_000467:6313,HIGH_EXACT,HIGH_AUTHORITATIVE,"{""mapping_method"": ""exact_identifier_based"", ""resolution_status"": ""HIGH_EXACT"", ""match_score"": 100.0, ""source_dataset"": ""RxNorm"", ""provenance"": ""rxnorm_drug_enrichment.csv""}"
E_RXN_000452,DRUG_000468,RXCUI_3714,HAS_RXNORM_CONCEPT,RxNorm,RXN:DRUG_000468:3714,HIGH_EXACT,HIGH_AUTHORITATIVE,"{""mapping_method"": ""exact_identifier_based"", ""resolution_status"": ""HIGH_EXACT"", ""match_score"": 100.0, ""source_dataset"": ""RxNorm"", ""provenance"": ""rxnorm_drug_enrichment.csv""}"
E_RXN_000453,DRUG_000469,RXCUI_8001,HAS_RXNORM_CONCEPT,RxNorm,RXN:DRUG_000469:8001,HIGH_EXACT,HIGH_AUTHORITATIVE,"{""mapping_method"": ""exact_identifier_based"", ""resolution_status"": ""HIGH_EXACT"", ""match_score"": 100.0, ""source_dataset"": ""RxNorm"", ""provenance"": ""rxnorm_drug_enrichment.csv""}"
E_RXN_000454,DRUG_000470,RXCUI_1311625,HAS_RXNORM_CONCEPT,RxNorm,RXN:DRUG_000470:1311625,HIGH_EXACT,HIGH_AUTHORITATIVE,"{""mapping_method"": ""exact_identifier_based"", ""resolution_status"": ""HIGH_EXACT"", ""match_score"": 100.0, ""source_dataset"": ""RxNorm"", ""provenance"": ""rxnorm_drug_enrichment.csv""}"
E_RXN_000455,DRUG_000471,RXCUI_43611,HAS_RXNORM_CONCEPT,RxNorm,RXN:DRUG_000471:43611,HIGH_EXACT,HIGH_AUTHORITATIVE,"{""mapping_method"": ""exact_identifier_based"", ""resolution_status"": ""HIGH_EXACT"", ""match_score"": 100.0, ""source_dataset"": ""RxNorm"", ""provenance"": ""rxnorm_drug_enrichment.csv""}"
E_RXN_000456,DRUG_000472,RXCUI_4103,HAS_RXNORM_CONCEPT,RxNorm,RXN:DRUG_000472:4103,HIGH_EXACT,HIGH_AUTHORITATIVE,"{""mapping_method"": ""exact_identifier_based"", ""resolution_status"": ""HIGH_EXACT"", ""match_score"": 100.0, ""source_dataset"": ""RxNorm"", ""provenance"": ""rxnorm_drug_enrichment.csv""}"
E_RXN_000457,DRUG_000473,RXCUI_10737,HAS_RXNORM_CONCEPT,RxNorm,RXN:DRUG_000473:10737,HIGH_EXACT,HIGH_AUTHORITATIVE,"{""mapping_method"": ""exact_identifier_based"", ""resolution_status"": ""HIGH_EXACT"", ""match_score"": 100.0, ""source_dataset"": ""RxNorm"", ""provenance"": ""rxnorm_drug_enrichment.csv""}"
E_RXN_000458,DRUG_000474,RXCUI_6673,HAS_RXNORM_CONCEPT,RxNorm,RXN:DRUG_000474:6673,HIGH_EXACT,HIGH_AUTHORITATIVE,"{""mapping_method"": ""exact_identifier_based"", ""resolution_status"": ""HIGH_EXACT"", ""match_score"": 100.0, ""source_dataset"": ""RxNorm"", ""provenance"": ""rxnorm_drug_enrichment.csv""}"
E_RXN_000459,DRUG_000475,RXCUI_214824,HAS_RXNORM_CONCEPT,RxNorm,RXN:DRUG_000475:214824,HIGH_EXACT,HIGH_AUTHORITATIVE,"{""mapping_method"": ""exact_identifier_based"", ""resolution_status"": ""HIGH_EXACT"", ""match_score"": 100.0, ""source_dataset"": ""RxNorm"", ""provenance"": ""rxnorm_drug_enrichment.csv""}"
E_RXN_000460,DRUG_000476,RXCUI_59078,HAS_RXNORM_CONCEPT,RxNorm,RXN:DRUG_000476:59078,HIGH_EXACT,HIGH_AUTHORITATIVE,"{""mapping_method"": ""exact_identifier_based"", ""resolution_status"": ""HIGH_EXACT"", ""match_score"": 100.0, ""source_dataset"": ""RxNorm"", ""provenance"": ""rxnorm_drug_enrichment.csv""}"
E_RXN_000461,DRUG_000477,RXCUI_11170,HAS_RXNORM_CONCEPT,RxNorm,RXN:DRUG_000477:11170,HIGH_EXACT,HIGH_AUTHORITATIVE,"{""mapping_method"": ""exact_identifier_based"", ""resolution_status"": ""HIGH_EXACT"", ""match_score"": 100.0, ""source_dataset"": ""RxNorm"", ""provenance"": ""rxnorm_drug_enrichment.csv""}"
E_RXN_000462,DRUG_000478,RXCUI_38685,HAS_RXNORM_CONCEPT,RxNorm,RXN:DRUG_000478:38685,HIGH_EXACT,HIGH_AUTHORITATIVE,"{""mapping_method"": ""exact_identifier_based"", ""resolution_status"": ""HIGH_EXACT"", ""match_score"": 100.0, ""source_dataset"": ""RxNorm"", ""provenance"": ""rxnorm_drug_enrichment.csv""}"
E_RXN_000463,DRUG_000479,RXCUI_4458,HAS_RXNORM_CONCEPT,RxNorm,RXN:DRUG_000479:4458,HIGH_EXACT,HIGH_AUTHORITATIVE,"{""mapping_method"": ""exact_identifier_based"", ""resolution_status"": ""HIGH_EXACT"", ""match_score"": 100.0, ""source_dataset"": ""RxNorm"", ""provenance"": ""rxnorm_drug_enrichment.csv""}"
E_RXN_000464,DRUG_000480,RXCUI_10175,HAS_RXNORM_CONCEPT,RxNorm,RXN:DRUG_000480:10175,HIGH_EXACT,HIGH_AUTHORITATIVE,"{""mapping_method"": ""exact_identifier_based"", ""resolution_status"": ""HIGH_EXACT"", ""match_score"": 100.0, ""source_dataset"": ""RxNorm"", ""provenance"": ""rxnorm_drug_enrichment.csv""}"
E_RXN_000465,DRUG_000481,RXCUI_31805,HAS_RXNORM_CONCEPT,RxNorm,RXN:DRUG_000481:31805,HIGH_EXACT,HIGH_AUTHORITATIVE,"{""mapping_method"": ""exact_identifier_based"", ""resolution_status"": ""HIGH_EXACT"", ""match_score"": 100.0, ""source_dataset"": ""RxNorm"", ""provenance"": ""rxnorm_drug_enrichment.csv""}"
E_RXN_000466,DRUG_000482,RXCUI_28656,HAS_RXNORM_CONCEPT,RxNorm,RXN:DRUG_000482:28656,HIGH_EXACT,HIGH_AUTHORITATIVE,"{""mapping_method"": ""exact_identifier_based"", ""resolution_status"": ""HIGH_EXACT"", ""match_score"": 100.0, ""source_dataset"": ""RxNorm"", ""provenance"": ""rxnorm_drug_enrichment.csv""}"
E_RXN_000467,DRUG_000483,RXCUI_3992,HAS_RXNORM_CONCEPT,RxNorm,RXN:DRUG_000483:3992,HIGH_EXACT,HIGH_AUTHORITATIVE,"{""mapping_method"": ""exact_identifier_based"", ""resolution_status"": ""HIGH_EXACT"", ""match_score"": 100.0, ""source_dataset"": ""RxNorm"", ""provenance"": ""rxnorm_drug_enrichment.csv""}"
E_RXN_000468,DRUG_000484,RXCUI_37418,HAS_RXNORM_CONCEPT,RxNorm,RXN:DRUG_000484:37418,HIGH_EXACT,HIGH_AUTHORITATIVE,"{""mapping_method"": ""exact_identifier_based"", ""resolution_status"": ""HIGH_EXACT"", ""match_score"": 100.0, ""source_dataset"": ""RxNorm"", ""provenance"": ""rxnorm_drug_enrichment.csv""}"
E_RXN_000469,DRUG_000485,RXCUI_8352,HAS_RXNORM_CONCEPT,RxNorm,RXN:DRUG_000485:8352,HIGH_EXACT,HIGH_AUTHORITATIVE,"{""mapping_method"": ""exact_identifier_based"", ""resolution_status"": ""HIGH_EXACT"", ""match_score"": 100.0, ""source_dataset"": ""RxNorm"", ""provenance"": ""rxnorm_drug_enrichment.csv""}"
E_RXN_000470,DRUG_000486,RXCUI_1546021,HAS_RXNORM_CONCEPT,RxNorm,RXN:DRUG_000486:1546021,HIGH_EXACT,HIGH_AUTHORITATIVE,"{""mapping_method"": ""exact_identifier_based"", ""resolution_status"": ""HIGH_EXACT"", ""match_score"": 100.0, ""source_dataset"": ""RxNorm"", ""provenance"": ""rxnorm_drug_enrichment.csv""}"
E_RXN_000471,DRUG_000487,RXCUI_2404,HAS_RXNORM_CONCEPT,RxNorm,RXN:DRUG_000487:2404,HIGH_EXACT,HIGH_AUTHORITATIVE,"{""mapping_method"": ""exact_identifier_based"", ""resolution_status"": ""HIGH_EXACT"", ""match_score"": 100.0, ""source_dataset"": ""RxNorm"", ""provenance"": ""rxnorm_drug_enrichment.csv""}"
E_RXN_000472,DRUG_000488,RXCUI_358255,HAS_RXNORM_CONCEPT,RxNorm,RXN:DRUG_000488:358255,HIGH_EXACT,HIGH_AUTHORITATIVE,"{""mapping_method"": ""exact_identifier_based"", ""resolution_status"": ""HIGH_EXACT"", ""match_score"": 100.0, ""source_dataset"": ""RxNorm"", ""provenance"": ""rxnorm_drug_enrichment.csv""}"
E_RXN_000473,DRUG_000489,RXCUI_4637,HAS_RXNORM_CONCEPT,RxNorm,RXN:DRUG_000489:4637,HIGH_EXACT,HIGH_AUTHORITATIVE,"{""mapping_method"": ""exact_identifier_based"", ""resolution_status"": ""HIGH_EXACT"", ""match_score"": 100.0, ""source_dataset"": ""RxNorm"", ""provenance"": ""rxnorm_drug_enrichment.csv""}"
E_RXN_000474,DRUG_000490,RXCUI_10324,HAS_RXNORM_CONCEPT,RxNorm,RXN:DRUG_000490:10324,HIGH_EXACT,HIGH_AUTHORITATIVE,"{""mapping_method"": ""exact_identifier_based"", ""resolution_status"": ""HIGH_EXACT"", ""match_score"": 100.0, ""source_dataset"": ""RxNorm"", ""provenance"": ""rxnorm_drug_enrichment.csv""}"
E_RXN_000475,DRUG_000491,RXCUI_6027,HAS_RXNORM_CONCEPT,RxNorm,RXN:DRUG_000491:6027,HIGH_EXACT,HIGH_AUTHORITATIVE,"{""mapping_method"": ""exact_identifier_based"", ""resolution_status"": ""HIGH_EXACT"", ""match_score"": 100.0, ""source_dataset"": ""RxNorm"", ""provenance"": ""rxnorm_drug_enrichment.csv""}"
E_RXN_000476,DRUG_000492,RXCUI_52175,HAS_RXNORM_CONCEPT,RxNorm,RXN:DRUG_000492:52175,HIGH_EXACT,HIGH_AUTHORITATIVE,"{""mapping_method"": ""exact_identifier_based"", ""resolution_status"": ""HIGH_EXACT"", ""match_score"": 100.0, ""source_dataset"": ""RxNorm"", ""provenance"": ""rxnorm_drug_enrichment.csv""}"
E_RXN_000477,DRUG_000493,RXCUI_10502,HAS_RXNORM_CONCEPT,RxNorm,RXN:DRUG_000493:10502,HIGH_EXACT,HIGH_AUTHORITATIVE,"{""mapping_method"": ""exact_identifier_based"", ""resolution_status"": ""HIGH_EXACT"", ""match_score"": 100.0, ""source_dataset"": ""RxNorm"", ""provenance"": ""rxnorm_drug_enrichment.csv""}"
E_RXN_000478,DRUG_000494,RXCUI_40169,HAS_RXNORM_CONCEPT,RxNorm,RXN:DRUG_000494:40169,HIGH_EXACT,HIGH_AUTHORITATIVE,"{""mapping_method"": ""exact_identifier_based"", ""resolution_status"": ""HIGH_EXACT"", ""match_score"": 100.0, ""source_dataset"": ""RxNorm"", ""provenance"": ""rxnorm_drug_enrichment.csv""}"
E_RXN_000479,DRUG_000495,RXCUI_236594,HAS_RXNORM_CONCEPT,RxNorm,RXN:DRUG_000495:236594,HIGH_EXACT,HIGH_AUTHORITATIVE,"{""mapping_method"": ""exact_identifier_based"", ""resolution_status"": ""HIGH_EXACT"", ""match_score"": 100.0, ""source_dataset"": ""RxNorm"", ""provenance"": ""rxnorm_drug_enrichment.csv""}"
E_RXN_000480,DRUG_000496,RXCUI_11289,HAS_RXNORM_CONCEPT,RxNorm,RXN:DRUG_000496:11289,HIGH_EXACT,HIGH_AUTHORITATIVE,"{""mapping_method"": ""exact_identifier_based"", ""resolution_status"": ""HIGH_EXACT"", ""match_score"": 100.0, ""source_dataset"": ""RxNorm"", ""provenance"": ""rxnorm_drug_enrichment.csv""}"
E_RXN_000481,DRUG_000497,RXCUI_6960,HAS_RXNORM_CONCEPT,RxNorm,RXN:DRUG_000497:6960,HIGH_EXACT,HIGH_AUTHORITATIVE,"{""mapping_method"": ""exact_identifier_based"", ""resolution_status"": ""HIGH_EXACT"", ""match_score"": 100.0, ""source_dataset"": ""RxNorm"", ""provenance"": ""rxnorm_drug_enrichment.csv""}"
E_RXN_000482,DRUG_000498,RXCUI_10627,HAS_RXNORM_CONCEPT,RxNorm,RXN:DRUG_000498:10627,HIGH_EXACT,HIGH_AUTHORITATIVE,"{""mapping_method"": ""exact_identifier_based"", ""resolution_status"": ""HIGH_EXACT"", ""match_score"": 100.0, ""source_dataset"": ""RxNorm"", ""provenance"": ""rxnorm_drug_enrichment.csv""}"
E_RXN_000483,DRUG_000499,RXCUI_115552,HAS_RXNORM_CONCEPT,RxNorm,RXN:DRUG_000499:115552,HIGH_EXACT,HIGH_AUTHORITATIVE,"{""mapping_method"": ""exact_identifier_based"", ""resolution_status"": ""HIGH_EXACT"", ""match_score"": 100.0, ""source_dataset"": ""RxNorm"", ""provenance"": ""rxnorm_drug_enrichment.csv""}"
E_RXN_000484,DRUG_000500,RXCUI_155046,HAS_RXNORM_CONCEPT,RxNorm,RXN:DRUG_000500:155046,HIGH_EXACT,HIGH_AUTHORITATIVE,"{""mapping_method"": ""exact_identifier_based"", ""resolution_status"": ""HIGH_EXACT"", ""match_score"": 100.0, ""source_dataset"": ""RxNorm"", ""provenance"": ""rxnorm_drug_enrichment.csv""}"
E_RXN_000485,DRUG_000501,RXCUI_4452,HAS_RXNORM_CONCEPT,RxNorm,RXN:DRUG_000501:4452,HIGH_EXACT,HIGH_AUTHORITATIVE,"{""mapping_method"": ""exact_identifier_based"", ""resolution_status"": ""HIGH_EXACT"", ""match_score"": 100.0, ""source_dataset"": ""RxNorm"", ""provenance"": ""rxnorm_drug_enrichment.csv""}"
E_RXN_000486,DRUG_000502,RXCUI_68149,HAS_RXNORM_CONCEPT,RxNorm,RXN:DRUG_000502:68149,HIGH_EXACT,HIGH_AUTHORITATIVE,"{""mapping_method"": ""exact_identifier_based"", ""resolution_status"": ""HIGH_EXACT"", ""match_score"": 100.0, ""source_dataset"": ""RxNorm"", ""provenance"": ""rxnorm_drug_enrichment.csv""}"
E_RXN_000487,DRUG_000504,RXCUI_4501,HAS_RXNORM_CONCEPT,RxNorm,RXN:DRUG_000504:4501,HIGH_EXACT,HIGH_AUTHORITATIVE,"{""mapping_method"": ""exact_identifier_based"", ""resolution_status"": ""HIGH_EXACT"", ""match_score"": 100.0, ""source_dataset"": ""RxNorm"", ""provenance"": ""rxnorm_drug_enrichment.csv""}"
E_RXN_000488,DRUG_000505,RXCUI_30131,HAS_RXNORM_CONCEPT,RxNorm,RXN:DRUG_000505:30131,HIGH_EXACT,HIGH_AUTHORITATIVE,"{""mapping_method"": ""exact_identifier_based"", ""resolution_status"": ""HIGH_EXACT"", ""match_score"": 100.0, ""source_dataset"": ""RxNorm"", ""provenance"": ""rxnorm_drug_enrichment.csv""}"
E_RXN_000489,DRUG_000506,RXCUI_8153,HAS_RXNORM_CONCEPT,RxNorm,RXN:DRUG_000506:8153,HIGH_EXACT,HIGH_AUTHORITATIVE,"{""mapping_method"": ""exact_identifier_based"", ""resolution_status"": ""HIGH_EXACT"", ""match_score"": 100.0, ""source_dataset"": ""RxNorm"", ""provenance"": ""rxnorm_drug_enrichment.csv""}"
E_RXN_000490,DRUG_000507,RXCUI_214468,HAS_RXNORM_CONCEPT,RxNorm,RXN:DRUG_000507:214468,HIGH_EXACT,HIGH_AUTHORITATIVE,"{""mapping_method"": ""exact_identifier_based"", ""resolution_status"": ""HIGH_EXACT"", ""match_score"": 100.0, ""source_dataset"": ""RxNorm"", ""provenance"": ""rxnorm_drug_enrichment.csv""}"
E_RXN_000491,DRUG_000508,RXCUI_4603,HAS_RXNORM_CONCEPT,RxNorm,RXN:DRUG_000508:4603,HIGH_EXACT,HIGH_AUTHORITATIVE,"{""mapping_method"": ""exact_identifier_based"", ""resolution_status"": ""HIGH_EXACT"", ""match_score"": 100.0, ""source_dataset"": ""RxNorm"", ""provenance"": ""rxnorm_drug_enrichment.csv""}"
E_RXN_000492,DRUG_000509,RXCUI_4025,HAS_RXNORM_CONCEPT,RxNorm,RXN:DRUG_000509:4025,HIGH_EXACT,HIGH_AUTHORITATIVE,"{""mapping_method"": ""exact_identifier_based"", ""resolution_status"": ""HIGH_EXACT"", ""match_score"": 100.0, ""source_dataset"": ""RxNorm"", ""provenance"": ""rxnorm_drug_enrichment.csv""}"
E_RXN_000493,DRUG_000510,RXCUI_57258,HAS_RXNORM_CONCEPT,RxNorm,RXN:DRUG_000510:57258,HIGH_EXACT,HIGH_AUTHORITATIVE,"{""mapping_method"": ""exact_identifier_based"", ""resolution_status"": ""HIGH_EXACT"", ""match_score"": 100.0, ""source_dataset"": ""RxNorm"", ""provenance"": ""rxnorm_drug_enrichment.csv""}"
E_RXN_000494,DRUG_000511,RXCUI_235559,HAS_RXNORM_CONCEPT,RxNorm,RXN:DRUG_000511:235559,HIGH_EXACT,HIGH_AUTHORITATIVE,"{""mapping_method"": ""exact_identifier_based"", ""resolution_status"": ""HIGH_EXACT"", ""match_score"": 100.0, ""source_dataset"": ""RxNorm"", ""provenance"": ""rxnorm_drug_enrichment.csv""}"
E_RXN_000495,DRUG_000512,RXCUI_7398,HAS_RXNORM_CONCEPT,RxNorm,RXN:DRUG_000512:7398,HIGH_EXACT,HIGH_AUTHORITATIVE,"{""mapping_method"": ""exact_identifier_based"", ""resolution_status"": ""HIGH_EXACT"", ""match_score"": 100.0, ""source_dataset"": ""RxNorm"", ""provenance"": ""rxnorm_drug_enrichment.csv""}"
E_RXN_000496,DRUG_000513,RXCUI_298869,HAS_RXNORM_CONCEPT,RxNorm,RXN:DRUG_000513:298869,HIGH_EXACT,HIGH_AUTHORITATIVE,"{""mapping_method"": ""exact_identifier_based"", ""resolution_status"": ""HIGH_EXACT"", ""match_score"": 100.0, ""source_dataset"": ""RxNorm"", ""provenance"": ""rxnorm_drug_enrichment.csv""}"
E_RXN_000497,DRUG_000514,RXCUI_228656,HAS_RXNORM_CONCEPT,RxNorm,RXN:DRUG_000514:228656,HIGH_EXACT,HIGH_AUTHORITATIVE,"{""mapping_method"": ""exact_identifier_based"", ""resolution_status"": ""HIGH_EXACT"", ""match_score"": 100.0, ""source_dataset"": ""RxNorm"", ""provenance"": ""rxnorm_drug_enrichment.csv""}"
E_RXN_000498,DRUG_000515,RXCUI_6826,HAS_RXNORM_CONCEPT,RxNorm,RXN:DRUG_000515:6826,HIGH_EXACT,HIGH_AUTHORITATIVE,"{""mapping_method"": ""exact_identifier_based"", ""resolution_status"": ""HIGH_EXACT"", ""match_score"": 100.0, ""source_dataset"": ""RxNorm"", ""provenance"": ""rxnorm_drug_enrichment.csv""}"
E_RXN_000499,DRUG_000516,RXCUI_7243,HAS_RXNORM_CONCEPT,RxNorm,RXN:DRUG_000516:7243,HIGH_EXACT,HIGH_AUTHORITATIVE,"{""mapping_method"": ""exact_identifier_based"", ""resolution_status"": ""HIGH_EXACT"", ""match_score"": 100.0, ""source_dataset"": ""RxNorm"", ""provenance"": ""rxnorm_drug_enrichment.csv""}"
E_RXN_000500,DRUG_000517,RXCUI_83816,HAS_RXNORM_CONCEPT,RxNorm,RXN:DRUG_000517:83816,HIGH_EXACT,HIGH_AUTHORITATIVE,"{""mapping_method"": ""exact_identifier_based"", ""resolution_status"": ""HIGH_EXACT"", ""match_score"": 100.0, ""source_dataset"": ""RxNorm"", ""provenance"": ""rxnorm_drug_enrichment.csv""}"
E_RXN_000501,DRUG_000518,RXCUI_77492,HAS_RXNORM_CONCEPT,RxNorm,RXN:DRUG_000518:77492,HIGH_EXACT,HIGH_AUTHORITATIVE,"{""mapping_method"": ""exact_identifier_based"", ""resolution_status"": ""HIGH_EXACT"", ""match_score"": 100.0, ""source_dataset"": ""RxNorm"", ""provenance"": ""rxnorm_drug_enrichment.csv""}"
E_RXN_000502,DRUG_000519,RXCUI_56795,HAS_RXNORM_CONCEPT,RxNorm,RXN:DRUG_000519:56795,HIGH_EXACT,HIGH_AUTHORITATIVE,"{""mapping_method"": ""exact_identifier_based"", ""resolution_status"": ""HIGH_EXACT"", ""match_score"": 100.0, ""source_dataset"": ""RxNorm"", ""provenance"": ""rxnorm_drug_enrichment.csv""}"
E_RXN_000503,DRUG_000520,RXCUI_68244,HAS_RXNORM_CONCEPT,RxNorm,RXN:DRUG_000520:68244,HIGH_EXACT,HIGH_AUTHORITATIVE,"{""mapping_method"": ""exact_identifier_based"", ""resolution_status"": ""HIGH_EXACT"", ""match_score"": 100.0, ""source_dataset"": ""RxNorm"", ""provenance"": ""rxnorm_drug_enrichment.csv""}"
E_RXN_000504,DRUG_000521,RXCUI_115264,HAS_RXNORM_CONCEPT,RxNorm,RXN:DRUG_000521:115264,HIGH_EXACT,HIGH_AUTHORITATIVE,"{""mapping_method"": ""exact_identifier_based"", ""resolution_status"": ""HIGH_EXACT"", ""match_score"": 100.0, ""source_dataset"": ""RxNorm"", ""provenance"": ""rxnorm_drug_enrichment.csv""}"
E_RXN_000505,DRUG_000522,RXCUI_3384,HAS_RXNORM_CONCEPT,RxNorm,RXN:DRUG_000522:3384,HIGH_EXACT,HIGH_AUTHORITATIVE,"{""mapping_method"": ""exact_identifier_based"", ""resolution_status"": ""HIGH_EXACT"", ""match_score"": 100.0, ""source_dataset"": ""RxNorm"", ""provenance"": ""rxnorm_drug_enrichment.csv""}"
E_RXN_000506,DRUG_000523,RXCUI_4502,HAS_RXNORM_CONCEPT,RxNorm,RXN:DRUG_000523:4502,HIGH_EXACT,HIGH_AUTHORITATIVE,"{""mapping_method"": ""exact_identifier_based"", ""resolution_status"": ""HIGH_EXACT"", ""match_score"": 100.0, ""source_dataset"": ""RxNorm"", ""provenance"": ""rxnorm_drug_enrichment.csv""}"
E_RXN_000507,DRUG_000524,RXCUI_7773,HAS_RXNORM_CONCEPT,RxNorm,RXN:DRUG_000524:7773,HIGH_EXACT,HIGH_AUTHORITATIVE,"{""mapping_method"": ""exact_identifier_based"", ""resolution_status"": ""HIGH_EXACT"", ""match_score"": 100.0, ""source_dataset"": ""RxNorm"", ""provenance"": ""rxnorm_drug_enrichment.csv""}"
E_RXN_000508,DRUG_000525,RXCUI_1043,HAS_RXNORM_CONCEPT,RxNorm,RXN:DRUG_000525:1043,HIGH_EXACT,HIGH_AUTHORITATIVE,"{""mapping_method"": ""exact_identifier_based"", ""resolution_status"": ""HIGH_EXACT"", ""match_score"": 100.0, ""source_dataset"": ""RxNorm"", ""provenance"": ""rxnorm_drug_enrichment.csv""}"
E_RXN_000509,DRUG_000526,RXCUI_32937,HAS_RXNORM_CONCEPT,RxNorm,RXN:DRUG_000526:32937,HIGH_EXACT,HIGH_AUTHORITATIVE,"{""mapping_method"": ""exact_identifier_based"", ""resolution_status"": ""HIGH_EXACT"", ""match_score"": 100.0, ""source_dataset"": ""RxNorm"", ""provenance"": ""rxnorm_drug_enrichment.csv""}"
E_RXN_000510,DRUG_000527,RXCUI_7514,HAS_RXNORM_CONCEPT,RxNorm,RXN:DRUG_000527:7514,HIGH_EXACT,HIGH_AUTHORITATIVE,"{""mapping_method"": ""exact_identifier_based"", ""resolution_status"": ""HIGH_EXACT"", ""match_score"": 100.0, ""source_dataset"": ""RxNorm"", ""provenance"": ""rxnorm_drug_enrichment.csv""}"
E_RXN_000511,DRUG_000528,RXCUI_141400,HAS_RXNORM_CONCEPT,RxNorm,RXN:DRUG_000528:141400,HIGH_EXACT,HIGH_AUTHORITATIVE,"{""mapping_method"": ""exact_identifier_based"", ""resolution_status"": ""HIGH_EXACT"", ""match_score"": 100.0, ""source_dataset"": ""RxNorm"", ""provenance"": ""rxnorm_drug_enrichment.csv""}"
E_RXN_000512,DRUG_000529,RXCUI_18600,HAS_RXNORM_CONCEPT,RxNorm,RXN:DRUG_000529:18600,HIGH_EXACT,HIGH_AUTHORITATIVE,"{""mapping_method"": ""exact_identifier_based"", ""resolution_status"": ""HIGH_EXACT"", ""match_score"": 100.0, ""source_dataset"": ""RxNorm"", ""provenance"": ""rxnorm_drug_enrichment.csv""}"
E_RXN_000513,DRUG_000530,RXCUI_3350,HAS_RXNORM_CONCEPT,RxNorm,RXN:DRUG_000530:3350,HIGH_EXACT,HIGH_AUTHORITATIVE,"{""mapping_method"": ""exact_identifier_based"", ""resolution_status"": ""HIGH_EXACT"", ""match_score"": 100.0, ""source_dataset"": ""RxNorm"", ""provenance"": ""rxnorm_drug_enrichment.csv""}"
E_RXN_000514,DRUG_000531,RXCUI_8701,HAS_RXNORM_CONCEPT,RxNorm,RXN:DRUG_000531:8701,HIGH_EXACT,HIGH_AUTHORITATIVE,"{""mapping_method"": ""exact_identifier_based"", ""resolution_status"": ""HIGH_EXACT"", ""match_score"": 100.0, ""source_dataset"": ""RxNorm"", ""provenance"": ""rxnorm_drug_enrichment.csv""}"
E_RXN_000515,DRUG_000532,RXCUI_1546022,HAS_RXNORM_CONCEPT,RxNorm,RXN:DRUG_000532:1546022,HIGH_EXACT,HIGH_AUTHORITATIVE,"{""mapping_method"": ""exact_identifier_based"", ""resolution_status"": ""HIGH_EXACT"", ""match_score"": 100.0, ""source_dataset"": ""RxNorm"", ""provenance"": ""rxnorm_drug_enrichment.csv""}"
E_RXN_000516,DRUG_000533,RXCUI_6853,HAS_RXNORM_CONCEPT,RxNorm,RXN:DRUG_000533:6853,HIGH_EXACT,HIGH_AUTHORITATIVE,"{""mapping_method"": ""exact_identifier_based"", ""resolution_status"": ""HIGH_EXACT"", ""match_score"": 100.0, ""source_dataset"": ""RxNorm"", ""provenance"": ""rxnorm_drug_enrichment.csv""}"
E_RXN_000517,DRUG_000534,RXCUI_59943,HAS_RXNORM_CONCEPT,RxNorm,RXN:DRUG_000534:59943,HIGH_EXACT,HIGH_AUTHORITATIVE,"{""mapping_method"": ""exact_identifier_based"", ""resolution_status"": ""HIGH_EXACT"", ""match_score"": 100.0, ""source_dataset"": ""RxNorm"", ""provenance"": ""rxnorm_drug_enrichment.csv""}"
E_RXN_000518,DRUG_000535,RXCUI_10834,HAS_RXNORM_CONCEPT,RxNorm,RXN:DRUG_000535:10834,HIGH_EXACT,HIGH_AUTHORITATIVE,"{""mapping_method"": ""exact_identifier_based"", ""resolution_status"": ""HIGH_EXACT"", ""match_score"": 100.0, ""source_dataset"": ""RxNorm"", ""provenance"": ""rxnorm_drug_enrichment.csv""}"
E_RXN_000519,DRUG_000536,RXCUI_4917,HAS_RXNORM_CONCEPT,RxNorm,RXN:DRUG_000536:4917,HIGH_EXACT,HIGH_AUTHORITATIVE,"{""mapping_method"": ""exact_identifier_based"", ""resolution_status"": ""HIGH_EXACT"", ""match_score"": 100.0, ""source_dataset"": ""RxNorm"", ""provenance"": ""rxnorm_drug_enrichment.csv""}"
E_RXN_000520,DRUG_000537,RXCUI_68139,HAS_RXNORM_CONCEPT,RxNorm,RXN:DRUG_000537:68139,HIGH_EXACT,HIGH_AUTHORITATIVE,"{""mapping_method"": ""exact_identifier_based"", ""resolution_status"": ""HIGH_EXACT"", ""match_score"": 100.0, ""source_dataset"": ""RxNorm"", ""provenance"": ""rxnorm_drug_enrichment.csv""}"
E_RXN_000521,DRUG_000538,RXCUI_10450,HAS_RXNORM_CONCEPT,RxNorm,RXN:DRUG_000538:10450,HIGH_EXACT,HIGH_AUTHORITATIVE,"{""mapping_method"": ""exact_identifier_based"", ""resolution_status"": ""HIGH_EXACT"", ""match_score"": 100.0, ""source_dataset"": ""RxNorm"", ""provenance"": ""rxnorm_drug_enrichment.csv""}"
E_RXN_000522,DRUG_000539,RXCUI_274332,HAS_RXNORM_CONCEPT,RxNorm,RXN:DRUG_000539:274332,HIGH_EXACT,HIGH_AUTHORITATIVE,"{""mapping_method"": ""exact_identifier_based"", ""resolution_status"": ""HIGH_EXACT"", ""match_score"": 100.0, ""source_dataset"": ""RxNorm"", ""provenance"": ""rxnorm_drug_enrichment.csv""}"
E_RXN_000523,DRUG_000540,RXCUI_1219,HAS_RXNORM_CONCEPT,RxNorm,RXN:DRUG_000540:1219,HIGH_EXACT,HIGH_AUTHORITATIVE,"{""mapping_method"": ""exact_identifier_based"", ""resolution_status"": ""HIGH_EXACT"", ""match_score"": 100.0, ""source_dataset"": ""RxNorm"", ""provenance"": ""rxnorm_drug_enrichment.csv""}"
E_RXN_000524,DRUG_000542,RXCUI_1219,HAS_RXNORM_CONCEPT,RxNorm,RXN:DRUG_000542:1219,HIGH_EXACT,HIGH_AUTHORITATIVE,"{""mapping_method"": ""exact_name_lookup"", ""resolution_status"": ""HIGH_EXACT"", ""match_score"": 100.0, ""source_dataset"": ""RxNorm"", ""provenance"": ""rxnorm_drug_enrichment.csv""}"
E_RXN_000525,DRUG_000543,RXCUI_35636,HAS_RXNORM_CONCEPT,RxNorm,RXN:DRUG_000543:35636,HIGH_EXACT,HIGH_AUTHORITATIVE,"{""mapping_method"": ""exact_identifier_based"", ""resolution_status"": ""HIGH_EXACT"", ""match_score"": 100.0, ""source_dataset"": ""RxNorm"", ""provenance"": ""rxnorm_drug_enrichment.csv""}"
E_RXN_000526,DRUG_000544,RXCUI_31476,HAS_RXNORM_CONCEPT,RxNorm,RXN:DRUG_000544:31476,HIGH_EXACT,HIGH_AUTHORITATIVE,"{""mapping_method"": ""exact_identifier_based"", ""resolution_status"": ""HIGH_EXACT"", ""match_score"": 100.0, ""source_dataset"": ""RxNorm"", ""provenance"": ""rxnorm_drug_enrichment.csv""}"
E_RXN_000527,DRUG_000545,RXCUI_283742,HAS_RXNORM_CONCEPT,RxNorm,RXN:DRUG_000545:283742,HIGH_EXACT,HIGH_AUTHORITATIVE,"{""mapping_method"": ""exact_identifier_based"", ""resolution_status"": ""HIGH_EXACT"", ""match_score"": 100.0, ""source_dataset"": ""RxNorm"", ""provenance"": ""rxnorm_drug_enrichment.csv""}"
E_RXN_000528,DRUG_000546,RXCUI_6676,HAS_RXNORM_CONCEPT,RxNorm,RXN:DRUG_000546:6676,HIGH_EXACT,HIGH_AUTHORITATIVE,"{""mapping_method"": ""exact_identifier_based"", ""resolution_status"": ""HIGH_EXACT"", ""match_score"": 100.0, ""source_dataset"": ""RxNorm"", ""provenance"": ""rxnorm_drug_enrichment.csv""}"
E_RXN_000529,DRUG_000547,RXCUI_7994,HAS_RXNORM_CONCEPT,RxNorm,RXN:DRUG_000547:7994,HIGH_EXACT,HIGH_AUTHORITATIVE,"{""mapping_method"": ""exact_identifier_based"", ""resolution_status"": ""HIGH_EXACT"", ""match_score"": 100.0, ""source_dataset"": ""RxNorm"", ""provenance"": ""rxnorm_drug_enrichment.csv""}"
E_RXN_000530,DRUG_000548,RXCUI_35623,HAS_RXNORM_CONCEPT,RxNorm,RXN:DRUG_000548:35623,HIGH_EXACT,HIGH_AUTHORITATIVE,"{""mapping_method"": ""exact_identifier_based"", ""resolution_status"": ""HIGH_EXACT"", ""match_score"": 100.0, ""source_dataset"": ""RxNorm"", ""provenance"": ""rxnorm_drug_enrichment.csv""}"
E_RXN_000531,DRUG_000549,RXCUI_5492,HAS_RXNORM_CONCEPT,RxNorm,RXN:DRUG_000549:5492,HIGH_EXACT,HIGH_AUTHORITATIVE,"{""mapping_method"": ""exact_identifier_based"", ""resolution_status"": ""HIGH_EXACT"", ""match_score"": 100.0, ""source_dataset"": ""RxNorm"", ""provenance"": ""rxnorm_drug_enrichment.csv""}"
E_RXN_000532,DRUG_000550,RXCUI_6628,HAS_RXNORM_CONCEPT,RxNorm,RXN:DRUG_000550:6628,HIGH_EXACT,HIGH_AUTHORITATIVE,"{""mapping_method"": ""exact_identifier_based"", ""resolution_status"": ""HIGH_EXACT"", ""match_score"": 100.0, ""source_dataset"": ""RxNorm"", ""provenance"": ""rxnorm_drug_enrichment.csv""}"
E_RXN_000533,DRUG_000551,RXCUI_692620,HAS_RXNORM_CONCEPT,RxNorm,RXN:DRUG_000551:692620,HIGH_EXACT,HIGH_AUTHORITATIVE,"{""mapping_method"": ""exact_identifier_based"", ""resolution_status"": ""HIGH_EXACT"", ""match_score"": 100.0, ""source_dataset"": ""RxNorm"", ""provenance"": ""rxnorm_drug_enrichment.csv""}"
E_RXN_000534,DRUG_000552,RXCUI_40575,HAS_RXNORM_CONCEPT,RxNorm,RXN:DRUG_000552:40575,HIGH_EXACT,HIGH_AUTHORITATIVE,"{""mapping_method"": ""exact_identifier_based"", ""resolution_status"": ""HIGH_EXACT"", ""match_score"": 100.0, ""source_dataset"": ""RxNorm"", ""provenance"": ""rxnorm_drug_enrichment.csv""}"
E_RXN_000535,DRUG_000553,RXCUI_30125,HAS_RXNORM_CONCEPT,RxNorm,RXN:DRUG_000553:30125,HIGH_EXACT,HIGH_AUTHORITATIVE,"{""mapping_method"": ""exact_identifier_based"", ""resolution_status"": ""HIGH_EXACT"", ""match_score"": 100.0, ""source_dataset"": ""RxNorm"", ""provenance"": ""rxnorm_drug_enrichment.csv""}"
E_RXN_000536,DRUG_000554,RXCUI_30125,HAS_RXNORM_CONCEPT,RxNorm,RXN:DRUG_000554:30125,HIGH_EXACT,HIGH_AUTHORITATIVE,"{""mapping_method"": ""exact_identifier_based"", ""resolution_status"": ""HIGH_EXACT"", ""match_score"": 100.0, ""source_dataset"": ""RxNorm"", ""provenance"": ""rxnorm_drug_enrichment.csv""}"
E_RXN_000537,DRUG_000555,RXCUI_30125,HAS_RXNORM_CONCEPT,RxNorm,RXN:DRUG_000555:30125,HIGH_EXACT,HIGH_AUTHORITATIVE,"{""mapping_method"": ""exact_name_lookup"", ""resolution_status"": ""HIGH_EXACT"", ""match_score"": 100.0, ""source_dataset"": ""RxNorm"", ""provenance"": ""rxnorm_drug_enrichment.csv""}"
E_RXN_000538,DRUG_000556,RXCUI_3131,HAS_RXNORM_CONCEPT,RxNorm,RXN:DRUG_000556:3131,HIGH_EXACT,HIGH_AUTHORITATIVE,"{""mapping_method"": ""exact_identifier_based"", ""resolution_status"": ""HIGH_EXACT"", ""match_score"": 100.0, ""source_dataset"": ""RxNorm"", ""provenance"": ""rxnorm_drug_enrichment.csv""}"
E_RXN_000539,DRUG_000557,RXCUI_9601,HAS_RXNORM_CONCEPT,RxNorm,RXN:DRUG_000557:9601,HIGH_EXACT,HIGH_AUTHORITATIVE,"{""mapping_method"": ""exact_identifier_based"", ""resolution_status"": ""HIGH_EXACT"", ""match_score"": 100.0, ""source_dataset"": ""RxNorm"", ""provenance"": ""rxnorm_drug_enrichment.csv""}"
E_RXN_000540,DRUG_000558,RXCUI_20220,HAS_RXNORM_CONCEPT,RxNorm,RXN:DRUG_000558:20220,HIGH_EXACT,HIGH_AUTHORITATIVE,"{""mapping_method"": ""exact_identifier_based"", ""resolution_status"": ""HIGH_EXACT"", ""match_score"": 100.0, ""source_dataset"": ""RxNorm"", ""provenance"": ""rxnorm_drug_enrichment.csv""}"
E_RXN_000541,DRUG_000559,RXCUI_24605,HAS_RXNORM_CONCEPT,RxNorm,RXN:DRUG_000559:24605,HIGH_EXACT,HIGH_AUTHORITATIVE,"{""mapping_method"": ""exact_identifier_based"", ""resolution_status"": ""HIGH_EXACT"", ""match_score"": 100.0, ""source_dataset"": ""RxNorm"", ""provenance"": ""rxnorm_drug_enrichment.csv""}"
E_RXN_000542,DRUG_000560,RXCUI_8686,HAS_RXNORM_CONCEPT,RxNorm,RXN:DRUG_000560:8686,HIGH_EXACT,HIGH_AUTHORITATIVE,"{""mapping_method"": ""exact_identifier_based"", ""resolution_status"": ""HIGH_EXACT"", ""match_score"": 100.0, ""source_dataset"": ""RxNorm"", ""provenance"": ""rxnorm_drug_enrichment.csv""}"
E_RXN_000543,DRUG_000561,RXCUI_39684,HAS_RXNORM_CONCEPT,RxNorm,RXN:DRUG_000561:39684,HIGH_EXACT,HIGH_AUTHORITATIVE,"{""mapping_method"": ""exact_identifier_based"", ""resolution_status"": ""HIGH_EXACT"", ""match_score"": 100.0, ""source_dataset"": ""RxNorm"", ""provenance"": ""rxnorm_drug_enrichment.csv""}"
E_RXN_000544,DRUG_000562,RXCUI_10734,HAS_RXNORM_CONCEPT,RxNorm,RXN:DRUG_000562:10734,HIGH_EXACT,HIGH_AUTHORITATIVE,"{""mapping_method"": ""exact_identifier_based"", ""resolution_status"": ""HIGH_EXACT"", ""match_score"": 100.0, ""source_dataset"": ""RxNorm"", ""provenance"": ""rxnorm_drug_enrichment.csv""}"
E_RXN_000545,DRUG_000563,RXCUI_6026,HAS_RXNORM_CONCEPT,RxNorm,RXN:DRUG_000563:6026,HIGH_EXACT,HIGH_AUTHORITATIVE,"{""mapping_method"": ""exact_identifier_based"", ""resolution_status"": ""HIGH_EXACT"", ""match_score"": 100.0, ""source_dataset"": ""RxNorm"", ""provenance"": ""rxnorm_drug_enrichment.csv""}"
E_RXN_000546,DRUG_000564,RXCUI_4136,HAS_RXNORM_CONCEPT,RxNorm,RXN:DRUG_000564:4136,HIGH_EXACT,HIGH_AUTHORITATIVE,"{""mapping_method"": ""exact_identifier_based"", ""resolution_status"": ""HIGH_EXACT"", ""match_score"": 100.0, ""source_dataset"": ""RxNorm"", ""provenance"": ""rxnorm_drug_enrichment.csv""}"
E_RXN_000547,DRUG_000565,RXCUI_68091,HAS_RXNORM_CONCEPT,RxNorm,RXN:DRUG_000565:68091,HIGH_EXACT,HIGH_AUTHORITATIVE,"{""mapping_method"": ""exact_identifier_based"", ""resolution_status"": ""HIGH_EXACT"", ""match_score"": 100.0, ""source_dataset"": ""RxNorm"", ""provenance"": ""rxnorm_drug_enrichment.csv""}"
E_RXN_000548,DRUG_000566,RXCUI_32968,HAS_RXNORM_CONCEPT,RxNorm,RXN:DRUG_000566:32968,HIGH_EXACT,HIGH_AUTHORITATIVE,"{""mapping_method"": ""exact_identifier_based"", ""resolution_status"": ""HIGH_EXACT"", ""match_score"": 100.0, ""source_dataset"": ""RxNorm"", ""provenance"": ""rxnorm_drug_enrichment.csv""}"
E_RXN_000549,DRUG_000567,RXCUI_10395,HAS_RXNORM_CONCEPT,RxNorm,RXN:DRUG_000567:10395,HIGH_EXACT,HIGH_AUTHORITATIVE,"{""mapping_method"": ""exact_identifier_based"", ""resolution_status"": ""HIGH_EXACT"", ""match_score"": 100.0, ""source_dataset"": ""RxNorm"", ""provenance"": ""rxnorm_drug_enrichment.csv""}"
E_RXN_000550,DRUG_000568,RXCUI_1546029,HAS_RXNORM_CONCEPT,RxNorm,RXN:DRUG_000568:1546029,HIGH_EXACT,HIGH_AUTHORITATIVE,"{""mapping_method"": ""exact_identifier_based"", ""resolution_status"": ""HIGH_EXACT"", ""match_score"": 100.0, ""source_dataset"": ""RxNorm"", ""provenance"": ""rxnorm_drug_enrichment.csv""}"
E_RXN_000551,DRUG_000569,RXCUI_8591,HAS_RXNORM_CONCEPT,RxNorm,RXN:DRUG_000569:8591,HIGH_EXACT,HIGH_AUTHORITATIVE,"{""mapping_method"": ""exact_identifier_based"", ""resolution_status"": ""HIGH_EXACT"", ""match_score"": 100.0, ""source_dataset"": ""RxNorm"", ""provenance"": ""rxnorm_drug_enrichment.csv""}"
E_RXN_000552,DRUG_000570,RXCUI_51499,HAS_RXNORM_CONCEPT,RxNorm,RXN:DRUG_000570:51499,HIGH_EXACT,HIGH_AUTHORITATIVE,"{""mapping_method"": ""exact_identifier_based"", ""resolution_status"": ""HIGH_EXACT"", ""match_score"": 100.0, ""source_dataset"": ""RxNorm"", ""provenance"": ""rxnorm_drug_enrichment.csv""}"
E_RXN_000553,DRUG_000571,RXCUI_6835,HAS_RXNORM_CONCEPT,RxNorm,RXN:DRUG_000571:6835,HIGH_EXACT,HIGH_AUTHORITATIVE,"{""mapping_method"": ""exact_identifier_based"", ""resolution_status"": ""HIGH_EXACT"", ""match_score"": 100.0, ""source_dataset"": ""RxNorm"", ""provenance"": ""rxnorm_drug_enrichment.csv""}"
E_RXN_000554,DRUG_000572,RXCUI_108118,HAS_RXNORM_CONCEPT,RxNorm,RXN:DRUG_000572:108118,HIGH_EXACT,HIGH_AUTHORITATIVE,"{""mapping_method"": ""exact_identifier_based"", ""resolution_status"": ""HIGH_EXACT"", ""match_score"": 100.0, ""source_dataset"": ""RxNorm"", ""provenance"": ""rxnorm_drug_enrichment.csv""}"
E_RXN_000555,DRUG_000573,RXCUI_266604,HAS_RXNORM_CONCEPT,RxNorm,RXN:DRUG_000573:266604,HIGH_EXACT,HIGH_AUTHORITATIVE,"{""mapping_method"": ""exact_identifier_based"", ""resolution_status"": ""HIGH_EXACT"", ""match_score"": 100.0, ""source_dataset"": ""RxNorm"", ""provenance"": ""rxnorm_drug_enrichment.csv""}"
E_RXN_000556,DRUG_000574,RXCUI_21216,HAS_RXNORM_CONCEPT,RxNorm,RXN:DRUG_000574:21216,HIGH_EXACT,HIGH_AUTHORITATIVE,"{""mapping_method"": ""exact_identifier_based"", ""resolution_status"": ""HIGH_EXACT"", ""match_score"": 100.0, ""source_dataset"": ""RxNorm"", ""provenance"": ""rxnorm_drug_enrichment.csv""}"
E_RXN_000557,DRUG_000575,RXCUI_135391,HAS_RXNORM_CONCEPT,RxNorm,RXN:DRUG_000575:135391,HIGH_EXACT,HIGH_AUTHORITATIVE,"{""mapping_method"": ""exact_identifier_based"", ""resolution_status"": ""HIGH_EXACT"", ""match_score"": 100.0, ""source_dataset"": ""RxNorm"", ""provenance"": ""rxnorm_drug_enrichment.csv""}"
E_RXN_000558,DRUG_000577,RXCUI_598,HAS_RXNORM_CONCEPT,RxNorm,RXN:DRUG_000577:598,HIGH_EXACT,HIGH_AUTHORITATIVE,"{""mapping_method"": ""exact_identifier_based"", ""resolution_status"": ""HIGH_EXACT"", ""match_score"": 100.0, ""source_dataset"": ""RxNorm"", ""provenance"": ""rxnorm_drug_enrichment.csv""}"
E_RXN_000559,DRUG_000578,RXCUI_21232,HAS_RXNORM_CONCEPT,RxNorm,RXN:DRUG_000578:21232,HIGH_EXACT,HIGH_AUTHORITATIVE,"{""mapping_method"": ""exact_identifier_based"", ""resolution_status"": ""HIGH_EXACT"", ""match_score"": 100.0, ""source_dataset"": ""RxNorm"", ""provenance"": ""rxnorm_drug_enrichment.csv""}"
E_RXN_000560,DRUG_000579,RXCUI_6606,HAS_RXNORM_CONCEPT,RxNorm,RXN:DRUG_000579:6606,HIGH_EXACT,HIGH_AUTHORITATIVE,"{""mapping_method"": ""exact_identifier_based"", ""resolution_status"": ""HIGH_EXACT"", ""match_score"": 100.0, ""source_dataset"": ""RxNorm"", ""provenance"": ""rxnorm_drug_enrichment.csv""}"
E_RXN_000561,DRUG_000580,RXCUI_4179,HAS_RXNORM_CONCEPT,RxNorm,RXN:DRUG_000580:4179,HIGH_EXACT,HIGH_AUTHORITATIVE,"{""mapping_method"": ""exact_identifier_based"", ""resolution_status"": ""HIGH_EXACT"", ""match_score"": 100.0, ""source_dataset"": ""RxNorm"", ""provenance"": ""rxnorm_drug_enrichment.csv""}"
E_RXN_000562,DRUG_000581,RXCUI_5495,HAS_RXNORM_CONCEPT,RxNorm,RXN:DRUG_000581:5495,HIGH_EXACT,HIGH_AUTHORITATIVE,"{""mapping_method"": ""exact_identifier_based"", ""resolution_status"": ""HIGH_EXACT"", ""match_score"": 100.0, ""source_dataset"": ""RxNorm"", ""provenance"": ""rxnorm_drug_enrichment.csv""}"
E_RXN_000563,DRUG_000582,RXCUI_73137,HAS_RXNORM_CONCEPT,RxNorm,RXN:DRUG_000582:73137,HIGH_EXACT,HIGH_AUTHORITATIVE,"{""mapping_method"": ""exact_identifier_based"", ""resolution_status"": ""HIGH_EXACT"", ""match_score"": 100.0, ""source_dataset"": ""RxNorm"", ""provenance"": ""rxnorm_drug_enrichment.csv""}"
E_RXN_000564,DRUG_000583,RXCUI_32624,HAS_RXNORM_CONCEPT,RxNorm,RXN:DRUG_000583:32624,HIGH_EXACT,HIGH_AUTHORITATIVE,"{""mapping_method"": ""exact_identifier_based"", ""resolution_status"": ""HIGH_EXACT"", ""match_score"": 100.0, ""source_dataset"": ""RxNorm"", ""provenance"": ""rxnorm_drug_enrichment.csv""}"
E_RXN_000565,DRUG_000584,RXCUI_9478,HAS_RXNORM_CONCEPT,RxNorm,RXN:DRUG_000584:9478,HIGH_EXACT,HIGH_AUTHORITATIVE,"{""mapping_method"": ""exact_identifier_based"", ""resolution_status"": ""HIGH_EXACT"", ""match_score"": 100.0, ""source_dataset"": ""RxNorm"", ""provenance"": ""rxnorm_drug_enrichment.csv""}"
E_RXN_000566,DRUG_000585,RXCUI_7240,HAS_RXNORM_CONCEPT,RxNorm,RXN:DRUG_000585:7240,HIGH_EXACT,HIGH_AUTHORITATIVE,"{""mapping_method"": ""exact_identifier_based"", ""resolution_status"": ""HIGH_EXACT"", ""match_score"": 100.0, ""source_dataset"": ""RxNorm"", ""provenance"": ""rxnorm_drug_enrichment.csv""}"
E_RXN_000567,DRUG_000586,RXCUI_8123,HAS_RXNORM_CONCEPT,RxNorm,RXN:DRUG_000586:8123,HIGH_EXACT,HIGH_AUTHORITATIVE,"{""mapping_method"": ""exact_identifier_based"", ""resolution_status"": ""HIGH_EXACT"", ""match_score"": 100.0, ""source_dataset"": ""RxNorm"", ""provenance"": ""rxnorm_drug_enrichment.csv""}"
E_RXN_000568,DRUG_000587,RXCUI_8536,HAS_RXNORM_CONCEPT,RxNorm,RXN:DRUG_000587:8536,HIGH_EXACT,HIGH_AUTHORITATIVE,"{""mapping_method"": ""exact_identifier_based"", ""resolution_status"": ""HIGH_EXACT"", ""match_score"": 100.0, ""source_dataset"": ""RxNorm"", ""provenance"": ""rxnorm_drug_enrichment.csv""}"
E_RXN_000569,DRUG_000588,RXCUI_8761,HAS_RXNORM_CONCEPT,RxNorm,RXN:DRUG_000588:8761,HIGH_EXACT,HIGH_AUTHORITATIVE,"{""mapping_method"": ""exact_identifier_based"", ""resolution_status"": ""HIGH_EXACT"", ""match_score"": 100.0, ""source_dataset"": ""RxNorm"", ""provenance"": ""rxnorm_drug_enrichment.csv""}"
E_RXN_000570,DRUG_000589,RXCUI_4083,HAS_RXNORM_CONCEPT,RxNorm,RXN:DRUG_000589:4083,HIGH_EXACT,HIGH_AUTHORITATIVE,"{""mapping_method"": ""exact_identifier_based"", ""resolution_status"": ""HIGH_EXACT"", ""match_score"": 100.0, ""source_dataset"": ""RxNorm"", ""provenance"": ""rxnorm_drug_enrichment.csv""}"
E_RXN_000571,DRUG_000590,RXCUI_6693,HAS_RXNORM_CONCEPT,RxNorm,RXN:DRUG_000590:6693,HIGH_EXACT,HIGH_AUTHORITATIVE,"{""mapping_method"": ""exact_identifier_based"", ""resolution_status"": ""HIGH_EXACT"", ""match_score"": 100.0, ""source_dataset"": ""RxNorm"", ""provenance"": ""rxnorm_drug_enrichment.csv""}"
E_RXN_000572,DRUG_000591,RXCUI_281,HAS_RXNORM_CONCEPT,RxNorm,RXN:DRUG_000591:281,HIGH_EXACT,HIGH_AUTHORITATIVE,"{""mapping_method"": ""exact_identifier_based"", ""resolution_status"": ""HIGH_EXACT"", ""match_score"": 100.0, ""source_dataset"": ""RxNorm"", ""provenance"": ""rxnorm_drug_enrichment.csv""}"
E_RXN_000573,DRUG_000592,RXCUI_7258,HAS_RXNORM_CONCEPT,RxNorm,RXN:DRUG_000592:7258,HIGH_EXACT,HIGH_AUTHORITATIVE,"{""mapping_method"": ""exact_identifier_based"", ""resolution_status"": ""HIGH_EXACT"", ""match_score"": 100.0, ""source_dataset"": ""RxNorm"", ""provenance"": ""rxnorm_drug_enrichment.csv""}"
E_RXN_000574,DRUG_000593,RXCUI_54552,HAS_RXNORM_CONCEPT,RxNorm,RXN:DRUG_000593:54552,HIGH_EXACT,HIGH_AUTHORITATIVE,"{""mapping_method"": ""exact_identifier_based"", ""resolution_status"": ""HIGH_EXACT"", ""match_score"": 100.0, ""source_dataset"": ""RxNorm"", ""provenance"": ""rxnorm_drug_enrichment.csv""}"
E_RXN_000575,DRUG_000594,RXCUI_10996,HAS_RXNORM_CONCEPT,RxNorm,RXN:DRUG_000594:10996,HIGH_EXACT,HIGH_AUTHORITATIVE,"{""mapping_method"": ""exact_identifier_based"", ""resolution_status"": ""HIGH_EXACT"", ""match_score"": 100.0, ""source_dataset"": ""RxNorm"", ""provenance"": ""rxnorm_drug_enrichment.csv""}"
E_RXN_000576,DRUG_000595,RXCUI_10847,HAS_RXNORM_CONCEPT,RxNorm,RXN:DRUG_000595:10847,HIGH_EXACT,HIGH_AUTHORITATIVE,"{""mapping_method"": ""exact_identifier_based"", ""resolution_status"": ""HIGH_EXACT"", ""match_score"": 100.0, ""source_dataset"": ""RxNorm"", ""provenance"": ""rxnorm_drug_enrichment.csv""}"
E_RXN_000577,DRUG_000596,RXCUI_26422,HAS_RXNORM_CONCEPT,RxNorm,RXN:DRUG_000596:26422,HIGH_EXACT,HIGH_AUTHORITATIVE,"{""mapping_method"": ""exact_identifier_based"", ""resolution_status"": ""HIGH_EXACT"", ""match_score"": 100.0, ""source_dataset"": ""RxNorm"", ""provenance"": ""rxnorm_drug_enrichment.csv""}"
E_RXN_000578,DRUG_000597,RXCUI_8691,HAS_RXNORM_CONCEPT,RxNorm,RXN:DRUG_000597:8691,HIGH_EXACT,HIGH_AUTHORITATIVE,"{""mapping_method"": ""exact_identifier_based"", ""resolution_status"": ""HIGH_EXACT"", ""match_score"": 100.0, ""source_dataset"": ""RxNorm"", ""provenance"": ""rxnorm_drug_enrichment.csv""}"
E_RXN_000579,DRUG_000598,RXCUI_9524,HAS_RXNORM_CONCEPT,RxNorm,RXN:DRUG_000598:9524,HIGH_EXACT,HIGH_AUTHORITATIVE,"{""mapping_method"": ""exact_identifier_based"", ""resolution_status"": ""HIGH_EXACT"", ""match_score"": 100.0, ""source_dataset"": ""RxNorm"", ""provenance"": ""rxnorm_drug_enrichment.csv""}"
E_RXN_000580,DRUG_000599,RXCUI_135481,HAS_RXNORM_CONCEPT,RxNorm,RXN:DRUG_000599:135481,HIGH_EXACT,HIGH_AUTHORITATIVE,"{""mapping_method"": ""exact_identifier_based"", ""resolution_status"": ""HIGH_EXACT"", ""match_score"": 100.0, ""source_dataset"": ""RxNorm"", ""provenance"": ""rxnorm_drug_enrichment.csv""}"
E_RXN_000581,DRUG_000600,RXCUI_10634,HAS_RXNORM_CONCEPT,RxNorm,RXN:DRUG_000600:10634,HIGH_EXACT,HIGH_AUTHORITATIVE,"{""mapping_method"": ""exact_identifier_based"", ""resolution_status"": ""HIGH_EXACT"", ""match_score"": 100.0, ""source_dataset"": ""RxNorm"", ""provenance"": ""rxnorm_drug_enrichment.csv""}"
E_RXN_000582,DRUG_000601,RXCUI_1596450,HAS_RXNORM_CONCEPT,RxNorm,RXN:DRUG_000601:1596450,HIGH_EXACT,HIGH_AUTHORITATIVE,"{""mapping_method"": ""exact_identifier_based"", ""resolution_status"": ""HIGH_EXACT"", ""match_score"": 100.0, ""source_dataset"": ""RxNorm"", ""provenance"": ""rxnorm_drug_enrichment.csv""}"
E_RXN_000583,DRUG_000602,RXCUI_83947,HAS_RXNORM_CONCEPT,RxNorm,RXN:DRUG_000602:83947,HIGH_EXACT,HIGH_AUTHORITATIVE,"{""mapping_method"": ""exact_identifier_based"", ""resolution_status"": ""HIGH_EXACT"", ""match_score"": 100.0, ""source_dataset"": ""RxNorm"", ""provenance"": ""rxnorm_drug_enrichment.csv""}"
E_RXN_000584,DRUG_000603,RXCUI_24853,HAS_RXNORM_CONCEPT,RxNorm,RXN:DRUG_000603:24853,HIGH_EXACT,HIGH_AUTHORITATIVE,"{""mapping_method"": ""exact_identifier_based"", ""resolution_status"": ""HIGH_EXACT"", ""match_score"": 100.0, ""source_dataset"": ""RxNorm"", ""provenance"": ""rxnorm_drug_enrichment.csv""}"
E_RXN_000585,DRUG_000604,RXCUI_26412,HAS_RXNORM_CONCEPT,RxNorm,RXN:DRUG_000604:26412,HIGH_EXACT,HIGH_AUTHORITATIVE,"{""mapping_method"": ""exact_identifier_based"", ""resolution_status"": ""HIGH_EXACT"", ""match_score"": 100.0, ""source_dataset"": ""RxNorm"", ""provenance"": ""rxnorm_drug_enrichment.csv""}"
E_RXN_000586,DRUG_000605,RXCUI_480,HAS_RXNORM_CONCEPT,RxNorm,RXN:DRUG_000605:480,HIGH_EXACT,HIGH_AUTHORITATIVE,"{""mapping_method"": ""exact_identifier_based"", ""resolution_status"": ""HIGH_EXACT"", ""match_score"": 100.0, ""source_dataset"": ""RxNorm"", ""provenance"": ""rxnorm_drug_enrichment.csv""}"
E_RXN_000587,DRUG_000606,RXCUI_2709,HAS_RXNORM_CONCEPT,RxNorm,RXN:DRUG_000606:2709,HIGH_EXACT,HIGH_AUTHORITATIVE,"{""mapping_method"": ""exact_identifier_based"", ""resolution_status"": ""HIGH_EXACT"", ""match_score"": 100.0, ""source_dataset"": ""RxNorm"", ""provenance"": ""rxnorm_drug_enrichment.csv""}"
E_RXN_000588,DRUG_000607,RXCUI_3361,HAS_RXNORM_CONCEPT,RxNorm,RXN:DRUG_000607:3361,HIGH_EXACT,HIGH_AUTHORITATIVE,"{""mapping_method"": ""exact_identifier_based"", ""resolution_status"": ""HIGH_EXACT"", ""match_score"": 100.0, ""source_dataset"": ""RxNorm"", ""provenance"": ""rxnorm_drug_enrichment.csv""}"
E_RXN_000589,DRUG_000608,RXCUI_30031,HAS_RXNORM_CONCEPT,RxNorm,RXN:DRUG_000608:30031,HIGH_EXACT,HIGH_AUTHORITATIVE,"{""mapping_method"": ""exact_identifier_based"", ""resolution_status"": ""HIGH_EXACT"", ""match_score"": 100.0, ""source_dataset"": ""RxNorm"", ""provenance"": ""rxnorm_drug_enrichment.csv""}"
E_RXN_000590,DRUG_000609,RXCUI_8013,HAS_RXNORM_CONCEPT,RxNorm,RXN:DRUG_000609:8013,HIGH_EXACT,HIGH_AUTHORITATIVE,"{""mapping_method"": ""exact_identifier_based"", ""resolution_status"": ""HIGH_EXACT"", ""match_score"": 100.0, ""source_dataset"": ""RxNorm"", ""provenance"": ""rxnorm_drug_enrichment.csv""}"
E_RXN_000591,DRUG_000610,RXCUI_34905,HAS_RXNORM_CONCEPT,RxNorm,RXN:DRUG_000610:34905,HIGH_EXACT,HIGH_AUTHORITATIVE,"{""mapping_method"": ""exact_identifier_based"", ""resolution_status"": ""HIGH_EXACT"", ""match_score"": 100.0, ""source_dataset"": ""RxNorm"", ""provenance"": ""rxnorm_drug_enrichment.csv""}"
E_RXN_000592,DRUG_000611,RXCUI_5764,HAS_RXNORM_CONCEPT,RxNorm,RXN:DRUG_000611:5764,HIGH_EXACT,HIGH_AUTHORITATIVE,"{""mapping_method"": ""exact_identifier_based"", ""resolution_status"": ""HIGH_EXACT"", ""match_score"": 100.0, ""source_dataset"": ""RxNorm"", ""provenance"": ""rxnorm_drug_enrichment.csv""}"
E_RXN_000593,DRUG_000612,RXCUI_10869,HAS_RXNORM_CONCEPT,RxNorm,RXN:DRUG_000612:10869,HIGH_EXACT,HIGH_AUTHORITATIVE,"{""mapping_method"": ""exact_identifier_based"", ""resolution_status"": ""HIGH_EXACT"", ""match_score"": 100.0, ""source_dataset"": ""RxNorm"", ""provenance"": ""rxnorm_drug_enrichment.csv""}"
E_RXN_000594,DRUG_000613,RXCUI_1589,HAS_RXNORM_CONCEPT,RxNorm,RXN:DRUG_000613:1589,HIGH_EXACT,HIGH_AUTHORITATIVE,"{""mapping_method"": ""exact_identifier_based"", ""resolution_status"": ""HIGH_EXACT"", ""match_score"": 100.0, ""source_dataset"": ""RxNorm"", ""provenance"": ""rxnorm_drug_enrichment.csv""}"
E_RXN_000595,DRUG_000614,RXCUI_9344,HAS_RXNORM_CONCEPT,RxNorm,RXN:DRUG_000614:9344,HIGH_EXACT,HIGH_AUTHORITATIVE,"{""mapping_method"": ""exact_identifier_based"", ""resolution_status"": ""HIGH_EXACT"", ""match_score"": 100.0, ""source_dataset"": ""RxNorm"", ""provenance"": ""rxnorm_drug_enrichment.csv""}"
E_RXN_000596,DRUG_000615,RXCUI_8160,HAS_RXNORM_CONCEPT,RxNorm,RXN:DRUG_000615:8160,HIGH_EXACT,HIGH_AUTHORITATIVE,"{""mapping_method"": ""exact_identifier_based"", ""resolution_status"": ""HIGH_EXACT"", ""match_score"": 100.0, ""source_dataset"": ""RxNorm"", ""provenance"": ""rxnorm_drug_enrichment.csv""}"
E_RXN_000597,DRUG_000616,RXCUI_4337,HAS_RXNORM_CONCEPT,RxNorm,RXN:DRUG_000616:4337,HIGH_EXACT,HIGH_AUTHORITATIVE,"{""mapping_method"": ""exact_identifier_based"", ""resolution_status"": ""HIGH_EXACT"", ""match_score"": 100.0, ""source_dataset"": ""RxNorm"", ""provenance"": ""rxnorm_drug_enrichment.csv""}"
E_RXN_000598,DRUG_000617,RXCUI_41493,HAS_RXNORM_CONCEPT,RxNorm,RXN:DRUG_000617:41493,HIGH_EXACT,HIGH_AUTHORITATIVE,"{""mapping_method"": ""exact_identifier_based"", ""resolution_status"": ""HIGH_EXACT"", ""match_score"": 100.0, ""source_dataset"": ""RxNorm"", ""provenance"": ""rxnorm_drug_enrichment.csv""}"
E_RXN_000599,DRUG_000618,RXCUI_7688,HAS_RXNORM_CONCEPT,RxNorm,RXN:DRUG_000618:7688,HIGH_EXACT,HIGH_AUTHORITATIVE,"{""mapping_method"": ""exact_identifier_based"", ""resolution_status"": ""HIGH_EXACT"", ""match_score"": 100.0, ""source_dataset"": ""RxNorm"", ""provenance"": ""rxnorm_drug_enrichment.csv""}"
E_RXN_000600,DRUG_000619,RXCUI_35797,HAS_RXNORM_CONCEPT,RxNorm,RXN:DRUG_000619:35797,HIGH_EXACT,HIGH_AUTHORITATIVE,"{""mapping_method"": ""exact_identifier_based"", ""resolution_status"": ""HIGH_EXACT"", ""match_score"": 100.0, ""source_dataset"": ""RxNorm"", ""provenance"": ""rxnorm_drug_enrichment.csv""}"
E_RXN_000601,DRUG_000620,RXCUI_8782,HAS_RXNORM_CONCEPT,RxNorm,RXN:DRUG_000620:8782,HIGH_EXACT,HIGH_AUTHORITATIVE,"{""mapping_method"": ""exact_identifier_based"", ""resolution_status"": ""HIGH_EXACT"", ""match_score"": 100.0, ""source_dataset"": ""RxNorm"", ""provenance"": ""rxnorm_drug_enrichment.csv""}"
E_RXN_000602,DRUG_000621,RXCUI_167,HAS_RXNORM_CONCEPT,RxNorm,RXN:DRUG_000621:167,HIGH_EXACT,HIGH_AUTHORITATIVE,"{""mapping_method"": ""exact_identifier_based"", ""resolution_status"": ""HIGH_EXACT"", ""match_score"": 100.0, ""source_dataset"": ""RxNorm"", ""provenance"": ""rxnorm_drug_enrichment.csv""}"
E_RXN_000603,DRUG_000622,RXCUI_358263,HAS_RXNORM_CONCEPT,RxNorm,RXN:DRUG_000622:358263,HIGH_EXACT,HIGH_AUTHORITATIVE,"{""mapping_method"": ""exact_identifier_based"", ""resolution_status"": ""HIGH_EXACT"", ""match_score"": 100.0, ""source_dataset"": ""RxNorm"", ""provenance"": ""rxnorm_drug_enrichment.csv""}"
E_RXN_000604,DRUG_000623,RXCUI_20343,HAS_RXNORM_CONCEPT,RxNorm,RXN:DRUG_000623:20343,HIGH_EXACT,HIGH_AUTHORITATIVE,"{""mapping_method"": ""exact_identifier_based"", ""resolution_status"": ""HIGH_EXACT"", ""match_score"": 100.0, ""source_dataset"": ""RxNorm"", ""provenance"": ""rxnorm_drug_enrichment.csv""}"
E_RXN_000605,DRUG_000624,RXCUI_3554,HAS_RXNORM_CONCEPT,RxNorm,RXN:DRUG_000624:3554,HIGH_EXACT,HIGH_AUTHORITATIVE,"{""mapping_method"": ""exact_identifier_based"", ""resolution_status"": ""HIGH_EXACT"", ""match_score"": 100.0, ""source_dataset"": ""RxNorm"", ""provenance"": ""rxnorm_drug_enrichment.csv""}"
E_RXN_000606,DRUG_000625,RXCUI_4170,HAS_RXNORM_CONCEPT,RxNorm,RXN:DRUG_000625:4170,HIGH_EXACT,HIGH_AUTHORITATIVE,"{""mapping_method"": ""exact_identifier_based"", ""resolution_status"": ""HIGH_EXACT"", ""match_score"": 100.0, ""source_dataset"": ""RxNorm"", ""provenance"": ""rxnorm_drug_enrichment.csv""}"
E_RXN_000607,DRUG_000626,RXCUI_7268,HAS_RXNORM_CONCEPT,RxNorm,RXN:DRUG_000626:7268,HIGH_EXACT,HIGH_AUTHORITATIVE,"{""mapping_method"": ""exact_identifier_based"", ""resolution_status"": ""HIGH_EXACT"", ""match_score"": 100.0, ""source_dataset"": ""RxNorm"", ""provenance"": ""rxnorm_drug_enrichment.csv""}"
E_RXN_000608,DRUG_000627,RXCUI_2550,HAS_RXNORM_CONCEPT,RxNorm,RXN:DRUG_000627:2550,HIGH_EXACT,HIGH_AUTHORITATIVE,"{""mapping_method"": ""exact_identifier_based"", ""resolution_status"": ""HIGH_EXACT"", ""match_score"": 100.0, ""source_dataset"": ""RxNorm"", ""provenance"": ""rxnorm_drug_enrichment.csv""}"
E_RXN_000609,DRUG_000628,RXCUI_4550,HAS_RXNORM_CONCEPT,RxNorm,RXN:DRUG_000628:4550,HIGH_EXACT,HIGH_AUTHORITATIVE,"{""mapping_method"": ""exact_identifier_based"", ""resolution_status"": ""HIGH_EXACT"", ""match_score"": 100.0, ""source_dataset"": ""RxNorm"", ""provenance"": ""rxnorm_drug_enrichment.csv""}"
E_RXN_000610,DRUG_000629,RXCUI_3322,HAS_RXNORM_CONCEPT,RxNorm,RXN:DRUG_000629:3322,HIGH_EXACT,HIGH_AUTHORITATIVE,"{""mapping_method"": ""exact_identifier_based"", ""resolution_status"": ""HIGH_EXACT"", ""match_score"": 100.0, ""source_dataset"": ""RxNorm"", ""provenance"": ""rxnorm_drug_enrichment.csv""}"
E_RXN_000611,DRUG_000630,RXCUI_8133,HAS_RXNORM_CONCEPT,RxNorm,RXN:DRUG_000630:8133,HIGH_EXACT,HIGH_AUTHORITATIVE,"{""mapping_method"": ""exact_identifier_based"", ""resolution_status"": ""HIGH_EXACT"", ""match_score"": 100.0, ""source_dataset"": ""RxNorm"", ""provenance"": ""rxnorm_drug_enrichment.csv""}"
E_RXN_000612,DRUG_000631,RXCUI_10800,HAS_RXNORM_CONCEPT,RxNorm,RXN:DRUG_000631:10800,HIGH_EXACT,HIGH_AUTHORITATIVE,"{""mapping_method"": ""exact_identifier_based"", ""resolution_status"": ""HIGH_EXACT"", ""match_score"": 100.0, ""source_dataset"": ""RxNorm"", ""provenance"": ""rxnorm_drug_enrichment.csv""}"
E_RXN_000613,DRUG_000632,RXCUI_33309,HAS_RXNORM_CONCEPT,RxNorm,RXN:DRUG_000632:33309,HIGH_EXACT,HIGH_AUTHORITATIVE,"{""mapping_method"": ""exact_identifier_based"", ""resolution_status"": ""HIGH_EXACT"", ""match_score"": 100.0, ""source_dataset"": ""RxNorm"", ""provenance"": ""rxnorm_drug_enrichment.csv""}"
E_RXN_000614,DRUG_000633,RXCUI_1450910,HAS_RXNORM_CONCEPT,RxNorm,RXN:DRUG_000633:1450910,HIGH_EXACT,HIGH_AUTHORITATIVE,"{""mapping_method"": ""exact_identifier_based"", ""resolution_status"": ""HIGH_EXACT"", ""match_score"": 100.0, ""source_dataset"": ""RxNorm"", ""provenance"": ""rxnorm_drug_enrichment.csv""}"
E_RXN_000615,DRUG_000634,RXCUI_6964,HAS_RXNORM_CONCEPT,RxNorm,RXN:DRUG_000634:6964,HIGH_EXACT,HIGH_AUTHORITATIVE,"{""mapping_method"": ""exact_identifier_based"", ""resolution_status"": ""HIGH_EXACT"", ""match_score"": 100.0, ""source_dataset"": ""RxNorm"", ""provenance"": ""rxnorm_drug_enrichment.csv""}"
E_RXN_000616,DRUG_000635,RXCUI_1767,HAS_RXNORM_CONCEPT,RxNorm,RXN:DRUG_000635:1767,HIGH_EXACT,HIGH_AUTHORITATIVE,"{""mapping_method"": ""exact_identifier_based"", ""resolution_status"": ""HIGH_EXACT"", ""match_score"": 100.0, ""source_dataset"": ""RxNorm"", ""provenance"": ""rxnorm_drug_enrichment.csv""}"
E_RXN_000617,DRUG_000636,RXCUI_6468,HAS_RXNORM_CONCEPT,RxNorm,RXN:DRUG_000636:6468,HIGH_EXACT,HIGH_AUTHORITATIVE,"{""mapping_method"": ""exact_identifier_based"", ""resolution_status"": ""HIGH_EXACT"", ""match_score"": 100.0, ""source_dataset"": ""RxNorm"", ""provenance"": ""rxnorm_drug_enrichment.csv""}"
E_RXN_000618,DRUG_000638,RXCUI_21249,HAS_RXNORM_CONCEPT,RxNorm,RXN:DRUG_000638:21249,HIGH_EXACT,HIGH_AUTHORITATIVE,"{""mapping_method"": ""exact_identifier_based"", ""resolution_status"": ""HIGH_EXACT"", ""match_score"": 100.0, ""source_dataset"": ""RxNorm"", ""provenance"": ""rxnorm_drug_enrichment.csv""}"
E_RXN_000619,DRUG_000639,RXCUI_10633,HAS_RXNORM_CONCEPT,RxNorm,RXN:DRUG_000639:10633,HIGH_EXACT,HIGH_AUTHORITATIVE,"{""mapping_method"": ""exact_identifier_based"", ""resolution_status"": ""HIGH_EXACT"", ""match_score"": 100.0, ""source_dataset"": ""RxNorm"", ""provenance"": ""rxnorm_drug_enrichment.csv""}"
E_RXN_000620,DRUG_000640,RXCUI_3616,HAS_RXNORM_CONCEPT,RxNorm,RXN:DRUG_000640:3616,HIGH_EXACT,HIGH_AUTHORITATIVE,"{""mapping_method"": ""exact_identifier_based"", ""resolution_status"": ""HIGH_EXACT"", ""match_score"": 100.0, ""source_dataset"": ""RxNorm"", ""provenance"": ""rxnorm_drug_enrichment.csv""}"
E_RXN_000621,DRUG_000641,RXCUI_7781,HAS_RXNORM_CONCEPT,RxNorm,RXN:DRUG_000641:7781,HIGH_EXACT,HIGH_AUTHORITATIVE,"{""mapping_method"": ""exact_identifier_based"", ""resolution_status"": ""HIGH_EXACT"", ""match_score"": 100.0, ""source_dataset"": ""RxNorm"", ""provenance"": ""rxnorm_drug_enrichment.csv""}"
E_RXN_000622,DRUG_000642,RXCUI_135447,HAS_RXNORM_CONCEPT,RxNorm,RXN:DRUG_000642:135447,HIGH_EXACT,HIGH_AUTHORITATIVE,"{""mapping_method"": ""exact_identifier_based"", ""resolution_status"": ""HIGH_EXACT"", ""match_score"": 100.0, ""source_dataset"": ""RxNorm"", ""provenance"": ""rxnorm_drug_enrichment.csv""}"
E_RXN_000623,DRUG_000643,RXCUI_7238,HAS_RXNORM_CONCEPT,RxNorm,RXN:DRUG_000643:7238,HIGH_EXACT,HIGH_AUTHORITATIVE,"{""mapping_method"": ""exact_identifier_based"", ""resolution_status"": ""HIGH_EXACT"", ""match_score"": 100.0, ""source_dataset"": ""RxNorm"", ""provenance"": ""rxnorm_drug_enrichment.csv""}"
E_RXN_000624,DRUG_000644,RXCUI_2592,HAS_RXNORM_CONCEPT,RxNorm,RXN:DRUG_000644:2592,HIGH_EXACT,HIGH_AUTHORITATIVE,"{""mapping_method"": ""exact_identifier_based"", ""resolution_status"": ""HIGH_EXACT"", ""match_score"": 100.0, ""source_dataset"": ""RxNorm"", ""provenance"": ""rxnorm_drug_enrichment.csv""}"
E_RXN_000625,DRUG_000645,RXCUI_4500,HAS_RXNORM_CONCEPT,RxNorm,RXN:DRUG_000645:4500,HIGH_EXACT,HIGH_AUTHORITATIVE,"{""mapping_method"": ""exact_identifier_based"", ""resolution_status"": ""HIGH_EXACT"", ""match_score"": 100.0, ""source_dataset"": ""RxNorm"", ""provenance"": ""rxnorm_drug_enrichment.csv""}"
E_RXN_000626,DRUG_000646,RXCUI_3022,HAS_RXNORM_CONCEPT,RxNorm,RXN:DRUG_000646:3022,HIGH_EXACT,HIGH_AUTHORITATIVE,"{""mapping_method"": ""exact_identifier_based"", ""resolution_status"": ""HIGH_EXACT"", ""match_score"": 100.0, ""source_dataset"": ""RxNorm"", ""provenance"": ""rxnorm_drug_enrichment.csv""}"
E_RXN_000627,DRUG_000647,RXCUI_6758,HAS_RXNORM_CONCEPT,RxNorm,RXN:DRUG_000647:6758,HIGH_EXACT,HIGH_AUTHORITATIVE,"{""mapping_method"": ""exact_identifier_based"", ""resolution_status"": ""HIGH_EXACT"", ""match_score"": 100.0, ""source_dataset"": ""RxNorm"", ""provenance"": ""rxnorm_drug_enrichment.csv""}"
E_RXN_000628,DRUG_000648,RXCUI_8076,HAS_RXNORM_CONCEPT,RxNorm,RXN:DRUG_000648:8076,HIGH_EXACT,HIGH_AUTHORITATIVE,"{""mapping_method"": ""exact_identifier_based"", ""resolution_status"": ""HIGH_EXACT"", ""match_score"": 100.0, ""source_dataset"": ""RxNorm"", ""provenance"": ""rxnorm_drug_enrichment.csv""}"
E_RXN_000629,DRUG_000649,RXCUI_3098,HAS_RXNORM_CONCEPT,RxNorm,RXN:DRUG_000649:3098,HIGH_EXACT,HIGH_AUTHORITATIVE,"{""mapping_method"": ""exact_identifier_based"", ""resolution_status"": ""HIGH_EXACT"", ""match_score"": 100.0, ""source_dataset"": ""RxNorm"", ""provenance"": ""rxnorm_drug_enrichment.csv""}"
E_RXN_000630,DRUG_000650,RXCUI_407885,HAS_RXNORM_CONCEPT,RxNorm,RXN:DRUG_000650:407885,HIGH_EXACT,HIGH_AUTHORITATIVE,"{""mapping_method"": ""exact_identifier_based"", ""resolution_status"": ""HIGH_EXACT"", ""match_score"": 100.0, ""source_dataset"": ""RxNorm"", ""provenance"": ""rxnorm_drug_enrichment.csv""}"
E_RXN_000631,DRUG_000651,RXCUI_37776,HAS_RXNORM_CONCEPT,RxNorm,RXN:DRUG_000651:37776,HIGH_EXACT,HIGH_AUTHORITATIVE,"{""mapping_method"": ""exact_identifier_based"", ""resolution_status"": ""HIGH_EXACT"", ""match_score"": 100.0, ""source_dataset"": ""RxNorm"", ""provenance"": ""rxnorm_drug_enrichment.csv""}"
E_RXN_000632,DRUG_000652,RXCUI_6378,HAS_RXNORM_CONCEPT,RxNorm,RXN:DRUG_000652:6378,HIGH_EXACT,HIGH_AUTHORITATIVE,"{""mapping_method"": ""exact_identifier_based"", ""resolution_status"": ""HIGH_EXACT"", ""match_score"": 100.0, ""source_dataset"": ""RxNorm"", ""provenance"": ""rxnorm_drug_enrichment.csv""}"
E_RXN_000633,DRUG_000653,RXCUI_683,HAS_RXNORM_CONCEPT,RxNorm,RXN:DRUG_000653:683,HIGH_EXACT,HIGH_AUTHORITATIVE,"{""mapping_method"": ""exact_identifier_based"", ""resolution_status"": ""HIGH_EXACT"", ""match_score"": 100.0, ""source_dataset"": ""RxNorm"", ""provenance"": ""rxnorm_drug_enrichment.csv""}"
E_RXN_000634,DRUG_000654,RXCUI_2399,HAS_RXNORM_CONCEPT,RxNorm,RXN:DRUG_000654:2399,HIGH_EXACT,HIGH_AUTHORITATIVE,"{""mapping_method"": ""exact_identifier_based"", ""resolution_status"": ""HIGH_EXACT"", ""match_score"": 100.0, ""source_dataset"": ""RxNorm"", ""provenance"": ""rxnorm_drug_enrichment.csv""}"
E_RXN_000635,DRUG_000655,RXCUI_37801,HAS_RXNORM_CONCEPT,RxNorm,RXN:DRUG_000655:37801,HIGH_EXACT,HIGH_AUTHORITATIVE,"{""mapping_method"": ""exact_identifier_based"", ""resolution_status"": ""HIGH_EXACT"", ""match_score"": 100.0, ""source_dataset"": ""RxNorm"", ""provenance"": ""rxnorm_drug_enrichment.csv""}"
E_RXN_000636,DRUG_000656,RXCUI_7975,HAS_RXNORM_CONCEPT,RxNorm,RXN:DRUG_000656:7975,HIGH_EXACT,HIGH_AUTHORITATIVE,"{""mapping_method"": ""exact_identifier_based"", ""resolution_status"": ""HIGH_EXACT"", ""match_score"": 100.0, ""source_dataset"": ""RxNorm"", ""provenance"": ""rxnorm_drug_enrichment.csv""}"
E_RXN_000637,DRUG_000657,RXCUI_8638,HAS_RXNORM_CONCEPT,RxNorm,RXN:DRUG_000657:8638,HIGH_EXACT,HIGH_AUTHORITATIVE,"{""mapping_method"": ""exact_identifier_based"", ""resolution_status"": ""HIGH_EXACT"", ""match_score"": 100.0, ""source_dataset"": ""RxNorm"", ""provenance"": ""rxnorm_drug_enrichment.csv""}"
E_RXN_000638,DRUG_000658,RXCUI_3393,HAS_RXNORM_CONCEPT,RxNorm,RXN:DRUG_000658:3393,HIGH_EXACT,HIGH_AUTHORITATIVE,"{""mapping_method"": ""exact_identifier_based"", ""resolution_status"": ""HIGH_EXACT"", ""match_score"": 100.0, ""source_dataset"": ""RxNorm"", ""provenance"": ""rxnorm_drug_enrichment.csv""}"
E_RXN_000639,DRUG_000659,RXCUI_306674,HAS_RXNORM_CONCEPT,RxNorm,RXN:DRUG_000659:306674,HIGH_EXACT,HIGH_AUTHORITATIVE,"{""mapping_method"": ""exact_identifier_based"", ""resolution_status"": ""HIGH_EXACT"", ""match_score"": 100.0, ""source_dataset"": ""RxNorm"", ""provenance"": ""rxnorm_drug_enrichment.csv""}"
E_RXN_000640,DRUG_000660,RXCUI_9143,HAS_RXNORM_CONCEPT,RxNorm,RXN:DRUG_000660:9143,HIGH_EXACT,HIGH_AUTHORITATIVE,"{""mapping_method"": ""exact_identifier_based"", ""resolution_status"": ""HIGH_EXACT"", ""match_score"": 100.0, ""source_dataset"": ""RxNorm"", ""provenance"": ""rxnorm_drug_enrichment.csv""}"
E_RXN_000641,DRUG_000661,RXCUI_235991,HAS_RXNORM_CONCEPT,RxNorm,RXN:DRUG_000661:235991,HIGH_EXACT,HIGH_AUTHORITATIVE,"{""mapping_method"": ""exact_identifier_based"", ""resolution_status"": ""HIGH_EXACT"", ""match_score"": 100.0, ""source_dataset"": ""RxNorm"", ""provenance"": ""rxnorm_drug_enrichment.csv""}"
E_RXN_000642,DRUG_000662,RXCUI_1422,HAS_RXNORM_CONCEPT,RxNorm,RXN:DRUG_000662:1422,HIGH_EXACT,HIGH_AUTHORITATIVE,"{""mapping_method"": ""exact_identifier_based"", ""resolution_status"": ""HIGH_EXACT"", ""match_score"": 100.0, ""source_dataset"": ""RxNorm"", ""provenance"": ""rxnorm_drug_enrichment.csv""}"
E_RXN_000643,DRUG_000663,RXCUI_597,HAS_RXNORM_CONCEPT,RxNorm,RXN:DRUG_000663:597,HIGH_EXACT,HIGH_AUTHORITATIVE,"{""mapping_method"": ""exact_identifier_based"", ""resolution_status"": ""HIGH_EXACT"", ""match_score"": 100.0, ""source_dataset"": ""RxNorm"", ""provenance"": ""rxnorm_drug_enrichment.csv""}"
E_RXN_000644,DRUG_000664,RXCUI_9392,HAS_RXNORM_CONCEPT,RxNorm,RXN:DRUG_000664:9392,HIGH_EXACT,HIGH_AUTHORITATIVE,"{""mapping_method"": ""exact_identifier_based"", ""resolution_status"": ""HIGH_EXACT"", ""match_score"": 100.0, ""source_dataset"": ""RxNorm"", ""provenance"": ""rxnorm_drug_enrichment.csv""}"
E_RXN_000645,DRUG_000665,RXCUI_60207,HAS_RXNORM_CONCEPT,RxNorm,RXN:DRUG_000665:60207,HIGH_EXACT,HIGH_AUTHORITATIVE,"{""mapping_method"": ""exact_identifier_based"", ""resolution_status"": ""HIGH_EXACT"", ""match_score"": 100.0, ""source_dataset"": ""RxNorm"", ""provenance"": ""rxnorm_drug_enrichment.csv""}"
E_RXN_000646,DRUG_000666,RXCUI_10255,HAS_RXNORM_CONCEPT,RxNorm,RXN:DRUG_000666:10255,HIGH_EXACT,HIGH_AUTHORITATIVE,"{""mapping_method"": ""exact_identifier_based"", ""resolution_status"": ""HIGH_EXACT"", ""match_score"": 100.0, ""source_dataset"": ""RxNorm"", ""provenance"": ""rxnorm_drug_enrichment.csv""}"
E_RXN_000647,DRUG_000667,RXCUI_10368,HAS_RXNORM_CONCEPT,RxNorm,RXN:DRUG_000667:10368,HIGH_EXACT,HIGH_AUTHORITATIVE,"{""mapping_method"": ""exact_identifier_based"", ""resolution_status"": ""HIGH_EXACT"", ""match_score"": 100.0, ""source_dataset"": ""RxNorm"", ""provenance"": ""rxnorm_drug_enrichment.csv""}"
E_RXN_000648,DRUG_000668,RXCUI_302285,HAS_RXNORM_CONCEPT,RxNorm,RXN:DRUG_000668:302285,HIGH_EXACT,HIGH_AUTHORITATIVE,"{""mapping_method"": ""exact_identifier_based"", ""resolution_status"": ""HIGH_EXACT"", ""match_score"": 100.0, ""source_dataset"": ""RxNorm"", ""provenance"": ""rxnorm_drug_enrichment.csv""}"
E_RXN_000649,DRUG_000669,RXCUI_237027,HAS_RXNORM_CONCEPT,RxNorm,RXN:DRUG_000669:237027,HIGH_EXACT,HIGH_AUTHORITATIVE,"{""mapping_method"": ""exact_identifier_based"", ""resolution_status"": ""HIGH_EXACT"", ""match_score"": 100.0, ""source_dataset"": ""RxNorm"", ""provenance"": ""rxnorm_drug_enrichment.csv""}"
E_RXN_000650,DRUG_000670,RXCUI_4495,HAS_RXNORM_CONCEPT,RxNorm,RXN:DRUG_000670:4495,HIGH_EXACT,HIGH_AUTHORITATIVE,"{""mapping_method"": ""exact_identifier_based"", ""resolution_status"": ""HIGH_EXACT"", ""match_score"": 100.0, ""source_dataset"": ""RxNorm"", ""provenance"": ""rxnorm_drug_enrichment.csv""}"
E_RXN_000651,DRUG_000671,RXCUI_83515,HAS_RXNORM_CONCEPT,RxNorm,RXN:DRUG_000671:83515,HIGH_EXACT,HIGH_AUTHORITATIVE,"{""mapping_method"": ""exact_identifier_based"", ""resolution_status"": ""HIGH_EXACT"", ""match_score"": 100.0, ""source_dataset"": ""RxNorm"", ""provenance"": ""rxnorm_drug_enrichment.csv""}"
E_RXN_000652,DRUG_000672,RXCUI_35302,HAS_RXNORM_CONCEPT,RxNorm,RXN:DRUG_000672:35302,HIGH_EXACT,HIGH_AUTHORITATIVE,"{""mapping_method"": ""exact_identifier_based"", ""resolution_status"": ""HIGH_EXACT"", ""match_score"": 100.0, ""source_dataset"": ""RxNorm"", ""provenance"": ""rxnorm_drug_enrichment.csv""}"
E_RXN_000653,DRUG_000673,RXCUI_276237,HAS_RXNORM_CONCEPT,RxNorm,RXN:DRUG_000673:276237,HIGH_EXACT,HIGH_AUTHORITATIVE,"{""mapping_method"": ""exact_identifier_based"", ""resolution_status"": ""HIGH_EXACT"", ""match_score"": 100.0, ""source_dataset"": ""RxNorm"", ""provenance"": ""rxnorm_drug_enrichment.csv""}"
E_RXN_000654,DRUG_000674,RXCUI_2396,HAS_RXNORM_CONCEPT,RxNorm,RXN:DRUG_000674:2396,HIGH_EXACT,HIGH_AUTHORITATIVE,"{""mapping_method"": ""exact_identifier_based"", ""resolution_status"": ""HIGH_EXACT"", ""match_score"": 100.0, ""source_dataset"": ""RxNorm"", ""provenance"": ""rxnorm_drug_enrichment.csv""}"
E_RXN_000655,DRUG_000675,RXCUI_35208,HAS_RXNORM_CONCEPT,RxNorm,RXN:DRUG_000675:35208,HIGH_EXACT,HIGH_AUTHORITATIVE,"{""mapping_method"": ""exact_identifier_based"", ""resolution_status"": ""HIGH_EXACT"", ""match_score"": 100.0, ""source_dataset"": ""RxNorm"", ""provenance"": ""rxnorm_drug_enrichment.csv""}"
E_RXN_000656,DRUG_000676,RXCUI_2596,HAS_RXNORM_CONCEPT,RxNorm,RXN:DRUG_000676:2596,HIGH_EXACT,HIGH_AUTHORITATIVE,"{""mapping_method"": ""exact_identifier_based"", ""resolution_status"": ""HIGH_EXACT"", ""match_score"": 100.0, ""source_dataset"": ""RxNorm"", ""provenance"": ""rxnorm_drug_enrichment.csv""}"
E_RXN_000657,DRUG_000677,RXCUI_6058,HAS_RXNORM_CONCEPT,RxNorm,RXN:DRUG_000677:6058,HIGH_EXACT,HIGH_AUTHORITATIVE,"{""mapping_method"": ""exact_identifier_based"", ""resolution_status"": ""HIGH_EXACT"", ""match_score"": 100.0, ""source_dataset"": ""RxNorm"", ""provenance"": ""rxnorm_drug_enrichment.csv""}"
E_RXN_000658,DRUG_000679,RXCUI_19551,HAS_RXNORM_CONCEPT,RxNorm,RXN:DRUG_000679:19551,HIGH_EXACT,HIGH_AUTHORITATIVE,"{""mapping_method"": ""exact_identifier_based"", ""resolution_status"": ""HIGH_EXACT"", ""match_score"": 100.0, ""source_dataset"": ""RxNorm"", ""provenance"": ""rxnorm_drug_enrichment.csv""}"
E_RXN_000659,DRUG_000680,RXCUI_1808,HAS_RXNORM_CONCEPT,RxNorm,RXN:DRUG_000680:1808,HIGH_EXACT,HIGH_AUTHORITATIVE,"{""mapping_method"": ""exact_identifier_based"", ""resolution_status"": ""HIGH_EXACT"", ""match_score"": 100.0, ""source_dataset"": ""RxNorm"", ""provenance"": ""rxnorm_drug_enrichment.csv""}"
E_RXN_000660,DRUG_000681,RXCUI_6674,HAS_RXNORM_CONCEPT,RxNorm,RXN:DRUG_000681:6674,HIGH_EXACT,HIGH_AUTHORITATIVE,"{""mapping_method"": ""exact_identifier_based"", ""resolution_status"": ""HIGH_EXACT"", ""match_score"": 100.0, ""source_dataset"": ""RxNorm"", ""provenance"": ""rxnorm_drug_enrichment.csv""}"
E_RXN_000661,DRUG_000682,RXCUI_26237,HAS_RXNORM_CONCEPT,RxNorm,RXN:DRUG_000682:26237,HIGH_EXACT,HIGH_AUTHORITATIVE,"{""mapping_method"": ""exact_identifier_based"", ""resolution_status"": ""HIGH_EXACT"", ""match_score"": 100.0, ""source_dataset"": ""RxNorm"", ""provenance"": ""rxnorm_drug_enrichment.csv""}"
E_RXN_000662,DRUG_000683,RXCUI_3368,HAS_RXNORM_CONCEPT,RxNorm,RXN:DRUG_000683:3368,HIGH_EXACT,HIGH_AUTHORITATIVE,"{""mapping_method"": ""exact_identifier_based"", ""resolution_status"": ""HIGH_EXACT"", ""match_score"": 100.0, ""source_dataset"": ""RxNorm"", ""provenance"": ""rxnorm_drug_enrichment.csv""}"
E_RXN_000663,DRUG_000684,RXCUI_10188,HAS_RXNORM_CONCEPT,RxNorm,RXN:DRUG_000684:10188,HIGH_EXACT,HIGH_AUTHORITATIVE,"{""mapping_method"": ""exact_identifier_based"", ""resolution_status"": ""HIGH_EXACT"", ""match_score"": 100.0, ""source_dataset"": ""RxNorm"", ""provenance"": ""rxnorm_drug_enrichment.csv""}"
E_RXN_000664,DRUG_000685,RXCUI_18889,HAS_RXNORM_CONCEPT,RxNorm,RXN:DRUG_000685:18889,HIGH_EXACT,HIGH_AUTHORITATIVE,"{""mapping_method"": ""exact_identifier_based"", ""resolution_status"": ""HIGH_EXACT"", ""match_score"": 100.0, ""source_dataset"": ""RxNorm"", ""provenance"": ""rxnorm_drug_enrichment.csv""}"
E_RXN_000665,DRUG_000686,RXCUI_10378,HAS_RXNORM_CONCEPT,RxNorm,RXN:DRUG_000686:10378,HIGH_EXACT,HIGH_AUTHORITATIVE,"{""mapping_method"": ""exact_identifier_based"", ""resolution_status"": ""HIGH_EXACT"", ""match_score"": 100.0, ""source_dataset"": ""RxNorm"", ""provenance"": ""rxnorm_drug_enrichment.csv""}"
E_RXN_000666,DRUG_000687,RXCUI_55681,HAS_RXNORM_CONCEPT,RxNorm,RXN:DRUG_000687:55681,HIGH_EXACT,HIGH_AUTHORITATIVE,"{""mapping_method"": ""exact_identifier_based"", ""resolution_status"": ""HIGH_EXACT"", ""match_score"": 100.0, ""source_dataset"": ""RxNorm"", ""provenance"": ""rxnorm_drug_enrichment.csv""}"
E_RXN_000667,DRUG_000688,RXCUI_10767,HAS_RXNORM_CONCEPT,RxNorm,RXN:DRUG_000688:10767,HIGH_EXACT,HIGH_AUTHORITATIVE,"{""mapping_method"": ""exact_identifier_based"", ""resolution_status"": ""HIGH_EXACT"", ""match_score"": 100.0, ""source_dataset"": ""RxNorm"", ""provenance"": ""rxnorm_drug_enrichment.csv""}"
E_RXN_000668,DRUG_000689,RXCUI_1310469,HAS_RXNORM_CONCEPT,RxNorm,RXN:DRUG_000689:1310469,HIGH_EXACT,HIGH_AUTHORITATIVE,"{""mapping_method"": ""exact_identifier_based"", ""resolution_status"": ""HIGH_EXACT"", ""match_score"": 100.0, ""source_dataset"": ""RxNorm"", ""provenance"": ""rxnorm_drug_enrichment.csv""}"
E_RXN_000669,DRUG_000690,RXCUI_73032,HAS_RXNORM_CONCEPT,RxNorm,RXN:DRUG_000690:73032,HIGH_EXACT,HIGH_AUTHORITATIVE,"{""mapping_method"": ""exact_identifier_based"", ""resolution_status"": ""HIGH_EXACT"", ""match_score"": 100.0, ""source_dataset"": ""RxNorm"", ""provenance"": ""rxnorm_drug_enrichment.csv""}"
E_RXN_000670,DRUG_000691,RXCUI_3364,HAS_RXNORM_CONCEPT,RxNorm,RXN:DRUG_000691:3364,HIGH_EXACT,HIGH_AUTHORITATIVE,"{""mapping_method"": ""exact_identifier_based"", ""resolution_status"": ""HIGH_EXACT"", ""match_score"": 100.0, ""source_dataset"": ""RxNorm"", ""provenance"": ""rxnorm_drug_enrichment.csv""}"
E_RXN_000671,DRUG_000692,RXCUI_4109,HAS_RXNORM_CONCEPT,RxNorm,RXN:DRUG_000692:4109,HIGH_EXACT,HIGH_AUTHORITATIVE,"{""mapping_method"": ""exact_identifier_based"", ""resolution_status"": ""HIGH_EXACT"", ""match_score"": 100.0, ""source_dataset"": ""RxNorm"", ""provenance"": ""rxnorm_drug_enrichment.csv""}"
E_RXN_000672,DRUG_000693,RXCUI_26225,HAS_RXNORM_CONCEPT,RxNorm,RXN:DRUG_000693:26225,HIGH_EXACT,HIGH_AUTHORITATIVE,"{""mapping_method"": ""exact_identifier_based"", ""resolution_status"": ""HIGH_EXACT"", ""match_score"": 100.0, ""source_dataset"": ""RxNorm"", ""provenance"": ""rxnorm_drug_enrichment.csv""}"
E_RXN_000673,DRUG_000694,RXCUI_283810,HAS_RXNORM_CONCEPT,RxNorm,RXN:DRUG_000694:283810,HIGH_EXACT,HIGH_AUTHORITATIVE,"{""mapping_method"": ""exact_identifier_based"", ""resolution_status"": ""HIGH_EXACT"", ""match_score"": 100.0, ""source_dataset"": ""RxNorm"", ""provenance"": ""rxnorm_drug_enrichment.csv""}"
E_RXN_000674,DRUG_000695,RXCUI_31914,HAS_RXNORM_CONCEPT,RxNorm,RXN:DRUG_000695:31914,HIGH_EXACT,HIGH_AUTHORITATIVE,"{""mapping_method"": ""exact_identifier_based"", ""resolution_status"": ""HIGH_EXACT"", ""match_score"": 100.0, ""source_dataset"": ""RxNorm"", ""provenance"": ""rxnorm_drug_enrichment.csv""}"
E_RXN_000675,DRUG_000696,RXCUI_2653,HAS_RXNORM_CONCEPT,RxNorm,RXN:DRUG_000696:2653,HIGH_EXACT,HIGH_AUTHORITATIVE,"{""mapping_method"": ""exact_identifier_based"", ""resolution_status"": ""HIGH_EXACT"", ""match_score"": 100.0, ""source_dataset"": ""RxNorm"", ""provenance"": ""rxnorm_drug_enrichment.csv""}"
E_RXN_000676,DRUG_000697,RXCUI_39998,HAS_RXNORM_CONCEPT,RxNorm,RXN:DRUG_000697:39998,HIGH_EXACT,HIGH_AUTHORITATIVE,"{""mapping_method"": ""exact_identifier_based"", ""resolution_status"": ""HIGH_EXACT"", ""match_score"": 100.0, ""source_dataset"": ""RxNorm"", ""provenance"": ""rxnorm_drug_enrichment.csv""}"
E_RXN_000677,DRUG_000698,RXCUI_73710,HAS_RXNORM_CONCEPT,RxNorm,RXN:DRUG_000698:73710,HIGH_EXACT,HIGH_AUTHORITATIVE,"{""mapping_method"": ""exact_identifier_based"", ""resolution_status"": ""HIGH_EXACT"", ""match_score"": 100.0, ""source_dataset"": ""RxNorm"", ""provenance"": ""rxnorm_drug_enrichment.csv""}"
E_RXN_000678,DRUG_000699,RXCUI_10612,HAS_RXNORM_CONCEPT,RxNorm,RXN:DRUG_000699:10612,HIGH_EXACT,HIGH_AUTHORITATIVE,"{""mapping_method"": ""exact_identifier_based"", ""resolution_status"": ""HIGH_EXACT"", ""match_score"": 100.0, ""source_dataset"": ""RxNorm"", ""provenance"": ""rxnorm_drug_enrichment.csv""}"
E_RXN_000679,DRUG_000700,RXCUI_73044,HAS_RXNORM_CONCEPT,RxNorm,RXN:DRUG_000700:73044,HIGH_EXACT,HIGH_AUTHORITATIVE,"{""mapping_method"": ""exact_identifier_based"", ""resolution_status"": ""HIGH_EXACT"", ""match_score"": 100.0, ""source_dataset"": ""RxNorm"", ""provenance"": ""rxnorm_drug_enrichment.csv""}"
E_RXN_000680,DRUG_000701,RXCUI_8129,HAS_RXNORM_CONCEPT,RxNorm,RXN:DRUG_000701:8129,HIGH_EXACT,HIGH_AUTHORITATIVE,"{""mapping_method"": ""exact_identifier_based"", ""resolution_status"": ""HIGH_EXACT"", ""match_score"": 100.0, ""source_dataset"": ""RxNorm"", ""provenance"": ""rxnorm_drug_enrichment.csv""}"
E_RXN_000681,DRUG_000702,RXCUI_620,HAS_RXNORM_CONCEPT,RxNorm,RXN:DRUG_000702:620,HIGH_EXACT,HIGH_AUTHORITATIVE,"{""mapping_method"": ""exact_identifier_based"", ""resolution_status"": ""HIGH_EXACT"", ""match_score"": 100.0, ""source_dataset"": ""RxNorm"", ""provenance"": ""rxnorm_drug_enrichment.csv""}"
E_RXN_000682,DRUG_000703,RXCUI_6922,HAS_RXNORM_CONCEPT,RxNorm,RXN:DRUG_000703:6922,HIGH_EXACT,HIGH_AUTHORITATIVE,"{""mapping_method"": ""exact_identifier_based"", ""resolution_status"": ""HIGH_EXACT"", ""match_score"": 100.0, ""source_dataset"": ""RxNorm"", ""provenance"": ""rxnorm_drug_enrichment.csv""}"
E_RXN_000683,DRUG_000704,RXCUI_3478,HAS_RXNORM_CONCEPT,RxNorm,RXN:DRUG_000704:3478,HIGH_EXACT,HIGH_AUTHORITATIVE,"{""mapping_method"": ""exact_identifier_based"", ""resolution_status"": ""HIGH_EXACT"", ""match_score"": 100.0, ""source_dataset"": ""RxNorm"", ""provenance"": ""rxnorm_drug_enrichment.csv""}"
E_RXN_000684,DRUG_000705,RXCUI_279645,HAS_RXNORM_CONCEPT,RxNorm,RXN:DRUG_000705:279645,HIGH_EXACT,HIGH_AUTHORITATIVE,"{""mapping_method"": ""exact_identifier_based"", ""resolution_status"": ""HIGH_EXACT"", ""match_score"": 100.0, ""source_dataset"": ""RxNorm"", ""provenance"": ""rxnorm_drug_enrichment.csv""}"
E_RXN_000685,DRUG_000706,RXCUI_270,HAS_RXNORM_CONCEPT,RxNorm,RXN:DRUG_000706:270,HIGH_EXACT,HIGH_AUTHORITATIVE,"{""mapping_method"": ""exact_identifier_based"", ""resolution_status"": ""HIGH_EXACT"", ""match_score"": 100.0, ""source_dataset"": ""RxNorm"", ""provenance"": ""rxnorm_drug_enrichment.csv""}"
E_RXN_000686,DRUG_000707,RXCUI_6146,HAS_RXNORM_CONCEPT,RxNorm,RXN:DRUG_000707:6146,HIGH_EXACT,HIGH_AUTHORITATIVE,"{""mapping_method"": ""exact_identifier_based"", ""resolution_status"": ""HIGH_EXACT"", ""match_score"": 100.0, ""source_dataset"": ""RxNorm"", ""provenance"": ""rxnorm_drug_enrichment.csv""}"
E_RXN_000687,DRUG_000708,RXCUI_1819,HAS_RXNORM_CONCEPT,RxNorm,RXN:DRUG_000708:1819,HIGH_EXACT,HIGH_AUTHORITATIVE,"{""mapping_method"": ""exact_identifier_based"", ""resolution_status"": ""HIGH_EXACT"", ""match_score"": 100.0, ""source_dataset"": ""RxNorm"", ""provenance"": ""rxnorm_drug_enrichment.csv""}"
E_RXN_000688,DRUG_000709,RXCUI_73107,HAS_RXNORM_CONCEPT,RxNorm,RXN:DRUG_000709:73107,HIGH_EXACT,HIGH_AUTHORITATIVE,"{""mapping_method"": ""exact_identifier_based"", ""resolution_status"": ""HIGH_EXACT"", ""match_score"": 100.0, ""source_dataset"": ""RxNorm"", ""provenance"": ""rxnorm_drug_enrichment.csv""}"
E_RXN_000689,DRUG_000710,RXCUI_20486,HAS_RXNORM_CONCEPT,RxNorm,RXN:DRUG_000710:20486,HIGH_EXACT,HIGH_AUTHORITATIVE,"{""mapping_method"": ""exact_identifier_based"", ""resolution_status"": ""HIGH_EXACT"", ""match_score"": 100.0, ""source_dataset"": ""RxNorm"", ""provenance"": ""rxnorm_drug_enrichment.csv""}"
E_RXN_000690,DRUG_000711,RXCUI_21949,HAS_RXNORM_CONCEPT,RxNorm,RXN:DRUG_000711:21949,HIGH_EXACT,HIGH_AUTHORITATIVE,"{""mapping_method"": ""exact_identifier_based"", ""resolution_status"": ""HIGH_EXACT"", ""match_score"": 100.0, ""source_dataset"": ""RxNorm"", ""provenance"": ""rxnorm_drug_enrichment.csv""}"
E_RXN_000691,DRUG_000712,RXCUI_8149,HAS_RXNORM_CONCEPT,RxNorm,RXN:DRUG_000712:8149,HIGH_EXACT,HIGH_AUTHORITATIVE,"{""mapping_method"": ""exact_identifier_based"", ""resolution_status"": ""HIGH_EXACT"", ""match_score"": 100.0, ""source_dataset"": ""RxNorm"", ""provenance"": ""rxnorm_drug_enrichment.csv""}"
E_RXN_000692,DRUG_000713,RXCUI_4278,HAS_RXNORM_CONCEPT,RxNorm,RXN:DRUG_000713:4278,HIGH_EXACT,HIGH_AUTHORITATIVE,"{""mapping_method"": ""exact_identifier_based"", ""resolution_status"": ""HIGH_EXACT"", ""match_score"": 100.0, ""source_dataset"": ""RxNorm"", ""provenance"": ""rxnorm_drug_enrichment.csv""}"
E_RXN_000693,DRUG_000714,RXCUI_1251,HAS_RXNORM_CONCEPT,RxNorm,RXN:DRUG_000714:1251,HIGH_EXACT,HIGH_AUTHORITATIVE,"{""mapping_method"": ""exact_identifier_based"", ""resolution_status"": ""HIGH_EXACT"", ""match_score"": 100.0, ""source_dataset"": ""RxNorm"", ""provenance"": ""rxnorm_drug_enrichment.csv""}"
E_RXN_000694,DRUG_000715,RXCUI_42331,HAS_RXNORM_CONCEPT,RxNorm,RXN:DRUG_000715:42331,HIGH_EXACT,HIGH_AUTHORITATIVE,"{""mapping_method"": ""exact_identifier_based"", ""resolution_status"": ""HIGH_EXACT"", ""match_score"": 100.0, ""source_dataset"": ""RxNorm"", ""provenance"": ""rxnorm_drug_enrichment.csv""}"
E_RXN_000695,DRUG_000716,RXCUI_6812,HAS_RXNORM_CONCEPT,RxNorm,RXN:DRUG_000716:6812,HIGH_EXACT,HIGH_AUTHORITATIVE,"{""mapping_method"": ""exact_identifier_based"", ""resolution_status"": ""HIGH_EXACT"", ""match_score"": 100.0, ""source_dataset"": ""RxNorm"", ""provenance"": ""rxnorm_drug_enrichment.csv""}"
E_RXN_000696,DRUG_000717,RXCUI_190548,HAS_RXNORM_CONCEPT,RxNorm,RXN:DRUG_000717:190548,HIGH_EXACT,HIGH_AUTHORITATIVE,"{""mapping_method"": ""exact_identifier_based"", ""resolution_status"": ""HIGH_EXACT"", ""match_score"": 100.0, ""source_dataset"": ""RxNorm"", ""provenance"": ""rxnorm_drug_enrichment.csv""}"
E_RXN_000697,DRUG_000718,RXCUI_6779,HAS_RXNORM_CONCEPT,RxNorm,RXN:DRUG_000718:6779,HIGH_EXACT,HIGH_AUTHORITATIVE,"{""mapping_method"": ""exact_identifier_based"", ""resolution_status"": ""HIGH_EXACT"", ""match_score"": 100.0, ""source_dataset"": ""RxNorm"", ""provenance"": ""rxnorm_drug_enrichment.csv""}"
E_RXN_000698,DRUG_000719,RXCUI_6646,HAS_RXNORM_CONCEPT,RxNorm,RXN:DRUG_000719:6646,HIGH_EXACT,HIGH_AUTHORITATIVE,"{""mapping_method"": ""exact_identifier_based"", ""resolution_status"": ""HIGH_EXACT"", ""match_score"": 100.0, ""source_dataset"": ""RxNorm"", ""provenance"": ""rxnorm_drug_enrichment.csv""}"
E_RXN_000699,DRUG_000720,RXCUI_7812,HAS_RXNORM_CONCEPT,RxNorm,RXN:DRUG_000720:7812,HIGH_EXACT,HIGH_AUTHORITATIVE,"{""mapping_method"": ""exact_identifier_based"", ""resolution_status"": ""HIGH_EXACT"", ""match_score"": 100.0, ""source_dataset"": ""RxNorm"", ""provenance"": ""rxnorm_drug_enrichment.csv""}"
E_RXN_000700,DRUG_000721,RXCUI_9525,HAS_RXNORM_CONCEPT,RxNorm,RXN:DRUG_000721:9525,HIGH_EXACT,HIGH_AUTHORITATIVE,"{""mapping_method"": ""exact_identifier_based"", ""resolution_status"": ""HIGH_EXACT"", ""match_score"": 100.0, ""source_dataset"": ""RxNorm"", ""provenance"": ""rxnorm_drug_enrichment.csv""}"
E_RXN_000701,DRUG_000722,RXCUI_3389,HAS_RXNORM_CONCEPT,RxNorm,RXN:DRUG_000722:3389,HIGH_EXACT,HIGH_AUTHORITATIVE,"{""mapping_method"": ""exact_identifier_based"", ""resolution_status"": ""HIGH_EXACT"", ""match_score"": 100.0, ""source_dataset"": ""RxNorm"", ""provenance"": ""rxnorm_drug_enrichment.csv""}"
E_RXN_000702,DRUG_000723,RXCUI_36117,HAS_RXNORM_CONCEPT,RxNorm,RXN:DRUG_000723:36117,HIGH_EXACT,HIGH_AUTHORITATIVE,"{""mapping_method"": ""exact_identifier_based"", ""resolution_status"": ""HIGH_EXACT"", ""match_score"": 100.0, ""source_dataset"": ""RxNorm"", ""provenance"": ""rxnorm_drug_enrichment.csv""}"
E_RXN_000703,DRUG_000724,RXCUI_588003,HAS_RXNORM_CONCEPT,RxNorm,RXN:DRUG_000724:588003,HIGH_EXACT,HIGH_AUTHORITATIVE,"{""mapping_method"": ""exact_identifier_based"", ""resolution_status"": ""HIGH_EXACT"", ""match_score"": 100.0, ""source_dataset"": ""RxNorm"", ""provenance"": ""rxnorm_drug_enrichment.csv""}"
E_RXN_000704,DRUG_000725,RXCUI_6821,HAS_RXNORM_CONCEPT,RxNorm,RXN:DRUG_000725:6821,HIGH_EXACT,HIGH_AUTHORITATIVE,"{""mapping_method"": ""exact_identifier_based"", ""resolution_status"": ""HIGH_EXACT"", ""match_score"": 100.0, ""source_dataset"": ""RxNorm"", ""provenance"": ""rxnorm_drug_enrichment.csv""}"
E_RXN_000705,DRUG_000726,RXCUI_3363,HAS_RXNORM_CONCEPT,RxNorm,RXN:DRUG_000726:3363,HIGH_EXACT,HIGH_AUTHORITATIVE,"{""mapping_method"": ""exact_identifier_based"", ""resolution_status"": ""HIGH_EXACT"", ""match_score"": 100.0, ""source_dataset"": ""RxNorm"", ""provenance"": ""rxnorm_drug_enrichment.csv""}"
E_RXN_000706,DRUG_000727,RXCUI_107771,HAS_RXNORM_CONCEPT,RxNorm,RXN:DRUG_000727:107771,HIGH_EXACT,HIGH_AUTHORITATIVE,"{""mapping_method"": ""exact_identifier_based"", ""resolution_status"": ""HIGH_EXACT"", ""match_score"": 100.0, ""source_dataset"": ""RxNorm"", ""provenance"": ""rxnorm_drug_enrichment.csv""}"
E_RXN_000707,DRUG_000728,RXCUI_1191,HAS_RXNORM_CONCEPT,RxNorm,RXN:DRUG_000728:1191,HIGH_EXACT,HIGH_AUTHORITATIVE,"{""mapping_method"": ""exact_identifier_based"", ""resolution_status"": ""HIGH_EXACT"", ""match_score"": 100.0, ""source_dataset"": ""RxNorm"", ""provenance"": ""rxnorm_drug_enrichment.csv""}"
E_RXN_000708,DRUG_000729,RXCUI_8150,HAS_RXNORM_CONCEPT,RxNorm,RXN:DRUG_000729:8150,HIGH_EXACT,HIGH_AUTHORITATIVE,"{""mapping_method"": ""exact_identifier_based"", ""resolution_status"": ""HIGH_EXACT"", ""match_score"": 100.0, ""source_dataset"": ""RxNorm"", ""provenance"": ""rxnorm_drug_enrichment.csv""}"
E_RXN_000709,DRUG_000730,RXCUI_282357,HAS_RXNORM_CONCEPT,RxNorm,RXN:DRUG_000730:282357,HIGH_EXACT,HIGH_AUTHORITATIVE,"{""mapping_method"": ""exact_identifier_based"", ""resolution_status"": ""HIGH_EXACT"", ""match_score"": 100.0, ""source_dataset"": ""RxNorm"", ""provenance"": ""rxnorm_drug_enrichment.csv""}"
E_RXN_000710,DRUG_000731,RXCUI_6927,HAS_RXNORM_CONCEPT,RxNorm,RXN:DRUG_000731:6927,HIGH_EXACT,HIGH_AUTHORITATIVE,"{""mapping_method"": ""exact_identifier_based"", ""resolution_status"": ""HIGH_EXACT"", ""match_score"": 100.0, ""source_dataset"": ""RxNorm"", ""provenance"": ""rxnorm_drug_enrichment.csv""}"
E_RXN_000711,DRUG_000732,RXCUI_24812,HAS_RXNORM_CONCEPT,RxNorm,RXN:DRUG_000732:24812,HIGH_EXACT,HIGH_AUTHORITATIVE,"{""mapping_method"": ""exact_identifier_based"", ""resolution_status"": ""HIGH_EXACT"", ""match_score"": 100.0, ""source_dataset"": ""RxNorm"", ""provenance"": ""rxnorm_drug_enrichment.csv""}"
E_RXN_000712,DRUG_000733,RXCUI_87636,HAS_RXNORM_CONCEPT,RxNorm,RXN:DRUG_000733:87636,HIGH_EXACT,HIGH_AUTHORITATIVE,"{""mapping_method"": ""exact_identifier_based"", ""resolution_status"": ""HIGH_EXACT"", ""match_score"": 100.0, ""source_dataset"": ""RxNorm"", ""provenance"": ""rxnorm_drug_enrichment.csv""}"
E_RXN_000713,DRUG_000734,RXCUI_6038,HAS_RXNORM_CONCEPT,RxNorm,RXN:DRUG_000734:6038,HIGH_EXACT,HIGH_AUTHORITATIVE,"{""mapping_method"": ""exact_identifier_based"", ""resolution_status"": ""HIGH_EXACT"", ""match_score"": 100.0, ""source_dataset"": ""RxNorm"", ""provenance"": ""rxnorm_drug_enrichment.csv""}"
E_RXN_000714,DRUG_000735,RXCUI_141366,HAS_RXNORM_CONCEPT,RxNorm,RXN:DRUG_000735:141366,HIGH_EXACT,HIGH_AUTHORITATIVE,"{""mapping_method"": ""exact_identifier_based"", ""resolution_status"": ""HIGH_EXACT"", ""match_score"": 100.0, ""source_dataset"": ""RxNorm"", ""provenance"": ""rxnorm_drug_enrichment.csv""}"
E_RXN_000715,DRUG_000736,RXCUI_88014,HAS_RXNORM_CONCEPT,RxNorm,RXN:DRUG_000736:88014,HIGH_EXACT,HIGH_AUTHORITATIVE,"{""mapping_method"": ""exact_identifier_based"", ""resolution_status"": ""HIGH_EXACT"", ""match_score"": 100.0, ""source_dataset"": ""RxNorm"", ""provenance"": ""rxnorm_drug_enrichment.csv""}"
E_RXN_000716,DRUG_000737,RXCUI_23437,HAS_RXNORM_CONCEPT,RxNorm,RXN:DRUG_000737:23437,HIGH_EXACT,HIGH_AUTHORITATIVE,"{""mapping_method"": ""exact_identifier_based"", ""resolution_status"": ""HIGH_EXACT"", ""match_score"": 100.0, ""source_dataset"": ""RxNorm"", ""provenance"": ""rxnorm_drug_enrichment.csv""}"
E_RXN_000717,DRUG_000738,RXCUI_7337,HAS_RXNORM_CONCEPT,RxNorm,RXN:DRUG_000738:7337,HIGH_EXACT,HIGH_AUTHORITATIVE,"{""mapping_method"": ""exact_identifier_based"", ""resolution_status"": ""HIGH_EXACT"", ""match_score"": 100.0, ""source_dataset"": ""RxNorm"", ""provenance"": ""rxnorm_drug_enrichment.csv""}"
E_RXN_000718,DRUG_000739,RXCUI_221107,HAS_RXNORM_CONCEPT,RxNorm,RXN:DRUG_000739:221107,HIGH_EXACT,HIGH_AUTHORITATIVE,"{""mapping_method"": ""exact_identifier_based"", ""resolution_status"": ""HIGH_EXACT"", ""match_score"": 100.0, ""source_dataset"": ""RxNorm"", ""provenance"": ""rxnorm_drug_enrichment.csv""}"
E_RXN_000719,DRUG_000740,RXCUI_31994,HAS_RXNORM_CONCEPT,RxNorm,RXN:DRUG_000740:31994,HIGH_EXACT,HIGH_AUTHORITATIVE,"{""mapping_method"": ""exact_identifier_based"", ""resolution_status"": ""HIGH_EXACT"", ""match_score"": 100.0, ""source_dataset"": ""RxNorm"", ""provenance"": ""rxnorm_drug_enrichment.csv""}"
E_RXN_000720,DRUG_000741,RXCUI_40048,HAS_RXNORM_CONCEPT,RxNorm,RXN:DRUG_000741:40048,HIGH_EXACT,HIGH_AUTHORITATIVE,"{""mapping_method"": ""exact_identifier_based"", ""resolution_status"": ""HIGH_EXACT"", ""match_score"": 100.0, ""source_dataset"": ""RxNorm"", ""provenance"": ""rxnorm_drug_enrichment.csv""}"
E_RXN_000721,DRUG_000742,RXCUI_6902,HAS_RXNORM_CONCEPT,RxNorm,RXN:DRUG_000742:6902,HIGH_EXACT,HIGH_AUTHORITATIVE,"{""mapping_method"": ""exact_identifier_based"", ""resolution_status"": ""HIGH_EXACT"", ""match_score"": 100.0, ""source_dataset"": ""RxNorm"", ""provenance"": ""rxnorm_drug_enrichment.csv""}"
E_RXN_000722,DRUG_000743,RXCUI_8332,HAS_RXNORM_CONCEPT,RxNorm,RXN:DRUG_000743:8332,HIGH_EXACT,HIGH_AUTHORITATIVE,"{""mapping_method"": ""exact_identifier_based"", ""resolution_status"": ""HIGH_EXACT"", ""match_score"": 100.0, ""source_dataset"": ""RxNorm"", ""provenance"": ""rxnorm_drug_enrichment.csv""}"
E_RXN_000723,DRUG_000744,RXCUI_6759,HAS_RXNORM_CONCEPT,RxNorm,RXN:DRUG_000744:6759,HIGH_EXACT,HIGH_AUTHORITATIVE,"{""mapping_method"": ""exact_identifier_based"", ""resolution_status"": ""HIGH_EXACT"", ""match_score"": 100.0, ""source_dataset"": ""RxNorm"", ""provenance"": ""rxnorm_drug_enrichment.csv""}"
E_RXN_000724,DRUG_000745,RXCUI_74667,HAS_RXNORM_CONCEPT,RxNorm,RXN:DRUG_000745:74667,HIGH_EXACT,HIGH_AUTHORITATIVE,"{""mapping_method"": ""exact_identifier_based"", ""resolution_status"": ""HIGH_EXACT"", ""match_score"": 100.0, ""source_dataset"": ""RxNorm"", ""provenance"": ""rxnorm_drug_enrichment.csv""}"
E_RXN_000725,DRUG_000746,RXCUI_19737,HAS_RXNORM_CONCEPT,RxNorm,RXN:DRUG_000746:19737,HIGH_EXACT,HIGH_AUTHORITATIVE,"{""mapping_method"": ""exact_identifier_based"", ""resolution_status"": ""HIGH_EXACT"", ""match_score"": 100.0, ""source_dataset"": ""RxNorm"", ""provenance"": ""rxnorm_drug_enrichment.csv""}"
E_RXN_000726,DRUG_000747,RXCUI_14845,HAS_RXNORM_CONCEPT,RxNorm,RXN:DRUG_000747:14845,HIGH_EXACT,HIGH_AUTHORITATIVE,"{""mapping_method"": ""exact_identifier_based"", ""resolution_status"": ""HIGH_EXACT"", ""match_score"": 100.0, ""source_dataset"": ""RxNorm"", ""provenance"": ""rxnorm_drug_enrichment.csv""}"
E_RXN_000727,DRUG_000748,RXCUI_73494,HAS_RXNORM_CONCEPT,RxNorm,RXN:DRUG_000748:73494,HIGH_EXACT,HIGH_AUTHORITATIVE,"{""mapping_method"": ""exact_identifier_based"", ""resolution_status"": ""HIGH_EXACT"", ""match_score"": 100.0, ""source_dataset"": ""RxNorm"", ""provenance"": ""rxnorm_drug_enrichment.csv""}"
E_RXN_000728,DRUG_000749,RXCUI_275635,HAS_RXNORM_CONCEPT,RxNorm,RXN:DRUG_000749:275635,HIGH_EXACT,HIGH_AUTHORITATIVE,"{""mapping_method"": ""exact_identifier_based"", ""resolution_status"": ""HIGH_EXACT"", ""match_score"": 100.0, ""source_dataset"": ""RxNorm"", ""provenance"": ""rxnorm_drug_enrichment.csv""}"
E_RXN_000729,DRUG_000750,RXCUI_1545996,HAS_RXNORM_CONCEPT,RxNorm,RXN:DRUG_000750:1545996,HIGH_EXACT,HIGH_AUTHORITATIVE,"{""mapping_method"": ""exact_identifier_based"", ""resolution_status"": ""HIGH_EXACT"", ""match_score"": 100.0, ""source_dataset"": ""RxNorm"", ""provenance"": ""rxnorm_drug_enrichment.csv""}"
E_RXN_000730,DRUG_000751,RXCUI_85248,HAS_RXNORM_CONCEPT,RxNorm,RXN:DRUG_000751:85248,HIGH_EXACT,HIGH_AUTHORITATIVE,"{""mapping_method"": ""exact_identifier_based"", ""resolution_status"": ""HIGH_EXACT"", ""match_score"": 100.0, ""source_dataset"": ""RxNorm"", ""provenance"": ""rxnorm_drug_enrichment.csv""}"
E_RXN_000731,DRUG_000752,RXCUI_3100,HAS_RXNORM_CONCEPT,RxNorm,RXN:DRUG_000752:3100,HIGH_EXACT,HIGH_AUTHORITATIVE,"{""mapping_method"": ""exact_identifier_based"", ""resolution_status"": ""HIGH_EXACT"", ""match_score"": 100.0, ""source_dataset"": ""RxNorm"", ""provenance"": ""rxnorm_drug_enrichment.csv""}"
E_RXN_000732,DRUG_000753,RXCUI_18603,HAS_RXNORM_CONCEPT,RxNorm,RXN:DRUG_000753:18603,HIGH_EXACT,HIGH_AUTHORITATIVE,"{""mapping_method"": ""exact_identifier_based"", ""resolution_status"": ""HIGH_EXACT"", ""match_score"": 100.0, ""source_dataset"": ""RxNorm"", ""provenance"": ""rxnorm_drug_enrichment.csv""}"
E_RXN_000733,DRUG_000754,RXCUI_341248,HAS_RXNORM_CONCEPT,RxNorm,RXN:DRUG_000754:341248,HIGH_EXACT,HIGH_AUTHORITATIVE,"{""mapping_method"": ""exact_identifier_based"", ""resolution_status"": ""HIGH_EXACT"", ""match_score"": 100.0, ""source_dataset"": ""RxNorm"", ""provenance"": ""rxnorm_drug_enrichment.csv""}"
E_RXN_000734,DRUG_000755,RXCUI_1370600,HAS_RXNORM_CONCEPT,RxNorm,RXN:DRUG_000755:1370600,HIGH_EXACT,HIGH_AUTHORITATIVE,"{""mapping_method"": ""exact_identifier_based"", ""resolution_status"": ""HIGH_EXACT"", ""match_score"": 100.0, ""source_dataset"": ""RxNorm"", ""provenance"": ""rxnorm_drug_enrichment.csv""}"
E_RXN_000735,DRUG_000756,RXCUI_3521,HAS_RXNORM_CONCEPT,RxNorm,RXN:DRUG_000756:3521,HIGH_EXACT,HIGH_AUTHORITATIVE,"{""mapping_method"": ""exact_identifier_based"", ""resolution_status"": ""HIGH_EXACT"", ""match_score"": 100.0, ""source_dataset"": ""RxNorm"", ""provenance"": ""rxnorm_drug_enrichment.csv""}"
E_RXN_000736,DRUG_000757,RXCUI_274786,HAS_RXNORM_CONCEPT,RxNorm,RXN:DRUG_000757:274786,HIGH_EXACT,HIGH_AUTHORITATIVE,"{""mapping_method"": ""exact_identifier_based"", ""resolution_status"": ""HIGH_EXACT"", ""match_score"": 100.0, ""source_dataset"": ""RxNorm"", ""provenance"": ""rxnorm_drug_enrichment.csv""}"
E_RXN_000737,DRUG_000758,RXCUI_4124,HAS_RXNORM_CONCEPT,RxNorm,RXN:DRUG_000758:4124,HIGH_EXACT,HIGH_AUTHORITATIVE,"{""mapping_method"": ""exact_identifier_based"", ""resolution_status"": ""HIGH_EXACT"", ""match_score"": 100.0, ""source_dataset"": ""RxNorm"", ""provenance"": ""rxnorm_drug_enrichment.csv""}"
E_RXN_000738,DRUG_000759,RXCUI_28872,HAS_RXNORM_CONCEPT,RxNorm,RXN:DRUG_000759:28872,HIGH_EXACT,HIGH_AUTHORITATIVE,"{""mapping_method"": ""exact_identifier_based"", ""resolution_status"": ""HIGH_EXACT"", ""match_score"": 100.0, ""source_dataset"": ""RxNorm"", ""provenance"": ""rxnorm_drug_enrichment.csv""}"
E_RXN_000739,DRUG_000760,RXCUI_3001,HAS_RXNORM_CONCEPT,RxNorm,RXN:DRUG_000760:3001,HIGH_EXACT,HIGH_AUTHORITATIVE,"{""mapping_method"": ""exact_identifier_based"", ""resolution_status"": ""HIGH_EXACT"", ""match_score"": 100.0, ""source_dataset"": ""RxNorm"", ""provenance"": ""rxnorm_drug_enrichment.csv""}"
E_RXN_000740,DRUG_000761,RXCUI_596205,HAS_RXNORM_CONCEPT,RxNorm,RXN:DRUG_000761:596205,HIGH_EXACT,HIGH_AUTHORITATIVE,"{""mapping_method"": ""exact_identifier_based"", ""resolution_status"": ""HIGH_EXACT"", ""match_score"": 100.0, ""source_dataset"": ""RxNorm"", ""provenance"": ""rxnorm_drug_enrichment.csv""}"
E_RXN_000741,DRUG_000762,RXCUI_8299,HAS_RXNORM_CONCEPT,RxNorm,RXN:DRUG_000762:8299,HIGH_EXACT,HIGH_AUTHORITATIVE,"{""mapping_method"": ""exact_identifier_based"", ""resolution_status"": ""HIGH_EXACT"", ""match_score"": 100.0, ""source_dataset"": ""RxNorm"", ""provenance"": ""rxnorm_drug_enrichment.csv""}"
E_RXN_000742,DRUG_000763,RXCUI_25255,HAS_RXNORM_CONCEPT,RxNorm,RXN:DRUG_000763:25255,HIGH_EXACT,HIGH_AUTHORITATIVE,"{""mapping_method"": ""exact_identifier_based"", ""resolution_status"": ""HIGH_EXACT"", ""match_score"": 100.0, ""source_dataset"": ""RxNorm"", ""provenance"": ""rxnorm_drug_enrichment.csv""}"
E_RXN_000743,DRUG_000764,RXCUI_304962,HAS_RXNORM_CONCEPT,RxNorm,RXN:DRUG_000764:304962,HIGH_EXACT,HIGH_AUTHORITATIVE,"{""mapping_method"": ""exact_identifier_based"", ""resolution_status"": ""HIGH_EXACT"", ""match_score"": 100.0, ""source_dataset"": ""RxNorm"", ""provenance"": ""rxnorm_drug_enrichment.csv""}"
E_RXN_000744,DRUG_000765,RXCUI_25255,HAS_RXNORM_CONCEPT,RxNorm,RXN:DRUG_000765:25255,HIGH_EXACT,HIGH_AUTHORITATIVE,"{""mapping_method"": ""exact_name_lookup"", ""resolution_status"": ""HIGH_EXACT"", ""match_score"": 100.0, ""source_dataset"": ""RxNorm"", ""provenance"": ""rxnorm_drug_enrichment.csv""}"
E_RXN_000745,DRUG_000766,RXCUI_3444,HAS_RXNORM_CONCEPT,RxNorm,RXN:DRUG_000766:3444,HIGH_EXACT,HIGH_AUTHORITATIVE,"{""mapping_method"": ""exact_identifier_based"", ""resolution_status"": ""HIGH_EXACT"", ""match_score"": 100.0, ""source_dataset"": ""RxNorm"", ""provenance"": ""rxnorm_drug_enrichment.csv""}"
E_RXN_000746,DRUG_000767,RXCUI_1546438,HAS_RXNORM_CONCEPT,RxNorm,RXN:DRUG_000767:1546438,HIGH_EXACT,HIGH_AUTHORITATIVE,"{""mapping_method"": ""exact_identifier_based"", ""resolution_status"": ""HIGH_EXACT"", ""match_score"": 100.0, ""source_dataset"": ""RxNorm"", ""provenance"": ""rxnorm_drug_enrichment.csv""}"
E_RXN_000747,DRUG_000768,RXCUI_3041,HAS_RXNORM_CONCEPT,RxNorm,RXN:DRUG_000768:3041,HIGH_EXACT,HIGH_AUTHORITATIVE,"{""mapping_method"": ""exact_identifier_based"", ""resolution_status"": ""HIGH_EXACT"", ""match_score"": 100.0, ""source_dataset"": ""RxNorm"", ""provenance"": ""rxnorm_drug_enrichment.csv""}"
E_RXN_000748,DRUG_000769,RXCUI_3628,HAS_RXNORM_CONCEPT,RxNorm,RXN:DRUG_000769:3628,HIGH_EXACT,HIGH_AUTHORITATIVE,"{""mapping_method"": ""exact_identifier_based"", ""resolution_status"": ""HIGH_EXACT"", ""match_score"": 100.0, ""source_dataset"": ""RxNorm"", ""provenance"": ""rxnorm_drug_enrichment.csv""}"
E_RXN_000749,DRUG_000770,RXCUI_183379,HAS_RXNORM_CONCEPT,RxNorm,RXN:DRUG_000770:183379,HIGH_EXACT,HIGH_AUTHORITATIVE,"{""mapping_method"": ""exact_identifier_based"", ""resolution_status"": ""HIGH_EXACT"", ""match_score"": 100.0, ""source_dataset"": ""RxNorm"", ""provenance"": ""rxnorm_drug_enrichment.csv""}"
E_RXN_000750,DRUG_000771,RXCUI_258494,HAS_RXNORM_CONCEPT,RxNorm,RXN:DRUG_000771:258494,HIGH_EXACT,HIGH_AUTHORITATIVE,"{""mapping_method"": ""exact_identifier_based"", ""resolution_status"": ""HIGH_EXACT"", ""match_score"": 100.0, ""source_dataset"": ""RxNorm"", ""provenance"": ""rxnorm_drug_enrichment.csv""}"
E_RXN_000751,DRUG_000772,RXCUI_32613,HAS_RXNORM_CONCEPT,RxNorm,RXN:DRUG_000772:32613,HIGH_EXACT,HIGH_AUTHORITATIVE,"{""mapping_method"": ""exact_identifier_based"", ""resolution_status"": ""HIGH_EXACT"", ""match_score"": 100.0, ""source_dataset"": ""RxNorm"", ""provenance"": ""rxnorm_drug_enrichment.csv""}"
E_RXN_000752,DRUG_000773,RXCUI_337068,HAS_RXNORM_CONCEPT,RxNorm,RXN:DRUG_000773:337068,HIGH_EXACT,HIGH_AUTHORITATIVE,"{""mapping_method"": ""exact_identifier_based"", ""resolution_status"": ""HIGH_EXACT"", ""match_score"": 100.0, ""source_dataset"": ""RxNorm"", ""provenance"": ""rxnorm_drug_enrichment.csv""}"
E_RXN_000753,DRUG_000774,RXCUI_1256,HAS_RXNORM_CONCEPT,RxNorm,RXN:DRUG_000774:1256,HIGH_EXACT,HIGH_AUTHORITATIVE,"{""mapping_method"": ""exact_identifier_based"", ""resolution_status"": ""HIGH_EXACT"", ""match_score"": 100.0, ""source_dataset"": ""RxNorm"", ""provenance"": ""rxnorm_drug_enrichment.csv""}"
E_RXN_000754,DRUG_000775,RXCUI_25480,HAS_RXNORM_CONCEPT,RxNorm,RXN:DRUG_000775:25480,HIGH_EXACT,HIGH_AUTHORITATIVE,"{""mapping_method"": ""exact_identifier_based"", ""resolution_status"": ""HIGH_EXACT"", ""match_score"": 100.0, ""source_dataset"": ""RxNorm"", ""provenance"": ""rxnorm_drug_enrichment.csv""}"
E_RXN_000755,DRUG_000776,RXCUI_142433,HAS_RXNORM_CONCEPT,RxNorm,RXN:DRUG_000776:142433,HIGH_EXACT,HIGH_AUTHORITATIVE,"{""mapping_method"": ""exact_identifier_based"", ""resolution_status"": ""HIGH_EXACT"", ""match_score"": 100.0, ""source_dataset"": ""RxNorm"", ""provenance"": ""rxnorm_drug_enrichment.csv""}"
E_RXN_000756,DRUG_000777,RXCUI_228783,HAS_RXNORM_CONCEPT,RxNorm,RXN:DRUG_000777:228783,HIGH_EXACT,HIGH_AUTHORITATIVE,"{""mapping_method"": ""exact_identifier_based"", ""resolution_status"": ""HIGH_EXACT"", ""match_score"": 100.0, ""source_dataset"": ""RxNorm"", ""provenance"": ""rxnorm_drug_enrichment.csv""}"
E_RXN_000757,DRUG_000778,RXCUI_5487,HAS_RXNORM_CONCEPT,RxNorm,RXN:DRUG_000778:5487,HIGH_EXACT,HIGH_AUTHORITATIVE,"{""mapping_method"": ""exact_identifier_based"", ""resolution_status"": ""HIGH_EXACT"", ""match_score"": 100.0, ""source_dataset"": ""RxNorm"", ""provenance"": ""rxnorm_drug_enrichment.csv""}"
E_RXN_000758,DRUG_000779,RXCUI_2968,HAS_RXNORM_CONCEPT,RxNorm,RXN:DRUG_000779:2968,HIGH_EXACT,HIGH_AUTHORITATIVE,"{""mapping_method"": ""exact_identifier_based"", ""resolution_status"": ""HIGH_EXACT"", ""match_score"": 100.0, ""source_dataset"": ""RxNorm"", ""provenance"": ""rxnorm_drug_enrichment.csv""}"
E_RXN_000759,DRUG_000780,RXCUI_435,HAS_RXNORM_CONCEPT,RxNorm,RXN:DRUG_000780:435,HIGH_EXACT,HIGH_AUTHORITATIVE,"{""mapping_method"": ""exact_identifier_based"", ""resolution_status"": ""HIGH_EXACT"", ""match_score"": 100.0, ""source_dataset"": ""RxNorm"", ""provenance"": ""rxnorm_drug_enrichment.csv""}"
E_RXN_000760,DRUG_000781,RXCUI_237159,HAS_RXNORM_CONCEPT,RxNorm,RXN:DRUG_000781:237159,HIGH_EXACT,HIGH_AUTHORITATIVE,"{""mapping_method"": ""exact_identifier_based"", ""resolution_status"": ""HIGH_EXACT"", ""match_score"": 100.0, ""source_dataset"": ""RxNorm"", ""provenance"": ""rxnorm_drug_enrichment.csv""}"
E_RXN_000761,DRUG_000782,RXCUI_435,HAS_RXNORM_CONCEPT,RxNorm,RXN:DRUG_000782:435,HIGH_EXACT,HIGH_AUTHORITATIVE,"{""mapping_method"": ""exact_name_lookup"", ""resolution_status"": ""HIGH_EXACT"", ""match_score"": 100.0, ""source_dataset"": ""RxNorm"", ""provenance"": ""rxnorm_drug_enrichment.csv""}"
E_RXN_000762,DRUG_000783,RXCUI_4678,HAS_RXNORM_CONCEPT,RxNorm,RXN:DRUG_000783:4678,HIGH_EXACT,HIGH_AUTHORITATIVE,"{""mapping_method"": ""exact_identifier_based"", ""resolution_status"": ""HIGH_EXACT"", ""match_score"": 100.0, ""source_dataset"": ""RxNorm"", ""provenance"": ""rxnorm_drug_enrichment.csv""}"
E_RXN_000763,DRUG_000785,RXCUI_72965,HAS_RXNORM_CONCEPT,RxNorm,RXN:DRUG_000785:72965,HIGH_EXACT,HIGH_AUTHORITATIVE,"{""mapping_method"": ""exact_identifier_based"", ""resolution_status"": ""HIGH_EXACT"", ""match_score"": 100.0, ""source_dataset"": ""RxNorm"", ""provenance"": ""rxnorm_drug_enrichment.csv""}"
E_RXN_000764,DRUG_000786,RXCUI_38298,HAS_RXNORM_CONCEPT,RxNorm,RXN:DRUG_000786:38298,HIGH_EXACT,HIGH_AUTHORITATIVE,"{""mapping_method"": ""exact_identifier_based"", ""resolution_status"": ""HIGH_EXACT"", ""match_score"": 100.0, ""source_dataset"": ""RxNorm"", ""provenance"": ""rxnorm_drug_enrichment.csv""}"
E_RXN_000765,DRUG_000787,RXCUI_1828,HAS_RXNORM_CONCEPT,RxNorm,RXN:DRUG_000787:1828,HIGH_EXACT,HIGH_AUTHORITATIVE,"{""mapping_method"": ""exact_identifier_based"", ""resolution_status"": ""HIGH_EXACT"", ""match_score"": 100.0, ""source_dataset"": ""RxNorm"", ""provenance"": ""rxnorm_drug_enrichment.csv""}"
E_RXN_000766,DRUG_000788,RXCUI_6142,HAS_RXNORM_CONCEPT,RxNorm,RXN:DRUG_000788:6142,HIGH_EXACT,HIGH_AUTHORITATIVE,"{""mapping_method"": ""exact_identifier_based"", ""resolution_status"": ""HIGH_EXACT"", ""match_score"": 100.0, ""source_dataset"": ""RxNorm"", ""provenance"": ""rxnorm_drug_enrichment.csv""}"
E_RXN_000767,DRUG_000789,RXCUI_237162,HAS_RXNORM_CONCEPT,RxNorm,RXN:DRUG_000789:237162,HIGH_EXACT,HIGH_AUTHORITATIVE,"{""mapping_method"": ""exact_identifier_based"", ""resolution_status"": ""HIGH_EXACT"", ""match_score"": 100.0, ""source_dataset"": ""RxNorm"", ""provenance"": ""rxnorm_drug_enrichment.csv""}"
E_RXN_000768,DRUG_000790,RXCUI_6142,HAS_RXNORM_CONCEPT,RxNorm,RXN:DRUG_000790:6142,HIGH_EXACT,HIGH_AUTHORITATIVE,"{""mapping_method"": ""exact_name_lookup"", ""resolution_status"": ""HIGH_EXACT"", ""match_score"": 100.0, ""source_dataset"": ""RxNorm"", ""provenance"": ""rxnorm_drug_enrichment.csv""}"
E_RXN_000769,DRUG_000791,RXCUI_1546421,HAS_RXNORM_CONCEPT,RxNorm,RXN:DRUG_000791:1546421,HIGH_EXACT,HIGH_AUTHORITATIVE,"{""mapping_method"": ""exact_identifier_based"", ""resolution_status"": ""HIGH_EXACT"", ""match_score"": 100.0, ""source_dataset"": ""RxNorm"", ""provenance"": ""rxnorm_drug_enrichment.csv""}"
E_RXN_000770,DRUG_000792,RXCUI_6923,HAS_RXNORM_CONCEPT,RxNorm,RXN:DRUG_000792:6923,HIGH_EXACT,HIGH_AUTHORITATIVE,"{""mapping_method"": ""exact_identifier_based"", ""resolution_status"": ""HIGH_EXACT"", ""match_score"": 100.0, ""source_dataset"": ""RxNorm"", ""provenance"": ""rxnorm_drug_enrichment.csv""}"
E_RXN_000771,DRUG_000793,RXCUI_407990,HAS_RXNORM_CONCEPT,RxNorm,RXN:DRUG_000793:407990,HIGH_EXACT,HIGH_AUTHORITATIVE,"{""mapping_method"": ""exact_identifier_based"", ""resolution_status"": ""HIGH_EXACT"", ""match_score"": 100.0, ""source_dataset"": ""RxNorm"", ""provenance"": ""rxnorm_drug_enrichment.csv""}"
E_RXN_000772,DRUG_000794,RXCUI_21245,HAS_RXNORM_CONCEPT,RxNorm,RXN:DRUG_000794:21245,HIGH_EXACT,HIGH_AUTHORITATIVE,"{""mapping_method"": ""exact_identifier_based"", ""resolution_status"": ""HIGH_EXACT"", ""match_score"": 100.0, ""source_dataset"": ""RxNorm"", ""provenance"": ""rxnorm_drug_enrichment.csv""}"
E_RXN_000773,DRUG_000795,RXCUI_18747,HAS_RXNORM_CONCEPT,RxNorm,RXN:DRUG_000795:18747,HIGH_EXACT,HIGH_AUTHORITATIVE,"{""mapping_method"": ""exact_identifier_based"", ""resolution_status"": ""HIGH_EXACT"", ""match_score"": 100.0, ""source_dataset"": ""RxNorm"", ""provenance"": ""rxnorm_drug_enrichment.csv""}"
E_RXN_000774,DRUG_000796,RXCUI_10180,HAS_RXNORM_CONCEPT,RxNorm,RXN:DRUG_000796:10180,HIGH_EXACT,HIGH_AUTHORITATIVE,"{""mapping_method"": ""exact_identifier_based"", ""resolution_status"": ""HIGH_EXACT"", ""match_score"": 100.0, ""source_dataset"": ""RxNorm"", ""provenance"": ""rxnorm_drug_enrichment.csv""}"
E_RXN_000775,DRUG_000797,RXCUI_4815,HAS_RXNORM_CONCEPT,RxNorm,RXN:DRUG_000797:4815,HIGH_EXACT,HIGH_AUTHORITATIVE,"{""mapping_method"": ""exact_identifier_based"", ""resolution_status"": ""HIGH_EXACT"", ""match_score"": 100.0, ""source_dataset"": ""RxNorm"", ""provenance"": ""rxnorm_drug_enrichment.csv""}"
E_RXN_000776,DRUG_000798,RXCUI_6980,HAS_RXNORM_CONCEPT,RxNorm,RXN:DRUG_000798:6980,HIGH_EXACT,HIGH_AUTHORITATIVE,"{""mapping_method"": ""exact_identifier_based"", ""resolution_status"": ""HIGH_EXACT"", ""match_score"": 100.0, ""source_dataset"": ""RxNorm"", ""provenance"": ""rxnorm_drug_enrichment.csv""}"
E_RXN_000777,DRUG_000799,RXCUI_40114,HAS_RXNORM_CONCEPT,RxNorm,RXN:DRUG_000799:40114,HIGH_EXACT,HIGH_AUTHORITATIVE,"{""mapping_method"": ""exact_identifier_based"", ""resolution_status"": ""HIGH_EXACT"", ""match_score"": 100.0, ""source_dataset"": ""RxNorm"", ""provenance"": ""rxnorm_drug_enrichment.csv""}"
E_RXN_000778,DRUG_000800,RXCUI_19257,HAS_RXNORM_CONCEPT,RxNorm,RXN:DRUG_000800:19257,HIGH_EXACT,HIGH_AUTHORITATIVE,"{""mapping_method"": ""exact_identifier_based"", ""resolution_status"": ""HIGH_EXACT"", ""match_score"": 100.0, ""source_dataset"": ""RxNorm"", ""provenance"": ""rxnorm_drug_enrichment.csv""}"
E_RXN_000779,DRUG_000801,RXCUI_28004,HAS_RXNORM_CONCEPT,RxNorm,RXN:DRUG_000801:28004,HIGH_EXACT,HIGH_AUTHORITATIVE,"{""mapping_method"": ""exact_identifier_based"", ""resolution_status"": ""HIGH_EXACT"", ""match_score"": 100.0, ""source_dataset"": ""RxNorm"", ""provenance"": ""rxnorm_drug_enrichment.csv""}"
E_RXN_000780,DRUG_000802,RXCUI_10772,HAS_RXNORM_CONCEPT,RxNorm,RXN:DRUG_000802:10772,HIGH_EXACT,HIGH_AUTHORITATIVE,"{""mapping_method"": ""exact_identifier_based"", ""resolution_status"": ""HIGH_EXACT"", ""match_score"": 100.0, ""source_dataset"": ""RxNorm"", ""provenance"": ""rxnorm_drug_enrichment.csv""}"
E_RXN_000781,DRUG_000803,RXCUI_11258,HAS_RXNORM_CONCEPT,RxNorm,RXN:DRUG_000803:11258,HIGH_EXACT,HIGH_AUTHORITATIVE,"{""mapping_method"": ""exact_identifier_based"", ""resolution_status"": ""HIGH_EXACT"", ""match_score"": 100.0, ""source_dataset"": ""RxNorm"", ""provenance"": ""rxnorm_drug_enrichment.csv""}"
E_RXN_000782,DRUG_000804,RXCUI_4316,HAS_RXNORM_CONCEPT,RxNorm,RXN:DRUG_000804:4316,HIGH_EXACT,HIGH_AUTHORITATIVE,"{""mapping_method"": ""exact_identifier_based"", ""resolution_status"": ""HIGH_EXACT"", ""match_score"": 100.0, ""source_dataset"": ""RxNorm"", ""provenance"": ""rxnorm_drug_enrichment.csv""}"
E_RXN_000783,DRUG_000805,RXCUI_265323,HAS_RXNORM_CONCEPT,RxNorm,RXN:DRUG_000805:265323,HIGH_EXACT,HIGH_AUTHORITATIVE,"{""mapping_method"": ""exact_identifier_based"", ""resolution_status"": ""HIGH_EXACT"", ""match_score"": 100.0, ""source_dataset"": ""RxNorm"", ""provenance"": ""rxnorm_drug_enrichment.csv""}"
E_RXN_000784,DRUG_000806,RXCUI_6135,HAS_RXNORM_CONCEPT,RxNorm,RXN:DRUG_000806:6135,HIGH_EXACT,HIGH_AUTHORITATIVE,"{""mapping_method"": ""exact_identifier_based"", ""resolution_status"": ""HIGH_EXACT"", ""match_score"": 100.0, ""source_dataset"": ""RxNorm"", ""provenance"": ""rxnorm_drug_enrichment.csv""}"
E_RXN_000785,DRUG_000807,RXCUI_6857,HAS_RXNORM_CONCEPT,RxNorm,RXN:DRUG_000807:6857,HIGH_EXACT,HIGH_AUTHORITATIVE,"{""mapping_method"": ""exact_identifier_based"", ""resolution_status"": ""HIGH_EXACT"", ""match_score"": 100.0, ""source_dataset"": ""RxNorm"", ""provenance"": ""rxnorm_drug_enrichment.csv""}"
E_RXN_000786,DRUG_000808,RXCUI_83818,HAS_RXNORM_CONCEPT,RxNorm,RXN:DRUG_000808:83818,HIGH_EXACT,HIGH_AUTHORITATIVE,"{""mapping_method"": ""exact_identifier_based"", ""resolution_status"": ""HIGH_EXACT"", ""match_score"": 100.0, ""source_dataset"": ""RxNorm"", ""provenance"": ""rxnorm_drug_enrichment.csv""}"
E_RXN_000787,DRUG_000809,RXCUI_57308,HAS_RXNORM_CONCEPT,RxNorm,RXN:DRUG_000809:57308,HIGH_EXACT,HIGH_AUTHORITATIVE,"{""mapping_method"": ""exact_identifier_based"", ""resolution_status"": ""HIGH_EXACT"", ""match_score"": 100.0, ""source_dataset"": ""RxNorm"", ""provenance"": ""rxnorm_drug_enrichment.csv""}"
E_RXN_000788,DRUG_000810,RXCUI_8698,HAS_RXNORM_CONCEPT,RxNorm,RXN:DRUG_000810:8698,HIGH_EXACT,HIGH_AUTHORITATIVE,"{""mapping_method"": ""exact_identifier_based"", ""resolution_status"": ""HIGH_EXACT"", ""match_score"": 100.0, ""source_dataset"": ""RxNorm"", ""provenance"": ""rxnorm_drug_enrichment.csv""}"
E_RXN_000789,DRUG_000811,RXCUI_103,HAS_RXNORM_CONCEPT,RxNorm,RXN:DRUG_000811:103,HIGH_EXACT,HIGH_AUTHORITATIVE,"{""mapping_method"": ""exact_identifier_based"", ""resolution_status"": ""HIGH_EXACT"", ""match_score"": 100.0, ""source_dataset"": ""RxNorm"", ""provenance"": ""rxnorm_drug_enrichment.csv""}"
E_RXN_000790,DRUG_000813,RXCUI_8700,HAS_RXNORM_CONCEPT,RxNorm,RXN:DRUG_000813:8700,HIGH_EXACT,HIGH_AUTHORITATIVE,"{""mapping_method"": ""exact_identifier_based"", ""resolution_status"": ""HIGH_EXACT"", ""match_score"": 100.0, ""source_dataset"": ""RxNorm"", ""provenance"": ""rxnorm_drug_enrichment.csv""}"
E_RXN_000791,DRUG_000814,RXCUI_119565,HAS_RXNORM_CONCEPT,RxNorm,RXN:DRUG_000814:119565,HIGH_EXACT,HIGH_AUTHORITATIVE,"{""mapping_method"": ""exact_identifier_based"", ""resolution_status"": ""HIGH_EXACT"", ""match_score"": 100.0, ""source_dataset"": ""RxNorm"", ""provenance"": ""rxnorm_drug_enrichment.csv""}"
E_RXN_000792,DRUG_000815,RXCUI_9639,HAS_RXNORM_CONCEPT,RxNorm,RXN:DRUG_000815:9639,HIGH_EXACT,HIGH_AUTHORITATIVE,"{""mapping_method"": ""exact_identifier_based"", ""resolution_status"": ""HIGH_EXACT"", ""match_score"": 100.0, ""source_dataset"": ""RxNorm"", ""provenance"": ""rxnorm_drug_enrichment.csv""}"
E_RXN_000793,DRUG_000816,RXCUI_8703,HAS_RXNORM_CONCEPT,RxNorm,RXN:DRUG_000816:8703,HIGH_EXACT,HIGH_AUTHORITATIVE,"{""mapping_method"": ""exact_identifier_based"", ""resolution_status"": ""HIGH_EXACT"", ""match_score"": 100.0, ""source_dataset"": ""RxNorm"", ""provenance"": ""rxnorm_drug_enrichment.csv""}"
E_RXN_000794,DRUG_000817,RXCUI_10432,HAS_RXNORM_CONCEPT,RxNorm,RXN:DRUG_000817:10432,HIGH_EXACT,HIGH_AUTHORITATIVE,"{""mapping_method"": ""exact_identifier_based"", ""resolution_status"": ""HIGH_EXACT"", ""match_score"": 100.0, ""source_dataset"": ""RxNorm"", ""provenance"": ""rxnorm_drug_enrichment.csv""}"
E_RXN_000795,DRUG_000818,RXCUI_6718,HAS_RXNORM_CONCEPT,RxNorm,RXN:DRUG_000818:6718,HIGH_EXACT,HIGH_AUTHORITATIVE,"{""mapping_method"": ""exact_identifier_based"", ""resolution_status"": ""HIGH_EXACT"", ""match_score"": 100.0, ""source_dataset"": ""RxNorm"", ""provenance"": ""rxnorm_drug_enrichment.csv""}"
E_RXN_000796,DRUG_000819,RXCUI_6719,HAS_RXNORM_CONCEPT,RxNorm,RXN:DRUG_000819:6719,HIGH_EXACT,HIGH_AUTHORITATIVE,"{""mapping_method"": ""exact_identifier_based"", ""resolution_status"": ""HIGH_EXACT"", ""match_score"": 100.0, ""source_dataset"": ""RxNorm"", ""provenance"": ""rxnorm_drug_enrichment.csv""}"
E_RXN_000797,DRUG_000821,RXCUI_9384,HAS_RXNORM_CONCEPT,RxNorm,RXN:DRUG_000821:9384,HIGH_EXACT,HIGH_AUTHORITATIVE,"{""mapping_method"": ""exact_identifier_based"", ""resolution_status"": ""HIGH_EXACT"", ""match_score"": 100.0, ""source_dataset"": ""RxNorm"", ""provenance"": ""rxnorm_drug_enrichment.csv""}"
E_RXN_000798,DRUG_000822,RXCUI_623033,HAS_RXNORM_CONCEPT,RxNorm,RXN:DRUG_000822:623033,HIGH_EXACT,HIGH_AUTHORITATIVE,"{""mapping_method"": ""exact_identifier_based"", ""resolution_status"": ""HIGH_EXACT"", ""match_score"": 100.0, ""source_dataset"": ""RxNorm"", ""provenance"": ""rxnorm_drug_enrichment.csv""}"
E_RXN_000799,DRUG_000823,RXCUI_4462,HAS_RXNORM_CONCEPT,RxNorm,RXN:DRUG_000823:4462,HIGH_EXACT,HIGH_AUTHORITATIVE,"{""mapping_method"": ""exact_identifier_based"", ""resolution_status"": ""HIGH_EXACT"", ""match_score"": 100.0, ""source_dataset"": ""RxNorm"", ""provenance"": ""rxnorm_drug_enrichment.csv""}"
E_RXN_000800,DRUG_000824,RXCUI_190521,HAS_RXNORM_CONCEPT,RxNorm,RXN:DRUG_000824:190521,HIGH_EXACT,HIGH_AUTHORITATIVE,"{""mapping_method"": ""exact_identifier_based"", ""resolution_status"": ""HIGH_EXACT"", ""match_score"": 100.0, ""source_dataset"": ""RxNorm"", ""provenance"": ""rxnorm_drug_enrichment.csv""}"
E_RXN_000801,DRUG_000825,RXCUI_5640,HAS_RXNORM_CONCEPT,RxNorm,RXN:DRUG_000825:5640,HIGH_EXACT,HIGH_AUTHORITATIVE,"{""mapping_method"": ""exact_identifier_based"", ""resolution_status"": ""HIGH_EXACT"", ""match_score"": 100.0, ""source_dataset"": ""RxNorm"", ""provenance"": ""rxnorm_drug_enrichment.csv""}"
E_RXN_000802,DRUG_000826,RXCUI_7538,HAS_RXNORM_CONCEPT,RxNorm,RXN:DRUG_000826:7538,HIGH_EXACT,HIGH_AUTHORITATIVE,"{""mapping_method"": ""exact_identifier_based"", ""resolution_status"": ""HIGH_EXACT"", ""match_score"": 100.0, ""source_dataset"": ""RxNorm"", ""provenance"": ""rxnorm_drug_enrichment.csv""}"
E_RXN_000803,DRUG_000827,RXCUI_7980,HAS_RXNORM_CONCEPT,RxNorm,RXN:DRUG_000827:7980,HIGH_EXACT,HIGH_AUTHORITATIVE,"{""mapping_method"": ""exact_identifier_based"", ""resolution_status"": ""HIGH_EXACT"", ""match_score"": 100.0, ""source_dataset"": ""RxNorm"", ""provenance"": ""rxnorm_drug_enrichment.csv""}"
E_RXN_000804,DRUG_000828,RXCUI_7441,HAS_RXNORM_CONCEPT,RxNorm,RXN:DRUG_000828:7441,HIGH_EXACT,HIGH_AUTHORITATIVE,"{""mapping_method"": ""exact_identifier_based"", ""resolution_status"": ""HIGH_EXACT"", ""match_score"": 100.0, ""source_dataset"": ""RxNorm"", ""provenance"": ""rxnorm_drug_enrichment.csv""}"
E_RXN_000805,DRUG_000829,RXCUI_89778,HAS_RXNORM_CONCEPT,RxNorm,RXN:DRUG_000829:89778,HIGH_EXACT,HIGH_AUTHORITATIVE,"{""mapping_method"": ""exact_identifier_based"", ""resolution_status"": ""HIGH_EXACT"", ""match_score"": 100.0, ""source_dataset"": ""RxNorm"", ""provenance"": ""rxnorm_drug_enrichment.csv""}"
E_RXN_000806,DRUG_000830,RXCUI_8628,HAS_RXNORM_CONCEPT,RxNorm,RXN:DRUG_000830:8628,HIGH_EXACT,HIGH_AUTHORITATIVE,"{""mapping_method"": ""exact_identifier_based"", ""resolution_status"": ""HIGH_EXACT"", ""match_score"": 100.0, ""source_dataset"": ""RxNorm"", ""provenance"": ""rxnorm_drug_enrichment.csv""}"
E_RXN_000807,DRUG_000831,RXCUI_7517,HAS_RXNORM_CONCEPT,RxNorm,RXN:DRUG_000831:7517,HIGH_EXACT,HIGH_AUTHORITATIVE,"{""mapping_method"": ""exact_identifier_based"", ""resolution_status"": ""HIGH_EXACT"", ""match_score"": 100.0, ""source_dataset"": ""RxNorm"", ""provenance"": ""rxnorm_drug_enrichment.csv""}"
E_RXN_000808,DRUG_000832,RXCUI_1297882,HAS_RXNORM_CONCEPT,RxNorm,RXN:DRUG_000832:1297882,HIGH_EXACT,HIGH_AUTHORITATIVE,"{""mapping_method"": ""exact_identifier_based"", ""resolution_status"": ""HIGH_EXACT"", ""match_score"": 100.0, ""source_dataset"": ""RxNorm"", ""provenance"": ""rxnorm_drug_enrichment.csv""}"
E_RXN_000809,DRUG_000833,RXCUI_1266,HAS_RXNORM_CONCEPT,RxNorm,RXN:DRUG_000833:1266,HIGH_EXACT,HIGH_AUTHORITATIVE,"{""mapping_method"": ""exact_identifier_based"", ""resolution_status"": ""HIGH_EXACT"", ""match_score"": 100.0, ""source_dataset"": ""RxNorm"", ""provenance"": ""rxnorm_drug_enrichment.csv""}"
E_RXN_000810,DRUG_000834,RXCUI_32675,HAS_RXNORM_CONCEPT,RxNorm,RXN:DRUG_000834:32675,HIGH_EXACT,HIGH_AUTHORITATIVE,"{""mapping_method"": ""exact_identifier_based"", ""resolution_status"": ""HIGH_EXACT"", ""match_score"": 100.0, ""source_dataset"": ""RxNorm"", ""provenance"": ""rxnorm_drug_enrichment.csv""}"
E_RXN_000811,DRUG_000835,RXCUI_16735,HAS_RXNORM_CONCEPT,RxNorm,RXN:DRUG_000835:16735,HIGH_EXACT,HIGH_AUTHORITATIVE,"{""mapping_method"": ""exact_identifier_based"", ""resolution_status"": ""HIGH_EXACT"", ""match_score"": 100.0, ""source_dataset"": ""RxNorm"", ""provenance"": ""rxnorm_drug_enrichment.csv""}"
E_RXN_000812,DRUG_000836,RXCUI_6054,HAS_RXNORM_CONCEPT,RxNorm,RXN:DRUG_000836:6054,HIGH_EXACT,HIGH_AUTHORITATIVE,"{""mapping_method"": ""exact_identifier_based"", ""resolution_status"": ""HIGH_EXACT"", ""match_score"": 100.0, ""source_dataset"": ""RxNorm"", ""provenance"": ""rxnorm_drug_enrichment.csv""}"
E_RXN_000813,DRUG_000837,RXCUI_6711,HAS_RXNORM_CONCEPT,RxNorm,RXN:DRUG_000837:6711,HIGH_EXACT,HIGH_AUTHORITATIVE,"{""mapping_method"": ""exact_identifier_based"", ""resolution_status"": ""HIGH_EXACT"", ""match_score"": 100.0, ""source_dataset"": ""RxNorm"", ""provenance"": ""rxnorm_drug_enrichment.csv""}"
E_RXN_000814,DRUG_000838,RXCUI_83682,HAS_RXNORM_CONCEPT,RxNorm,RXN:DRUG_000838:83682,HIGH_EXACT,HIGH_AUTHORITATIVE,"{""mapping_method"": ""exact_identifier_based"", ""resolution_status"": ""HIGH_EXACT"", ""match_score"": 100.0, ""source_dataset"": ""RxNorm"", ""provenance"": ""rxnorm_drug_enrichment.csv""}"
E_RXN_000815,DRUG_000839,RXCUI_4821,HAS_RXNORM_CONCEPT,RxNorm,RXN:DRUG_000839:4821,HIGH_EXACT,HIGH_AUTHORITATIVE,"{""mapping_method"": ""exact_identifier_based"", ""resolution_status"": ""HIGH_EXACT"", ""match_score"": 100.0, ""source_dataset"": ""RxNorm"", ""provenance"": ""rxnorm_drug_enrichment.csv""}"
E_RXN_000816,DRUG_000840,RXCUI_2598,HAS_RXNORM_CONCEPT,RxNorm,RXN:DRUG_000840:2598,HIGH_EXACT,HIGH_AUTHORITATIVE,"{""mapping_method"": ""exact_identifier_based"", ""resolution_status"": ""HIGH_EXACT"", ""match_score"": 100.0, ""source_dataset"": ""RxNorm"", ""provenance"": ""rxnorm_drug_enrichment.csv""}"
E_RXN_000817,DRUG_000841,RXCUI_8745,HAS_RXNORM_CONCEPT,RxNorm,RXN:DRUG_000841:8745,HIGH_EXACT,HIGH_AUTHORITATIVE,"{""mapping_method"": ""exact_identifier_based"", ""resolution_status"": ""HIGH_EXACT"", ""match_score"": 100.0, ""source_dataset"": ""RxNorm"", ""provenance"": ""rxnorm_drug_enrichment.csv""}"
E_RXN_000818,DRUG_000842,RXCUI_3429,HAS_RXNORM_CONCEPT,RxNorm,RXN:DRUG_000842:3429,HIGH_EXACT,HIGH_AUTHORITATIVE,"{""mapping_method"": ""exact_identifier_based"", ""resolution_status"": ""HIGH_EXACT"", ""match_score"": 100.0, ""source_dataset"": ""RxNorm"", ""provenance"": ""rxnorm_drug_enrichment.csv""}"
E_RXN_000819,DRUG_000843,RXCUI_29528,HAS_RXNORM_CONCEPT,RxNorm,RXN:DRUG_000843:29528,HIGH_EXACT,HIGH_AUTHORITATIVE,"{""mapping_method"": ""exact_identifier_based"", ""resolution_status"": ""HIGH_EXACT"", ""match_score"": 100.0, ""source_dataset"": ""RxNorm"", ""provenance"": ""rxnorm_drug_enrichment.csv""}"
E_RXN_000820,DRUG_000844,RXCUI_343047,HAS_RXNORM_CONCEPT,RxNorm,RXN:DRUG_000844:343047,HIGH_EXACT,HIGH_AUTHORITATIVE,"{""mapping_method"": ""exact_identifier_based"", ""resolution_status"": ""HIGH_EXACT"", ""match_score"": 100.0, ""source_dataset"": ""RxNorm"", ""provenance"": ""rxnorm_drug_enrichment.csv""}"
E_RXN_000821,DRUG_000845,RXCUI_24698,HAS_RXNORM_CONCEPT,RxNorm,RXN:DRUG_000845:24698,HIGH_EXACT,HIGH_AUTHORITATIVE,"{""mapping_method"": ""exact_identifier_based"", ""resolution_status"": ""HIGH_EXACT"", ""match_score"": 100.0, ""source_dataset"": ""RxNorm"", ""provenance"": ""rxnorm_drug_enrichment.csv""}"
E_RXN_000822,DRUG_000846,RXCUI_8050,HAS_RXNORM_CONCEPT,RxNorm,RXN:DRUG_000846:8050,HIGH_EXACT,HIGH_AUTHORITATIVE,"{""mapping_method"": ""exact_identifier_based"", ""resolution_status"": ""HIGH_EXACT"", ""match_score"": 100.0, ""source_dataset"": ""RxNorm"", ""provenance"": ""rxnorm_drug_enrichment.csv""}"
E_RXN_000823,DRUG_000847,RXCUI_3498,HAS_RXNORM_CONCEPT,RxNorm,RXN:DRUG_000847:3498,HIGH_EXACT,HIGH_AUTHORITATIVE,"{""mapping_method"": ""exact_identifier_based"", ""resolution_status"": ""HIGH_EXACT"", ""match_score"": 100.0, ""source_dataset"": ""RxNorm"", ""provenance"": ""rxnorm_drug_enrichment.csv""}"
E_RXN_000824,DRUG_000848,RXCUI_83367,HAS_RXNORM_CONCEPT,RxNorm,RXN:DRUG_000848:83367,HIGH_EXACT,HIGH_AUTHORITATIVE,"{""mapping_method"": ""exact_identifier_based"", ""resolution_status"": ""HIGH_EXACT"", ""match_score"": 100.0, ""source_dataset"": ""RxNorm"", ""provenance"": ""rxnorm_drug_enrichment.csv""}"
E_RXN_000825,DRUG_000849,RXCUI_1356715,HAS_RXNORM_CONCEPT,RxNorm,RXN:DRUG_000849:1356715,HIGH_EXACT,HIGH_AUTHORITATIVE,"{""mapping_method"": ""exact_identifier_based"", ""resolution_status"": ""HIGH_EXACT"", ""match_score"": 100.0, ""source_dataset"": ""RxNorm"", ""provenance"": ""rxnorm_drug_enrichment.csv""}"
E_RXN_000826,DRUG_000850,RXCUI_3248,HAS_RXNORM_CONCEPT,RxNorm,RXN:DRUG_000850:3248,HIGH_EXACT,HIGH_AUTHORITATIVE,"{""mapping_method"": ""exact_identifier_based"", ""resolution_status"": ""HIGH_EXACT"", ""match_score"": 100.0, ""source_dataset"": ""RxNorm"", ""provenance"": ""rxnorm_drug_enrichment.csv""}"
E_RXN_000827,DRUG_000851,RXCUI_14851,HAS_RXNORM_CONCEPT,RxNorm,RXN:DRUG_000851:14851,HIGH_EXACT,HIGH_AUTHORITATIVE,"{""mapping_method"": ""exact_identifier_based"", ""resolution_status"": ""HIGH_EXACT"", ""match_score"": 100.0, ""source_dataset"": ""RxNorm"", ""provenance"": ""rxnorm_drug_enrichment.csv""}"
E_RXN_000828,DRUG_000852,RXCUI_3500,HAS_RXNORM_CONCEPT,RxNorm,RXN:DRUG_000852:3500,HIGH_EXACT,HIGH_AUTHORITATIVE,"{""mapping_method"": ""exact_identifier_based"", ""resolution_status"": ""HIGH_EXACT"", ""match_score"": 100.0, ""source_dataset"": ""RxNorm"", ""provenance"": ""rxnorm_drug_enrichment.csv""}"
E_RXN_000829,DRUG_000853,RXCUI_10109,HAS_RXNORM_CONCEPT,RxNorm,RXN:DRUG_000853:10109,HIGH_EXACT,HIGH_AUTHORITATIVE,"{""mapping_method"": ""exact_identifier_based"", ""resolution_status"": ""HIGH_EXACT"", ""match_score"": 100.0, ""source_dataset"": ""RxNorm"", ""provenance"": ""rxnorm_drug_enrichment.csv""}"
E_RXN_000830,DRUG_000854,RXCUI_37925,HAS_RXNORM_CONCEPT,RxNorm,RXN:DRUG_000854:37925,HIGH_EXACT,HIGH_AUTHORITATIVE,"{""mapping_method"": ""exact_identifier_based"", ""resolution_status"": ""HIGH_EXACT"", ""match_score"": 100.0, ""source_dataset"": ""RxNorm"", ""provenance"": ""rxnorm_drug_enrichment.csv""}"
E_RXN_000831,DRUG_000855,RXCUI_28144,HAS_RXNORM_CONCEPT,RxNorm,RXN:DRUG_000855:28144,HIGH_EXACT,HIGH_AUTHORITATIVE,"{""mapping_method"": ""exact_identifier_based"", ""resolution_status"": ""HIGH_EXACT"", ""match_score"": 100.0, ""source_dataset"": ""RxNorm"", ""provenance"": ""rxnorm_drug_enrichment.csv""}"
E_RXN_000832,DRUG_000856,RXCUI_8328,HAS_RXNORM_CONCEPT,RxNorm,RXN:DRUG_000856:8328,HIGH_EXACT,HIGH_AUTHORITATIVE,"{""mapping_method"": ""exact_identifier_based"", ""resolution_status"": ""HIGH_EXACT"", ""match_score"": 100.0, ""source_dataset"": ""RxNorm"", ""provenance"": ""rxnorm_drug_enrichment.csv""}"
E_RXN_000833,DRUG_000857,RXCUI_1399,HAS_RXNORM_CONCEPT,RxNorm,RXN:DRUG_000857:1399,HIGH_EXACT,HIGH_AUTHORITATIVE,"{""mapping_method"": ""exact_identifier_based"", ""resolution_status"": ""HIGH_EXACT"", ""match_score"": 100.0, ""source_dataset"": ""RxNorm"", ""provenance"": ""rxnorm_drug_enrichment.csv""}"
E_RXN_000834,DRUG_000858,RXCUI_8687,HAS_RXNORM_CONCEPT,RxNorm,RXN:DRUG_000858:8687,HIGH_EXACT,HIGH_AUTHORITATIVE,"{""mapping_method"": ""exact_identifier_based"", ""resolution_status"": ""HIGH_EXACT"", ""match_score"": 100.0, ""source_dataset"": ""RxNorm"", ""provenance"": ""rxnorm_drug_enrichment.csv""}"
E_RXN_000835,DRUG_000859,RXCUI_40138,HAS_RXNORM_CONCEPT,RxNorm,RXN:DRUG_000859:40138,HIGH_EXACT,HIGH_AUTHORITATIVE,"{""mapping_method"": ""exact_identifier_based"", ""resolution_status"": ""HIGH_EXACT"", ""match_score"": 100.0, ""source_dataset"": ""RxNorm"", ""provenance"": ""rxnorm_drug_enrichment.csv""}"
E_RXN_000836,DRUG_000860,RXCUI_62174,HAS_RXNORM_CONCEPT,RxNorm,RXN:DRUG_000860:62174,HIGH_EXACT,HIGH_AUTHORITATIVE,"{""mapping_method"": ""exact_identifier_based"", ""resolution_status"": ""HIGH_EXACT"", ""match_score"": 100.0, ""source_dataset"": ""RxNorm"", ""provenance"": ""rxnorm_drug_enrichment.csv""}"
E_RXN_000837,DRUG_000862,RXCUI_47461,HAS_RXNORM_CONCEPT,RxNorm,RXN:DRUG_000862:47461,HIGH_EXACT,HIGH_AUTHORITATIVE,"{""mapping_method"": ""exact_identifier_based"", ""resolution_status"": ""HIGH_EXACT"", ""match_score"": 100.0, ""source_dataset"": ""RxNorm"", ""provenance"": ""rxnorm_drug_enrichment.csv""}"
E_RXN_000838,DRUG_000863,RXCUI_7762,HAS_RXNORM_CONCEPT,RxNorm,RXN:DRUG_000863:7762,HIGH_EXACT,HIGH_AUTHORITATIVE,"{""mapping_method"": ""exact_identifier_based"", ""resolution_status"": ""HIGH_EXACT"", ""match_score"": 100.0, ""source_dataset"": ""RxNorm"", ""provenance"": ""rxnorm_drug_enrichment.csv""}"
E_RXN_000839,DRUG_000864,RXCUI_3455,HAS_RXNORM_CONCEPT,RxNorm,RXN:DRUG_000864:3455,HIGH_EXACT,HIGH_AUTHORITATIVE,"{""mapping_method"": ""exact_identifier_based"", ""resolution_status"": ""HIGH_EXACT"", ""match_score"": 100.0, ""source_dataset"": ""RxNorm"", ""provenance"": ""rxnorm_drug_enrichment.csv""}"
E_RXN_000840,DRUG_000865,RXCUI_1314255,HAS_RXNORM_CONCEPT,RxNorm,RXN:DRUG_000865:1314255,HIGH_EXACT,HIGH_AUTHORITATIVE,"{""mapping_method"": ""exact_identifier_based"", ""resolution_status"": ""HIGH_EXACT"", ""match_score"": 100.0, ""source_dataset"": ""RxNorm"", ""provenance"": ""rxnorm_drug_enrichment.csv""}"
E_RXN_000841,DRUG_000866,RXCUI_41127,HAS_RXNORM_CONCEPT,RxNorm,RXN:DRUG_000866:41127,HIGH_EXACT,HIGH_AUTHORITATIVE,"{""mapping_method"": ""exact_identifier_based"", ""resolution_status"": ""HIGH_EXACT"", ""match_score"": 100.0, ""source_dataset"": ""RxNorm"", ""provenance"": ""rxnorm_drug_enrichment.csv""}"
E_RXN_000842,DRUG_000867,RXCUI_7778,HAS_RXNORM_CONCEPT,RxNorm,RXN:DRUG_000867:7778,HIGH_EXACT,HIGH_AUTHORITATIVE,"{""mapping_method"": ""exact_identifier_based"", ""resolution_status"": ""HIGH_EXACT"", ""match_score"": 100.0, ""source_dataset"": ""RxNorm"", ""provenance"": ""rxnorm_drug_enrichment.csv""}"
E_RXN_000843,DRUG_000868,RXCUI_27169,HAS_RXNORM_CONCEPT,RxNorm,RXN:DRUG_000868:27169,HIGH_EXACT,HIGH_AUTHORITATIVE,"{""mapping_method"": ""exact_identifier_based"", ""resolution_status"": ""HIGH_EXACT"", ""match_score"": 100.0, ""source_dataset"": ""RxNorm"", ""provenance"": ""rxnorm_drug_enrichment.csv""}"
E_RXN_000844,DRUG_000869,RXCUI_301542,HAS_RXNORM_CONCEPT,RxNorm,RXN:DRUG_000869:301542,HIGH_EXACT,HIGH_AUTHORITATIVE,"{""mapping_method"": ""exact_identifier_based"", ""resolution_status"": ""HIGH_EXACT"", ""match_score"": 100.0, ""source_dataset"": ""RxNorm"", ""provenance"": ""rxnorm_drug_enrichment.csv""}"
E_RXN_000845,DRUG_000870,RXCUI_4451,HAS_RXNORM_CONCEPT,RxNorm,RXN:DRUG_000870:4451,HIGH_EXACT,HIGH_AUTHORITATIVE,"{""mapping_method"": ""exact_identifier_based"", ""resolution_status"": ""HIGH_EXACT"", ""match_score"": 100.0, ""source_dataset"": ""RxNorm"", ""provenance"": ""rxnorm_drug_enrichment.csv""}"
E_RXN_000846,DRUG_000871,RXCUI_8331,HAS_RXNORM_CONCEPT,RxNorm,RXN:DRUG_000871:8331,HIGH_EXACT,HIGH_AUTHORITATIVE,"{""mapping_method"": ""exact_identifier_based"", ""resolution_status"": ""HIGH_EXACT"", ""match_score"": 100.0, ""source_dataset"": ""RxNorm"", ""provenance"": ""rxnorm_drug_enrichment.csv""}"
E_RXN_000847,DRUG_000872,RXCUI_194000,HAS_RXNORM_CONCEPT,RxNorm,RXN:DRUG_000872:194000,HIGH_EXACT,HIGH_AUTHORITATIVE,"{""mapping_method"": ""exact_identifier_based"", ""resolution_status"": ""HIGH_EXACT"", ""match_score"": 100.0, ""source_dataset"": ""RxNorm"", ""provenance"": ""rxnorm_drug_enrichment.csv""}"
E_RXN_000848,DRUG_000873,RXCUI_61609,HAS_RXNORM_CONCEPT,RxNorm,RXN:DRUG_000873:61609,HIGH_EXACT,HIGH_AUTHORITATIVE,"{""mapping_method"": ""exact_identifier_based"", ""resolution_status"": ""HIGH_EXACT"", ""match_score"": 100.0, ""source_dataset"": ""RxNorm"", ""provenance"": ""rxnorm_drug_enrichment.csv""}"
E_RXN_000849,DRUG_000874,RXCUI_9061,HAS_RXNORM_CONCEPT,RxNorm,RXN:DRUG_000874:9061,HIGH_EXACT,HIGH_AUTHORITATIVE,"{""mapping_method"": ""exact_identifier_based"", ""resolution_status"": ""HIGH_EXACT"", ""match_score"": 100.0, ""source_dataset"": ""RxNorm"", ""provenance"": ""rxnorm_drug_enrichment.csv""}"
E_RXN_000850,DRUG_000875,RXCUI_36437,HAS_RXNORM_CONCEPT,RxNorm,RXN:DRUG_000875:36437,HIGH_EXACT,HIGH_AUTHORITATIVE,"{""mapping_method"": ""exact_identifier_based"", ""resolution_status"": ""HIGH_EXACT"", ""match_score"": 100.0, ""source_dataset"": ""RxNorm"", ""provenance"": ""rxnorm_drug_enrichment.csv""}"
E_RXN_000851,DRUG_000876,RXCUI_36514,HAS_RXNORM_CONCEPT,RxNorm,RXN:DRUG_000876:36514,HIGH_EXACT,HIGH_AUTHORITATIVE,"{""mapping_method"": ""exact_identifier_based"", ""resolution_status"": ""HIGH_EXACT"", ""match_score"": 100.0, ""source_dataset"": ""RxNorm"", ""provenance"": ""rxnorm_drug_enrichment.csv""}"
E_RXN_000852,DRUG_000877,RXCUI_28627,HAS_RXNORM_CONCEPT,RxNorm,RXN:DRUG_000877:28627,HIGH_EXACT,HIGH_AUTHORITATIVE,"{""mapping_method"": ""exact_identifier_based"", ""resolution_status"": ""HIGH_EXACT"", ""match_score"": 100.0, ""source_dataset"": ""RxNorm"", ""provenance"": ""rxnorm_drug_enrichment.csv""}"
E_RXN_000853,DRUG_000878,RXCUI_6910,HAS_RXNORM_CONCEPT,RxNorm,RXN:DRUG_000878:6910,HIGH_EXACT,HIGH_AUTHORITATIVE,"{""mapping_method"": ""exact_identifier_based"", ""resolution_status"": ""HIGH_EXACT"", ""match_score"": 100.0, ""source_dataset"": ""RxNorm"", ""provenance"": ""rxnorm_drug_enrichment.csv""}"
E_RXN_000854,DRUG_000879,RXCUI_38668,HAS_RXNORM_CONCEPT,RxNorm,RXN:DRUG_000879:38668,HIGH_EXACT,HIGH_AUTHORITATIVE,"{""mapping_method"": ""exact_identifier_based"", ""resolution_status"": ""HIGH_EXACT"", ""match_score"": 100.0, ""source_dataset"": ""RxNorm"", ""provenance"": ""rxnorm_drug_enrichment.csv""}"
E_RXN_000855,DRUG_000880,RXCUI_6932,HAS_RXNORM_CONCEPT,RxNorm,RXN:DRUG_000880:6932,HIGH_EXACT,HIGH_AUTHORITATIVE,"{""mapping_method"": ""exact_identifier_based"", ""resolution_status"": ""HIGH_EXACT"", ""match_score"": 100.0, ""source_dataset"": ""RxNorm"", ""provenance"": ""rxnorm_drug_enrichment.csv""}"
E_RXN_000856,DRUG_000881,RXCUI_2708,HAS_RXNORM_CONCEPT,RxNorm,RXN:DRUG_000881:2708,HIGH_EXACT,HIGH_AUTHORITATIVE,"{""mapping_method"": ""exact_identifier_based"", ""resolution_status"": ""HIGH_EXACT"", ""match_score"": 100.0, ""source_dataset"": ""RxNorm"", ""provenance"": ""rxnorm_drug_enrichment.csv""}"
E_RXN_000857,DRUG_000882,RXCUI_2194,HAS_RXNORM_CONCEPT,RxNorm,RXN:DRUG_000882:2194,HIGH_EXACT,HIGH_AUTHORITATIVE,"{""mapping_method"": ""exact_identifier_based"", ""resolution_status"": ""HIGH_EXACT"", ""match_score"": 100.0, ""source_dataset"": ""RxNorm"", ""provenance"": ""rxnorm_drug_enrichment.csv""}"
E_RXN_000858,DRUG_000883,RXCUI_7895,HAS_RXNORM_CONCEPT,RxNorm,RXN:DRUG_000883:7895,HIGH_EXACT,HIGH_AUTHORITATIVE,"{""mapping_method"": ""exact_identifier_based"", ""resolution_status"": ""HIGH_EXACT"", ""match_score"": 100.0, ""source_dataset"": ""RxNorm"", ""provenance"": ""rxnorm_drug_enrichment.csv""}"
E_RXN_000859,DRUG_000884,RXCUI_221074,HAS_RXNORM_CONCEPT,RxNorm,RXN:DRUG_000884:221074,HIGH_EXACT,HIGH_AUTHORITATIVE,"{""mapping_method"": ""exact_identifier_based"", ""resolution_status"": ""HIGH_EXACT"", ""match_score"": 100.0, ""source_dataset"": ""RxNorm"", ""provenance"": ""rxnorm_drug_enrichment.csv""}"
E_RXN_000860,DRUG_000885,RXCUI_7417,HAS_RXNORM_CONCEPT,RxNorm,RXN:DRUG_000885:7417,HIGH_EXACT,HIGH_AUTHORITATIVE,"{""mapping_method"": ""exact_identifier_based"", ""resolution_status"": ""HIGH_EXACT"", ""match_score"": 100.0, ""source_dataset"": ""RxNorm"", ""provenance"": ""rxnorm_drug_enrichment.csv""}"
E_RXN_000861,DRUG_000886,RXCUI_10828,HAS_RXNORM_CONCEPT,RxNorm,RXN:DRUG_000886:10828,HIGH_EXACT,HIGH_AUTHORITATIVE,"{""mapping_method"": ""exact_identifier_based"", ""resolution_status"": ""HIGH_EXACT"", ""match_score"": 100.0, ""source_dataset"": ""RxNorm"", ""provenance"": ""rxnorm_drug_enrichment.csv""}"
E_RXN_000862,DRUG_000887,RXCUI_60212,HAS_RXNORM_CONCEPT,RxNorm,RXN:DRUG_000887:60212,HIGH_EXACT,HIGH_AUTHORITATIVE,"{""mapping_method"": ""exact_identifier_based"", ""resolution_status"": ""HIGH_EXACT"", ""match_score"": 100.0, ""source_dataset"": ""RxNorm"", ""provenance"": ""rxnorm_drug_enrichment.csv""}"
E_RXN_000863,DRUG_000888,RXCUI_703,HAS_RXNORM_CONCEPT,RxNorm,RXN:DRUG_000888:703,HIGH_EXACT,HIGH_AUTHORITATIVE,"{""mapping_method"": ""exact_identifier_based"", ""resolution_status"": ""HIGH_EXACT"", ""match_score"": 100.0, ""source_dataset"": ""RxNorm"", ""provenance"": ""rxnorm_drug_enrichment.csv""}"
E_RXN_000864,DRUG_000889,RXCUI_3327,HAS_RXNORM_CONCEPT,RxNorm,RXN:DRUG_000889:3327,HIGH_EXACT,HIGH_AUTHORITATIVE,"{""mapping_method"": ""exact_identifier_based"", ""resolution_status"": ""HIGH_EXACT"", ""match_score"": 100.0, ""source_dataset"": ""RxNorm"", ""provenance"": ""rxnorm_drug_enrichment.csv""}"
E_RXN_000865,DRUG_000890,RXCUI_4816,HAS_RXNORM_CONCEPT,RxNorm,RXN:DRUG_000890:4816,HIGH_EXACT,HIGH_AUTHORITATIVE,"{""mapping_method"": ""exact_identifier_based"", ""resolution_status"": ""HIGH_EXACT"", ""match_score"": 100.0, ""source_dataset"": ""RxNorm"", ""provenance"": ""rxnorm_drug_enrichment.csv""}"
E_RXN_000866,DRUG_000891,RXCUI_33253,HAS_RXNORM_CONCEPT,RxNorm,RXN:DRUG_000891:33253,HIGH_EXACT,HIGH_AUTHORITATIVE,"{""mapping_method"": ""exact_identifier_based"", ""resolution_status"": ""HIGH_EXACT"", ""match_score"": 100.0, ""source_dataset"": ""RxNorm"", ""provenance"": ""rxnorm_drug_enrichment.csv""}"
E_RXN_000867,DRUG_000892,RXCUI_623,HAS_RXNORM_CONCEPT,RxNorm,RXN:DRUG_000892:623,HIGH_EXACT,HIGH_AUTHORITATIVE,"{""mapping_method"": ""exact_identifier_based"", ""resolution_status"": ""HIGH_EXACT"", ""match_score"": 100.0, ""source_dataset"": ""RxNorm"", ""provenance"": ""rxnorm_drug_enrichment.csv""}"
E_RXN_000868,DRUG_000893,RXCUI_10635,HAS_RXNORM_CONCEPT,RxNorm,RXN:DRUG_000893:10635,HIGH_EXACT,HIGH_AUTHORITATIVE,"{""mapping_method"": ""exact_identifier_based"", ""resolution_status"": ""HIGH_EXACT"", ""match_score"": 100.0, ""source_dataset"": ""RxNorm"", ""provenance"": ""rxnorm_drug_enrichment.csv""}"
E_RXN_000869,DRUG_000894,RXCUI_228790,HAS_RXNORM_CONCEPT,RxNorm,RXN:DRUG_000894:228790,HIGH_EXACT,HIGH_AUTHORITATIVE,"{""mapping_method"": ""exact_identifier_based"", ""resolution_status"": ""HIGH_EXACT"", ""match_score"": 100.0, ""source_dataset"": ""RxNorm"", ""provenance"": ""rxnorm_drug_enrichment.csv""}"
E_RXN_000870,DRUG_000895,RXCUI_3743,HAS_RXNORM_CONCEPT,RxNorm,RXN:DRUG_000895:3743,HIGH_EXACT,HIGH_AUTHORITATIVE,"{""mapping_method"": ""exact_identifier_based"", ""resolution_status"": ""HIGH_EXACT"", ""match_score"": 100.0, ""source_dataset"": ""RxNorm"", ""provenance"": ""rxnorm_drug_enrichment.csv""}"
E_RXN_000871,DRUG_000896,RXCUI_83008,HAS_RXNORM_CONCEPT,RxNorm,RXN:DRUG_000896:83008,HIGH_EXACT,HIGH_AUTHORITATIVE,"{""mapping_method"": ""exact_identifier_based"", ""resolution_status"": ""HIGH_EXACT"", ""match_score"": 100.0, ""source_dataset"": ""RxNorm"", ""provenance"": ""rxnorm_drug_enrichment.csv""}"
E_RXN_000872,DRUG_000897,RXCUI_114979,HAS_RXNORM_CONCEPT,RxNorm,RXN:DRUG_000897:114979,HIGH_EXACT,HIGH_AUTHORITATIVE,"{""mapping_method"": ""exact_identifier_based"", ""resolution_status"": ""HIGH_EXACT"", ""match_score"": 100.0, ""source_dataset"": ""RxNorm"", ""provenance"": ""rxnorm_drug_enrichment.csv""}"
E_RXN_000873,DRUG_000898,RXCUI_34369,HAS_RXNORM_CONCEPT,RxNorm,RXN:DRUG_000898:34369,HIGH_EXACT,HIGH_AUTHORITATIVE,"{""mapping_method"": ""exact_identifier_based"", ""resolution_status"": ""HIGH_EXACT"", ""match_score"": 100.0, ""source_dataset"": ""RxNorm"", ""provenance"": ""rxnorm_drug_enrichment.csv""}"
E_RXN_000874,DRUG_000899,RXCUI_2382,HAS_RXNORM_CONCEPT,RxNorm,RXN:DRUG_000899:2382,HIGH_EXACT,HIGH_AUTHORITATIVE,"{""mapping_method"": ""exact_identifier_based"", ""resolution_status"": ""HIGH_EXACT"", ""match_score"": 100.0, ""source_dataset"": ""RxNorm"", ""provenance"": ""rxnorm_drug_enrichment.csv""}"
E_RXN_000875,DRUG_000900,RXCUI_33738,HAS_RXNORM_CONCEPT,RxNorm,RXN:DRUG_000900:33738,HIGH_EXACT,HIGH_AUTHORITATIVE,"{""mapping_method"": ""exact_identifier_based"", ""resolution_status"": ""HIGH_EXACT"", ""match_score"": 100.0, ""source_dataset"": ""RxNorm"", ""provenance"": ""rxnorm_drug_enrichment.csv""}"
E_RXN_000876,DRUG_000901,RXCUI_11476,HAS_RXNORM_CONCEPT,RxNorm,RXN:DRUG_000901:11476,HIGH_EXACT,HIGH_AUTHORITATIVE,"{""mapping_method"": ""exact_identifier_based"", ""resolution_status"": ""HIGH_EXACT"", ""match_score"": 100.0, ""source_dataset"": ""RxNorm"", ""provenance"": ""rxnorm_drug_enrichment.csv""}"
E_RXN_000877,DRUG_000902,RXCUI_23651,HAS_RXNORM_CONCEPT,RxNorm,RXN:DRUG_000902:23651,HIGH_EXACT,HIGH_AUTHORITATIVE,"{""mapping_method"": ""exact_identifier_based"", ""resolution_status"": ""HIGH_EXACT"", ""match_score"": 100.0, ""source_dataset"": ""RxNorm"", ""provenance"": ""rxnorm_drug_enrichment.csv""}"
E_RXN_000878,DRUG_000903,RXCUI_20352,HAS_RXNORM_CONCEPT,RxNorm,RXN:DRUG_000903:20352,HIGH_EXACT,HIGH_AUTHORITATIVE,"{""mapping_method"": ""exact_identifier_based"", ""resolution_status"": ""HIGH_EXACT"", ""match_score"": 100.0, ""source_dataset"": ""RxNorm"", ""provenance"": ""rxnorm_drug_enrichment.csv""}"
E_RXN_000879,DRUG_000904,RXCUI_1546009,HAS_RXNORM_CONCEPT,RxNorm,RXN:DRUG_000904:1546009,HIGH_EXACT,HIGH_AUTHORITATIVE,"{""mapping_method"": ""exact_identifier_based"", ""resolution_status"": ""HIGH_EXACT"", ""match_score"": 100.0, ""source_dataset"": ""RxNorm"", ""provenance"": ""rxnorm_drug_enrichment.csv""}"
E_RXN_000880,DRUG_000905,RXCUI_7623,HAS_RXNORM_CONCEPT,RxNorm,RXN:DRUG_000905:7623,HIGH_EXACT,HIGH_AUTHORITATIVE,"{""mapping_method"": ""exact_identifier_based"", ""resolution_status"": ""HIGH_EXACT"", ""match_score"": 100.0, ""source_dataset"": ""RxNorm"", ""provenance"": ""rxnorm_drug_enrichment.csv""}"
E_RXN_000881,DRUG_000906,RXCUI_7623,HAS_RXNORM_CONCEPT,RxNorm,RXN:DRUG_000906:7623,HIGH_EXACT,HIGH_AUTHORITATIVE,"{""mapping_method"": ""exact_name_lookup"", ""resolution_status"": ""HIGH_EXACT"", ""match_score"": 100.0, ""source_dataset"": ""RxNorm"", ""provenance"": ""rxnorm_drug_enrichment.csv""}"
E_RXN_000882,DRUG_000907,RXCUI_10205,HAS_RXNORM_CONCEPT,RxNorm,RXN:DRUG_000907:10205,HIGH_EXACT,HIGH_AUTHORITATIVE,"{""mapping_method"": ""exact_identifier_based"", ""resolution_status"": ""HIGH_EXACT"", ""match_score"": 100.0, ""source_dataset"": ""RxNorm"", ""provenance"": ""rxnorm_drug_enrichment.csv""}"
E_RXN_000883,DRUG_000908,RXCUI_2238,HAS_RXNORM_CONCEPT,RxNorm,RXN:DRUG_000908:2238,HIGH_EXACT,HIGH_AUTHORITATIVE,"{""mapping_method"": ""exact_identifier_based"", ""resolution_status"": ""HIGH_EXACT"", ""match_score"": 100.0, ""source_dataset"": ""RxNorm"", ""provenance"": ""rxnorm_drug_enrichment.csv""}"
E_RXN_000884,DRUG_000909,RXCUI_1545975,HAS_RXNORM_CONCEPT,RxNorm,RXN:DRUG_000909:1545975,HIGH_EXACT,HIGH_AUTHORITATIVE,"{""mapping_method"": ""exact_identifier_based"", ""resolution_status"": ""HIGH_EXACT"", ""match_score"": 100.0, ""source_dataset"": ""RxNorm"", ""provenance"": ""rxnorm_drug_enrichment.csv""}"
E_RXN_000885,DRUG_000910,RXCUI_325887,HAS_RXNORM_CONCEPT,RxNorm,RXN:DRUG_000910:325887,HIGH_EXACT,HIGH_AUTHORITATIVE,"{""mapping_method"": ""exact_identifier_based"", ""resolution_status"": ""HIGH_EXACT"", ""match_score"": 100.0, ""source_dataset"": ""RxNorm"", ""provenance"": ""rxnorm_drug_enrichment.csv""}"
E_RXN_000886,DRUG_000911,RXCUI_3638,HAS_RXNORM_CONCEPT,RxNorm,RXN:DRUG_000911:3638,HIGH_EXACT,HIGH_AUTHORITATIVE,"{""mapping_method"": ""exact_identifier_based"", ""resolution_status"": ""HIGH_EXACT"", ""match_score"": 100.0, ""source_dataset"": ""RxNorm"", ""provenance"": ""rxnorm_drug_enrichment.csv""}"
E_RXN_000887,DRUG_000913,RXCUI_3353,HAS_RXNORM_CONCEPT,RxNorm,RXN:DRUG_000913:3353,HIGH_EXACT,HIGH_AUTHORITATIVE,"{""mapping_method"": ""exact_identifier_based"", ""resolution_status"": ""HIGH_EXACT"", ""match_score"": 100.0, ""source_dataset"": ""RxNorm"", ""provenance"": ""rxnorm_drug_enrichment.csv""}"
E_RXN_000888,DRUG_000914,RXCUI_2625,HAS_RXNORM_CONCEPT,RxNorm,RXN:DRUG_000914:2625,HIGH_EXACT,HIGH_AUTHORITATIVE,"{""mapping_method"": ""exact_identifier_based"", ""resolution_status"": ""HIGH_EXACT"", ""match_score"": 100.0, ""source_dataset"": ""RxNorm"", ""provenance"": ""rxnorm_drug_enrichment.csv""}"
E_RXN_000889,DRUG_000915,RXCUI_31565,HAS_RXNORM_CONCEPT,RxNorm,RXN:DRUG_000915:31565,HIGH_EXACT,HIGH_AUTHORITATIVE,"{""mapping_method"": ""exact_identifier_based"", ""resolution_status"": ""HIGH_EXACT"", ""match_score"": 100.0, ""source_dataset"": ""RxNorm"", ""provenance"": ""rxnorm_drug_enrichment.csv""}"
E_RXN_000890,DRUG_000916,RXCUI_1546020,HAS_RXNORM_CONCEPT,RxNorm,RXN:DRUG_000916:1546020,HIGH_EXACT,HIGH_AUTHORITATIVE,"{""mapping_method"": ""exact_identifier_based"", ""resolution_status"": ""HIGH_EXACT"", ""match_score"": 100.0, ""source_dataset"": ""RxNorm"", ""provenance"": ""rxnorm_drug_enrichment.csv""}"
E_RXN_000891,DRUG_000917,RXCUI_3247,HAS_RXNORM_CONCEPT,RxNorm,RXN:DRUG_000917:3247,HIGH_EXACT,HIGH_AUTHORITATIVE,"{""mapping_method"": ""exact_identifier_based"", ""resolution_status"": ""HIGH_EXACT"", ""match_score"": 100.0, ""source_dataset"": ""RxNorm"", ""provenance"": ""rxnorm_drug_enrichment.csv""}"
E_RXN_000892,DRUG_000918,RXCUI_36435,HAS_RXNORM_CONCEPT,RxNorm,RXN:DRUG_000918:36435,HIGH_EXACT,HIGH_AUTHORITATIVE,"{""mapping_method"": ""exact_identifier_based"", ""resolution_status"": ""HIGH_EXACT"", ""match_score"": 100.0, ""source_dataset"": ""RxNorm"", ""provenance"": ""rxnorm_drug_enrichment.csv""}"
E_RXN_000893,DRUG_000919,RXCUI_10464,HAS_RXNORM_CONCEPT,RxNorm,RXN:DRUG_000919:10464,HIGH_EXACT,HIGH_AUTHORITATIVE,"{""mapping_method"": ""exact_identifier_based"", ""resolution_status"": ""HIGH_EXACT"", ""match_score"": 100.0, ""source_dataset"": ""RxNorm"", ""provenance"": ""rxnorm_drug_enrichment.csv""}"
E_RXN_000894,DRUG_000920,RXCUI_138099,HAS_RXNORM_CONCEPT,RxNorm,RXN:DRUG_000920:138099,HIGH_EXACT,HIGH_AUTHORITATIVE,"{""mapping_method"": ""exact_identifier_based"", ""resolution_status"": ""HIGH_EXACT"", ""match_score"": 100.0, ""source_dataset"": ""RxNorm"", ""provenance"": ""rxnorm_drug_enrichment.csv""}"
E_RXN_000895,DRUG_000921,RXCUI_42347,HAS_RXNORM_CONCEPT,RxNorm,RXN:DRUG_000921:42347,HIGH_EXACT,HIGH_AUTHORITATIVE,"{""mapping_method"": ""exact_identifier_based"", ""resolution_status"": ""HIGH_EXACT"", ""match_score"": 100.0, ""source_dataset"": ""RxNorm"", ""provenance"": ""rxnorm_drug_enrichment.csv""}"
E_RXN_000896,DRUG_000922,RXCUI_42333,HAS_RXNORM_CONCEPT,RxNorm,RXN:DRUG_000922:42333,HIGH_EXACT,HIGH_AUTHORITATIVE,"{""mapping_method"": ""exact_identifier_based"", ""resolution_status"": ""HIGH_EXACT"", ""match_score"": 100.0, ""source_dataset"": ""RxNorm"", ""provenance"": ""rxnorm_drug_enrichment.csv""}"
E_RXN_000897,DRUG_000923,RXCUI_19685,HAS_RXNORM_CONCEPT,RxNorm,RXN:DRUG_000923:19685,HIGH_EXACT,HIGH_AUTHORITATIVE,"{""mapping_method"": ""exact_identifier_based"", ""resolution_status"": ""HIGH_EXACT"", ""match_score"": 100.0, ""source_dataset"": ""RxNorm"", ""provenance"": ""rxnorm_drug_enrichment.csv""}"
E_RXN_000898,DRUG_000924,RXCUI_5095,HAS_RXNORM_CONCEPT,RxNorm,RXN:DRUG_000924:5095,HIGH_EXACT,HIGH_AUTHORITATIVE,"{""mapping_method"": ""exact_identifier_based"", ""resolution_status"": ""HIGH_EXACT"", ""match_score"": 100.0, ""source_dataset"": ""RxNorm"", ""provenance"": ""rxnorm_drug_enrichment.csv""}"
E_RXN_000899,DRUG_000925,RXCUI_23321,HAS_RXNORM_CONCEPT,RxNorm,RXN:DRUG_000925:23321,HIGH_EXACT,HIGH_AUTHORITATIVE,"{""mapping_method"": ""exact_identifier_based"", ""resolution_status"": ""HIGH_EXACT"", ""match_score"": 100.0, ""source_dataset"": ""RxNorm"", ""provenance"": ""rxnorm_drug_enrichment.csv""}"
E_RXN_000900,DRUG_000926,RXCUI_20859,HAS_RXNORM_CONCEPT,RxNorm,RXN:DRUG_000926:20859,HIGH_EXACT,HIGH_AUTHORITATIVE,"{""mapping_method"": ""exact_identifier_based"", ""resolution_status"": ""HIGH_EXACT"", ""match_score"": 100.0, ""source_dataset"": ""RxNorm"", ""provenance"": ""rxnorm_drug_enrichment.csv""}"
E_RXN_000901,DRUG_000927,RXCUI_37798,HAS_RXNORM_CONCEPT,RxNorm,RXN:DRUG_000927:37798,HIGH_EXACT,HIGH_AUTHORITATIVE,"{""mapping_method"": ""exact_identifier_based"", ""resolution_status"": ""HIGH_EXACT"", ""match_score"": 100.0, ""source_dataset"": ""RxNorm"", ""provenance"": ""rxnorm_drug_enrichment.csv""}"
E_RXN_000902,DRUG_000928,RXCUI_1667640,HAS_RXNORM_CONCEPT,RxNorm,RXN:DRUG_000928:1667640,HIGH_EXACT,HIGH_AUTHORITATIVE,"{""mapping_method"": ""exact_identifier_based"", ""resolution_status"": ""HIGH_EXACT"", ""match_score"": 100.0, ""source_dataset"": ""RxNorm"", ""provenance"": ""rxnorm_drug_enrichment.csv""}"
E_RXN_000903,DRUG_000929,RXCUI_21107,HAS_RXNORM_CONCEPT,RxNorm,RXN:DRUG_000929:21107,HIGH_EXACT,HIGH_AUTHORITATIVE,"{""mapping_method"": ""exact_identifier_based"", ""resolution_status"": ""HIGH_EXACT"", ""match_score"": 100.0, ""source_dataset"": ""RxNorm"", ""provenance"": ""rxnorm_drug_enrichment.csv""}"
E_RXN_000904,DRUG_000930,RXCUI_28031,HAS_RXNORM_CONCEPT,RxNorm,RXN:DRUG_000930:28031,HIGH_EXACT,HIGH_AUTHORITATIVE,"{""mapping_method"": ""exact_identifier_based"", ""resolution_status"": ""HIGH_EXACT"", ""match_score"": 100.0, ""source_dataset"": ""RxNorm"", ""provenance"": ""rxnorm_drug_enrichment.csv""}"
E_RXN_000905,DRUG_000931,RXCUI_8702,HAS_RXNORM_CONCEPT,RxNorm,RXN:DRUG_000931:8702,HIGH_EXACT,HIGH_AUTHORITATIVE,"{""mapping_method"": ""exact_identifier_based"", ""resolution_status"": ""HIGH_EXACT"", ""match_score"": 100.0, ""source_dataset"": ""RxNorm"", ""provenance"": ""rxnorm_drug_enrichment.csv""}"
E_RXN_000906,DRUG_000932,RXCUI_18330,HAS_RXNORM_CONCEPT,RxNorm,RXN:DRUG_000932:18330,HIGH_EXACT,HIGH_AUTHORITATIVE,"{""mapping_method"": ""exact_identifier_based"", ""resolution_status"": ""HIGH_EXACT"", ""match_score"": 100.0, ""source_dataset"": ""RxNorm"", ""provenance"": ""rxnorm_drug_enrichment.csv""}"
E_RXN_000907,DRUG_000933,RXCUI_5036,HAS_RXNORM_CONCEPT,RxNorm,RXN:DRUG_000933:5036,HIGH_EXACT,HIGH_AUTHORITATIVE,"{""mapping_method"": ""exact_identifier_based"", ""resolution_status"": ""HIGH_EXACT"", ""match_score"": 100.0, ""source_dataset"": ""RxNorm"", ""provenance"": ""rxnorm_drug_enrichment.csv""}"
E_RXN_000908,DRUG_000934,RXCUI_30121,HAS_RXNORM_CONCEPT,RxNorm,RXN:DRUG_000934:30121,HIGH_EXACT,HIGH_AUTHORITATIVE,"{""mapping_method"": ""exact_identifier_based"", ""resolution_status"": ""HIGH_EXACT"", ""match_score"": 100.0, ""source_dataset"": ""RxNorm"", ""provenance"": ""rxnorm_drug_enrichment.csv""}"
E_RXN_000909,DRUG_000935,RXCUI_1727573,HAS_RXNORM_CONCEPT,RxNorm,RXN:DRUG_000935:1727573,HIGH_EXACT,HIGH_AUTHORITATIVE,"{""mapping_method"": ""exact_identifier_based"", ""resolution_status"": ""HIGH_EXACT"", ""match_score"": 100.0, ""source_dataset"": ""RxNorm"", ""provenance"": ""rxnorm_drug_enrichment.csv""}"
E_RXN_000910,DRUG_000936,RXCUI_7715,HAS_RXNORM_CONCEPT,RxNorm,RXN:DRUG_000936:7715,HIGH_EXACT,HIGH_AUTHORITATIVE,"{""mapping_method"": ""exact_identifier_based"", ""resolution_status"": ""HIGH_EXACT"", ""match_score"": 100.0, ""source_dataset"": ""RxNorm"", ""provenance"": ""rxnorm_drug_enrichment.csv""}"
E_RXN_000911,DRUG_000937,RXCUI_8134,HAS_RXNORM_CONCEPT,RxNorm,RXN:DRUG_000937:8134,HIGH_EXACT,HIGH_AUTHORITATIVE,"{""mapping_method"": ""exact_identifier_based"", ""resolution_status"": ""HIGH_EXACT"", ""match_score"": 100.0, ""source_dataset"": ""RxNorm"", ""provenance"": ""rxnorm_drug_enrichment.csv""}"
E_RXN_000912,DRUG_000938,RXCUI_2977,HAS_RXNORM_CONCEPT,RxNorm,RXN:DRUG_000938:2977,HIGH_EXACT,HIGH_AUTHORITATIVE,"{""mapping_method"": ""exact_identifier_based"", ""resolution_status"": ""HIGH_EXACT"", ""match_score"": 100.0, ""source_dataset"": ""RxNorm"", ""provenance"": ""rxnorm_drug_enrichment.csv""}"
E_RXN_000913,DRUG_000939,RXCUI_5650,HAS_RXNORM_CONCEPT,RxNorm,RXN:DRUG_000939:5650,HIGH_EXACT,HIGH_AUTHORITATIVE,"{""mapping_method"": ""exact_identifier_based"", ""resolution_status"": ""HIGH_EXACT"", ""match_score"": 100.0, ""source_dataset"": ""RxNorm"", ""provenance"": ""rxnorm_drug_enrichment.csv""}"
E_RXN_000914,DRUG_000940,RXCUI_2373,HAS_RXNORM_CONCEPT,RxNorm,RXN:DRUG_000940:2373,HIGH_EXACT,HIGH_AUTHORITATIVE,"{""mapping_method"": ""exact_identifier_based"", ""resolution_status"": ""HIGH_EXACT"", ""match_score"": 100.0, ""source_dataset"": ""RxNorm"", ""provenance"": ""rxnorm_drug_enrichment.csv""}"
E_RXN_000915,DRUG_000941,RXCUI_8463,HAS_RXNORM_CONCEPT,RxNorm,RXN:DRUG_000941:8463,HIGH_EXACT,HIGH_AUTHORITATIVE,"{""mapping_method"": ""exact_identifier_based"", ""resolution_status"": ""HIGH_EXACT"", ""match_score"": 100.0, ""source_dataset"": ""RxNorm"", ""provenance"": ""rxnorm_drug_enrichment.csv""}"
E_RXN_000916,DRUG_000942,RXCUI_9259,HAS_RXNORM_CONCEPT,RxNorm,RXN:DRUG_000942:9259,HIGH_EXACT,HIGH_AUTHORITATIVE,"{""mapping_method"": ""exact_identifier_based"", ""resolution_status"": ""HIGH_EXACT"", ""match_score"": 100.0, ""source_dataset"": ""RxNorm"", ""provenance"": ""rxnorm_drug_enrichment.csv""}"
E_RXN_000917,DRUG_000943,RXCUI_5657,HAS_RXNORM_CONCEPT,RxNorm,RXN:DRUG_000943:5657,HIGH_EXACT,HIGH_AUTHORITATIVE,"{""mapping_method"": ""exact_identifier_based"", ""resolution_status"": ""HIGH_EXACT"", ""match_score"": 100.0, ""source_dataset"": ""RxNorm"", ""provenance"": ""rxnorm_drug_enrichment.csv""}"
E_RXN_000918,DRUG_000944,RXCUI_8754,HAS_RXNORM_CONCEPT,RxNorm,RXN:DRUG_000944:8754,HIGH_EXACT,HIGH_AUTHORITATIVE,"{""mapping_method"": ""exact_identifier_based"", ""resolution_status"": ""HIGH_EXACT"", ""match_score"": 100.0, ""source_dataset"": ""RxNorm"", ""provenance"": ""rxnorm_drug_enrichment.csv""}"
E_RXN_000919,DRUG_000945,RXCUI_7242,HAS_RXNORM_CONCEPT,RxNorm,RXN:DRUG_000945:7242,HIGH_EXACT,HIGH_AUTHORITATIVE,"{""mapping_method"": ""exact_identifier_based"", ""resolution_status"": ""HIGH_EXACT"", ""match_score"": 100.0, ""source_dataset"": ""RxNorm"", ""provenance"": ""rxnorm_drug_enrichment.csv""}"
E_RXN_000920,DRUG_000946,RXCUI_3626,HAS_RXNORM_CONCEPT,RxNorm,RXN:DRUG_000946:3626,HIGH_EXACT,HIGH_AUTHORITATIVE,"{""mapping_method"": ""exact_identifier_based"", ""resolution_status"": ""HIGH_EXACT"", ""match_score"": 100.0, ""source_dataset"": ""RxNorm"", ""provenance"": ""rxnorm_drug_enrichment.csv""}"
E_RXN_000921,DRUG_000947,RXCUI_4494,HAS_RXNORM_CONCEPT,RxNorm,RXN:DRUG_000947:4494,HIGH_EXACT,HIGH_AUTHORITATIVE,"{""mapping_method"": ""exact_identifier_based"", ""resolution_status"": ""HIGH_EXACT"", ""match_score"": 100.0, ""source_dataset"": ""RxNorm"", ""provenance"": ""rxnorm_drug_enrichment.csv""}"
E_RXN_000922,DRUG_000948,RXCUI_8047,HAS_RXNORM_CONCEPT,RxNorm,RXN:DRUG_000948:8047,HIGH_EXACT,HIGH_AUTHORITATIVE,"{""mapping_method"": ""exact_identifier_based"", ""resolution_status"": ""HIGH_EXACT"", ""match_score"": 100.0, ""source_dataset"": ""RxNorm"", ""provenance"": ""rxnorm_drug_enrichment.csv""}"
E_RXN_000923,DRUG_000949,RXCUI_21090,HAS_RXNORM_CONCEPT,RxNorm,RXN:DRUG_000949:21090,HIGH_EXACT,HIGH_AUTHORITATIVE,"{""mapping_method"": ""exact_identifier_based"", ""resolution_status"": ""HIGH_EXACT"", ""match_score"": 100.0, ""source_dataset"": ""RxNorm"", ""provenance"": ""rxnorm_drug_enrichment.csv""}"
E_RXN_000924,DRUG_000950,RXCUI_27340,HAS_RXNORM_CONCEPT,RxNorm,RXN:DRUG_000950:27340,HIGH_EXACT,HIGH_AUTHORITATIVE,"{""mapping_method"": ""exact_identifier_based"", ""resolution_status"": ""HIGH_EXACT"", ""match_score"": 100.0, ""source_dataset"": ""RxNorm"", ""provenance"": ""rxnorm_drug_enrichment.csv""}"
E_RXN_000925,DRUG_000951,RXCUI_2582,HAS_RXNORM_CONCEPT,RxNorm,RXN:DRUG_000951:2582,HIGH_EXACT,HIGH_AUTHORITATIVE,"{""mapping_method"": ""exact_identifier_based"", ""resolution_status"": ""HIGH_EXACT"", ""match_score"": 100.0, ""source_dataset"": ""RxNorm"", ""provenance"": ""rxnorm_drug_enrichment.csv""}"
E_RXN_000926,DRUG_000952,RXCUI_3268,HAS_RXNORM_CONCEPT,RxNorm,RXN:DRUG_000952:3268,HIGH_EXACT,HIGH_AUTHORITATIVE,"{""mapping_method"": ""exact_identifier_based"", ""resolution_status"": ""HIGH_EXACT"", ""match_score"": 100.0, ""source_dataset"": ""RxNorm"", ""provenance"": ""rxnorm_drug_enrichment.csv""}"
E_RXN_000927,DRUG_000953,RXCUI_7814,HAS_RXNORM_CONCEPT,RxNorm,RXN:DRUG_000953:7814,HIGH_EXACT,HIGH_AUTHORITATIVE,"{""mapping_method"": ""exact_identifier_based"", ""resolution_status"": ""HIGH_EXACT"", ""match_score"": 100.0, ""source_dataset"": ""RxNorm"", ""provenance"": ""rxnorm_drug_enrichment.csv""}"
E_RXN_000928,DRUG_000954,RXCUI_149,HAS_RXNORM_CONCEPT,RxNorm,RXN:DRUG_000954:149,HIGH_EXACT,HIGH_AUTHORITATIVE,"{""mapping_method"": ""exact_identifier_based"", ""resolution_status"": ""HIGH_EXACT"", ""match_score"": 100.0, ""source_dataset"": ""RxNorm"", ""provenance"": ""rxnorm_drug_enrichment.csv""}"
E_RXN_000929,DRUG_000955,RXCUI_194881,HAS_RXNORM_CONCEPT,RxNorm,RXN:DRUG_000955:194881,HIGH_EXACT,HIGH_AUTHORITATIVE,"{""mapping_method"": ""exact_identifier_based"", ""resolution_status"": ""HIGH_EXACT"", ""match_score"": 100.0, ""source_dataset"": ""RxNorm"", ""provenance"": ""rxnorm_drug_enrichment.csv""}"
E_RXN_000930,DRUG_000956,RXCUI_4441,HAS_RXNORM_CONCEPT,RxNorm,RXN:DRUG_000956:4441,HIGH_EXACT,HIGH_AUTHORITATIVE,"{""mapping_method"": ""exact_identifier_based"", ""resolution_status"": ""HIGH_EXACT"", ""match_score"": 100.0, ""source_dataset"": ""RxNorm"", ""provenance"": ""rxnorm_drug_enrichment.csv""}"
E_RXN_000931,DRUG_000957,RXCUI_4089,HAS_RXNORM_CONCEPT,RxNorm,RXN:DRUG_000957:4089,HIGH_EXACT,HIGH_AUTHORITATIVE,"{""mapping_method"": ""exact_identifier_based"", ""resolution_status"": ""HIGH_EXACT"", ""match_score"": 100.0, ""source_dataset"": ""RxNorm"", ""provenance"": ""rxnorm_drug_enrichment.csv""}"
E_RXN_000932,DRUG_000958,RXCUI_1998,HAS_RXNORM_CONCEPT,RxNorm,RXN:DRUG_000958:1998,HIGH_EXACT,HIGH_AUTHORITATIVE,"{""mapping_method"": ""exact_identifier_based"", ""resolution_status"": ""HIGH_EXACT"", ""match_score"": 100.0, ""source_dataset"": ""RxNorm"", ""provenance"": ""rxnorm_drug_enrichment.csv""}"
E_RXN_000933,DRUG_000959,RXCUI_10917,HAS_RXNORM_CONCEPT,RxNorm,RXN:DRUG_000959:10917,HIGH_EXACT,HIGH_AUTHORITATIVE,"{""mapping_method"": ""exact_identifier_based"", ""resolution_status"": ""HIGH_EXACT"", ""match_score"": 100.0, ""source_dataset"": ""RxNorm"", ""provenance"": ""rxnorm_drug_enrichment.csv""}"
E_RXN_000934,DRUG_000960,RXCUI_1760,HAS_RXNORM_CONCEPT,RxNorm,RXN:DRUG_000960:1760,HIGH_EXACT,HIGH_AUTHORITATIVE,"{""mapping_method"": ""exact_identifier_based"", ""resolution_status"": ""HIGH_EXACT"", ""match_score"": 100.0, ""source_dataset"": ""RxNorm"", ""provenance"": ""rxnorm_drug_enrichment.csv""}"
E_RXN_000935,DRUG_000961,RXCUI_35617,HAS_RXNORM_CONCEPT,RxNorm,RXN:DRUG_000961:35617,HIGH_EXACT,HIGH_AUTHORITATIVE,"{""mapping_method"": ""exact_identifier_based"", ""resolution_status"": ""HIGH_EXACT"", ""match_score"": 100.0, ""source_dataset"": ""RxNorm"", ""provenance"": ""rxnorm_drug_enrichment.csv""}"
E_RXN_000936,DRUG_000962,RXCUI_114477,HAS_RXNORM_CONCEPT,RxNorm,RXN:DRUG_000962:114477,HIGH_EXACT,HIGH_AUTHORITATIVE,"{""mapping_method"": ""exact_identifier_based"", ""resolution_status"": ""HIGH_EXACT"", ""match_score"": 100.0, ""source_dataset"": ""RxNorm"", ""provenance"": ""rxnorm_drug_enrichment.csv""}"
E_RXN_000937,DRUG_000963,RXCUI_7226,HAS_RXNORM_CONCEPT,RxNorm,RXN:DRUG_000963:7226,HIGH_EXACT,HIGH_AUTHORITATIVE,"{""mapping_method"": ""exact_identifier_based"", ""resolution_status"": ""HIGH_EXACT"", ""match_score"": 100.0, ""source_dataset"": ""RxNorm"", ""provenance"": ""rxnorm_drug_enrichment.csv""}"
E_RXN_000938,DRUG_000964,RXCUI_7005,HAS_RXNORM_CONCEPT,RxNorm,RXN:DRUG_000964:7005,HIGH_EXACT,HIGH_AUTHORITATIVE,"{""mapping_method"": ""exact_identifier_based"", ""resolution_status"": ""HIGH_EXACT"", ""match_score"": 100.0, ""source_dataset"": ""RxNorm"", ""provenance"": ""rxnorm_drug_enrichment.csv""}"
E_RXN_000939,DRUG_000965,RXCUI_4457,HAS_RXNORM_CONCEPT,RxNorm,RXN:DRUG_000965:4457,HIGH_EXACT,HIGH_AUTHORITATIVE,"{""mapping_method"": ""exact_identifier_based"", ""resolution_status"": ""HIGH_EXACT"", ""match_score"": 100.0, ""source_dataset"": ""RxNorm"", ""provenance"": ""rxnorm_drug_enrichment.csv""}"
E_RXN_000940,DRUG_000966,RXCUI_6466,HAS_RXNORM_CONCEPT,RxNorm,RXN:DRUG_000966:6466,HIGH_EXACT,HIGH_AUTHORITATIVE,"{""mapping_method"": ""exact_identifier_based"", ""resolution_status"": ""HIGH_EXACT"", ""match_score"": 100.0, ""source_dataset"": ""RxNorm"", ""provenance"": ""rxnorm_drug_enrichment.csv""}"
E_RXN_000941,DRUG_000968,RXCUI_18469,HAS_RXNORM_CONCEPT,RxNorm,RXN:DRUG_000968:18469,HIGH_EXACT,HIGH_AUTHORITATIVE,"{""mapping_method"": ""exact_identifier_based"", ""resolution_status"": ""HIGH_EXACT"", ""match_score"": 100.0, ""source_dataset"": ""RxNorm"", ""provenance"": ""rxnorm_drug_enrichment.csv""}"
E_RXN_000942,DRUG_000969,RXCUI_22713,HAS_RXNORM_CONCEPT,RxNorm,RXN:DRUG_000969:22713,HIGH_EXACT,HIGH_AUTHORITATIVE,"{""mapping_method"": ""exact_identifier_based"", ""resolution_status"": ""HIGH_EXACT"", ""match_score"": 100.0, ""source_dataset"": ""RxNorm"", ""provenance"": ""rxnorm_drug_enrichment.csv""}"
E_RXN_000943,DRUG_000970,RXCUI_1813,HAS_RXNORM_CONCEPT,RxNorm,RXN:DRUG_000970:1813,HIGH_EXACT,HIGH_AUTHORITATIVE,"{""mapping_method"": ""exact_identifier_based"", ""resolution_status"": ""HIGH_EXACT"", ""match_score"": 100.0, ""source_dataset"": ""RxNorm"", ""provenance"": ""rxnorm_drug_enrichment.csv""}"
E_RXN_000944,DRUG_000971,RXCUI_21212,HAS_RXNORM_CONCEPT,RxNorm,RXN:DRUG_000971:21212,HIGH_EXACT,HIGH_AUTHORITATIVE,"{""mapping_method"": ""exact_identifier_based"", ""resolution_status"": ""HIGH_EXACT"", ""match_score"": 100.0, ""source_dataset"": ""RxNorm"", ""provenance"": ""rxnorm_drug_enrichment.csv""}"
E_RXN_000945,DRUG_000972,RXCUI_2193,HAS_RXNORM_CONCEPT,RxNorm,RXN:DRUG_000972:2193,HIGH_EXACT,HIGH_AUTHORITATIVE,"{""mapping_method"": ""exact_identifier_based"", ""resolution_status"": ""HIGH_EXACT"", ""match_score"": 100.0, ""source_dataset"": ""RxNorm"", ""provenance"": ""rxnorm_drug_enrichment.csv""}"
E_RXN_000946,DRUG_000973,RXCUI_15226,HAS_RXNORM_CONCEPT,RxNorm,RXN:DRUG_000973:15226,HIGH_EXACT,HIGH_AUTHORITATIVE,"{""mapping_method"": ""exact_identifier_based"", ""resolution_status"": ""HIGH_EXACT"", ""match_score"": 100.0, ""source_dataset"": ""RxNorm"", ""provenance"": ""rxnorm_drug_enrichment.csv""}"
E_RXN_000947,DRUG_000974,RXCUI_10824,HAS_RXNORM_CONCEPT,RxNorm,RXN:DRUG_000974:10824,HIGH_EXACT,HIGH_AUTHORITATIVE,"{""mapping_method"": ""exact_identifier_based"", ""resolution_status"": ""HIGH_EXACT"", ""match_score"": 100.0, ""source_dataset"": ""RxNorm"", ""provenance"": ""rxnorm_drug_enrichment.csv""}"
E_RXN_000948,DRUG_000975,RXCUI_4077,HAS_RXNORM_CONCEPT,RxNorm,RXN:DRUG_000975:4077,HIGH_EXACT,HIGH_AUTHORITATIVE,"{""mapping_method"": ""exact_identifier_based"", ""resolution_status"": ""HIGH_EXACT"", ""match_score"": 100.0, ""source_dataset"": ""RxNorm"", ""provenance"": ""rxnorm_drug_enrichment.csv""}"
E_RXN_000949,DRUG_000976,RXCUI_25025,HAS_RXNORM_CONCEPT,RxNorm,RXN:DRUG_000976:25025,HIGH_EXACT,HIGH_AUTHORITATIVE,"{""mapping_method"": ""exact_identifier_based"", ""resolution_status"": ""HIGH_EXACT"", ""match_score"": 100.0, ""source_dataset"": ""RxNorm"", ""provenance"": ""rxnorm_drug_enrichment.csv""}"
E_RXN_000950,DRUG_000977,RXCUI_84857,HAS_RXNORM_CONCEPT,RxNorm,RXN:DRUG_000977:84857,HIGH_EXACT,HIGH_AUTHORITATIVE,"{""mapping_method"": ""exact_identifier_based"", ""resolution_status"": ""HIGH_EXACT"", ""match_score"": 100.0, ""source_dataset"": ""RxNorm"", ""provenance"": ""rxnorm_drug_enrichment.csv""}"
E_RXN_000951,DRUG_000978,RXCUI_50749,HAS_RXNORM_CONCEPT,RxNorm,RXN:DRUG_000978:50749,HIGH_EXACT,HIGH_AUTHORITATIVE,"{""mapping_method"": ""exact_identifier_based"", ""resolution_status"": ""HIGH_EXACT"", ""match_score"": 100.0, ""source_dataset"": ""RxNorm"", ""provenance"": ""rxnorm_drug_enrichment.csv""}"
E_RXN_000952,DRUG_000979,RXCUI_3105,HAS_RXNORM_CONCEPT,RxNorm,RXN:DRUG_000979:3105,HIGH_EXACT,HIGH_AUTHORITATIVE,"{""mapping_method"": ""exact_identifier_based"", ""resolution_status"": ""HIGH_EXACT"", ""match_score"": 100.0, ""source_dataset"": ""RxNorm"", ""provenance"": ""rxnorm_drug_enrichment.csv""}"
E_RXN_000953,DRUG_000980,RXCUI_35619,HAS_RXNORM_CONCEPT,RxNorm,RXN:DRUG_000980:35619,HIGH_EXACT,HIGH_AUTHORITATIVE,"{""mapping_method"": ""exact_identifier_based"", ""resolution_status"": ""HIGH_EXACT"", ""match_score"": 100.0, ""source_dataset"": ""RxNorm"", ""provenance"": ""rxnorm_drug_enrichment.csv""}"
E_RXN_000954,DRUG_000981,RXCUI_6130,HAS_RXNORM_CONCEPT,RxNorm,RXN:DRUG_000981:6130,HIGH_EXACT,HIGH_AUTHORITATIVE,"{""mapping_method"": ""exact_identifier_based"", ""resolution_status"": ""HIGH_EXACT"", ""match_score"": 100.0, ""source_dataset"": ""RxNorm"", ""provenance"": ""rxnorm_drug_enrichment.csv""}"
E_RXN_000955,DRUG_000982,RXCUI_19831,HAS_RXNORM_CONCEPT,RxNorm,RXN:DRUG_000982:19831,HIGH_EXACT,HIGH_AUTHORITATIVE,"{""mapping_method"": ""exact_identifier_based"", ""resolution_status"": ""HIGH_EXACT"", ""match_score"": 100.0, ""source_dataset"": ""RxNorm"", ""provenance"": ""rxnorm_drug_enrichment.csv""}"
E_RXN_000956,DRUG_000983,RXCUI_689,HAS_RXNORM_CONCEPT,RxNorm,RXN:DRUG_000983:689,HIGH_EXACT,HIGH_AUTHORITATIVE,"{""mapping_method"": ""exact_identifier_based"", ""resolution_status"": ""HIGH_EXACT"", ""match_score"": 100.0, ""source_dataset"": ""RxNorm"", ""provenance"": ""rxnorm_drug_enrichment.csv""}"
E_RXN_000957,DRUG_000984,RXCUI_51272,HAS_RXNORM_CONCEPT,RxNorm,RXN:DRUG_000984:51272,HIGH_EXACT,HIGH_AUTHORITATIVE,"{""mapping_method"": ""exact_identifier_based"", ""resolution_status"": ""HIGH_EXACT"", ""match_score"": 100.0, ""source_dataset"": ""RxNorm"", ""provenance"": ""rxnorm_drug_enrichment.csv""}"
E_RXN_000958,DRUG_000985,RXCUI_30077,HAS_RXNORM_CONCEPT,RxNorm,RXN:DRUG_000985:30077,HIGH_EXACT,HIGH_AUTHORITATIVE,"{""mapping_method"": ""exact_identifier_based"", ""resolution_status"": ""HIGH_EXACT"", ""match_score"": 100.0, ""source_dataset"": ""RxNorm"", ""provenance"": ""rxnorm_drug_enrichment.csv""}"
E_RXN_000959,DRUG_000986,RXCUI_237005,HAS_RXNORM_CONCEPT,RxNorm,RXN:DRUG_000986:237005,HIGH_EXACT,HIGH_AUTHORITATIVE,"{""mapping_method"": ""exact_identifier_based"", ""resolution_status"": ""HIGH_EXACT"", ""match_score"": 100.0, ""source_dataset"": ""RxNorm"", ""provenance"": ""rxnorm_drug_enrichment.csv""}"
E_RXN_000960,DRUG_000987,RXCUI_42368,HAS_RXNORM_CONCEPT,RxNorm,RXN:DRUG_000987:42368,HIGH_EXACT,HIGH_AUTHORITATIVE,"{""mapping_method"": ""exact_identifier_based"", ""resolution_status"": ""HIGH_EXACT"", ""match_score"": 100.0, ""source_dataset"": ""RxNorm"", ""provenance"": ""rxnorm_drug_enrichment.csv""}"
E_RXN_000961,DRUG_000988,RXCUI_486610,HAS_RXNORM_CONCEPT,RxNorm,RXN:DRUG_000988:486610,HIGH_EXACT,HIGH_AUTHORITATIVE,"{""mapping_method"": ""exact_identifier_based"", ""resolution_status"": ""HIGH_EXACT"", ""match_score"": 100.0, ""source_dataset"": ""RxNorm"", ""provenance"": ""rxnorm_drug_enrichment.csv""}"
E_RXN_000962,DRUG_000989,RXCUI_83395,HAS_RXNORM_CONCEPT,RxNorm,RXN:DRUG_000989:83395,HIGH_EXACT,HIGH_AUTHORITATIVE,"{""mapping_method"": ""exact_identifier_based"", ""resolution_status"": ""HIGH_EXACT"", ""match_score"": 100.0, ""source_dataset"": ""RxNorm"", ""provenance"": ""rxnorm_drug_enrichment.csv""}"
E_RXN_000963,DRUG_000990,RXCUI_6915,HAS_RXNORM_CONCEPT,RxNorm,RXN:DRUG_000990:6915,HIGH_EXACT,HIGH_AUTHORITATIVE,"{""mapping_method"": ""exact_identifier_based"", ""resolution_status"": ""HIGH_EXACT"", ""match_score"": 100.0, ""source_dataset"": ""RxNorm"", ""provenance"": ""rxnorm_drug_enrichment.csv""}"
E_RXN_000964,DRUG_000991,RXCUI_6375,HAS_RXNORM_CONCEPT,RxNorm,RXN:DRUG_000991:6375,HIGH_EXACT,HIGH_AUTHORITATIVE,"{""mapping_method"": ""exact_identifier_based"", ""resolution_status"": ""HIGH_EXACT"", ""match_score"": 100.0, ""source_dataset"": ""RxNorm"", ""provenance"": ""rxnorm_drug_enrichment.csv""}"
E_RXN_000965,DRUG_000992,RXCUI_36453,HAS_RXNORM_CONCEPT,RxNorm,RXN:DRUG_000992:36453,HIGH_EXACT,HIGH_AUTHORITATIVE,"{""mapping_method"": ""exact_identifier_based"", ""resolution_status"": ""HIGH_EXACT"", ""match_score"": 100.0, ""source_dataset"": ""RxNorm"", ""provenance"": ""rxnorm_drug_enrichment.csv""}"
E_RXN_000966,DRUG_000993,RXCUI_89013,HAS_RXNORM_CONCEPT,RxNorm,RXN:DRUG_000993:89013,HIGH_EXACT,HIGH_AUTHORITATIVE,"{""mapping_method"": ""exact_identifier_based"", ""resolution_status"": ""HIGH_EXACT"", ""match_score"": 100.0, ""source_dataset"": ""RxNorm"", ""provenance"": ""rxnorm_drug_enrichment.csv""}"
E_RXN_000967,DRUG_000994,RXCUI_2406,HAS_RXNORM_CONCEPT,RxNorm,RXN:DRUG_000994:2406,HIGH_EXACT,HIGH_AUTHORITATIVE,"{""mapping_method"": ""exact_identifier_based"", ""resolution_status"": ""HIGH_EXACT"", ""match_score"": 100.0, ""source_dataset"": ""RxNorm"", ""provenance"": ""rxnorm_drug_enrichment.csv""}"
E_RXN_000968,DRUG_000995,RXCUI_8814,HAS_RXNORM_CONCEPT,RxNorm,RXN:DRUG_000995:8814,HIGH_EXACT,HIGH_AUTHORITATIVE,"{""mapping_method"": ""exact_identifier_based"", ""resolution_status"": ""HIGH_EXACT"", ""match_score"": 100.0, ""source_dataset"": ""RxNorm"", ""provenance"": ""rxnorm_drug_enrichment.csv""}"
E_RXN_000969,DRUG_000996,RXCUI_4719,HAS_RXNORM_CONCEPT,RxNorm,RXN:DRUG_000996:4719,HIGH_EXACT,HIGH_AUTHORITATIVE,"{""mapping_method"": ""exact_identifier_based"", ""resolution_status"": ""HIGH_EXACT"", ""match_score"": 100.0, ""source_dataset"": ""RxNorm"", ""provenance"": ""rxnorm_drug_enrichment.csv""}"
E_RXN_000970,DRUG_000997,RXCUI_2597,HAS_RXNORM_CONCEPT,RxNorm,RXN:DRUG_000997:2597,HIGH_EXACT,HIGH_AUTHORITATIVE,"{""mapping_method"": ""exact_identifier_based"", ""resolution_status"": ""HIGH_EXACT"", ""match_score"": 100.0, ""source_dataset"": ""RxNorm"", ""provenance"": ""rxnorm_drug_enrichment.csv""}"
E_RXN_000971,DRUG_000998,RXCUI_20875,HAS_RXNORM_CONCEPT,RxNorm,RXN:DRUG_000998:20875,HIGH_EXACT,HIGH_AUTHORITATIVE,"{""mapping_method"": ""exact_identifier_based"", ""resolution_status"": ""HIGH_EXACT"", ""match_score"": 100.0, ""source_dataset"": ""RxNorm"", ""provenance"": ""rxnorm_drug_enrichment.csv""}"
E_RXN_000972,DRUG_000999,RXCUI_1436,HAS_RXNORM_CONCEPT,RxNorm,RXN:DRUG_000999:1436,HIGH_EXACT,HIGH_AUTHORITATIVE,"{""mapping_method"": ""exact_identifier_based"", ""resolution_status"": ""HIGH_EXACT"", ""match_score"": 100.0, ""source_dataset"": ""RxNorm"", ""provenance"": ""rxnorm_drug_enrichment.csv""}"
E_RXN_000973,DRUG_001001,RXCUI_10825,HAS_RXNORM_CONCEPT,RxNorm,RXN:DRUG_001001:10825,HIGH_EXACT,HIGH_AUTHORITATIVE,"{""mapping_method"": ""exact_identifier_based"", ""resolution_status"": ""HIGH_EXACT"", ""match_score"": 100.0, ""source_dataset"": ""RxNorm"", ""provenance"": ""rxnorm_drug_enrichment.csv""}"
E_RXN_000974,DRUG_001002,RXCUI_6011,HAS_RXNORM_CONCEPT,RxNorm,RXN:DRUG_001002:6011,HIGH_EXACT,HIGH_AUTHORITATIVE,"{""mapping_method"": ""exact_identifier_based"", ""resolution_status"": ""HIGH_EXACT"", ""match_score"": 100.0, ""source_dataset"": ""RxNorm"", ""provenance"": ""rxnorm_drug_enrichment.csv""}"
E_RXN_000975,DRUG_001003,RXCUI_1299922,HAS_RXNORM_CONCEPT,RxNorm,RXN:DRUG_001003:1299922,HIGH_EXACT,HIGH_AUTHORITATIVE,"{""mapping_method"": ""exact_identifier_based"", ""resolution_status"": ""HIGH_EXACT"", ""match_score"": 100.0, ""source_dataset"": ""RxNorm"", ""provenance"": ""rxnorm_drug_enrichment.csv""}"
E_RXN_000976,DRUG_001004,RXCUI_27729,HAS_RXNORM_CONCEPT,RxNorm,RXN:DRUG_001004:27729,HIGH_EXACT,HIGH_AUTHORITATIVE,"{""mapping_method"": ""exact_identifier_based"", ""resolution_status"": ""HIGH_EXACT"", ""match_score"": 100.0, ""source_dataset"": ""RxNorm"", ""provenance"": ""rxnorm_drug_enrichment.csv""}"
E_RXN_000977,DRUG_001005,RXCUI_32385,HAS_RXNORM_CONCEPT,RxNorm,RXN:DRUG_001005:32385,HIGH_EXACT,HIGH_AUTHORITATIVE,"{""mapping_method"": ""exact_identifier_based"", ""resolution_status"": ""HIGH_EXACT"", ""match_score"": 100.0, ""source_dataset"": ""RxNorm"", ""provenance"": ""rxnorm_drug_enrichment.csv""}"
E_RXN_000978,DRUG_001006,RXCUI_25793,HAS_RXNORM_CONCEPT,RxNorm,RXN:DRUG_001006:25793,HIGH_EXACT,HIGH_AUTHORITATIVE,"{""mapping_method"": ""exact_identifier_based"", ""resolution_status"": ""HIGH_EXACT"", ""match_score"": 100.0, ""source_dataset"": ""RxNorm"", ""provenance"": ""rxnorm_drug_enrichment.csv""}"
E_RXN_000979,DRUG_001008,RXCUI_4021,HAS_RXNORM_CONCEPT,RxNorm,RXN:DRUG_001008:4021,HIGH_EXACT,HIGH_AUTHORITATIVE,"{""mapping_method"": ""exact_identifier_based"", ""resolution_status"": ""HIGH_EXACT"", ""match_score"": 100.0, ""source_dataset"": ""RxNorm"", ""provenance"": ""rxnorm_drug_enrichment.csv""}"
E_RXN_000980,DRUG_001010,RXCUI_700810,HAS_RXNORM_CONCEPT,RxNorm,RXN:DRUG_001010:700810,HIGH_EXACT,HIGH_AUTHORITATIVE,"{""mapping_method"": ""exact_identifier_based"", ""resolution_status"": ""HIGH_EXACT"", ""match_score"": 100.0, ""source_dataset"": ""RxNorm"", ""provenance"": ""rxnorm_drug_enrichment.csv""}"
E_RXN_000981,DRUG_001011,RXCUI_642274,HAS_RXNORM_CONCEPT,RxNorm,RXN:DRUG_001011:642274,HIGH_EXACT,HIGH_AUTHORITATIVE,"{""mapping_method"": ""exact_identifier_based"", ""resolution_status"": ""HIGH_EXACT"", ""match_score"": 100.0, ""source_dataset"": ""RxNorm"", ""provenance"": ""rxnorm_drug_enrichment.csv""}"
E_RXN_000982,DRUG_001012,RXCUI_480167,HAS_RXNORM_CONCEPT,RxNorm,RXN:DRUG_001012:480167,HIGH_EXACT,HIGH_AUTHORITATIVE,"{""mapping_method"": ""exact_identifier_based"", ""resolution_status"": ""HIGH_EXACT"", ""match_score"": 100.0, ""source_dataset"": ""RxNorm"", ""provenance"": ""rxnorm_drug_enrichment.csv""}"
E_RXN_000983,DRUG_001013,RXCUI_3254,HAS_RXNORM_CONCEPT,RxNorm,RXN:DRUG_001013:3254,HIGH_EXACT,HIGH_AUTHORITATIVE,"{""mapping_method"": ""exact_identifier_based"", ""resolution_status"": ""HIGH_EXACT"", ""match_score"": 100.0, ""source_dataset"": ""RxNorm"", ""provenance"": ""rxnorm_drug_enrichment.csv""}"
E_RXN_000984,DRUG_001014,RXCUI_593411,HAS_RXNORM_CONCEPT,RxNorm,RXN:DRUG_001014:593411,HIGH_EXACT,HIGH_AUTHORITATIVE,"{""mapping_method"": ""exact_identifier_based"", ""resolution_status"": ""HIGH_EXACT"", ""match_score"": 100.0, ""source_dataset"": ""RxNorm"", ""provenance"": ""rxnorm_drug_enrichment.csv""}"
E_RXN_000985,DRUG_001015,RXCUI_15657,HAS_RXNORM_CONCEPT,RxNorm,RXN:DRUG_001015:15657,HIGH_EXACT,HIGH_AUTHORITATIVE,"{""mapping_method"": ""exact_identifier_based"", ""resolution_status"": ""HIGH_EXACT"", ""match_score"": 100.0, ""source_dataset"": ""RxNorm"", ""provenance"": ""rxnorm_drug_enrichment.csv""}"
E_RXN_000986,DRUG_001016,RXCUI_282446,HAS_RXNORM_CONCEPT,RxNorm,RXN:DRUG_001016:282446,HIGH_EXACT,HIGH_AUTHORITATIVE,"{""mapping_method"": ""exact_identifier_based"", ""resolution_status"": ""HIGH_EXACT"", ""match_score"": 100.0, ""source_dataset"": ""RxNorm"", ""provenance"": ""rxnorm_drug_enrichment.csv""}"
E_RXN_000987,DRUG_001017,RXCUI_460132,HAS_RXNORM_CONCEPT,RxNorm,RXN:DRUG_001017:460132,HIGH_EXACT,HIGH_AUTHORITATIVE,"{""mapping_method"": ""exact_identifier_based"", ""resolution_status"": ""HIGH_EXACT"", ""match_score"": 100.0, ""source_dataset"": ""RxNorm"", ""provenance"": ""rxnorm_drug_enrichment.csv""}"
E_RXN_000988,DRUG_001018,RXCUI_679314,HAS_RXNORM_CONCEPT,RxNorm,RXN:DRUG_001018:679314,HIGH_EXACT,HIGH_AUTHORITATIVE,"{""mapping_method"": ""exact_identifier_based"", ""resolution_status"": ""HIGH_EXACT"", ""match_score"": 100.0, ""source_dataset"": ""RxNorm"", ""provenance"": ""rxnorm_drug_enrichment.csv""}"
E_RXN_000989,DRUG_001019,RXCUI_357977,HAS_RXNORM_CONCEPT,RxNorm,RXN:DRUG_001019:357977,HIGH_EXACT,HIGH_AUTHORITATIVE,"{""mapping_method"": ""exact_identifier_based"", ""resolution_status"": ""HIGH_EXACT"", ""match_score"": 100.0, ""source_dataset"": ""RxNorm"", ""provenance"": ""rxnorm_drug_enrichment.csv""}"
E_RXN_000990,DRUG_001020,RXCUI_591622,HAS_RXNORM_CONCEPT,RxNorm,RXN:DRUG_001020:591622,HIGH_EXACT,HIGH_AUTHORITATIVE,"{""mapping_method"": ""exact_identifier_based"", ""resolution_status"": ""HIGH_EXACT"", ""match_score"": 100.0, ""source_dataset"": ""RxNorm"", ""provenance"": ""rxnorm_drug_enrichment.csv""}"
E_RXN_000991,DRUG_001021,RXCUI_5470,HAS_RXNORM_CONCEPT,RxNorm,RXN:DRUG_001021:5470,HIGH_EXACT,HIGH_AUTHORITATIVE,"{""mapping_method"": ""exact_identifier_based"", ""resolution_status"": ""HIGH_EXACT"", ""match_score"": 100.0, ""source_dataset"": ""RxNorm"", ""provenance"": ""rxnorm_drug_enrichment.csv""}"
E_RXN_000992,DRUG_001022,RXCUI_274771,HAS_RXNORM_CONCEPT,RxNorm,RXN:DRUG_001022:274771,HIGH_EXACT,HIGH_AUTHORITATIVE,"{""mapping_method"": ""exact_identifier_based"", ""resolution_status"": ""HIGH_EXACT"", ""match_score"": 100.0, ""source_dataset"": ""RxNorm"", ""provenance"": ""rxnorm_drug_enrichment.csv""}"
E_RXN_000993,DRUG_001025,RXCUI_2890,HAS_RXNORM_CONCEPT,RxNorm,RXN:DRUG_001025:2890,HIGH_EXACT,HIGH_AUTHORITATIVE,"{""mapping_method"": ""exact_identifier_based"", ""resolution_status"": ""HIGH_EXACT"", ""match_score"": 100.0, ""source_dataset"": ""RxNorm"", ""provenance"": ""rxnorm_drug_enrichment.csv""}"
E_RXN_000994,DRUG_001026,RXCUI_4333,HAS_RXNORM_CONCEPT,RxNorm,RXN:DRUG_001026:4333,HIGH_EXACT,HIGH_AUTHORITATIVE,"{""mapping_method"": ""exact_identifier_based"", ""resolution_status"": ""HIGH_EXACT"", ""match_score"": 100.0, ""source_dataset"": ""RxNorm"", ""provenance"": ""rxnorm_drug_enrichment.csv""}"
E_RXN_000995,DRUG_001028,RXCUI_33767,HAS_RXNORM_CONCEPT,RxNorm,RXN:DRUG_001028:33767,HIGH_EXACT,HIGH_AUTHORITATIVE,"{""mapping_method"": ""exact_identifier_based"", ""resolution_status"": ""HIGH_EXACT"", ""match_score"": 100.0, ""source_dataset"": ""RxNorm"", ""provenance"": ""rxnorm_drug_enrichment.csv""}"
E_RXN_000996,DRUG_001029,RXCUI_19478,HAS_RXNORM_CONCEPT,RxNorm,RXN:DRUG_001029:19478,HIGH_EXACT,HIGH_AUTHORITATIVE,"{""mapping_method"": ""exact_identifier_based"", ""resolution_status"": ""HIGH_EXACT"", ""match_score"": 100.0, ""source_dataset"": ""RxNorm"", ""provenance"": ""rxnorm_drug_enrichment.csv""}"
E_RXN_000997,DRUG_001031,RXCUI_4845,HAS_RXNORM_CONCEPT,RxNorm,RXN:DRUG_001031:4845,HIGH_EXACT,HIGH_AUTHORITATIVE,"{""mapping_method"": ""exact_identifier_based"", ""resolution_status"": ""HIGH_EXACT"", ""match_score"": 100.0, ""source_dataset"": ""RxNorm"", ""provenance"": ""rxnorm_drug_enrichment.csv""}"
E_RXN_000998,DRUG_001032,RXCUI_8620,HAS_RXNORM_CONCEPT,RxNorm,RXN:DRUG_001032:8620,HIGH_EXACT,HIGH_AUTHORITATIVE,"{""mapping_method"": ""exact_identifier_based"", ""resolution_status"": ""HIGH_EXACT"", ""match_score"": 100.0, ""source_dataset"": ""RxNorm"", ""provenance"": ""rxnorm_drug_enrichment.csv""}"
E_RXN_000999,DRUG_001033,RXCUI_78902,HAS_RXNORM_CONCEPT,RxNorm,RXN:DRUG_001033:78902,HIGH_EXACT,HIGH_AUTHORITATIVE,"{""mapping_method"": ""exact_identifier_based"", ""resolution_status"": ""HIGH_EXACT"", ""match_score"": 100.0, ""source_dataset"": ""RxNorm"", ""provenance"": ""rxnorm_drug_enrichment.csv""}"
E_RXN_001000,DRUG_001034,RXCUI_10173,HAS_RXNORM_CONCEPT,RxNorm,RXN:DRUG_001034:10173,HIGH_EXACT,HIGH_AUTHORITATIVE,"{""mapping_method"": ""exact_identifier_based"", ""resolution_status"": ""HIGH_EXACT"", ""match_score"": 100.0, ""source_dataset"": ""RxNorm"", ""provenance"": ""rxnorm_drug_enrichment.csv""}"
E_RXN_001001,DRUG_001035,RXCUI_9462,HAS_RXNORM_CONCEPT,RxNorm,RXN:DRUG_001035:9462,HIGH_EXACT,HIGH_AUTHORITATIVE,"{""mapping_method"": ""exact_identifier_based"", ""resolution_status"": ""HIGH_EXACT"", ""match_score"": 100.0, ""source_dataset"": ""RxNorm"", ""provenance"": ""rxnorm_drug_enrichment.csv""}"
E_RXN_001002,DRUG_001036,RXCUI_20976,HAS_RXNORM_CONCEPT,RxNorm,RXN:DRUG_001036:20976,HIGH_EXACT,HIGH_AUTHORITATIVE,"{""mapping_method"": ""exact_identifier_based"", ""resolution_status"": ""HIGH_EXACT"", ""match_score"": 100.0, ""source_dataset"": ""RxNorm"", ""provenance"": ""rxnorm_drug_enrichment.csv""}"
E_RXN_001003,DRUG_001037,RXCUI_358262,HAS_RXNORM_CONCEPT,RxNorm,RXN:DRUG_001037:358262,HIGH_EXACT,HIGH_AUTHORITATIVE,"{""mapping_method"": ""exact_identifier_based"", ""resolution_status"": ""HIGH_EXACT"", ""match_score"": 100.0, ""source_dataset"": ""RxNorm"", ""provenance"": ""rxnorm_drug_enrichment.csv""}"
E_RXN_001004,DRUG_001038,RXCUI_72236,HAS_RXNORM_CONCEPT,RxNorm,RXN:DRUG_001038:72236,HIGH_EXACT,HIGH_AUTHORITATIVE,"{""mapping_method"": ""exact_identifier_based"", ""resolution_status"": ""HIGH_EXACT"", ""match_score"": 100.0, ""source_dataset"": ""RxNorm"", ""provenance"": ""rxnorm_drug_enrichment.csv""}"
E_RXN_001005,DRUG_001039,RXCUI_6084,HAS_RXNORM_CONCEPT,RxNorm,RXN:DRUG_001039:6084,HIGH_EXACT,HIGH_AUTHORITATIVE,"{""mapping_method"": ""exact_identifier_based"", ""resolution_status"": ""HIGH_EXACT"", ""match_score"": 100.0, ""source_dataset"": ""RxNorm"", ""provenance"": ""rxnorm_drug_enrichment.csv""}"
E_RXN_001006,DRUG_001040,RXCUI_8565,HAS_RXNORM_CONCEPT,RxNorm,RXN:DRUG_001040:8565,HIGH_EXACT,HIGH_AUTHORITATIVE,"{""mapping_method"": ""exact_identifier_based"", ""resolution_status"": ""HIGH_EXACT"", ""match_score"": 100.0, ""source_dataset"": ""RxNorm"", ""provenance"": ""rxnorm_drug_enrichment.csv""}"
E_RXN_001007,DRUG_001041,RXCUI_59743,HAS_RXNORM_CONCEPT,RxNorm,RXN:DRUG_001041:59743,HIGH_EXACT,HIGH_AUTHORITATIVE,"{""mapping_method"": ""exact_identifier_based"", ""resolution_status"": ""HIGH_EXACT"", ""match_score"": 100.0, ""source_dataset"": ""RxNorm"", ""provenance"": ""rxnorm_drug_enrichment.csv""}"
E_RXN_001008,DRUG_001042,RXCUI_2178,HAS_RXNORM_CONCEPT,RxNorm,RXN:DRUG_001042:2178,HIGH_EXACT,HIGH_AUTHORITATIVE,"{""mapping_method"": ""exact_identifier_based"", ""resolution_status"": ""HIGH_EXACT"", ""match_score"": 100.0, ""source_dataset"": ""RxNorm"", ""provenance"": ""rxnorm_drug_enrichment.csv""}"
E_RXN_001009,DRUG_001043,RXCUI_2180,HAS_RXNORM_CONCEPT,RxNorm,RXN:DRUG_001043:2180,HIGH_EXACT,HIGH_AUTHORITATIVE,"{""mapping_method"": ""exact_identifier_based"", ""resolution_status"": ""HIGH_EXACT"", ""match_score"": 100.0, ""source_dataset"": ""RxNorm"", ""provenance"": ""rxnorm_drug_enrichment.csv""}"
E_RXN_001010,DRUG_001044,RXCUI_2183,HAS_RXNORM_CONCEPT,RxNorm,RXN:DRUG_001044:2183,HIGH_EXACT,HIGH_AUTHORITATIVE,"{""mapping_method"": ""exact_identifier_based"", ""resolution_status"": ""HIGH_EXACT"", ""match_score"": 100.0, ""source_dataset"": ""RxNorm"", ""provenance"": ""rxnorm_drug_enrichment.csv""}"
E_RXN_001011,DRUG_001045,RXCUI_2184,HAS_RXNORM_CONCEPT,RxNorm,RXN:DRUG_001045:2184,HIGH_EXACT,HIGH_AUTHORITATIVE,"{""mapping_method"": ""exact_identifier_based"", ""resolution_status"": ""HIGH_EXACT"", ""match_score"": 100.0, ""source_dataset"": ""RxNorm"", ""provenance"": ""rxnorm_drug_enrichment.csv""}"
E_RXN_001012,DRUG_001046,RXCUI_2187,HAS_RXNORM_CONCEPT,RxNorm,RXN:DRUG_001046:2187,HIGH_EXACT,HIGH_AUTHORITATIVE,"{""mapping_method"": ""exact_identifier_based"", ""resolution_status"": ""HIGH_EXACT"", ""match_score"": 100.0, ""source_dataset"": ""RxNorm"", ""provenance"": ""rxnorm_drug_enrichment.csv""}"
E_RXN_001013,DRUG_001047,RXCUI_2189,HAS_RXNORM_CONCEPT,RxNorm,RXN:DRUG_001047:2189,HIGH_EXACT,HIGH_AUTHORITATIVE,"{""mapping_method"": ""exact_identifier_based"", ""resolution_status"": ""HIGH_EXACT"", ""match_score"": 100.0, ""source_dataset"": ""RxNorm"", ""provenance"": ""rxnorm_drug_enrichment.csv""}"
E_RXN_001014,DRUG_001048,RXCUI_2192,HAS_RXNORM_CONCEPT,RxNorm,RXN:DRUG_001048:2192,HIGH_EXACT,HIGH_AUTHORITATIVE,"{""mapping_method"": ""exact_identifier_based"", ""resolution_status"": ""HIGH_EXACT"", ""match_score"": 100.0, ""source_dataset"": ""RxNorm"", ""provenance"": ""rxnorm_drug_enrichment.csv""}"
E_RXN_001015,DRUG_001049,RXCUI_2239,HAS_RXNORM_CONCEPT,RxNorm,RXN:DRUG_001049:2239,HIGH_EXACT,HIGH_AUTHORITATIVE,"{""mapping_method"": ""exact_identifier_based"", ""resolution_status"": ""HIGH_EXACT"", ""match_score"": 100.0, ""source_dataset"": ""RxNorm"", ""provenance"": ""rxnorm_drug_enrichment.csv""}"
E_RXN_001016,DRUG_001050,RXCUI_29950,HAS_RXNORM_CONCEPT,RxNorm,RXN:DRUG_001050:29950,HIGH_EXACT,HIGH_AUTHORITATIVE,"{""mapping_method"": ""exact_identifier_based"", ""resolution_status"": ""HIGH_EXACT"", ""match_score"": 100.0, ""source_dataset"": ""RxNorm"", ""provenance"": ""rxnorm_drug_enrichment.csv""}"
E_RXN_001017,DRUG_001051,RXCUI_7883,HAS_RXNORM_CONCEPT,RxNorm,RXN:DRUG_001051:7883,HIGH_EXACT,HIGH_AUTHORITATIVE,"{""mapping_method"": ""exact_identifier_based"", ""resolution_status"": ""HIGH_EXACT"", ""match_score"": 100.0, ""source_dataset"": ""RxNorm"", ""provenance"": ""rxnorm_drug_enrichment.csv""}"
E_RXN_001018,DRUG_001052,RXCUI_33742,HAS_RXNORM_CONCEPT,RxNorm,RXN:DRUG_001052:33742,HIGH_EXACT,HIGH_AUTHORITATIVE,"{""mapping_method"": ""exact_identifier_based"", ""resolution_status"": ""HIGH_EXACT"", ""match_score"": 100.0, ""source_dataset"": ""RxNorm"", ""provenance"": ""rxnorm_drug_enrichment.csv""}"
E_RXN_001019,DRUG_001054,RXCUI_21102,HAS_RXNORM_CONCEPT,RxNorm,RXN:DRUG_001054:21102,HIGH_EXACT,HIGH_AUTHORITATIVE,"{""mapping_method"": ""exact_identifier_based"", ""resolution_status"": ""HIGH_EXACT"", ""match_score"": 100.0, ""source_dataset"": ""RxNorm"", ""provenance"": ""rxnorm_drug_enrichment.csv""}"
E_RXN_001020,DRUG_001055,RXCUI_1318915,HAS_RXNORM_CONCEPT,RxNorm,RXN:DRUG_001055:1318915,HIGH_EXACT,HIGH_AUTHORITATIVE,"{""mapping_method"": ""exact_identifier_based"", ""resolution_status"": ""HIGH_EXACT"", ""match_score"": 100.0, ""source_dataset"": ""RxNorm"", ""provenance"": ""rxnorm_drug_enrichment.csv""}"
E_RXN_001021,DRUG_001056,RXCUI_36908,HAS_RXNORM_CONCEPT,RxNorm,RXN:DRUG_001056:36908,HIGH_EXACT,HIGH_AUTHORITATIVE,"{""mapping_method"": ""exact_identifier_based"", ""resolution_status"": ""HIGH_EXACT"", ""match_score"": 100.0, ""source_dataset"": ""RxNorm"", ""provenance"": ""rxnorm_drug_enrichment.csv""}"
E_RXN_001022,DRUG_001058,RXCUI_719,HAS_RXNORM_CONCEPT,RxNorm,RXN:DRUG_001058:719,HIGH_EXACT,HIGH_AUTHORITATIVE,"{""mapping_method"": ""exact_identifier_based"", ""resolution_status"": ""HIGH_EXACT"", ""match_score"": 100.0, ""source_dataset"": ""RxNorm"", ""provenance"": ""rxnorm_drug_enrichment.csv""}"
E_RXN_001023,DRUG_001059,RXCUI_19874,HAS_RXNORM_CONCEPT,RxNorm,RXN:DRUG_001059:19874,HIGH_EXACT,HIGH_AUTHORITATIVE,"{""mapping_method"": ""exact_identifier_based"", ""resolution_status"": ""HIGH_EXACT"", ""match_score"": 100.0, ""source_dataset"": ""RxNorm"", ""provenance"": ""rxnorm_drug_enrichment.csv""}"
E_RXN_001024,DRUG_001061,RXCUI_1546265,HAS_RXNORM_CONCEPT,RxNorm,RXN:DRUG_001061:1546265,HIGH_EXACT,HIGH_AUTHORITATIVE,"{""mapping_method"": ""exact_identifier_based"", ""resolution_status"": ""HIGH_EXACT"", ""match_score"": 100.0, ""source_dataset"": ""RxNorm"", ""provenance"": ""rxnorm_drug_enrichment.csv""}"
E_RXN_001025,DRUG_001062,RXCUI_6782,HAS_RXNORM_CONCEPT,RxNorm,RXN:DRUG_001062:6782,HIGH_EXACT,HIGH_AUTHORITATIVE,"{""mapping_method"": ""exact_identifier_based"", ""resolution_status"": ""HIGH_EXACT"", ""match_score"": 100.0, ""source_dataset"": ""RxNorm"", ""provenance"": ""rxnorm_drug_enrichment.csv""}"
E_RXN_001026,DRUG_001063,RXCUI_7973,HAS_RXNORM_CONCEPT,RxNorm,RXN:DRUG_001063:7973,HIGH_EXACT,HIGH_AUTHORITATIVE,"{""mapping_method"": ""exact_identifier_based"", ""resolution_status"": ""HIGH_EXACT"", ""match_score"": 100.0, ""source_dataset"": ""RxNorm"", ""provenance"": ""rxnorm_drug_enrichment.csv""}"
E_RXN_001027,DRUG_001064,RXCUI_5956,HAS_RXNORM_CONCEPT,RxNorm,RXN:DRUG_001064:5956,HIGH_EXACT,HIGH_AUTHORITATIVE,"{""mapping_method"": ""exact_identifier_based"", ""resolution_status"": ""HIGH_EXACT"", ""match_score"": 100.0, ""source_dataset"": ""RxNorm"", ""provenance"": ""rxnorm_drug_enrichment.csv""}"
E_RXN_001028,DRUG_001065,RXCUI_3966,HAS_RXNORM_CONCEPT,RxNorm,RXN:DRUG_001065:3966,HIGH_EXACT,HIGH_AUTHORITATIVE,"{""mapping_method"": ""exact_identifier_based"", ""resolution_status"": ""HIGH_EXACT"", ""match_score"": 100.0, ""source_dataset"": ""RxNorm"", ""provenance"": ""rxnorm_drug_enrichment.csv""}"
E_RXN_001029,DRUG_001066,RXCUI_6756,HAS_RXNORM_CONCEPT,RxNorm,RXN:DRUG_001066:6756,HIGH_EXACT,HIGH_AUTHORITATIVE,"{""mapping_method"": ""exact_identifier_based"", ""resolution_status"": ""HIGH_EXACT"", ""match_score"": 100.0, ""source_dataset"": ""RxNorm"", ""provenance"": ""rxnorm_drug_enrichment.csv""}"
E_RXN_001030,DRUG_001067,RXCUI_34530,HAS_RXNORM_CONCEPT,RxNorm,RXN:DRUG_001067:34530,HIGH_EXACT,HIGH_AUTHORITATIVE,"{""mapping_method"": ""exact_identifier_based"", ""resolution_status"": ""HIGH_EXACT"", ""match_score"": 100.0, ""source_dataset"": ""RxNorm"", ""provenance"": ""rxnorm_drug_enrichment.csv""}"
E_RXN_001031,DRUG_001068,RXCUI_134748,HAS_RXNORM_CONCEPT,RxNorm,RXN:DRUG_001068:134748,HIGH_EXACT,HIGH_AUTHORITATIVE,"{""mapping_method"": ""exact_identifier_based"", ""resolution_status"": ""HIGH_EXACT"", ""match_score"": 100.0, ""source_dataset"": ""RxNorm"", ""provenance"": ""rxnorm_drug_enrichment.csv""}"
E_RXN_001032,DRUG_001069,RXCUI_229367,HAS_RXNORM_CONCEPT,RxNorm,RXN:DRUG_001069:229367,HIGH_EXACT,HIGH_AUTHORITATIVE,"{""mapping_method"": ""exact_identifier_based"", ""resolution_status"": ""HIGH_EXACT"", ""match_score"": 100.0, ""source_dataset"": ""RxNorm"", ""provenance"": ""rxnorm_drug_enrichment.csv""}"
E_RXN_001033,DRUG_001070,RXCUI_1311504,HAS_RXNORM_CONCEPT,RxNorm,RXN:DRUG_001070:1311504,HIGH_EXACT,HIGH_AUTHORITATIVE,"{""mapping_method"": ""exact_identifier_based"", ""resolution_status"": ""HIGH_EXACT"", ""match_score"": 100.0, ""source_dataset"": ""RxNorm"", ""provenance"": ""rxnorm_drug_enrichment.csv""}"
E_RXN_001034,DRUG_001071,RXCUI_6582,HAS_RXNORM_CONCEPT,RxNorm,RXN:DRUG_001071:6582,HIGH_EXACT,HIGH_AUTHORITATIVE,"{""mapping_method"": ""exact_identifier_based"", ""resolution_status"": ""HIGH_EXACT"", ""match_score"": 100.0, ""source_dataset"": ""RxNorm"", ""provenance"": ""rxnorm_drug_enrichment.csv""}"
E_RXN_001035,DRUG_001072,RXCUI_1426853,HAS_RXNORM_CONCEPT,RxNorm,RXN:DRUG_001072:1426853,HIGH_EXACT,HIGH_AUTHORITATIVE,"{""mapping_method"": ""exact_identifier_based"", ""resolution_status"": ""HIGH_EXACT"", ""match_score"": 100.0, ""source_dataset"": ""RxNorm"", ""provenance"": ""rxnorm_drug_enrichment.csv""}"
E_RXN_001036,DRUG_001073,RXCUI_21655,HAS_RXNORM_CONCEPT,RxNorm,RXN:DRUG_001073:21655,HIGH_EXACT,HIGH_AUTHORITATIVE,"{""mapping_method"": ""exact_identifier_based"", ""resolution_status"": ""HIGH_EXACT"", ""match_score"": 100.0, ""source_dataset"": ""RxNorm"", ""provenance"": ""rxnorm_drug_enrichment.csv""}"
E_RXN_001037,DRUG_001075,RXCUI_36676,HAS_RXNORM_CONCEPT,RxNorm,RXN:DRUG_001075:36676,HIGH_EXACT,HIGH_AUTHORITATIVE,"{""mapping_method"": ""exact_identifier_based"", ""resolution_status"": ""HIGH_EXACT"", ""match_score"": 100.0, ""source_dataset"": ""RxNorm"", ""provenance"": ""rxnorm_drug_enrichment.csv""}"
E_RXN_001038,DRUG_001076,RXCUI_220982,HAS_RXNORM_CONCEPT,RxNorm,RXN:DRUG_001076:220982,HIGH_EXACT,HIGH_AUTHORITATIVE,"{""mapping_method"": ""exact_identifier_based"", ""resolution_status"": ""HIGH_EXACT"", ""match_score"": 100.0, ""source_dataset"": ""RxNorm"", ""provenance"": ""rxnorm_drug_enrichment.csv""}"
E_RXN_001039,DRUG_001077,RXCUI_1525,HAS_RXNORM_CONCEPT,RxNorm,RXN:DRUG_001077:1525,HIGH_EXACT,HIGH_AUTHORITATIVE,"{""mapping_method"": ""exact_identifier_based"", ""resolution_status"": ""HIGH_EXACT"", ""match_score"": 100.0, ""source_dataset"": ""RxNorm"", ""provenance"": ""rxnorm_drug_enrichment.csv""}"
E_RXN_001040,DRUG_001078,RXCUI_2683,HAS_RXNORM_CONCEPT,RxNorm,RXN:DRUG_001078:2683,HIGH_EXACT,HIGH_AUTHORITATIVE,"{""mapping_method"": ""exact_identifier_based"", ""resolution_status"": ""HIGH_EXACT"", ""match_score"": 100.0, ""source_dataset"": ""RxNorm"", ""provenance"": ""rxnorm_drug_enrichment.csv""}"
E_RXN_001041,DRUG_001079,RXCUI_11636,HAS_RXNORM_CONCEPT,RxNorm,RXN:DRUG_001079:11636,HIGH_EXACT,HIGH_AUTHORITATIVE,"{""mapping_method"": ""exact_identifier_based"", ""resolution_status"": ""HIGH_EXACT"", ""match_score"": 100.0, ""source_dataset"": ""RxNorm"", ""provenance"": ""rxnorm_drug_enrichment.csv""}"
E_RXN_001042,DRUG_001080,RXCUI_3403,HAS_RXNORM_CONCEPT,RxNorm,RXN:DRUG_001080:3403,HIGH_EXACT,HIGH_AUTHORITATIVE,"{""mapping_method"": ""exact_identifier_based"", ""resolution_status"": ""HIGH_EXACT"", ""match_score"": 100.0, ""source_dataset"": ""RxNorm"", ""provenance"": ""rxnorm_drug_enrichment.csv""}"
E_RXN_001043,DRUG_001081,RXCUI_52364,HAS_RXNORM_CONCEPT,RxNorm,RXN:DRUG_001081:52364,HIGH_EXACT,HIGH_AUTHORITATIVE,"{""mapping_method"": ""exact_identifier_based"", ""resolution_status"": ""HIGH_EXACT"", ""match_score"": 100.0, ""source_dataset"": ""RxNorm"", ""provenance"": ""rxnorm_drug_enrichment.csv""}"
E_RXN_001044,DRUG_001082,RXCUI_36108,HAS_RXNORM_CONCEPT,RxNorm,RXN:DRUG_001082:36108,HIGH_EXACT,HIGH_AUTHORITATIVE,"{""mapping_method"": ""exact_identifier_based"", ""resolution_status"": ""HIGH_EXACT"", ""match_score"": 100.0, ""source_dataset"": ""RxNorm"", ""provenance"": ""rxnorm_drug_enrichment.csv""}"
E_RXN_001045,DRUG_001083,RXCUI_7315,HAS_RXNORM_CONCEPT,RxNorm,RXN:DRUG_001083:7315,HIGH_EXACT,HIGH_AUTHORITATIVE,"{""mapping_method"": ""exact_identifier_based"", ""resolution_status"": ""HIGH_EXACT"", ""match_score"": 100.0, ""source_dataset"": ""RxNorm"", ""provenance"": ""rxnorm_drug_enrichment.csv""}"
E_RXN_001046,DRUG_001084,RXCUI_215799,HAS_RXNORM_CONCEPT,RxNorm,RXN:DRUG_001084:215799,HIGH_EXACT,HIGH_AUTHORITATIVE,"{""mapping_method"": ""exact_identifier_based"", ""resolution_status"": ""HIGH_EXACT"", ""match_score"": 100.0, ""source_dataset"": ""RxNorm"", ""provenance"": ""rxnorm_drug_enrichment.csv""}"
E_RXN_001047,DRUG_001085,RXCUI_6852,HAS_RXNORM_CONCEPT,RxNorm,RXN:DRUG_001085:6852,HIGH_EXACT,HIGH_AUTHORITATIVE,"{""mapping_method"": ""exact_identifier_based"", ""resolution_status"": ""HIGH_EXACT"", ""match_score"": 100.0, ""source_dataset"": ""RxNorm"", ""provenance"": ""rxnorm_drug_enrichment.csv""}"
E_RXN_001048,DRUG_001086,RXCUI_3102,HAS_RXNORM_CONCEPT,RxNorm,RXN:DRUG_001086:3102,HIGH_EXACT,HIGH_AUTHORITATIVE,"{""mapping_method"": ""exact_identifier_based"", ""resolution_status"": ""HIGH_EXACT"", ""match_score"": 100.0, ""source_dataset"": ""RxNorm"", ""provenance"": ""rxnorm_drug_enrichment.csv""}"
E_RXN_001049,DRUG_001087,RXCUI_2580,HAS_RXNORM_CONCEPT,RxNorm,RXN:DRUG_001087:2580,HIGH_EXACT,HIGH_AUTHORITATIVE,"{""mapping_method"": ""exact_identifier_based"", ""resolution_status"": ""HIGH_EXACT"", ""match_score"": 100.0, ""source_dataset"": ""RxNorm"", ""provenance"": ""rxnorm_drug_enrichment.csv""}"
E_RXN_001050,DRUG_001088,RXCUI_18751,HAS_RXNORM_CONCEPT,RxNorm,RXN:DRUG_001088:18751,HIGH_EXACT,HIGH_AUTHORITATIVE,"{""mapping_method"": ""exact_identifier_based"", ""resolution_status"": ""HIGH_EXACT"", ""match_score"": 100.0, ""source_dataset"": ""RxNorm"", ""provenance"": ""rxnorm_drug_enrichment.csv""}"
E_RXN_001051,DRUG_001089,RXCUI_69120,HAS_RXNORM_CONCEPT,RxNorm,RXN:DRUG_001089:69120,HIGH_EXACT,HIGH_AUTHORITATIVE,"{""mapping_method"": ""exact_identifier_based"", ""resolution_status"": ""HIGH_EXACT"", ""match_score"": 100.0, ""source_dataset"": ""RxNorm"", ""provenance"": ""rxnorm_drug_enrichment.csv""}"
E_RXN_001052,DRUG_001090,RXCUI_274964,HAS_RXNORM_CONCEPT,RxNorm,RXN:DRUG_001090:274964,HIGH_EXACT,HIGH_AUTHORITATIVE,"{""mapping_method"": ""exact_identifier_based"", ""resolution_status"": ""HIGH_EXACT"", ""match_score"": 100.0, ""source_dataset"": ""RxNorm"", ""provenance"": ""rxnorm_drug_enrichment.csv""}"
E_RXN_001053,DRUG_001092,RXCUI_10437,HAS_RXNORM_CONCEPT,RxNorm,RXN:DRUG_001092:10437,HIGH_EXACT,HIGH_AUTHORITATIVE,"{""mapping_method"": ""exact_identifier_based"", ""resolution_status"": ""HIGH_EXACT"", ""match_score"": 100.0, ""source_dataset"": ""RxNorm"", ""provenance"": ""rxnorm_drug_enrichment.csv""}"
E_RXN_001054,DRUG_001093,RXCUI_20481,HAS_RXNORM_CONCEPT,RxNorm,RXN:DRUG_001093:20481,HIGH_EXACT,HIGH_AUTHORITATIVE,"{""mapping_method"": ""exact_identifier_based"", ""resolution_status"": ""HIGH_EXACT"", ""match_score"": 100.0, ""source_dataset"": ""RxNorm"", ""provenance"": ""rxnorm_drug_enrichment.csv""}"
E_RXN_001055,DRUG_001095,RXCUI_20492,HAS_RXNORM_CONCEPT,RxNorm,RXN:DRUG_001095:20492,HIGH_EXACT,HIGH_AUTHORITATIVE,"{""mapping_method"": ""exact_identifier_based"", ""resolution_status"": ""HIGH_EXACT"", ""match_score"": 100.0, ""source_dataset"": ""RxNorm"", ""provenance"": ""rxnorm_drug_enrichment.csv""}"
E_RXN_001056,DRUG_001096,RXCUI_20489,HAS_RXNORM_CONCEPT,RxNorm,RXN:DRUG_001096:20489,HIGH_EXACT,HIGH_AUTHORITATIVE,"{""mapping_method"": ""exact_identifier_based"", ""resolution_status"": ""HIGH_EXACT"", ""match_score"": 100.0, ""source_dataset"": ""RxNorm"", ""provenance"": ""rxnorm_drug_enrichment.csv""}"
E_RXN_001057,DRUG_001097,RXCUI_154,HAS_RXNORM_CONCEPT,RxNorm,RXN:DRUG_001097:154,HIGH_EXACT,HIGH_AUTHORITATIVE,"{""mapping_method"": ""exact_identifier_based"", ""resolution_status"": ""HIGH_EXACT"", ""match_score"": 100.0, ""source_dataset"": ""RxNorm"", ""provenance"": ""rxnorm_drug_enrichment.csv""}"
E_RXN_001058,DRUG_001098,RXCUI_10382,HAS_RXNORM_CONCEPT,RxNorm,RXN:DRUG_001098:10382,HIGH_EXACT,HIGH_AUTHORITATIVE,"{""mapping_method"": ""exact_identifier_based"", ""resolution_status"": ""HIGH_EXACT"", ""match_score"": 100.0, ""source_dataset"": ""RxNorm"", ""provenance"": ""rxnorm_drug_enrichment.csv""}"
E_RXN_001059,DRUG_001099,RXCUI_7934,HAS_RXNORM_CONCEPT,RxNorm,RXN:DRUG_001099:7934,HIGH_EXACT,HIGH_AUTHORITATIVE,"{""mapping_method"": ""exact_identifier_based"", ""resolution_status"": ""HIGH_EXACT"", ""match_score"": 100.0, ""source_dataset"": ""RxNorm"", ""provenance"": ""rxnorm_drug_enrichment.csv""}"
E_RXN_001060,DRUG_001102,RXCUI_695,HAS_RXNORM_CONCEPT,RxNorm,RXN:DRUG_001102:695,HIGH_EXACT,HIGH_AUTHORITATIVE,"{""mapping_method"": ""exact_identifier_based"", ""resolution_status"": ""HIGH_EXACT"", ""match_score"": 100.0, ""source_dataset"": ""RxNorm"", ""provenance"": ""rxnorm_drug_enrichment.csv""}"
E_RXN_001061,DRUG_001103,RXCUI_423,HAS_RXNORM_CONCEPT,RxNorm,RXN:DRUG_001103:423,HIGH_EXACT,HIGH_AUTHORITATIVE,"{""mapping_method"": ""exact_identifier_based"", ""resolution_status"": ""HIGH_EXACT"", ""match_score"": 100.0, ""source_dataset"": ""RxNorm"", ""provenance"": ""rxnorm_drug_enrichment.csv""}"
E_RXN_001062,DRUG_001104,RXCUI_738,HAS_RXNORM_CONCEPT,RxNorm,RXN:DRUG_001104:738,HIGH_EXACT,HIGH_AUTHORITATIVE,"{""mapping_method"": ""exact_identifier_based"", ""resolution_status"": ""HIGH_EXACT"", ""match_score"": 100.0, ""source_dataset"": ""RxNorm"", ""provenance"": ""rxnorm_drug_enrichment.csv""}"
E_RXN_001063,DRUG_001106,RXCUI_525,HAS_RXNORM_CONCEPT,RxNorm,RXN:DRUG_001106:525,HIGH_EXACT,HIGH_AUTHORITATIVE,"{""mapping_method"": ""exact_identifier_based"", ""resolution_status"": ""HIGH_EXACT"", ""match_score"": 100.0, ""source_dataset"": ""RxNorm"", ""provenance"": ""rxnorm_drug_enrichment.csv""}"
E_RXN_001064,DRUG_001107,RXCUI_6814,HAS_RXNORM_CONCEPT,RxNorm,RXN:DRUG_001107:6814,HIGH_EXACT,HIGH_AUTHORITATIVE,"{""mapping_method"": ""exact_identifier_based"", ""resolution_status"": ""HIGH_EXACT"", ""match_score"": 100.0, ""source_dataset"": ""RxNorm"", ""provenance"": ""rxnorm_drug_enrichment.csv""}"
E_RXN_001065,DRUG_001108,RXCUI_1001,HAS_RXNORM_CONCEPT,RxNorm,RXN:DRUG_001108:1001,HIGH_EXACT,HIGH_AUTHORITATIVE,"{""mapping_method"": ""exact_identifier_based"", ""resolution_status"": ""HIGH_EXACT"", ""match_score"": 100.0, ""source_dataset"": ""RxNorm"", ""provenance"": ""rxnorm_drug_enrichment.csv""}"
E_RXN_001066,DRUG_001109,RXCUI_12062,HAS_RXNORM_CONCEPT,RxNorm,RXN:DRUG_001109:12062,HIGH_EXACT,HIGH_AUTHORITATIVE,"{""mapping_method"": ""exact_identifier_based"", ""resolution_status"": ""HIGH_EXACT"", ""match_score"": 100.0, ""source_dataset"": ""RxNorm"", ""provenance"": ""rxnorm_drug_enrichment.csv""}"
E_RXN_001067,DRUG_001110,RXCUI_4903,HAS_RXNORM_CONCEPT,RxNorm,RXN:DRUG_001110:4903,HIGH_EXACT,HIGH_AUTHORITATIVE,"{""mapping_method"": ""exact_identifier_based"", ""resolution_status"": ""HIGH_EXACT"", ""match_score"": 100.0, ""source_dataset"": ""RxNorm"", ""provenance"": ""rxnorm_drug_enrichment.csv""}"
E_RXN_001068,DRUG_001111,RXCUI_8120,HAS_RXNORM_CONCEPT,RxNorm,RXN:DRUG_001111:8120,HIGH_EXACT,HIGH_AUTHORITATIVE,"{""mapping_method"": ""exact_identifier_based"", ""resolution_status"": ""HIGH_EXACT"", ""match_score"": 100.0, ""source_dataset"": ""RxNorm"", ""provenance"": ""rxnorm_drug_enrichment.csv""}"
E_RXN_001069,DRUG_001112,RXCUI_1546380,HAS_RXNORM_CONCEPT,RxNorm,RXN:DRUG_001112:1546380,HIGH_EXACT,HIGH_AUTHORITATIVE,"{""mapping_method"": ""exact_identifier_based"", ""resolution_status"": ""HIGH_EXACT"", ""match_score"": 100.0, ""source_dataset"": ""RxNorm"", ""provenance"": ""rxnorm_drug_enrichment.csv""}"
E_RXN_001070,DRUG_001113,RXCUI_3304,HAS_RXNORM_CONCEPT,RxNorm,RXN:DRUG_001113:3304,HIGH_EXACT,HIGH_AUTHORITATIVE,"{""mapping_method"": ""exact_identifier_based"", ""resolution_status"": ""HIGH_EXACT"", ""match_score"": 100.0, ""source_dataset"": ""RxNorm"", ""provenance"": ""rxnorm_drug_enrichment.csv""}"
E_RXN_001071,DRUG_001115,RXCUI_4166,HAS_RXNORM_CONCEPT,RxNorm,RXN:DRUG_001115:4166,HIGH_EXACT,HIGH_AUTHORITATIVE,"{""mapping_method"": ""exact_identifier_based"", ""resolution_status"": ""HIGH_EXACT"", ""match_score"": 100.0, ""source_dataset"": ""RxNorm"", ""provenance"": ""rxnorm_drug_enrichment.csv""}"
E_RXN_001072,DRUG_001117,RXCUI_23024,HAS_RXNORM_CONCEPT,RxNorm,RXN:DRUG_001117:23024,HIGH_EXACT,HIGH_AUTHORITATIVE,"{""mapping_method"": ""exact_identifier_based"", ""resolution_status"": ""HIGH_EXACT"", ""match_score"": 100.0, ""source_dataset"": ""RxNorm"", ""provenance"": ""rxnorm_drug_enrichment.csv""}"
E_RXN_001073,DRUG_001119,RXCUI_4460,HAS_RXNORM_CONCEPT,RxNorm,RXN:DRUG_001119:4460,HIGH_EXACT,HIGH_AUTHORITATIVE,"{""mapping_method"": ""exact_identifier_based"", ""resolution_status"": ""HIGH_EXACT"", ""match_score"": 100.0, ""source_dataset"": ""RxNorm"", ""provenance"": ""rxnorm_drug_enrichment.csv""}"
E_RXN_001074,DRUG_001120,RXCUI_24524,HAS_RXNORM_CONCEPT,RxNorm,RXN:DRUG_001120:24524,HIGH_EXACT,HIGH_AUTHORITATIVE,"{""mapping_method"": ""exact_identifier_based"", ""resolution_status"": ""HIGH_EXACT"", ""match_score"": 100.0, ""source_dataset"": ""RxNorm"", ""provenance"": ""rxnorm_drug_enrichment.csv""}"
E_RXN_001075,DRUG_001121,RXCUI_23088,HAS_RXNORM_CONCEPT,RxNorm,RXN:DRUG_001121:23088,HIGH_EXACT,HIGH_AUTHORITATIVE,"{""mapping_method"": ""exact_identifier_based"", ""resolution_status"": ""HIGH_EXACT"", ""match_score"": 100.0, ""source_dataset"": ""RxNorm"", ""provenance"": ""rxnorm_drug_enrichment.csv""}"
E_RXN_001076,DRUG_001123,RXCUI_1749,HAS_RXNORM_CONCEPT,RxNorm,RXN:DRUG_001123:1749,HIGH_EXACT,HIGH_AUTHORITATIVE,"{""mapping_method"": ""exact_identifier_based"", ""resolution_status"": ""HIGH_EXACT"", ""match_score"": 100.0, ""source_dataset"": ""RxNorm"", ""provenance"": ""rxnorm_drug_enrichment.csv""}"
E_RXN_001077,DRUG_001124,RXCUI_2622,HAS_RXNORM_CONCEPT,RxNorm,RXN:DRUG_001124:2622,HIGH_EXACT,HIGH_AUTHORITATIVE,"{""mapping_method"": ""exact_identifier_based"", ""resolution_status"": ""HIGH_EXACT"", ""match_score"": 100.0, ""source_dataset"": ""RxNorm"", ""provenance"": ""rxnorm_drug_enrichment.csv""}"
E_RXN_001078,DRUG_001125,RXCUI_2344,HAS_RXNORM_CONCEPT,RxNorm,RXN:DRUG_001125:2344,HIGH_EXACT,HIGH_AUTHORITATIVE,"{""mapping_method"": ""exact_identifier_based"", ""resolution_status"": ""HIGH_EXACT"", ""match_score"": 100.0, ""source_dataset"": ""RxNorm"", ""provenance"": ""rxnorm_drug_enrichment.csv""}"
E_RXN_001079,DRUG_001127,RXCUI_104100,HAS_RXNORM_CONCEPT,RxNorm,RXN:DRUG_001127:104100,HIGH_EXACT,HIGH_AUTHORITATIVE,"{""mapping_method"": ""exact_identifier_based"", ""resolution_status"": ""HIGH_EXACT"", ""match_score"": 100.0, ""source_dataset"": ""RxNorm"", ""provenance"": ""rxnorm_drug_enrichment.csv""}"
E_RXN_001080,DRUG_001128,RXCUI_6816,HAS_RXNORM_CONCEPT,RxNorm,RXN:DRUG_001128:6816,HIGH_EXACT,HIGH_AUTHORITATIVE,"{""mapping_method"": ""exact_identifier_based"", ""resolution_status"": ""HIGH_EXACT"", ""match_score"": 100.0, ""source_dataset"": ""RxNorm"", ""provenance"": ""rxnorm_drug_enrichment.csv""}"
E_RXN_001081,DRUG_001130,RXCUI_33272,HAS_RXNORM_CONCEPT,RxNorm,RXN:DRUG_001130:33272,HIGH_EXACT,HIGH_AUTHORITATIVE,"{""mapping_method"": ""exact_identifier_based"", ""resolution_status"": ""HIGH_EXACT"", ""match_score"": 100.0, ""source_dataset"": ""RxNorm"", ""provenance"": ""rxnorm_drug_enrichment.csv""}"
E_RXN_001082,DRUG_001131,RXCUI_7801,HAS_RXNORM_CONCEPT,RxNorm,RXN:DRUG_001131:7801,HIGH_EXACT,HIGH_AUTHORITATIVE,"{""mapping_method"": ""exact_identifier_based"", ""resolution_status"": ""HIGH_EXACT"", ""match_score"": 100.0, ""source_dataset"": ""RxNorm"", ""provenance"": ""rxnorm_drug_enrichment.csv""}"
E_RXN_001083,DRUG_001132,RXCUI_10176,HAS_RXNORM_CONCEPT,RxNorm,RXN:DRUG_001132:10176,HIGH_EXACT,HIGH_AUTHORITATIVE,"{""mapping_method"": ""exact_identifier_based"", ""resolution_status"": ""HIGH_EXACT"", ""match_score"": 100.0, ""source_dataset"": ""RxNorm"", ""provenance"": ""rxnorm_drug_enrichment.csv""}"
E_RXN_001084,DRUG_001133,RXCUI_10178,HAS_RXNORM_CONCEPT,RxNorm,RXN:DRUG_001133:10178,HIGH_EXACT,HIGH_AUTHORITATIVE,"{""mapping_method"": ""exact_identifier_based"", ""resolution_status"": ""HIGH_EXACT"", ""match_score"": 100.0, ""source_dataset"": ""RxNorm"", ""provenance"": ""rxnorm_drug_enrichment.csv""}"
E_RXN_001085,DRUG_001135,RXCUI_11065,HAS_RXNORM_CONCEPT,RxNorm,RXN:DRUG_001135:11065,HIGH_EXACT,HIGH_AUTHORITATIVE,"{""mapping_method"": ""exact_identifier_based"", ""resolution_status"": ""HIGH_EXACT"", ""match_score"": 100.0, ""source_dataset"": ""RxNorm"", ""provenance"": ""rxnorm_drug_enrichment.csv""}"
E_RXN_001086,DRUG_001136,RXCUI_2323,HAS_RXNORM_CONCEPT,RxNorm,RXN:DRUG_001136:2323,HIGH_EXACT,HIGH_AUTHORITATIVE,"{""mapping_method"": ""exact_identifier_based"", ""resolution_status"": ""HIGH_EXACT"", ""match_score"": 100.0, ""source_dataset"": ""RxNorm"", ""provenance"": ""rxnorm_drug_enrichment.csv""}"
E_RXN_001087,DRUG_001138,RXCUI_28181,HAS_RXNORM_CONCEPT,RxNorm,RXN:DRUG_001138:28181,HIGH_EXACT,HIGH_AUTHORITATIVE,"{""mapping_method"": ""exact_identifier_based"", ""resolution_status"": ""HIGH_EXACT"", ""match_score"": 100.0, ""source_dataset"": ""RxNorm"", ""provenance"": ""rxnorm_drug_enrichment.csv""}"
E_RXN_001088,DRUG_001139,RXCUI_8627,HAS_RXNORM_CONCEPT,RxNorm,RXN:DRUG_001139:8627,HIGH_EXACT,HIGH_AUTHORITATIVE,"{""mapping_method"": ""exact_identifier_based"", ""resolution_status"": ""HIGH_EXACT"", ""match_score"": 100.0, ""source_dataset"": ""RxNorm"", ""provenance"": ""rxnorm_drug_enrichment.csv""}"
E_RXN_001089,DRUG_001140,RXCUI_35185,HAS_RXNORM_CONCEPT,RxNorm,RXN:DRUG_001140:35185,HIGH_EXACT,HIGH_AUTHORITATIVE,"{""mapping_method"": ""exact_identifier_based"", ""resolution_status"": ""HIGH_EXACT"", ""match_score"": 100.0, ""source_dataset"": ""RxNorm"", ""provenance"": ""rxnorm_drug_enrichment.csv""}"
E_RXN_001090,DRUG_001141,RXCUI_141704,HAS_RXNORM_CONCEPT,RxNorm,RXN:DRUG_001141:141704,HIGH_EXACT,HIGH_AUTHORITATIVE,"{""mapping_method"": ""exact_identifier_based"", ""resolution_status"": ""HIGH_EXACT"", ""match_score"": 100.0, ""source_dataset"": ""RxNorm"", ""provenance"": ""rxnorm_drug_enrichment.csv""}"
E_RXN_001091,DRUG_001142,RXCUI_322167,HAS_RXNORM_CONCEPT,RxNorm,RXN:DRUG_001142:322167,HIGH_EXACT,HIGH_AUTHORITATIVE,"{""mapping_method"": ""exact_identifier_based"", ""resolution_status"": ""HIGH_EXACT"", ""match_score"": 100.0, ""source_dataset"": ""RxNorm"", ""provenance"": ""rxnorm_drug_enrichment.csv""}"
E_RXN_001092,DRUG_001143,RXCUI_262150,HAS_RXNORM_CONCEPT,RxNorm,RXN:DRUG_001143:262150,HIGH_EXACT,HIGH_AUTHORITATIVE,"{""mapping_method"": ""exact_identifier_based"", ""resolution_status"": ""HIGH_EXACT"", ""match_score"": 100.0, ""source_dataset"": ""RxNorm"", ""provenance"": ""rxnorm_drug_enrichment.csv""}"
E_RXN_001093,DRUG_001144,RXCUI_7440,HAS_RXNORM_CONCEPT,RxNorm,RXN:DRUG_001144:7440,HIGH_EXACT,HIGH_AUTHORITATIVE,"{""mapping_method"": ""exact_identifier_based"", ""resolution_status"": ""HIGH_EXACT"", ""match_score"": 100.0, ""source_dataset"": ""RxNorm"", ""provenance"": ""rxnorm_drug_enrichment.csv""}"
E_RXN_001094,DRUG_001145,RXCUI_2540,HAS_RXNORM_CONCEPT,RxNorm,RXN:DRUG_001145:2540,HIGH_EXACT,HIGH_AUTHORITATIVE,"{""mapping_method"": ""exact_identifier_based"", ""resolution_status"": ""HIGH_EXACT"", ""match_score"": 100.0, ""source_dataset"": ""RxNorm"", ""provenance"": ""rxnorm_drug_enrichment.csv""}"
E_RXN_001095,DRUG_001146,RXCUI_1545986,HAS_RXNORM_CONCEPT,RxNorm,RXN:DRUG_001146:1545986,HIGH_EXACT,HIGH_AUTHORITATIVE,"{""mapping_method"": ""exact_identifier_based"", ""resolution_status"": ""HIGH_EXACT"", ""match_score"": 100.0, ""source_dataset"": ""RxNorm"", ""provenance"": ""rxnorm_drug_enrichment.csv""}"
E_RXN_001096,DRUG_001147,RXCUI_8699,HAS_RXNORM_CONCEPT,RxNorm,RXN:DRUG_001147:8699,HIGH_EXACT,HIGH_AUTHORITATIVE,"{""mapping_method"": ""exact_identifier_based"", ""resolution_status"": ""HIGH_EXACT"", ""match_score"": 100.0, ""source_dataset"": ""RxNorm"", ""provenance"": ""rxnorm_drug_enrichment.csv""}"
E_RXN_001097,DRUG_001148,RXCUI_38253,HAS_RXNORM_CONCEPT,RxNorm,RXN:DRUG_001148:38253,HIGH_EXACT,HIGH_AUTHORITATIVE,"{""mapping_method"": ""exact_identifier_based"", ""resolution_status"": ""HIGH_EXACT"", ""match_score"": 100.0, ""source_dataset"": ""RxNorm"", ""provenance"": ""rxnorm_drug_enrichment.csv""}"
E_RXN_001098,DRUG_001149,RXCUI_195088,HAS_RXNORM_CONCEPT,RxNorm,RXN:DRUG_001149:195088,HIGH_EXACT,HIGH_AUTHORITATIVE,"{""mapping_method"": ""exact_identifier_based"", ""resolution_status"": ""HIGH_EXACT"", ""match_score"": 100.0, ""source_dataset"": ""RxNorm"", ""provenance"": ""rxnorm_drug_enrichment.csv""}"
E_RXN_001099,DRUG_001150,RXCUI_18687,HAS_RXNORM_CONCEPT,RxNorm,RXN:DRUG_001150:18687,HIGH_EXACT,HIGH_AUTHORITATIVE,"{""mapping_method"": ""exact_identifier_based"", ""resolution_status"": ""HIGH_EXACT"", ""match_score"": 100.0, ""source_dataset"": ""RxNorm"", ""provenance"": ""rxnorm_drug_enrichment.csv""}"
E_RXN_001100,DRUG_001151,RXCUI_2181306,HAS_RXNORM_CONCEPT,RxNorm,RXN:DRUG_001151:2181306,HIGH_EXACT,HIGH_AUTHORITATIVE,"{""mapping_method"": ""exact_identifier_based"", ""resolution_status"": ""HIGH_EXACT"", ""match_score"": 100.0, ""source_dataset"": ""RxNorm"", ""provenance"": ""rxnorm_drug_enrichment.csv""}"
E_RXN_001101,DRUG_001152,RXCUI_8372,HAS_RXNORM_CONCEPT,RxNorm,RXN:DRUG_001152:8372,HIGH_EXACT,HIGH_AUTHORITATIVE,"{""mapping_method"": ""exact_identifier_based"", ""resolution_status"": ""HIGH_EXACT"", ""match_score"": 100.0, ""source_dataset"": ""RxNorm"", ""provenance"": ""rxnorm_drug_enrichment.csv""}"
E_RXN_001102,DRUG_001153,RXCUI_627,HAS_RXNORM_CONCEPT,RxNorm,RXN:DRUG_001153:627,HIGH_EXACT,HIGH_AUTHORITATIVE,"{""mapping_method"": ""exact_identifier_based"", ""resolution_status"": ""HIGH_EXACT"", ""match_score"": 100.0, ""source_dataset"": ""RxNorm"", ""provenance"": ""rxnorm_drug_enrichment.csv""}"
E_RXN_001103,DRUG_001154,RXCUI_37617,HAS_RXNORM_CONCEPT,RxNorm,RXN:DRUG_001154:37617,HIGH_EXACT,HIGH_AUTHORITATIVE,"{""mapping_method"": ""exact_identifier_based"", ""resolution_status"": ""HIGH_EXACT"", ""match_score"": 100.0, ""source_dataset"": ""RxNorm"", ""provenance"": ""rxnorm_drug_enrichment.csv""}"
E_RXN_001104,DRUG_001155,RXCUI_10591,HAS_RXNORM_CONCEPT,RxNorm,RXN:DRUG_001155:10591,HIGH_EXACT,HIGH_AUTHORITATIVE,"{""mapping_method"": ""exact_identifier_based"", ""resolution_status"": ""HIGH_EXACT"", ""match_score"": 100.0, ""source_dataset"": ""RxNorm"", ""provenance"": ""rxnorm_drug_enrichment.csv""}"
E_RXN_001105,DRUG_001156,RXCUI_8766,HAS_RXNORM_CONCEPT,RxNorm,RXN:DRUG_001156:8766,HIGH_EXACT,HIGH_AUTHORITATIVE,"{""mapping_method"": ""exact_identifier_based"", ""resolution_status"": ""HIGH_EXACT"", ""match_score"": 100.0, ""source_dataset"": ""RxNorm"", ""provenance"": ""rxnorm_drug_enrichment.csv""}"
E_RXN_001106,DRUG_001157,RXCUI_614373,HAS_RXNORM_CONCEPT,RxNorm,RXN:DRUG_001157:614373,HIGH_EXACT,HIGH_AUTHORITATIVE,"{""mapping_method"": ""exact_identifier_based"", ""resolution_status"": ""HIGH_EXACT"", ""match_score"": 100.0, ""source_dataset"": ""RxNorm"", ""provenance"": ""rxnorm_drug_enrichment.csv""}"
E_RXN_001107,DRUG_001158,RXCUI_275891,HAS_RXNORM_CONCEPT,RxNorm,RXN:DRUG_001158:275891,HIGH_EXACT,HIGH_AUTHORITATIVE,"{""mapping_method"": ""exact_identifier_based"", ""resolution_status"": ""HIGH_EXACT"", ""match_score"": 100.0, ""source_dataset"": ""RxNorm"", ""provenance"": ""rxnorm_drug_enrichment.csv""}"
E_RXN_001108,DRUG_001159,RXCUI_5521,HAS_RXNORM_CONCEPT,RxNorm,RXN:DRUG_001159:5521,HIGH_EXACT,HIGH_AUTHORITATIVE,"{""mapping_method"": ""exact_identifier_based"", ""resolution_status"": ""HIGH_EXACT"", ""match_score"": 100.0, ""source_dataset"": ""RxNorm"", ""provenance"": ""rxnorm_drug_enrichment.csv""}"
E_RXN_001109,DRUG_001160,RXCUI_742,HAS_RXNORM_CONCEPT,RxNorm,RXN:DRUG_001160:742,HIGH_EXACT,HIGH_AUTHORITATIVE,"{""mapping_method"": ""exact_identifier_based"", ""resolution_status"": ""HIGH_EXACT"", ""match_score"": 100.0, ""source_dataset"": ""RxNorm"", ""provenance"": ""rxnorm_drug_enrichment.csv""}"
E_RXN_001110,DRUG_001161,RXCUI_4040,HAS_RXNORM_CONCEPT,RxNorm,RXN:DRUG_001161:4040,HIGH_EXACT,HIGH_AUTHORITATIVE,"{""mapping_method"": ""exact_identifier_based"", ""resolution_status"": ""HIGH_EXACT"", ""match_score"": 100.0, ""source_dataset"": ""RxNorm"", ""provenance"": ""rxnorm_drug_enrichment.csv""}"
E_RXN_001111,DRUG_001162,RXCUI_155,HAS_RXNORM_CONCEPT,RxNorm,RXN:DRUG_001162:155,HIGH_EXACT,HIGH_AUTHORITATIVE,"{""mapping_method"": ""exact_identifier_based"", ""resolution_status"": ""HIGH_EXACT"", ""match_score"": 100.0, ""source_dataset"": ""RxNorm"", ""provenance"": ""rxnorm_drug_enrichment.csv""}"
E_RXN_001112,DRUG_001164,RXCUI_7019,HAS_RXNORM_CONCEPT,RxNorm,RXN:DRUG_001164:7019,HIGH_EXACT,HIGH_AUTHORITATIVE,"{""mapping_method"": ""exact_identifier_based"", ""resolution_status"": ""HIGH_EXACT"", ""match_score"": 100.0, ""source_dataset"": ""RxNorm"", ""provenance"": ""rxnorm_drug_enrichment.csv""}"
E_RXN_001113,DRUG_001165,RXCUI_33283,HAS_RXNORM_CONCEPT,RxNorm,RXN:DRUG_001165:33283,HIGH_EXACT,HIGH_AUTHORITATIVE,"{""mapping_method"": ""exact_identifier_based"", ""resolution_status"": ""HIGH_EXACT"", ""match_score"": 100.0, ""source_dataset"": ""RxNorm"", ""provenance"": ""rxnorm_drug_enrichment.csv""}"
E_RXN_001114,DRUG_001166,RXCUI_8132,HAS_RXNORM_CONCEPT,RxNorm,RXN:DRUG_001166:8132,HIGH_EXACT,HIGH_AUTHORITATIVE,"{""mapping_method"": ""exact_identifier_based"", ""resolution_status"": ""HIGH_EXACT"", ""match_score"": 100.0, ""source_dataset"": ""RxNorm"", ""provenance"": ""rxnorm_drug_enrichment.csv""}"
E_RXN_001115,DRUG_001167,RXCUI_8348,HAS_RXNORM_CONCEPT,RxNorm,RXN:DRUG_001167:8348,HIGH_EXACT,HIGH_AUTHORITATIVE,"{""mapping_method"": ""exact_identifier_based"", ""resolution_status"": ""HIGH_EXACT"", ""match_score"": 100.0, ""source_dataset"": ""RxNorm"", ""provenance"": ""rxnorm_drug_enrichment.csv""}"
E_RXN_001116,DRUG_001168,RXCUI_10498,HAS_RXNORM_CONCEPT,RxNorm,RXN:DRUG_001168:10498,HIGH_EXACT,HIGH_AUTHORITATIVE,"{""mapping_method"": ""exact_identifier_based"", ""resolution_status"": ""HIGH_EXACT"", ""match_score"": 100.0, ""source_dataset"": ""RxNorm"", ""provenance"": ""rxnorm_drug_enrichment.csv""}"
E_RXN_001117,DRUG_001169,RXCUI_10510,HAS_RXNORM_CONCEPT,RxNorm,RXN:DRUG_001169:10510,HIGH_EXACT,HIGH_AUTHORITATIVE,"{""mapping_method"": ""exact_identifier_based"", ""resolution_status"": ""HIGH_EXACT"", ""match_score"": 100.0, ""source_dataset"": ""RxNorm"", ""provenance"": ""rxnorm_drug_enrichment.csv""}"
E_RXN_001118,DRUG_001170,RXCUI_114176,HAS_RXNORM_CONCEPT,RxNorm,RXN:DRUG_001170:114176,HIGH_EXACT,HIGH_AUTHORITATIVE,"{""mapping_method"": ""exact_identifier_based"", ""resolution_status"": ""HIGH_EXACT"", ""match_score"": 100.0, ""source_dataset"": ""RxNorm"", ""provenance"": ""rxnorm_drug_enrichment.csv""}"
E_RXN_001119,DRUG_001171,RXCUI_7930,HAS_RXNORM_CONCEPT,RxNorm,RXN:DRUG_001171:7930,HIGH_EXACT,HIGH_AUTHORITATIVE,"{""mapping_method"": ""exact_identifier_based"", ""resolution_status"": ""HIGH_EXACT"", ""match_score"": 100.0, ""source_dataset"": ""RxNorm"", ""provenance"": ""rxnorm_drug_enrichment.csv""}"
E_RXN_001120,DRUG_001172,RXCUI_6398,HAS_RXNORM_CONCEPT,RxNorm,RXN:DRUG_001172:6398,HIGH_EXACT,HIGH_AUTHORITATIVE,"{""mapping_method"": ""exact_identifier_based"", ""resolution_status"": ""HIGH_EXACT"", ""match_score"": 100.0, ""source_dataset"": ""RxNorm"", ""provenance"": ""rxnorm_drug_enrichment.csv""}"
E_RXN_001121,DRUG_001173,RXCUI_307296,HAS_RXNORM_CONCEPT,RxNorm,RXN:DRUG_001173:307296,HIGH_EXACT,HIGH_AUTHORITATIVE,"{""mapping_method"": ""exact_identifier_based"", ""resolution_status"": ""HIGH_EXACT"", ""match_score"": 100.0, ""source_dataset"": ""RxNorm"", ""provenance"": ""rxnorm_drug_enrichment.csv""}"
E_RXN_001122,DRUG_001174,RXCUI_1091836,HAS_RXNORM_CONCEPT,RxNorm,RXN:DRUG_001174:1091836,HIGH_EXACT,HIGH_AUTHORITATIVE,"{""mapping_method"": ""exact_identifier_based"", ""resolution_status"": ""HIGH_EXACT"", ""match_score"": 100.0, ""source_dataset"": ""RxNorm"", ""provenance"": ""rxnorm_drug_enrichment.csv""}"
E_RXN_001123,DRUG_001176,RXCUI_3143,HAS_RXNORM_CONCEPT,RxNorm,RXN:DRUG_001176:3143,HIGH_EXACT,HIGH_AUTHORITATIVE,"{""mapping_method"": ""exact_identifier_based"", ""resolution_status"": ""HIGH_EXACT"", ""match_score"": 100.0, ""source_dataset"": ""RxNorm"", ""provenance"": ""rxnorm_drug_enrichment.csv""}"
E_RXN_001124,DRUG_001177,RXCUI_229369,HAS_RXNORM_CONCEPT,RxNorm,RXN:DRUG_001177:229369,HIGH_EXACT,HIGH_AUTHORITATIVE,"{""mapping_method"": ""exact_identifier_based"", ""resolution_status"": ""HIGH_EXACT"", ""match_score"": 100.0, ""source_dataset"": ""RxNorm"", ""provenance"": ""rxnorm_drug_enrichment.csv""}"
E_RXN_001125,DRUG_001178,RXCUI_18997,HAS_RXNORM_CONCEPT,RxNorm,RXN:DRUG_001178:18997,HIGH_EXACT,HIGH_AUTHORITATIVE,"{""mapping_method"": ""exact_identifier_based"", ""resolution_status"": ""HIGH_EXACT"", ""match_score"": 100.0, ""source_dataset"": ""RxNorm"", ""provenance"": ""rxnorm_drug_enrichment.csv""}"
E_RXN_001126,DRUG_001180,RXCUI_29365,HAS_RXNORM_CONCEPT,RxNorm,RXN:DRUG_001180:29365,HIGH_EXACT,HIGH_AUTHORITATIVE,"{""mapping_method"": ""exact_identifier_based"", ""resolution_status"": ""HIGH_EXACT"", ""match_score"": 100.0, ""source_dataset"": ""RxNorm"", ""provenance"": ""rxnorm_drug_enrichment.csv""}"
E_RXN_001127,DRUG_001181,RXCUI_10553,HAS_RXNORM_CONCEPT,RxNorm,RXN:DRUG_001181:10553,HIGH_EXACT,HIGH_AUTHORITATIVE,"{""mapping_method"": ""exact_identifier_based"", ""resolution_status"": ""HIGH_EXACT"", ""match_score"": 100.0, ""source_dataset"": ""RxNorm"", ""provenance"": ""rxnorm_drug_enrichment.csv""}"
E_RXN_001128,DRUG_001182,RXCUI_194337,HAS_RXNORM_CONCEPT,RxNorm,RXN:DRUG_001182:194337,HIGH_EXACT,HIGH_AUTHORITATIVE,"{""mapping_method"": ""exact_identifier_based"", ""resolution_status"": ""HIGH_EXACT"", ""match_score"": 100.0, ""source_dataset"": ""RxNorm"", ""provenance"": ""rxnorm_drug_enrichment.csv""}"
E_RXN_001129,DRUG_001183,RXCUI_57048,HAS_RXNORM_CONCEPT,RxNorm,RXN:DRUG_001183:57048,HIGH_EXACT,HIGH_AUTHORITATIVE,"{""mapping_method"": ""exact_identifier_based"", ""resolution_status"": ""HIGH_EXACT"", ""match_score"": 100.0, ""source_dataset"": ""RxNorm"", ""provenance"": ""rxnorm_drug_enrichment.csv""}"
E_RXN_001130,DRUG_001184,RXCUI_1440856,HAS_RXNORM_CONCEPT,RxNorm,RXN:DRUG_001184:1440856,HIGH_EXACT,HIGH_AUTHORITATIVE,"{""mapping_method"": ""exact_identifier_based"", ""resolution_status"": ""HIGH_EXACT"", ""match_score"": 100.0, ""source_dataset"": ""RxNorm"", ""provenance"": ""rxnorm_drug_enrichment.csv""}"
E_RXN_001131,DRUG_001185,RXCUI_7405,HAS_RXNORM_CONCEPT,RxNorm,RXN:DRUG_001185:7405,HIGH_EXACT,HIGH_AUTHORITATIVE,"{""mapping_method"": ""exact_identifier_based"", ""resolution_status"": ""HIGH_EXACT"", ""match_score"": 100.0, ""source_dataset"": ""RxNorm"", ""provenance"": ""rxnorm_drug_enrichment.csv""}"
E_RXN_001132,DRUG_001186,RXCUI_113608,HAS_RXNORM_CONCEPT,RxNorm,RXN:DRUG_001186:113608,HIGH_EXACT,HIGH_AUTHORITATIVE,"{""mapping_method"": ""exact_identifier_based"", ""resolution_status"": ""HIGH_EXACT"", ""match_score"": 100.0, ""source_dataset"": ""RxNorm"", ""provenance"": ""rxnorm_drug_enrichment.csv""}"
E_RXN_001133,DRUG_001187,RXCUI_1000492,HAS_RXNORM_CONCEPT,RxNorm,RXN:DRUG_001187:1000492,HIGH_EXACT,HIGH_AUTHORITATIVE,"{""mapping_method"": ""exact_identifier_based"", ""resolution_status"": ""HIGH_EXACT"", ""match_score"": 100.0, ""source_dataset"": ""RxNorm"", ""provenance"": ""rxnorm_drug_enrichment.csv""}"
E_RXN_001134,DRUG_001188,RXCUI_94,HAS_RXNORM_CONCEPT,RxNorm,RXN:DRUG_001188:94,HIGH_EXACT,HIGH_AUTHORITATIVE,"{""mapping_method"": ""exact_identifier_based"", ""resolution_status"": ""HIGH_EXACT"", ""match_score"": 100.0, ""source_dataset"": ""RxNorm"", ""provenance"": ""rxnorm_drug_enrichment.csv""}"
E_RXN_001135,DRUG_001189,RXCUI_194,HAS_RXNORM_CONCEPT,RxNorm,RXN:DRUG_001189:194,HIGH_EXACT,HIGH_AUTHORITATIVE,"{""mapping_method"": ""exact_identifier_based"", ""resolution_status"": ""HIGH_EXACT"", ""match_score"": 100.0, ""source_dataset"": ""RxNorm"", ""provenance"": ""rxnorm_drug_enrichment.csv""}"
E_RXN_001136,DRUG_001190,RXCUI_7816,HAS_RXNORM_CONCEPT,RxNorm,RXN:DRUG_001190:7816,HIGH_EXACT,HIGH_AUTHORITATIVE,"{""mapping_method"": ""exact_identifier_based"", ""resolution_status"": ""HIGH_EXACT"", ""match_score"": 100.0, ""source_dataset"": ""RxNorm"", ""provenance"": ""rxnorm_drug_enrichment.csv""}"
E_RXN_001137,DRUG_001192,RXCUI_3194,HAS_RXNORM_CONCEPT,RxNorm,RXN:DRUG_001192:3194,HIGH_EXACT,HIGH_AUTHORITATIVE,"{""mapping_method"": ""exact_identifier_based"", ""resolution_status"": ""HIGH_EXACT"", ""match_score"": 100.0, ""source_dataset"": ""RxNorm"", ""provenance"": ""rxnorm_drug_enrichment.csv""}"
E_RXN_001138,DRUG_001193,RXCUI_10865,HAS_RXNORM_CONCEPT,RxNorm,RXN:DRUG_001193:10865,HIGH_EXACT,HIGH_AUTHORITATIVE,"{""mapping_method"": ""exact_identifier_based"", ""resolution_status"": ""HIGH_EXACT"", ""match_score"": 100.0, ""source_dataset"": ""RxNorm"", ""provenance"": ""rxnorm_drug_enrichment.csv""}"
E_RXN_001139,DRUG_001194,RXCUI_1006469,HAS_RXNORM_CONCEPT,RxNorm,RXN:DRUG_001194:1006469,HIGH_EXACT,HIGH_AUTHORITATIVE,"{""mapping_method"": ""exact_identifier_based"", ""resolution_status"": ""HIGH_EXACT"", ""match_score"": 100.0, ""source_dataset"": ""RxNorm"", ""provenance"": ""rxnorm_drug_enrichment.csv""}"
E_RXN_001140,DRUG_001195,RXCUI_18989,HAS_RXNORM_CONCEPT,RxNorm,RXN:DRUG_001195:18989,HIGH_EXACT,HIGH_AUTHORITATIVE,"{""mapping_method"": ""exact_identifier_based"", ""resolution_status"": ""HIGH_EXACT"", ""match_score"": 100.0, ""source_dataset"": ""RxNorm"", ""provenance"": ""rxnorm_drug_enrichment.csv""}"
E_RXN_001141,DRUG_001196,RXCUI_1370621,HAS_RXNORM_CONCEPT,RxNorm,RXN:DRUG_001196:1370621,HIGH_EXACT,HIGH_AUTHORITATIVE,"{""mapping_method"": ""exact_identifier_based"", ""resolution_status"": ""HIGH_EXACT"", ""match_score"": 100.0, ""source_dataset"": ""RxNorm"", ""provenance"": ""rxnorm_drug_enrichment.csv""}"
E_RXN_001142,DRUG_001197,RXCUI_114200,HAS_RXNORM_CONCEPT,RxNorm,RXN:DRUG_001197:114200,HIGH_EXACT,HIGH_AUTHORITATIVE,"{""mapping_method"": ""exact_identifier_based"", ""resolution_status"": ""HIGH_EXACT"", ""match_score"": 100.0, ""source_dataset"": ""RxNorm"", ""provenance"": ""rxnorm_drug_enrichment.csv""}"
E_RXN_001143,DRUG_001198,RXCUI_2023,HAS_RXNORM_CONCEPT,RxNorm,RXN:DRUG_001198:2023,HIGH_EXACT,HIGH_AUTHORITATIVE,"{""mapping_method"": ""exact_identifier_based"", ""resolution_status"": ""HIGH_EXACT"", ""match_score"": 100.0, ""source_dataset"": ""RxNorm"", ""provenance"": ""rxnorm_drug_enrichment.csv""}"
E_RXN_001144,DRUG_001199,RXCUI_114202,HAS_RXNORM_CONCEPT,RxNorm,RXN:DRUG_001199:114202,HIGH_EXACT,HIGH_AUTHORITATIVE,"{""mapping_method"": ""exact_identifier_based"", ""resolution_status"": ""HIGH_EXACT"", ""match_score"": 100.0, ""source_dataset"": ""RxNorm"", ""provenance"": ""rxnorm_drug_enrichment.csv""}"
E_RXN_001145,DRUG_001200,RXCUI_7418,HAS_RXNORM_CONCEPT,RxNorm,RXN:DRUG_001200:7418,HIGH_EXACT,HIGH_AUTHORITATIVE,"{""mapping_method"": ""exact_identifier_based"", ""resolution_status"": ""HIGH_EXACT"", ""match_score"": 100.0, ""source_dataset"": ""RxNorm"", ""provenance"": ""rxnorm_drug_enrichment.csv""}"
E_RXN_001146,DRUG_001201,RXCUI_7069,HAS_RXNORM_CONCEPT,RxNorm,RXN:DRUG_001201:7069,HIGH_EXACT,HIGH_AUTHORITATIVE,"{""mapping_method"": ""exact_identifier_based"", ""resolution_status"": ""HIGH_EXACT"", ""match_score"": 100.0, ""source_dataset"": ""RxNorm"", ""provenance"": ""rxnorm_drug_enrichment.csv""}"
E_RXN_001147,DRUG_001202,RXCUI_10844,HAS_RXNORM_CONCEPT,RxNorm,RXN:DRUG_001202:10844,HIGH_EXACT,HIGH_AUTHORITATIVE,"{""mapping_method"": ""exact_identifier_based"", ""resolution_status"": ""HIGH_EXACT"", ""match_score"": 100.0, ""source_dataset"": ""RxNorm"", ""provenance"": ""rxnorm_drug_enrichment.csv""}"
E_RXN_001148,DRUG_001203,RXCUI_10473,HAS_RXNORM_CONCEPT,RxNorm,RXN:DRUG_001203:10473,HIGH_EXACT,HIGH_AUTHORITATIVE,"{""mapping_method"": ""exact_identifier_based"", ""resolution_status"": ""HIGH_EXACT"", ""match_score"": 100.0, ""source_dataset"": ""RxNorm"", ""provenance"": ""rxnorm_drug_enrichment.csv""}"
E_RXN_001149,DRUG_001204,RXCUI_4094,HAS_RXNORM_CONCEPT,RxNorm,RXN:DRUG_001204:4094,HIGH_EXACT,HIGH_AUTHORITATIVE,"{""mapping_method"": ""exact_identifier_based"", ""resolution_status"": ""HIGH_EXACT"", ""match_score"": 100.0, ""source_dataset"": ""RxNorm"", ""provenance"": ""rxnorm_drug_enrichment.csv""}"
E_RXN_001150,DRUG_001206,RXCUI_9066,HAS_RXNORM_CONCEPT,RxNorm,RXN:DRUG_001206:9066,HIGH_EXACT,HIGH_AUTHORITATIVE,"{""mapping_method"": ""exact_identifier_based"", ""resolution_status"": ""HIGH_EXACT"", ""match_score"": 100.0, ""source_dataset"": ""RxNorm"", ""provenance"": ""rxnorm_drug_enrichment.csv""}"
E_RXN_001151,DRUG_001208,RXCUI_5936,HAS_RXNORM_CONCEPT,RxNorm,RXN:DRUG_001208:5936,HIGH_EXACT,HIGH_AUTHORITATIVE,"{""mapping_method"": ""exact_identifier_based"", ""resolution_status"": ""HIGH_EXACT"", ""match_score"": 100.0, ""source_dataset"": ""RxNorm"", ""provenance"": ""rxnorm_drug_enrichment.csv""}"
E_RXN_001152,DRUG_001209,RXCUI_53694,HAS_RXNORM_CONCEPT,RxNorm,RXN:DRUG_001209:53694,HIGH_EXACT,HIGH_AUTHORITATIVE,"{""mapping_method"": ""exact_identifier_based"", ""resolution_status"": ""HIGH_EXACT"", ""match_score"": 100.0, ""source_dataset"": ""RxNorm"", ""provenance"": ""rxnorm_drug_enrichment.csv""}"
E_RXN_001153,DRUG_001210,RXCUI_10256,HAS_RXNORM_CONCEPT,RxNorm,RXN:DRUG_001210:10256,HIGH_EXACT,HIGH_AUTHORITATIVE,"{""mapping_method"": ""exact_identifier_based"", ""resolution_status"": ""HIGH_EXACT"", ""match_score"": 100.0, ""source_dataset"": ""RxNorm"", ""provenance"": ""rxnorm_drug_enrichment.csv""}"
E_RXN_001154,DRUG_001211,RXCUI_19295,HAS_RXNORM_CONCEPT,RxNorm,RXN:DRUG_001211:19295,HIGH_EXACT,HIGH_AUTHORITATIVE,"{""mapping_method"": ""exact_identifier_based"", ""resolution_status"": ""HIGH_EXACT"", ""match_score"": 100.0, ""source_dataset"": ""RxNorm"", ""provenance"": ""rxnorm_drug_enrichment.csv""}"
E_RXN_001155,DRUG_001212,RXCUI_620216,HAS_RXNORM_CONCEPT,RxNorm,RXN:DRUG_001212:620216,HIGH_EXACT,HIGH_AUTHORITATIVE,"{""mapping_method"": ""exact_identifier_based"", ""resolution_status"": ""HIGH_EXACT"", ""match_score"": 100.0, ""source_dataset"": ""RxNorm"", ""provenance"": ""rxnorm_drug_enrichment.csv""}"
E_RXN_001156,DRUG_001213,RXCUI_22054,HAS_RXNORM_CONCEPT,RxNorm,RXN:DRUG_001213:22054,HIGH_EXACT,HIGH_AUTHORITATIVE,"{""mapping_method"": ""exact_identifier_based"", ""resolution_status"": ""HIGH_EXACT"", ""match_score"": 100.0, ""source_dataset"": ""RxNorm"", ""provenance"": ""rxnorm_drug_enrichment.csv""}"
E_RXN_001157,DRUG_001214,RXCUI_3118,HAS_RXNORM_CONCEPT,RxNorm,RXN:DRUG_001214:3118,HIGH_EXACT,HIGH_AUTHORITATIVE,"{""mapping_method"": ""exact_identifier_based"", ""resolution_status"": ""HIGH_EXACT"", ""match_score"": 100.0, ""source_dataset"": ""RxNorm"", ""provenance"": ""rxnorm_drug_enrichment.csv""}"
E_RXN_001158,DRUG_001215,RXCUI_4459,HAS_RXNORM_CONCEPT,RxNorm,RXN:DRUG_001215:4459,HIGH_EXACT,HIGH_AUTHORITATIVE,"{""mapping_method"": ""exact_identifier_based"", ""resolution_status"": ""HIGH_EXACT"", ""match_score"": 100.0, ""source_dataset"": ""RxNorm"", ""provenance"": ""rxnorm_drug_enrichment.csv""}"
E_RXN_001159,DRUG_001216,RXCUI_4507,HAS_RXNORM_CONCEPT,RxNorm,RXN:DRUG_001216:4507,HIGH_EXACT,HIGH_AUTHORITATIVE,"{""mapping_method"": ""exact_identifier_based"", ""resolution_status"": ""HIGH_EXACT"", ""match_score"": 100.0, ""source_dataset"": ""RxNorm"", ""provenance"": ""rxnorm_drug_enrichment.csv""}"
E_RXN_001160,DRUG_001217,RXCUI_10390,HAS_RXNORM_CONCEPT,RxNorm,RXN:DRUG_001217:10390,HIGH_EXACT,HIGH_AUTHORITATIVE,"{""mapping_method"": ""exact_identifier_based"", ""resolution_status"": ""HIGH_EXACT"", ""match_score"": 100.0, ""source_dataset"": ""RxNorm"", ""provenance"": ""rxnorm_drug_enrichment.csv""}"
E_RXN_001161,DRUG_001218,RXCUI_337523,HAS_RXNORM_CONCEPT,RxNorm,RXN:DRUG_001218:337523,HIGH_EXACT,HIGH_AUTHORITATIVE,"{""mapping_method"": ""exact_identifier_based"", ""resolution_status"": ""HIGH_EXACT"", ""match_score"": 100.0, ""source_dataset"": ""RxNorm"", ""provenance"": ""rxnorm_drug_enrichment.csv""}"
E_RXN_001162,DRUG_001219,RXCUI_20498,HAS_RXNORM_CONCEPT,RxNorm,RXN:DRUG_001219:20498,HIGH_EXACT,HIGH_AUTHORITATIVE,"{""mapping_method"": ""exact_identifier_based"", ""resolution_status"": ""HIGH_EXACT"", ""match_score"": 100.0, ""source_dataset"": ""RxNorm"", ""provenance"": ""rxnorm_drug_enrichment.csv""}"
E_RXN_001163,DRUG_001220,RXCUI_73689,HAS_RXNORM_CONCEPT,RxNorm,RXN:DRUG_001220:73689,HIGH_EXACT,HIGH_AUTHORITATIVE,"{""mapping_method"": ""exact_identifier_based"", ""resolution_status"": ""HIGH_EXACT"", ""match_score"": 100.0, ""source_dataset"": ""RxNorm"", ""provenance"": ""rxnorm_drug_enrichment.csv""}"
E_RXN_001164,DRUG_001221,RXCUI_233698,HAS_RXNORM_CONCEPT,RxNorm,RXN:DRUG_001221:233698,HIGH_EXACT,HIGH_AUTHORITATIVE,"{""mapping_method"": ""exact_identifier_based"", ""resolution_status"": ""HIGH_EXACT"", ""match_score"": 100.0, ""source_dataset"": ""RxNorm"", ""provenance"": ""rxnorm_drug_enrichment.csv""}"
E_RXN_001165,DRUG_001222,RXCUI_31555,HAS_RXNORM_CONCEPT,RxNorm,RXN:DRUG_001222:31555,HIGH_EXACT,HIGH_AUTHORITATIVE,"{""mapping_method"": ""exact_identifier_based"", ""resolution_status"": ""HIGH_EXACT"", ""match_score"": 100.0, ""source_dataset"": ""RxNorm"", ""provenance"": ""rxnorm_drug_enrichment.csv""}"
E_RXN_001166,DRUG_001223,RXCUI_27100,HAS_RXNORM_CONCEPT,RxNorm,RXN:DRUG_001223:27100,HIGH_EXACT,HIGH_AUTHORITATIVE,"{""mapping_method"": ""exact_identifier_based"", ""resolution_status"": ""HIGH_EXACT"", ""match_score"": 100.0, ""source_dataset"": ""RxNorm"", ""provenance"": ""rxnorm_drug_enrichment.csv""}"
E_RXN_001167,DRUG_001224,RXCUI_662281,HAS_RXNORM_CONCEPT,RxNorm,RXN:DRUG_001224:662281,HIGH_EXACT,HIGH_AUTHORITATIVE,"{""mapping_method"": ""exact_identifier_based"", ""resolution_status"": ""HIGH_EXACT"", ""match_score"": 100.0, ""source_dataset"": ""RxNorm"", ""provenance"": ""rxnorm_drug_enrichment.csv""}"
E_RXN_001168,DRUG_001225,RXCUI_1300701,HAS_RXNORM_CONCEPT,RxNorm,RXN:DRUG_001225:1300701,HIGH_EXACT,HIGH_AUTHORITATIVE,"{""mapping_method"": ""exact_identifier_based"", ""resolution_status"": ""HIGH_EXACT"", ""match_score"": 100.0, ""source_dataset"": ""RxNorm"", ""provenance"": ""rxnorm_drug_enrichment.csv""}"
E_RXN_001169,DRUG_001226,RXCUI_596554,HAS_RXNORM_CONCEPT,RxNorm,RXN:DRUG_001226:596554,HIGH_EXACT,HIGH_AUTHORITATIVE,"{""mapping_method"": ""exact_identifier_based"", ""resolution_status"": ""HIGH_EXACT"", ""match_score"": 100.0, ""source_dataset"": ""RxNorm"", ""provenance"": ""rxnorm_drug_enrichment.csv""}"
E_RXN_001170,DRUG_001229,RXCUI_588250,HAS_RXNORM_CONCEPT,RxNorm,RXN:DRUG_001229:588250,HIGH_EXACT,HIGH_AUTHORITATIVE,"{""mapping_method"": ""exact_identifier_based"", ""resolution_status"": ""HIGH_EXACT"", ""match_score"": 100.0, ""source_dataset"": ""RxNorm"", ""provenance"": ""rxnorm_drug_enrichment.csv""}"
E_RXN_001171,DRUG_001231,RXCUI_1665509,HAS_RXNORM_CONCEPT,RxNorm,RXN:DRUG_001231:1665509,HIGH_EXACT,HIGH_AUTHORITATIVE,"{""mapping_method"": ""exact_identifier_based"", ""resolution_status"": ""HIGH_EXACT"", ""match_score"": 100.0, ""source_dataset"": ""RxNorm"", ""provenance"": ""rxnorm_drug_enrichment.csv""}"
E_RXN_001172,DRUG_001232,RXCUI_1547611,HAS_RXNORM_CONCEPT,RxNorm,RXN:DRUG_001232:1547611,HIGH_EXACT,HIGH_AUTHORITATIVE,"{""mapping_method"": ""exact_identifier_based"", ""resolution_status"": ""HIGH_EXACT"", ""match_score"": 100.0, ""source_dataset"": ""RxNorm"", ""provenance"": ""rxnorm_drug_enrichment.csv""}"
E_RXN_001173,DRUG_001233,RXCUI_2691333,HAS_RXNORM_CONCEPT,RxNorm,RXN:DRUG_001233:2691333,HIGH_EXACT,HIGH_AUTHORITATIVE,"{""mapping_method"": ""exact_identifier_based"", ""resolution_status"": ""HIGH_EXACT"", ""match_score"": 100.0, ""source_dataset"": ""RxNorm"", ""provenance"": ""rxnorm_drug_enrichment.csv""}"
E_RXN_001174,DRUG_001234,RXCUI_233603,HAS_RXNORM_CONCEPT,RxNorm,RXN:DRUG_001234:233603,HIGH_EXACT,HIGH_AUTHORITATIVE,"{""mapping_method"": ""exact_identifier_based"", ""resolution_status"": ""HIGH_EXACT"", ""match_score"": 100.0, ""source_dataset"": ""RxNorm"", ""provenance"": ""rxnorm_drug_enrichment.csv""}"
E_RXN_001175,DRUG_001235,RXCUI_33199,HAS_RXNORM_CONCEPT,RxNorm,RXN:DRUG_001235:33199,HIGH_EXACT,HIGH_AUTHORITATIVE,"{""mapping_method"": ""exact_identifier_based"", ""resolution_status"": ""HIGH_EXACT"", ""match_score"": 100.0, ""source_dataset"": ""RxNorm"", ""provenance"": ""rxnorm_drug_enrichment.csv""}"
E_RXN_001176,DRUG_001236,RXCUI_1370971,HAS_RXNORM_CONCEPT,RxNorm,RXN:DRUG_001236:1370971,HIGH_EXACT,HIGH_AUTHORITATIVE,"{""mapping_method"": ""exact_identifier_based"", ""resolution_status"": ""HIGH_EXACT"", ""match_score"": 100.0, ""source_dataset"": ""RxNorm"", ""provenance"": ""rxnorm_drug_enrichment.csv""}"
E_RXN_001177,DRUG_001237,RXCUI_73178,HAS_RXNORM_CONCEPT,RxNorm,RXN:DRUG_001237:73178,HIGH_EXACT,HIGH_AUTHORITATIVE,"{""mapping_method"": ""exact_identifier_based"", ""resolution_status"": ""HIGH_EXACT"", ""match_score"": 100.0, ""source_dataset"": ""RxNorm"", ""provenance"": ""rxnorm_drug_enrichment.csv""}"
E_RXN_001178,DRUG_001238,RXCUI_28863,HAS_RXNORM_CONCEPT,RxNorm,RXN:DRUG_001238:28863,HIGH_EXACT,HIGH_AUTHORITATIVE,"{""mapping_method"": ""exact_identifier_based"", ""resolution_status"": ""HIGH_EXACT"", ""match_score"": 100.0, ""source_dataset"": ""RxNorm"", ""provenance"": ""rxnorm_drug_enrichment.csv""}"
E_RXN_001179,DRUG_001239,RXCUI_1592254,HAS_RXNORM_CONCEPT,RxNorm,RXN:DRUG_001239:1592254,HIGH_EXACT,HIGH_AUTHORITATIVE,"{""mapping_method"": ""exact_identifier_based"", ""resolution_status"": ""HIGH_EXACT"", ""match_score"": 100.0, ""source_dataset"": ""RxNorm"", ""provenance"": ""rxnorm_drug_enrichment.csv""}"
E_RXN_001180,DRUG_001240,RXCUI_1112990,HAS_RXNORM_CONCEPT,RxNorm,RXN:DRUG_001240:1112990,HIGH_EXACT,HIGH_AUTHORITATIVE,"{""mapping_method"": ""exact_identifier_based"", ""resolution_status"": ""HIGH_EXACT"", ""match_score"": 100.0, ""source_dataset"": ""RxNorm"", ""provenance"": ""rxnorm_drug_enrichment.csv""}"
E_RXN_001181,DRUG_001242,RXCUI_1543543,HAS_RXNORM_CONCEPT,RxNorm,RXN:DRUG_001242:1543543,HIGH_EXACT,HIGH_AUTHORITATIVE,"{""mapping_method"": ""exact_identifier_based"", ""resolution_status"": ""HIGH_EXACT"", ""match_score"": 100.0, ""source_dataset"": ""RxNorm"", ""provenance"": ""rxnorm_drug_enrichment.csv""}"
E_RXN_001182,DRUG_001243,RXCUI_1114326,HAS_RXNORM_CONCEPT,RxNorm,RXN:DRUG_001243:1114326,HIGH_EXACT,HIGH_AUTHORITATIVE,"{""mapping_method"": ""exact_identifier_based"", ""resolution_status"": ""HIGH_EXACT"", ""match_score"": 100.0, ""source_dataset"": ""RxNorm"", ""provenance"": ""rxnorm_drug_enrichment.csv""}"
E_RXN_001183,DRUG_001244,RXCUI_1716278,HAS_RXNORM_CONCEPT,RxNorm,RXN:DRUG_001244:1716278,HIGH_EXACT,HIGH_AUTHORITATIVE,"{""mapping_method"": ""exact_identifier_based"", ""resolution_status"": ""HIGH_EXACT"", ""match_score"": 100.0, ""source_dataset"": ""RxNorm"", ""provenance"": ""rxnorm_drug_enrichment.csv""}"
E_RXN_001184,DRUG_001245,RXCUI_1865953,HAS_RXNORM_CONCEPT,RxNorm,RXN:DRUG_001245:1865953,HIGH_EXACT,HIGH_AUTHORITATIVE,"{""mapping_method"": ""exact_identifier_based"", ""resolution_status"": ""HIGH_EXACT"", ""match_score"": 100.0, ""source_dataset"": ""RxNorm"", ""provenance"": ""rxnorm_drug_enrichment.csv""}"
E_RXN_001185,DRUG_001246,RXCUI_1722365,HAS_RXNORM_CONCEPT,RxNorm,RXN:DRUG_001246:1722365,HIGH_EXACT,HIGH_AUTHORITATIVE,"{""mapping_method"": ""exact_identifier_based"", ""resolution_status"": ""HIGH_EXACT"", ""match_score"": 100.0, ""source_dataset"": ""RxNorm"", ""provenance"": ""rxnorm_drug_enrichment.csv""}"
E_RXN_001186,DRUG_001247,RXCUI_9793,HAS_RXNORM_CONCEPT,RxNorm,RXN:DRUG_001247:9793,HIGH_EXACT,HIGH_AUTHORITATIVE,"{""mapping_method"": ""exact_identifier_based"", ""resolution_status"": ""HIGH_EXACT"", ""match_score"": 100.0, ""source_dataset"": ""RxNorm"", ""provenance"": ""rxnorm_drug_enrichment.csv""}"
E_RXN_001187,DRUG_001248,RXCUI_47858,HAS_RXNORM_CONCEPT,RxNorm,RXN:DRUG_001248:47858,HIGH_EXACT,HIGH_AUTHORITATIVE,"{""mapping_method"": ""exact_identifier_based"", ""resolution_status"": ""HIGH_EXACT"", ""match_score"": 100.0, ""source_dataset"": ""RxNorm"", ""provenance"": ""rxnorm_drug_enrichment.csv""}"
E_RXN_001188,DRUG_001249,RXCUI_25544,HAS_RXNORM_CONCEPT,RxNorm,RXN:DRUG_001249:25544,HIGH_EXACT,HIGH_AUTHORITATIVE,"{""mapping_method"": ""exact_identifier_based"", ""resolution_status"": ""HIGH_EXACT"", ""match_score"": 100.0, ""source_dataset"": ""RxNorm"", ""provenance"": ""rxnorm_drug_enrichment.csv""}"
E_RXN_001189,DRUG_001252,RXCUI_616739,HAS_RXNORM_CONCEPT,RxNorm,RXN:DRUG_001252:616739,HIGH_EXACT,HIGH_AUTHORITATIVE,"{""mapping_method"": ""exact_identifier_based"", ""resolution_status"": ""HIGH_EXACT"", ""match_score"": 100.0, ""source_dataset"": ""RxNorm"", ""provenance"": ""rxnorm_drug_enrichment.csv""}"
E_RXN_001190,DRUG_001253,RXCUI_1098413,HAS_RXNORM_CONCEPT,RxNorm,RXN:DRUG_001253:1098413,HIGH_EXACT,HIGH_AUTHORITATIVE,"{""mapping_method"": ""exact_identifier_based"", ""resolution_status"": ""HIGH_EXACT"", ""match_score"": 100.0, ""source_dataset"": ""RxNorm"", ""provenance"": ""rxnorm_drug_enrichment.csv""}"
E_RXN_001191,DRUG_001254,RXCUI_1791685,HAS_RXNORM_CONCEPT,RxNorm,RXN:DRUG_001254:1791685,HIGH_EXACT,HIGH_AUTHORITATIVE,"{""mapping_method"": ""exact_identifier_based"", ""resolution_status"": ""HIGH_EXACT"", ""match_score"": 100.0, ""source_dataset"": ""RxNorm"", ""provenance"": ""rxnorm_drug_enrichment.csv""}"
E_RXN_001192,DRUG_001255,RXCUI_5333,HAS_RXNORM_CONCEPT,RxNorm,RXN:DRUG_001255:5333,HIGH_EXACT,HIGH_AUTHORITATIVE,"{""mapping_method"": ""exact_identifier_based"", ""resolution_status"": ""HIGH_EXACT"", ""match_score"": 100.0, ""source_dataset"": ""RxNorm"", ""provenance"": ""rxnorm_drug_enrichment.csv""}"
E_RXN_001193,DRUG_001256,RXCUI_1102261,HAS_RXNORM_CONCEPT,RxNorm,RXN:DRUG_001256:1102261,HIGH_EXACT,HIGH_AUTHORITATIVE,"{""mapping_method"": ""exact_identifier_based"", ""resolution_status"": ""HIGH_EXACT"", ""match_score"": 100.0, ""source_dataset"": ""RxNorm"", ""provenance"": ""rxnorm_drug_enrichment.csv""}"
E_RXN_001194,DRUG_001257,RXCUI_1367839,HAS_RXNORM_CONCEPT,RxNorm,RXN:DRUG_001257:1367839,HIGH_EXACT,HIGH_AUTHORITATIVE,"{""mapping_method"": ""exact_identifier_based"", ""resolution_status"": ""HIGH_EXACT"", ""match_score"": 100.0, ""source_dataset"": ""RxNorm"", ""provenance"": ""rxnorm_drug_enrichment.csv""}"
E_RXN_001195,DRUG_001258,RXCUI_1739745,HAS_RXNORM_CONCEPT,RxNorm,RXN:DRUG_001258:1739745,HIGH_EXACT,HIGH_AUTHORITATIVE,"{""mapping_method"": ""exact_identifier_based"", ""resolution_status"": ""HIGH_EXACT"", ""match_score"": 100.0, ""source_dataset"": ""RxNorm"", ""provenance"": ""rxnorm_drug_enrichment.csv""}"
E_RXN_001196,DRUG_001259,RXCUI_8010,HAS_RXNORM_CONCEPT,RxNorm,RXN:DRUG_001259:8010,HIGH_EXACT,HIGH_AUTHORITATIVE,"{""mapping_method"": ""exact_identifier_based"", ""resolution_status"": ""HIGH_EXACT"", ""match_score"": 100.0, ""source_dataset"": ""RxNorm"", ""provenance"": ""rxnorm_drug_enrichment.csv""}"
E_RXN_001197,DRUG_001260,RXCUI_1492727,HAS_RXNORM_CONCEPT,RxNorm,RXN:DRUG_001260:1492727,HIGH_EXACT,HIGH_AUTHORITATIVE,"{""mapping_method"": ""exact_identifier_based"", ""resolution_status"": ""HIGH_EXACT"", ""match_score"": 100.0, ""source_dataset"": ""RxNorm"", ""provenance"": ""rxnorm_drug_enrichment.csv""}"
E_RXN_001198,DRUG_001261,RXCUI_1100072,HAS_RXNORM_CONCEPT,RxNorm,RXN:DRUG_001261:1100072,HIGH_EXACT,HIGH_AUTHORITATIVE,"{""mapping_method"": ""exact_identifier_based"", ""resolution_status"": ""HIGH_EXACT"", ""match_score"": 100.0, ""source_dataset"": ""RxNorm"", ""provenance"": ""rxnorm_drug_enrichment.csv""}"
E_RXN_001199,DRUG_001262,RXCUI_1798288,HAS_RXNORM_CONCEPT,RxNorm,RXN:DRUG_001262:1798288,HIGH_EXACT,HIGH_AUTHORITATIVE,"{""mapping_method"": ""exact_identifier_based"", ""resolution_status"": ""HIGH_EXACT"", ""match_score"": 100.0, ""source_dataset"": ""RxNorm"", ""provenance"": ""rxnorm_drug_enrichment.csv""}"
E_RXN_001200,DRUG_001263,RXCUI_1667655,HAS_RXNORM_CONCEPT,RxNorm,RXN:DRUG_001263:1667655,HIGH_EXACT,HIGH_AUTHORITATIVE,"{""mapping_method"": ""exact_identifier_based"", ""resolution_status"": ""HIGH_EXACT"", ""match_score"": 100.0, ""source_dataset"": ""RxNorm"", ""provenance"": ""rxnorm_drug_enrichment.csv""}"
E_RXN_001201,DRUG_001264,RXCUI_41996,HAS_RXNORM_CONCEPT,RxNorm,RXN:DRUG_001264:41996,HIGH_EXACT,HIGH_AUTHORITATIVE,"{""mapping_method"": ""exact_identifier_based"", ""resolution_status"": ""HIGH_EXACT"", ""match_score"": 100.0, ""source_dataset"": ""RxNorm"", ""provenance"": ""rxnorm_drug_enrichment.csv""}"
E_RXN_001202,DRUG_001265,RXCUI_9991,HAS_RXNORM_CONCEPT,RxNorm,RXN:DRUG_001265:9991,HIGH_EXACT,HIGH_AUTHORITATIVE,"{""mapping_method"": ""exact_identifier_based"", ""resolution_status"": ""HIGH_EXACT"", ""match_score"": 100.0, ""source_dataset"": ""RxNorm"", ""provenance"": ""rxnorm_drug_enrichment.csv""}"
E_RXN_001203,DRUG_001266,RXCUI_10193,HAS_RXNORM_CONCEPT,RxNorm,RXN:DRUG_001266:10193,HIGH_EXACT,HIGH_AUTHORITATIVE,"{""mapping_method"": ""exact_identifier_based"", ""resolution_status"": ""HIGH_EXACT"", ""match_score"": 100.0, ""source_dataset"": ""RxNorm"", ""provenance"": ""rxnorm_drug_enrichment.csv""}"
E_RXN_001204,DRUG_001267,RXCUI_6929,HAS_RXNORM_CONCEPT,RxNorm,RXN:DRUG_001267:6929,HIGH_EXACT,HIGH_AUTHORITATIVE,"{""mapping_method"": ""exact_identifier_based"", ""resolution_status"": ""HIGH_EXACT"", ""match_score"": 100.0, ""source_dataset"": ""RxNorm"", ""provenance"": ""rxnorm_drug_enrichment.csv""}"
E_RXN_001205,DRUG_001268,RXCUI_10172,HAS_RXNORM_CONCEPT,RxNorm,RXN:DRUG_001268:10172,HIGH_EXACT,HIGH_AUTHORITATIVE,"{""mapping_method"": ""exact_identifier_based"", ""resolution_status"": ""HIGH_EXACT"", ""match_score"": 100.0, ""source_dataset"": ""RxNorm"", ""provenance"": ""rxnorm_drug_enrichment.csv""}"
E_RXN_001206,DRUG_001269,RXCUI_7595,HAS_RXNORM_CONCEPT,RxNorm,RXN:DRUG_001269:7595,HIGH_EXACT,HIGH_AUTHORITATIVE,"{""mapping_method"": ""exact_identifier_based"", ""resolution_status"": ""HIGH_EXACT"", ""match_score"": 100.0, ""source_dataset"": ""RxNorm"", ""provenance"": ""rxnorm_drug_enrichment.csv""}"
E_RXN_001207,DRUG_001270,RXCUI_8373,HAS_RXNORM_CONCEPT,RxNorm,RXN:DRUG_001270:8373,HIGH_EXACT,HIGH_AUTHORITATIVE,"{""mapping_method"": ""exact_identifier_based"", ""resolution_status"": ""HIGH_EXACT"", ""match_score"": 100.0, ""source_dataset"": ""RxNorm"", ""provenance"": ""rxnorm_drug_enrichment.csv""}"
E_RXN_001208,DRUG_001271,RXCUI_7992,HAS_RXNORM_CONCEPT,RxNorm,RXN:DRUG_001271:7992,HIGH_EXACT,HIGH_AUTHORITATIVE,"{""mapping_method"": ""exact_identifier_based"", ""resolution_status"": ""HIGH_EXACT"", ""match_score"": 100.0, ""source_dataset"": ""RxNorm"", ""provenance"": ""rxnorm_drug_enrichment.csv""}"
E_RXN_001209,DRUG_001273,RXCUI_877510,HAS_RXNORM_CONCEPT,RxNorm,RXN:DRUG_001273:877510,HIGH_EXACT,HIGH_AUTHORITATIVE,"{""mapping_method"": ""exact_identifier_based"", ""resolution_status"": ""HIGH_EXACT"", ""match_score"": 100.0, ""source_dataset"": ""RxNorm"", ""provenance"": ""rxnorm_drug_enrichment.csv""}"
E_RXN_001210,DRUG_001275,RXCUI_1148138,HAS_RXNORM_CONCEPT,RxNorm,RXN:DRUG_001275:1148138,HIGH_EXACT,HIGH_AUTHORITATIVE,"{""mapping_method"": ""exact_identifier_based"", ""resolution_status"": ""HIGH_EXACT"", ""match_score"": 100.0, ""source_dataset"": ""RxNorm"", ""provenance"": ""rxnorm_drug_enrichment.csv""}"
E_RXN_001211,DRUG_001276,RXCUI_69036,HAS_RXNORM_CONCEPT,RxNorm,RXN:DRUG_001276:69036,HIGH_EXACT,HIGH_AUTHORITATIVE,"{""mapping_method"": ""exact_identifier_based"", ""resolution_status"": ""HIGH_EXACT"", ""match_score"": 100.0, ""source_dataset"": ""RxNorm"", ""provenance"": ""rxnorm_drug_enrichment.csv""}"
E_RXN_001212,DRUG_001278,RXCUI_1368001,HAS_RXNORM_CONCEPT,RxNorm,RXN:DRUG_001278:1368001,HIGH_EXACT,HIGH_AUTHORITATIVE,"{""mapping_method"": ""exact_identifier_based"", ""resolution_status"": ""HIGH_EXACT"", ""match_score"": 100.0, ""source_dataset"": ""RxNorm"", ""provenance"": ""rxnorm_drug_enrichment.csv""}"
E_RXN_001213,DRUG_001279,RXCUI_787390,HAS_RXNORM_CONCEPT,RxNorm,RXN:DRUG_001279:787390,HIGH_EXACT,HIGH_AUTHORITATIVE,"{""mapping_method"": ""exact_identifier_based"", ""resolution_status"": ""HIGH_EXACT"", ""match_score"": 100.0, ""source_dataset"": ""RxNorm"", ""provenance"": ""rxnorm_drug_enrichment.csv""}"
E_RXN_001214,DRUG_001280,RXCUI_1726988,HAS_RXNORM_CONCEPT,RxNorm,RXN:DRUG_001280:1726988,HIGH_EXACT,HIGH_AUTHORITATIVE,"{""mapping_method"": ""exact_identifier_based"", ""resolution_status"": ""HIGH_EXACT"", ""match_score"": 100.0, ""source_dataset"": ""RxNorm"", ""provenance"": ""rxnorm_drug_enrichment.csv""}"
E_RXN_001215,DRUG_001281,RXCUI_720825,HAS_RXNORM_CONCEPT,RxNorm,RXN:DRUG_001281:720825,HIGH_EXACT,HIGH_AUTHORITATIVE,"{""mapping_method"": ""exact_identifier_based"", ""resolution_status"": ""HIGH_EXACT"", ""match_score"": 100.0, ""source_dataset"": ""RxNorm"", ""provenance"": ""rxnorm_drug_enrichment.csv""}"
E_RXN_001216,DRUG_001282,RXCUI_613391,HAS_RXNORM_CONCEPT,RxNorm,RXN:DRUG_001282:613391,HIGH_EXACT,HIGH_AUTHORITATIVE,"{""mapping_method"": ""exact_identifier_based"", ""resolution_status"": ""HIGH_EXACT"", ""match_score"": 100.0, ""source_dataset"": ""RxNorm"", ""provenance"": ""rxnorm_drug_enrichment.csv""}"
E_RXN_001217,DRUG_001283,RXCUI_711942,HAS_RXNORM_CONCEPT,RxNorm,RXN:DRUG_001283:711942,HIGH_EXACT,HIGH_AUTHORITATIVE,"{""mapping_method"": ""exact_identifier_based"", ""resolution_status"": ""HIGH_EXACT"", ""match_score"": 100.0, ""source_dataset"": ""RxNorm"", ""provenance"": ""rxnorm_drug_enrichment.csv""}"
E_RXN_001218,DRUG_001284,RXCUI_119771,HAS_RXNORM_CONCEPT,RxNorm,RXN:DRUG_001284:119771,HIGH_EXACT,HIGH_AUTHORITATIVE,"{""mapping_method"": ""exact_identifier_based"", ""resolution_status"": ""HIGH_EXACT"", ""match_score"": 100.0, ""source_dataset"": ""RxNorm"", ""provenance"": ""rxnorm_drug_enrichment.csv""}"
E_RXN_001219,DRUG_001285,RXCUI_358257,HAS_RXNORM_CONCEPT,RxNorm,RXN:DRUG_001285:358257,HIGH_EXACT,HIGH_AUTHORITATIVE,"{""mapping_method"": ""exact_identifier_based"", ""resolution_status"": ""HIGH_EXACT"", ""match_score"": 100.0, ""source_dataset"": ""RxNorm"", ""provenance"": ""rxnorm_drug_enrichment.csv""}"
E_RXN_001220,DRUG_001286,RXCUI_1546015,HAS_RXNORM_CONCEPT,RxNorm,RXN:DRUG_001286:1546015,HIGH_EXACT,HIGH_AUTHORITATIVE,"{""mapping_method"": ""exact_identifier_based"", ""resolution_status"": ""HIGH_EXACT"", ""match_score"": 100.0, ""source_dataset"": ""RxNorm"", ""provenance"": ""rxnorm_drug_enrichment.csv""}"
E_RXN_001221,DRUG_001287,RXCUI_784649,HAS_RXNORM_CONCEPT,RxNorm,RXN:DRUG_001287:784649,HIGH_EXACT,HIGH_AUTHORITATIVE,"{""mapping_method"": ""exact_identifier_based"", ""resolution_status"": ""HIGH_EXACT"", ""match_score"": 100.0, ""source_dataset"": ""RxNorm"", ""provenance"": ""rxnorm_drug_enrichment.csv""}"
E_RXN_001222,DRUG_001289,RXCUI_623400,HAS_RXNORM_CONCEPT,RxNorm,RXN:DRUG_001289:623400,HIGH_EXACT,HIGH_AUTHORITATIVE,"{""mapping_method"": ""exact_identifier_based"", ""resolution_status"": ""HIGH_EXACT"", ""match_score"": 100.0, ""source_dataset"": ""RxNorm"", ""provenance"": ""rxnorm_drug_enrichment.csv""}"
E_RXN_001223,DRUG_001290,RXCUI_1114195,HAS_RXNORM_CONCEPT,RxNorm,RXN:DRUG_001290:1114195,HIGH_EXACT,HIGH_AUTHORITATIVE,"{""mapping_method"": ""exact_identifier_based"", ""resolution_status"": ""HIGH_EXACT"", ""match_score"": 100.0, ""source_dataset"": ""RxNorm"", ""provenance"": ""rxnorm_drug_enrichment.csv""}"
E_RXN_001224,DRUG_001291,RXCUI_1291301,HAS_RXNORM_CONCEPT,RxNorm,RXN:DRUG_001291:1291301,HIGH_EXACT,HIGH_AUTHORITATIVE,"{""mapping_method"": ""exact_identifier_based"", ""resolution_status"": ""HIGH_EXACT"", ""match_score"": 100.0, ""source_dataset"": ""RxNorm"", ""provenance"": ""rxnorm_drug_enrichment.csv""}"
E_RXN_001225,DRUG_001292,RXCUI_569,HAS_RXNORM_CONCEPT,RxNorm,RXN:DRUG_001292:569,HIGH_EXACT,HIGH_AUTHORITATIVE,"{""mapping_method"": ""exact_identifier_based"", ""resolution_status"": ""HIGH_EXACT"", ""match_score"": 100.0, ""source_dataset"": ""RxNorm"", ""provenance"": ""rxnorm_drug_enrichment.csv""}"
E_RXN_001226,DRUG_001293,RXCUI_1426872,HAS_RXNORM_CONCEPT,RxNorm,RXN:DRUG_001293:1426872,HIGH_EXACT,HIGH_AUTHORITATIVE,"{""mapping_method"": ""exact_identifier_based"", ""resolution_status"": ""HIGH_EXACT"", ""match_score"": 100.0, ""source_dataset"": ""RxNorm"", ""provenance"": ""rxnorm_drug_enrichment.csv""}"
E_RXN_001227,DRUG_001294,RXCUI_1489913,HAS_RXNORM_CONCEPT,RxNorm,RXN:DRUG_001294:1489913,HIGH_EXACT,HIGH_AUTHORITATIVE,"{""mapping_method"": ""exact_identifier_based"", ""resolution_status"": ""HIGH_EXACT"", ""match_score"": 100.0, ""source_dataset"": ""RxNorm"", ""provenance"": ""rxnorm_drug_enrichment.csv""}"
E_RXN_001228,DRUG_001296,RXCUI_10639,HAS_RXNORM_CONCEPT,RxNorm,RXN:DRUG_001296:10639,HIGH_EXACT,HIGH_AUTHORITATIVE,"{""mapping_method"": ""exact_identifier_based"", ""resolution_status"": ""HIGH_EXACT"", ""match_score"": 100.0, ""source_dataset"": ""RxNorm"", ""provenance"": ""rxnorm_drug_enrichment.csv""}"
E_RXN_001229,DRUG_001299,RXCUI_1516803,HAS_RXNORM_CONCEPT,RxNorm,RXN:DRUG_001299:1516803,HIGH_EXACT,HIGH_AUTHORITATIVE,"{""mapping_method"": ""exact_identifier_based"", ""resolution_status"": ""HIGH_EXACT"", ""match_score"": 100.0, ""source_dataset"": ""RxNorm"", ""provenance"": ""rxnorm_drug_enrichment.csv""}"
E_RXN_001230,DRUG_001300,RXCUI_657797,HAS_RXNORM_CONCEPT,RxNorm,RXN:DRUG_001300:657797,HIGH_EXACT,HIGH_AUTHORITATIVE,"{""mapping_method"": ""exact_identifier_based"", ""resolution_status"": ""HIGH_EXACT"", ""match_score"": 100.0, ""source_dataset"": ""RxNorm"", ""provenance"": ""rxnorm_drug_enrichment.csv""}"
E_RXN_001231,DRUG_001301,RXCUI_46303,HAS_RXNORM_CONCEPT,RxNorm,RXN:DRUG_001301:46303,HIGH_EXACT,HIGH_AUTHORITATIVE,"{""mapping_method"": ""exact_identifier_based"", ""resolution_status"": ""HIGH_EXACT"", ""match_score"": 100.0, ""source_dataset"": ""RxNorm"", ""provenance"": ""rxnorm_drug_enrichment.csv""}"
E_RXN_001232,DRUG_001302,RXCUI_1482790,HAS_RXNORM_CONCEPT,RxNorm,RXN:DRUG_001302:1482790,HIGH_EXACT,HIGH_AUTHORITATIVE,"{""mapping_method"": ""exact_identifier_based"", ""resolution_status"": ""HIGH_EXACT"", ""match_score"": 100.0, ""source_dataset"": ""RxNorm"", ""provenance"": ""rxnorm_drug_enrichment.csv""}"
E_RXN_001233,DRUG_001303,RXCUI_1488564,HAS_RXNORM_CONCEPT,RxNorm,RXN:DRUG_001303:1488564,HIGH_EXACT,HIGH_AUTHORITATIVE,"{""mapping_method"": ""exact_identifier_based"", ""resolution_status"": ""HIGH_EXACT"", ""match_score"": 100.0, ""source_dataset"": ""RxNorm"", ""provenance"": ""rxnorm_drug_enrichment.csv""}"
E_RXN_001234,DRUG_001304,RXCUI_1546030,HAS_RXNORM_CONCEPT,RxNorm,RXN:DRUG_001304:1546030,HIGH_EXACT,HIGH_AUTHORITATIVE,"{""mapping_method"": ""exact_identifier_based"", ""resolution_status"": ""HIGH_EXACT"", ""match_score"": 100.0, ""source_dataset"": ""RxNorm"", ""provenance"": ""rxnorm_drug_enrichment.csv""}"
E_RXN_001235,DRUG_001305,RXCUI_1441386,HAS_RXNORM_CONCEPT,RxNorm,RXN:DRUG_001305:1441386,HIGH_EXACT,HIGH_AUTHORITATIVE,"{""mapping_method"": ""exact_identifier_based"", ""resolution_status"": ""HIGH_EXACT"", ""match_score"": 100.0, ""source_dataset"": ""RxNorm"", ""provenance"": ""rxnorm_drug_enrichment.csv""}"
E_RXN_001236,DRUG_001306,RXCUI_473837,HAS_RXNORM_CONCEPT,RxNorm,RXN:DRUG_001306:473837,HIGH_EXACT,HIGH_AUTHORITATIVE,"{""mapping_method"": ""exact_identifier_based"", ""resolution_status"": ""HIGH_EXACT"", ""match_score"": 100.0, ""source_dataset"": ""RxNorm"", ""provenance"": ""rxnorm_drug_enrichment.csv""}"
E_RXN_001237,DRUG_001307,RXCUI_358274,HAS_RXNORM_CONCEPT,RxNorm,RXN:DRUG_001307:358274,HIGH_EXACT,HIGH_AUTHORITATIVE,"{""mapping_method"": ""exact_identifier_based"", ""resolution_status"": ""HIGH_EXACT"", ""match_score"": 100.0, ""source_dataset"": ""RxNorm"", ""provenance"": ""rxnorm_drug_enrichment.csv""}"
E_RXN_001238,DRUG_001308,RXCUI_11516,HAS_RXNORM_CONCEPT,RxNorm,RXN:DRUG_001308:11516,HIGH_EXACT,HIGH_AUTHORITATIVE,"{""mapping_method"": ""exact_identifier_based"", ""resolution_status"": ""HIGH_EXACT"", ""match_score"": 100.0, ""source_dataset"": ""RxNorm"", ""provenance"": ""rxnorm_drug_enrichment.csv""}"
E_RXN_001239,DRUG_001309,RXCUI_7813,HAS_RXNORM_CONCEPT,RxNorm,RXN:DRUG_001309:7813,HIGH_EXACT,HIGH_AUTHORITATIVE,"{""mapping_method"": ""exact_identifier_based"", ""resolution_status"": ""HIGH_EXACT"", ""match_score"": 100.0, ""source_dataset"": ""RxNorm"", ""provenance"": ""rxnorm_drug_enrichment.csv""}"
E_RXN_001240,DRUG_001310,RXCUI_475969,HAS_RXNORM_CONCEPT,RxNorm,RXN:DRUG_001310:475969,HIGH_EXACT,HIGH_AUTHORITATIVE,"{""mapping_method"": ""exact_identifier_based"", ""resolution_status"": ""HIGH_EXACT"", ""match_score"": 100.0, ""source_dataset"": ""RxNorm"", ""provenance"": ""rxnorm_drug_enrichment.csv""}"
E_RXN_001241,DRUG_001311,RXCUI_1656052,HAS_RXNORM_CONCEPT,RxNorm,RXN:DRUG_001311:1656052,HIGH_EXACT,HIGH_AUTHORITATIVE,"{""mapping_method"": ""exact_identifier_based"", ""resolution_status"": ""HIGH_EXACT"", ""match_score"": 100.0, ""source_dataset"": ""RxNorm"", ""provenance"": ""rxnorm_drug_enrichment.csv""}"
E_RXN_001242,DRUG_001312,RXCUI_2107310,HAS_RXNORM_CONCEPT,RxNorm,RXN:DRUG_001312:2107310,HIGH_EXACT,HIGH_AUTHORITATIVE,"{""mapping_method"": ""exact_identifier_based"", ""resolution_status"": ""HIGH_EXACT"", ""match_score"": 100.0, ""source_dataset"": ""RxNorm"", ""provenance"": ""rxnorm_drug_enrichment.csv""}"
E_RXN_001243,DRUG_001313,RXCUI_714438,HAS_RXNORM_CONCEPT,RxNorm,RXN:DRUG_001313:714438,HIGH_EXACT,HIGH_AUTHORITATIVE,"{""mapping_method"": ""exact_identifier_based"", ""resolution_status"": ""HIGH_EXACT"", ""match_score"": 100.0, ""source_dataset"": ""RxNorm"", ""provenance"": ""rxnorm_drug_enrichment.csv""}"
E_RXN_001244,DRUG_001315,RXCUI_1919083,HAS_RXNORM_CONCEPT,RxNorm,RXN:DRUG_001315:1919083,HIGH_EXACT,HIGH_AUTHORITATIVE,"{""mapping_method"": ""exact_identifier_based"", ""resolution_status"": ""HIGH_EXACT"", ""match_score"": 100.0, ""source_dataset"": ""RxNorm"", ""provenance"": ""rxnorm_drug_enrichment.csv""}"
E_RXN_001245,DRUG_001316,RXCUI_1603350,HAS_RXNORM_CONCEPT,RxNorm,RXN:DRUG_001316:1603350,HIGH_EXACT,HIGH_AUTHORITATIVE,"{""mapping_method"": ""exact_identifier_based"", ""resolution_status"": ""HIGH_EXACT"", ""match_score"": 100.0, ""source_dataset"": ""RxNorm"", ""provenance"": ""rxnorm_drug_enrichment.csv""}"
E_RXN_001246,DRUG_001317,RXCUI_1364430,HAS_RXNORM_CONCEPT,RxNorm,RXN:DRUG_001317:1364430,HIGH_EXACT,HIGH_AUTHORITATIVE,"{""mapping_method"": ""exact_identifier_based"", ""resolution_status"": ""HIGH_EXACT"", ""match_score"": 100.0, ""source_dataset"": ""RxNorm"", ""provenance"": ""rxnorm_drug_enrichment.csv""}"
E_RXN_001247,DRUG_001318,RXCUI_1307619,HAS_RXNORM_CONCEPT,RxNorm,RXN:DRUG_001318:1307619,HIGH_EXACT,HIGH_AUTHORITATIVE,"{""mapping_method"": ""exact_identifier_based"", ""resolution_status"": ""HIGH_EXACT"", ""match_score"": 100.0, ""source_dataset"": ""RxNorm"", ""provenance"": ""rxnorm_drug_enrichment.csv""}"
E_RXN_001248,DRUG_001319,RXCUI_1242999,HAS_RXNORM_CONCEPT,RxNorm,RXN:DRUG_001319:1242999,HIGH_EXACT,HIGH_AUTHORITATIVE,"{""mapping_method"": ""exact_identifier_based"", ""resolution_status"": ""HIGH_EXACT"", ""match_score"": 100.0, ""source_dataset"": ""RxNorm"", ""provenance"": ""rxnorm_drug_enrichment.csv""}"
E_RXN_001249,DRUG_001320,RXCUI_1608322,HAS_RXNORM_CONCEPT,RxNorm,RXN:DRUG_001320:1608322,HIGH_EXACT,HIGH_AUTHORITATIVE,"{""mapping_method"": ""exact_identifier_based"", ""resolution_status"": ""HIGH_EXACT"", ""match_score"": 100.0, ""source_dataset"": ""RxNorm"", ""provenance"": ""rxnorm_drug_enrichment.csv""}"
E_RXN_001250,DRUG_001321,RXCUI_897018,HAS_RXNORM_CONCEPT,RxNorm,RXN:DRUG_001321:897018,HIGH_EXACT,HIGH_AUTHORITATIVE,"{""mapping_method"": ""exact_identifier_based"", ""resolution_status"": ""HIGH_EXACT"", ""match_score"": 100.0, ""source_dataset"": ""RxNorm"", ""provenance"": ""rxnorm_drug_enrichment.csv""}"
E_RXN_001251,DRUG_001322,RXCUI_1922448,HAS_RXNORM_CONCEPT,RxNorm,RXN:DRUG_001322:1922448,HIGH_EXACT,HIGH_AUTHORITATIVE,"{""mapping_method"": ""exact_identifier_based"", ""resolution_status"": ""HIGH_EXACT"", ""match_score"": 100.0, ""source_dataset"": ""RxNorm"", ""provenance"": ""rxnorm_drug_enrichment.csv""}"
E_RXN_001252,DRUG_001323,RXCUI_1364105,HAS_RXNORM_CONCEPT,RxNorm,RXN:DRUG_001323:1364105,HIGH_EXACT,HIGH_AUTHORITATIVE,"{""mapping_method"": ""exact_identifier_based"", ""resolution_status"": ""HIGH_EXACT"", ""match_score"": 100.0, ""source_dataset"": ""RxNorm"", ""provenance"": ""rxnorm_drug_enrichment.csv""}"
E_RXN_001253,DRUG_001324,RXCUI_1086769,HAS_RXNORM_CONCEPT,RxNorm,RXN:DRUG_001324:1086769,HIGH_EXACT,HIGH_AUTHORITATIVE,"{""mapping_method"": ""exact_identifier_based"", ""resolution_status"": ""HIGH_EXACT"", ""match_score"": 100.0, ""source_dataset"": ""RxNorm"", ""provenance"": ""rxnorm_drug_enrichment.csv""}"
E_RXN_001254,DRUG_001325,RXCUI_224898,HAS_RXNORM_CONCEPT,RxNorm,RXN:DRUG_001325:224898,HIGH_EXACT,HIGH_AUTHORITATIVE,"{""mapping_method"": ""exact_identifier_based"", ""resolution_status"": ""HIGH_EXACT"", ""match_score"": 100.0, ""source_dataset"": ""RxNorm"", ""provenance"": ""rxnorm_drug_enrichment.csv""}"
E_RXN_001255,DRUG_001326,RXCUI_7486,HAS_RXNORM_CONCEPT,RxNorm,RXN:DRUG_001326:7486,HIGH_EXACT,HIGH_AUTHORITATIVE,"{""mapping_method"": ""exact_identifier_based"", ""resolution_status"": ""HIGH_EXACT"", ""match_score"": 100.0, ""source_dataset"": ""RxNorm"", ""provenance"": ""rxnorm_drug_enrichment.csv""}"
E_RXN_001256,DRUG_001327,RXCUI_9009,HAS_RXNORM_CONCEPT,RxNorm,RXN:DRUG_001327:9009,HIGH_EXACT,HIGH_AUTHORITATIVE,"{""mapping_method"": ""exact_identifier_based"", ""resolution_status"": ""HIGH_EXACT"", ""match_score"": 100.0, ""source_dataset"": ""RxNorm"", ""provenance"": ""rxnorm_drug_enrichment.csv""}"
E_RXN_001257,DRUG_001328,RXCUI_39841,HAS_RXNORM_CONCEPT,RxNorm,RXN:DRUG_001328:39841,HIGH_EXACT,HIGH_AUTHORITATIVE,"{""mapping_method"": ""exact_identifier_based"", ""resolution_status"": ""HIGH_EXACT"", ""match_score"": 100.0, ""source_dataset"": ""RxNorm"", ""provenance"": ""rxnorm_drug_enrichment.csv""}"
E_RXN_001258,DRUG_001329,RXCUI_1037042,HAS_RXNORM_CONCEPT,RxNorm,RXN:DRUG_001329:1037042,HIGH_EXACT,HIGH_AUTHORITATIVE,"{""mapping_method"": ""exact_identifier_based"", ""resolution_status"": ""HIGH_EXACT"", ""match_score"": 100.0, ""source_dataset"": ""RxNorm"", ""provenance"": ""rxnorm_drug_enrichment.csv""}"
E_RXN_001259,DRUG_001330,RXCUI_26397,HAS_RXNORM_CONCEPT,RxNorm,RXN:DRUG_001330:26397,HIGH_EXACT,HIGH_AUTHORITATIVE,"{""mapping_method"": ""exact_identifier_based"", ""resolution_status"": ""HIGH_EXACT"", ""match_score"": 100.0, ""source_dataset"": ""RxNorm"", ""provenance"": ""rxnorm_drug_enrichment.csv""}"
E_RXN_001260,DRUG_001331,RXCUI_18343,HAS_RXNORM_CONCEPT,RxNorm,RXN:DRUG_001331:18343,HIGH_EXACT,HIGH_AUTHORITATIVE,"{""mapping_method"": ""exact_identifier_based"", ""resolution_status"": ""HIGH_EXACT"", ""match_score"": 100.0, ""source_dataset"": ""RxNorm"", ""provenance"": ""rxnorm_drug_enrichment.csv""}"
E_RXN_001261,DRUG_001332,RXCUI_1511,HAS_RXNORM_CONCEPT,RxNorm,RXN:DRUG_001332:1511,HIGH_EXACT,HIGH_AUTHORITATIVE,"{""mapping_method"": ""exact_identifier_based"", ""resolution_status"": ""HIGH_EXACT"", ""match_score"": 100.0, ""source_dataset"": ""RxNorm"", ""provenance"": ""rxnorm_drug_enrichment.csv""}"
E_RXN_001262,DRUG_001333,RXCUI_475230,HAS_RXNORM_CONCEPT,RxNorm,RXN:DRUG_001333:475230,HIGH_EXACT,HIGH_AUTHORITATIVE,"{""mapping_method"": ""exact_identifier_based"", ""resolution_status"": ""HIGH_EXACT"", ""match_score"": 100.0, ""source_dataset"": ""RxNorm"", ""provenance"": ""rxnorm_drug_enrichment.csv""}"
E_RXN_001263,DRUG_001334,RXCUI_734064,HAS_RXNORM_CONCEPT,RxNorm,RXN:DRUG_001334:734064,HIGH_EXACT,HIGH_AUTHORITATIVE,"{""mapping_method"": ""exact_identifier_based"", ""resolution_status"": ""HIGH_EXACT"", ""match_score"": 100.0, ""source_dataset"": ""RxNorm"", ""provenance"": ""rxnorm_drug_enrichment.csv""}"
E_RXN_001264,DRUG_001335,RXCUI_797195,HAS_RXNORM_CONCEPT,RxNorm,RXN:DRUG_001335:797195,HIGH_EXACT,HIGH_AUTHORITATIVE,"{""mapping_method"": ""exact_identifier_based"", ""resolution_status"": ""HIGH_EXACT"", ""match_score"": 100.0, ""source_dataset"": ""RxNorm"", ""provenance"": ""rxnorm_drug_enrichment.csv""}"
E_RXN_001265,DRUG_001336,RXCUI_14448,HAS_RXNORM_CONCEPT,RxNorm,RXN:DRUG_001336:14448,HIGH_EXACT,HIGH_AUTHORITATIVE,"{""mapping_method"": ""exact_identifier_based"", ""resolution_status"": ""HIGH_EXACT"", ""match_score"": 100.0, ""source_dataset"": ""RxNorm"", ""provenance"": ""rxnorm_drug_enrichment.csv""}"
E_RXN_001266,DRUG_001337,RXCUI_27946,HAS_RXNORM_CONCEPT,RxNorm,RXN:DRUG_001337:27946,HIGH_EXACT,HIGH_AUTHORITATIVE,"{""mapping_method"": ""exact_identifier_based"", ""resolution_status"": ""HIGH_EXACT"", ""match_score"": 100.0, ""source_dataset"": ""RxNorm"", ""provenance"": ""rxnorm_drug_enrichment.csv""}"
E_RXN_001267,DRUG_001338,RXCUI_132889,HAS_RXNORM_CONCEPT,RxNorm,RXN:DRUG_001338:132889,HIGH_EXACT,HIGH_AUTHORITATIVE,"{""mapping_method"": ""exact_identifier_based"", ""resolution_status"": ""HIGH_EXACT"", ""match_score"": 100.0, ""source_dataset"": ""RxNorm"", ""provenance"": ""rxnorm_drug_enrichment.csv""}"
E_RXN_001268,DRUG_001339,RXCUI_847728,HAS_RXNORM_CONCEPT,RxNorm,RXN:DRUG_001339:847728,HIGH_EXACT,HIGH_AUTHORITATIVE,"{""mapping_method"": ""exact_identifier_based"", ""resolution_status"": ""HIGH_EXACT"", ""match_score"": 100.0, ""source_dataset"": ""RxNorm"", ""provenance"": ""rxnorm_drug_enrichment.csv""}"
E_RXN_001269,DRUG_001340,RXCUI_155080,HAS_RXNORM_CONCEPT,RxNorm,RXN:DRUG_001340:155080,HIGH_EXACT,HIGH_AUTHORITATIVE,"{""mapping_method"": ""exact_identifier_based"", ""resolution_status"": ""HIGH_EXACT"", ""match_score"": 100.0, ""source_dataset"": ""RxNorm"", ""provenance"": ""rxnorm_drug_enrichment.csv""}"
E_RXN_001270,DRUG_001341,RXCUI_6904,HAS_RXNORM_CONCEPT,RxNorm,RXN:DRUG_001341:6904,HIGH_EXACT,HIGH_AUTHORITATIVE,"{""mapping_method"": ""exact_identifier_based"", ""resolution_status"": ""HIGH_EXACT"", ""match_score"": 100.0, ""source_dataset"": ""RxNorm"", ""provenance"": ""rxnorm_drug_enrichment.csv""}"
E_RXN_001271,DRUG_001342,RXCUI_7247,HAS_RXNORM_CONCEPT,RxNorm,RXN:DRUG_001342:7247,HIGH_EXACT,HIGH_AUTHORITATIVE,"{""mapping_method"": ""exact_identifier_based"", ""resolution_status"": ""HIGH_EXACT"", ""match_score"": 100.0, ""source_dataset"": ""RxNorm"", ""provenance"": ""rxnorm_drug_enrichment.csv""}"
E_RXN_001272,DRUG_001343,RXCUI_53692,HAS_RXNORM_CONCEPT,RxNorm,RXN:DRUG_001343:53692,HIGH_EXACT,HIGH_AUTHORITATIVE,"{""mapping_method"": ""exact_identifier_based"", ""resolution_status"": ""HIGH_EXACT"", ""match_score"": 100.0, ""source_dataset"": ""RxNorm"", ""provenance"": ""rxnorm_drug_enrichment.csv""}"
E_RXN_001273,DRUG_001344,RXCUI_326374,HAS_RXNORM_CONCEPT,RxNorm,RXN:DRUG_001344:326374,HIGH_EXACT,HIGH_AUTHORITATIVE,"{""mapping_method"": ""exact_identifier_based"", ""resolution_status"": ""HIGH_EXACT"", ""match_score"": 100.0, ""source_dataset"": ""RxNorm"", ""provenance"": ""rxnorm_drug_enrichment.csv""}"
E_RXN_001274,DRUG_001345,RXCUI_8597,HAS_RXNORM_CONCEPT,RxNorm,RXN:DRUG_001345:8597,HIGH_EXACT,HIGH_AUTHORITATIVE,"{""mapping_method"": ""exact_identifier_based"", ""resolution_status"": ""HIGH_EXACT"", ""match_score"": 100.0, ""source_dataset"": ""RxNorm"", ""provenance"": ""rxnorm_drug_enrichment.csv""}"
E_RXN_001275,DRUG_001346,RXCUI_828682,HAS_RXNORM_CONCEPT,RxNorm,RXN:DRUG_001346:828682,HIGH_EXACT,HIGH_AUTHORITATIVE,"{""mapping_method"": ""exact_identifier_based"", ""resolution_status"": ""HIGH_EXACT"", ""match_score"": 100.0, ""source_dataset"": ""RxNorm"", ""provenance"": ""rxnorm_drug_enrichment.csv""}"
E_RXN_001276,DRUG_001347,RXCUI_1731071,HAS_RXNORM_CONCEPT,RxNorm,RXN:DRUG_001347:1731071,HIGH_EXACT,HIGH_AUTHORITATIVE,"{""mapping_method"": ""exact_identifier_based"", ""resolution_status"": ""HIGH_EXACT"", ""match_score"": 100.0, ""source_dataset"": ""RxNorm"", ""provenance"": ""rxnorm_drug_enrichment.csv""}"
E_RXN_001277,DRUG_001348,RXCUI_10032,HAS_RXNORM_CONCEPT,RxNorm,RXN:DRUG_001348:10032,HIGH_EXACT,HIGH_AUTHORITATIVE,"{""mapping_method"": ""exact_identifier_based"", ""resolution_status"": ""HIGH_EXACT"", ""match_score"": 100.0, ""source_dataset"": ""RxNorm"", ""provenance"": ""rxnorm_drug_enrichment.csv""}"
E_RXN_001278,DRUG_001349,RXCUI_612,HAS_RXNORM_CONCEPT,RxNorm,RXN:DRUG_001349:612,HIGH_EXACT,HIGH_AUTHORITATIVE,"{""mapping_method"": ""exact_identifier_based"", ""resolution_status"": ""HIGH_EXACT"", ""match_score"": 100.0, ""source_dataset"": ""RxNorm"", ""provenance"": ""rxnorm_drug_enrichment.csv""}"
E_RXN_001279,DRUG_001350,RXCUI_1897,HAS_RXNORM_CONCEPT,RxNorm,RXN:DRUG_001350:1897,HIGH_EXACT,HIGH_AUTHORITATIVE,"{""mapping_method"": ""exact_identifier_based"", ""resolution_status"": ""HIGH_EXACT"", ""match_score"": 100.0, ""source_dataset"": ""RxNorm"", ""provenance"": ""rxnorm_drug_enrichment.csv""}"
E_RXN_001280,DRUG_001351,RXCUI_20890,HAS_RXNORM_CONCEPT,RxNorm,RXN:DRUG_001351:20890,HIGH_EXACT,HIGH_AUTHORITATIVE,"{""mapping_method"": ""exact_identifier_based"", ""resolution_status"": ""HIGH_EXACT"", ""match_score"": 100.0, ""source_dataset"": ""RxNorm"", ""provenance"": ""rxnorm_drug_enrichment.csv""}"
E_RXN_001281,DRUG_001353,RXCUI_25734,HAS_RXNORM_CONCEPT,RxNorm,RXN:DRUG_001353:25734,HIGH_EXACT,HIGH_AUTHORITATIVE,"{""mapping_method"": ""exact_identifier_based"", ""resolution_status"": ""HIGH_EXACT"", ""match_score"": 100.0, ""source_dataset"": ""RxNorm"", ""provenance"": ""rxnorm_drug_enrichment.csv""}"
E_RXN_001282,DRUG_001354,RXCUI_16689,HAS_RXNORM_CONCEPT,RxNorm,RXN:DRUG_001354:16689,HIGH_EXACT,HIGH_AUTHORITATIVE,"{""mapping_method"": ""exact_identifier_based"", ""resolution_status"": ""HIGH_EXACT"", ""match_score"": 100.0, ""source_dataset"": ""RxNorm"", ""provenance"": ""rxnorm_drug_enrichment.csv""}"
E_RXN_001283,DRUG_001358,RXCUI_625,HAS_RXNORM_CONCEPT,RxNorm,RXN:DRUG_001358:625,HIGH_EXACT,HIGH_AUTHORITATIVE,"{""mapping_method"": ""exact_identifier_based"", ""resolution_status"": ""HIGH_EXACT"", ""match_score"": 100.0, ""source_dataset"": ""RxNorm"", ""provenance"": ""rxnorm_drug_enrichment.csv""}"
E_RXN_001284,DRUG_001359,RXCUI_37935,HAS_RXNORM_CONCEPT,RxNorm,RXN:DRUG_001359:37935,HIGH_EXACT,HIGH_AUTHORITATIVE,"{""mapping_method"": ""exact_identifier_based"", ""resolution_status"": ""HIGH_EXACT"", ""match_score"": 100.0, ""source_dataset"": ""RxNorm"", ""provenance"": ""rxnorm_drug_enrichment.csv""}"
E_RXN_001285,DRUG_001360,RXCUI_1000082,HAS_RXNORM_CONCEPT,RxNorm,RXN:DRUG_001360:1000082,HIGH_EXACT,HIGH_AUTHORITATIVE,"{""mapping_method"": ""exact_identifier_based"", ""resolution_status"": ""HIGH_EXACT"", ""match_score"": 100.0, ""source_dataset"": ""RxNorm"", ""provenance"": ""rxnorm_drug_enrichment.csv""}"
E_RXN_001286,DRUG_001361,RXCUI_712,HAS_RXNORM_CONCEPT,RxNorm,RXN:DRUG_001361:712,HIGH_EXACT,HIGH_AUTHORITATIVE,"{""mapping_method"": ""exact_identifier_based"", ""resolution_status"": ""HIGH_EXACT"", ""match_score"": 100.0, ""source_dataset"": ""RxNorm"", ""provenance"": ""rxnorm_drug_enrichment.csv""}"
E_RXN_001287,DRUG_001362,RXCUI_134547,HAS_RXNORM_CONCEPT,RxNorm,RXN:DRUG_001362:134547,HIGH_EXACT,HIGH_AUTHORITATIVE,"{""mapping_method"": ""exact_identifier_based"", ""resolution_status"": ""HIGH_EXACT"", ""match_score"": 100.0, ""source_dataset"": ""RxNorm"", ""provenance"": ""rxnorm_drug_enrichment.csv""}"
E_RXN_001288,DRUG_001363,RXCUI_1426,HAS_RXNORM_CONCEPT,RxNorm,RXN:DRUG_001363:1426,HIGH_EXACT,HIGH_AUTHORITATIVE,"{""mapping_method"": ""exact_identifier_based"", ""resolution_status"": ""HIGH_EXACT"", ""match_score"": 100.0, ""source_dataset"": ""RxNorm"", ""provenance"": ""rxnorm_drug_enrichment.csv""}"
E_RXN_001289,DRUG_001364,RXCUI_819911,HAS_RXNORM_CONCEPT,RxNorm,RXN:DRUG_001364:819911,HIGH_EXACT,HIGH_AUTHORITATIVE,"{""mapping_method"": ""exact_identifier_based"", ""resolution_status"": ""HIGH_EXACT"", ""match_score"": 100.0, ""source_dataset"": ""RxNorm"", ""provenance"": ""rxnorm_drug_enrichment.csv""}"
E_RXN_001290,DRUG_001365,RXCUI_996051,HAS_RXNORM_CONCEPT,RxNorm,RXN:DRUG_001365:996051,HIGH_EXACT,HIGH_AUTHORITATIVE,"{""mapping_method"": ""exact_identifier_based"", ""resolution_status"": ""HIGH_EXACT"", ""match_score"": 100.0, ""source_dataset"": ""RxNorm"", ""provenance"": ""rxnorm_drug_enrichment.csv""}"
E_RXN_001291,DRUG_001366,RXCUI_1992,HAS_RXNORM_CONCEPT,RxNorm,RXN:DRUG_001366:1992,HIGH_EXACT,HIGH_AUTHORITATIVE,"{""mapping_method"": ""exact_identifier_based"", ""resolution_status"": ""HIGH_EXACT"", ""match_score"": 100.0, ""source_dataset"": ""RxNorm"", ""provenance"": ""rxnorm_drug_enrichment.csv""}"
E_RXN_001292,DRUG_001367,RXCUI_23043,HAS_RXNORM_CONCEPT,RxNorm,RXN:DRUG_001367:23043,HIGH_EXACT,HIGH_AUTHORITATIVE,"{""mapping_method"": ""exact_identifier_based"", ""resolution_status"": ""HIGH_EXACT"", ""match_score"": 100.0, ""source_dataset"": ""RxNorm"", ""provenance"": ""rxnorm_drug_enrichment.csv""}"
E_RXN_001293,DRUG_001368,RXCUI_3445,HAS_RXNORM_CONCEPT,RxNorm,RXN:DRUG_001368:3445,HIGH_EXACT,HIGH_AUTHORITATIVE,"{""mapping_method"": ""exact_identifier_based"", ""resolution_status"": ""HIGH_EXACT"", ""match_score"": 100.0, ""source_dataset"": ""RxNorm"", ""provenance"": ""rxnorm_drug_enrichment.csv""}"
E_RXN_001294,DRUG_001369,RXCUI_5084,HAS_RXNORM_CONCEPT,RxNorm,RXN:DRUG_001369:5084,HIGH_EXACT,HIGH_AUTHORITATIVE,"{""mapping_method"": ""exact_identifier_based"", ""resolution_status"": ""HIGH_EXACT"", ""match_score"": 100.0, ""source_dataset"": ""RxNorm"", ""provenance"": ""rxnorm_drug_enrichment.csv""}"
E_RXN_001295,DRUG_001370,RXCUI_50975,HAS_RXNORM_CONCEPT,RxNorm,RXN:DRUG_001370:50975,HIGH_EXACT,HIGH_AUTHORITATIVE,"{""mapping_method"": ""exact_identifier_based"", ""resolution_status"": ""HIGH_EXACT"", ""match_score"": 100.0, ""source_dataset"": ""RxNorm"", ""provenance"": ""rxnorm_drug_enrichment.csv""}"
E_RXN_001296,DRUG_001371,RXCUI_12488,HAS_RXNORM_CONCEPT,RxNorm,RXN:DRUG_001371:12488,HIGH_EXACT,HIGH_AUTHORITATIVE,"{""mapping_method"": ""exact_identifier_based"", ""resolution_status"": ""HIGH_EXACT"", ""match_score"": 100.0, ""source_dataset"": ""RxNorm"", ""provenance"": ""rxnorm_drug_enrichment.csv""}"
E_RXN_001297,DRUG_001372,RXCUI_68092,HAS_RXNORM_CONCEPT,RxNorm,RXN:DRUG_001372:68092,HIGH_EXACT,HIGH_AUTHORITATIVE,"{""mapping_method"": ""exact_identifier_based"", ""resolution_status"": ""HIGH_EXACT"", ""match_score"": 100.0, ""source_dataset"": ""RxNorm"", ""provenance"": ""rxnorm_drug_enrichment.csv""}"
E_RXN_001298,DRUG_001373,RXCUI_234416,HAS_RXNORM_CONCEPT,RxNorm,RXN:DRUG_001373:234416,HIGH_EXACT,HIGH_AUTHORITATIVE,"{""mapping_method"": ""exact_identifier_based"", ""resolution_status"": ""HIGH_EXACT"", ""match_score"": 100.0, ""source_dataset"": ""RxNorm"", ""provenance"": ""rxnorm_drug_enrichment.csv""}"
E_RXN_001299,DRUG_001374,RXCUI_52151,HAS_RXNORM_CONCEPT,RxNorm,RXN:DRUG_001374:52151,HIGH_EXACT,HIGH_AUTHORITATIVE,"{""mapping_method"": ""exact_identifier_based"", ""resolution_status"": ""HIGH_EXACT"", ""match_score"": 100.0, ""source_dataset"": ""RxNorm"", ""provenance"": ""rxnorm_drug_enrichment.csv""}"
E_RXN_001300,DRUG_001375,RXCUI_6572,HAS_RXNORM_CONCEPT,RxNorm,RXN:DRUG_001375:6572,HIGH_EXACT,HIGH_AUTHORITATIVE,"{""mapping_method"": ""exact_identifier_based"", ""resolution_status"": ""HIGH_EXACT"", ""match_score"": 100.0, ""source_dataset"": ""RxNorm"", ""provenance"": ""rxnorm_drug_enrichment.csv""}"
E_RXN_001301,DRUG_001376,RXCUI_6832,HAS_RXNORM_CONCEPT,RxNorm,RXN:DRUG_001376:6832,HIGH_EXACT,HIGH_AUTHORITATIVE,"{""mapping_method"": ""exact_identifier_based"", ""resolution_status"": ""HIGH_EXACT"", ""match_score"": 100.0, ""source_dataset"": ""RxNorm"", ""provenance"": ""rxnorm_drug_enrichment.csv""}"
E_RXN_001302,DRUG_001377,RXCUI_29899,HAS_RXNORM_CONCEPT,RxNorm,RXN:DRUG_001377:29899,HIGH_EXACT,HIGH_AUTHORITATIVE,"{""mapping_method"": ""exact_identifier_based"", ""resolution_status"": ""HIGH_EXACT"", ""match_score"": 100.0, ""source_dataset"": ""RxNorm"", ""provenance"": ""rxnorm_drug_enrichment.csv""}"
E_RXN_001303,DRUG_001378,RXCUI_298665,HAS_RXNORM_CONCEPT,RxNorm,RXN:DRUG_001378:298665,HIGH_EXACT,HIGH_AUTHORITATIVE,"{""mapping_method"": ""exact_identifier_based"", ""resolution_status"": ""HIGH_EXACT"", ""match_score"": 100.0, ""source_dataset"": ""RxNorm"", ""provenance"": ""rxnorm_drug_enrichment.csv""}"
E_RXN_001304,DRUG_001379,RXCUI_7402,HAS_RXNORM_CONCEPT,RxNorm,RXN:DRUG_001379:7402,HIGH_EXACT,HIGH_AUTHORITATIVE,"{""mapping_method"": ""exact_identifier_based"", ""resolution_status"": ""HIGH_EXACT"", ""match_score"": 100.0, ""source_dataset"": ""RxNorm"", ""provenance"": ""rxnorm_drug_enrichment.csv""}"
E_RXN_001305,DRUG_001380,RXCUI_53750,HAS_RXNORM_CONCEPT,RxNorm,RXN:DRUG_001380:53750,HIGH_EXACT,HIGH_AUTHORITATIVE,"{""mapping_method"": ""exact_identifier_based"", ""resolution_status"": ""HIGH_EXACT"", ""match_score"": 100.0, ""source_dataset"": ""RxNorm"", ""provenance"": ""rxnorm_drug_enrichment.csv""}"
E_RXN_001306,DRUG_001381,RXCUI_6995,HAS_RXNORM_CONCEPT,RxNorm,RXN:DRUG_001381:6995,HIGH_EXACT,HIGH_AUTHORITATIVE,"{""mapping_method"": ""exact_identifier_based"", ""resolution_status"": ""HIGH_EXACT"", ""match_score"": 100.0, ""source_dataset"": ""RxNorm"", ""provenance"": ""rxnorm_drug_enrichment.csv""}"
E_RXN_001307,DRUG_001382,RXCUI_662019,HAS_RXNORM_CONCEPT,RxNorm,RXN:DRUG_001382:662019,HIGH_EXACT,HIGH_AUTHORITATIVE,"{""mapping_method"": ""exact_identifier_based"", ""resolution_status"": ""HIGH_EXACT"", ""match_score"": 100.0, ""source_dataset"": ""RxNorm"", ""provenance"": ""rxnorm_drug_enrichment.csv""}"
E_RXN_001308,DRUG_001383,RXCUI_35163,HAS_RXNORM_CONCEPT,RxNorm,RXN:DRUG_001383:35163,HIGH_EXACT,HIGH_AUTHORITATIVE,"{""mapping_method"": ""exact_identifier_based"", ""resolution_status"": ""HIGH_EXACT"", ""match_score"": 100.0, ""source_dataset"": ""RxNorm"", ""provenance"": ""rxnorm_drug_enrichment.csv""}"
E_RXN_001309,DRUG_001384,RXCUI_719872,HAS_RXNORM_CONCEPT,RxNorm,RXN:DRUG_001384:719872,HIGH_EXACT,HIGH_AUTHORITATIVE,"{""mapping_method"": ""exact_identifier_based"", ""resolution_status"": ""HIGH_EXACT"", ""match_score"": 100.0, ""source_dataset"": ""RxNorm"", ""provenance"": ""rxnorm_drug_enrichment.csv""}"
E_RXN_001310,DRUG_001385,RXCUI_1546447,HAS_RXNORM_CONCEPT,RxNorm,RXN:DRUG_001385:1546447,HIGH_EXACT,HIGH_AUTHORITATIVE,"{""mapping_method"": ""exact_identifier_based"", ""resolution_status"": ""HIGH_EXACT"", ""match_score"": 100.0, ""source_dataset"": ""RxNorm"", ""provenance"": ""rxnorm_drug_enrichment.csv""}"
E_RXN_001311,DRUG_001386,RXCUI_37319,HAS_RXNORM_CONCEPT,RxNorm,RXN:DRUG_001386:37319,HIGH_EXACT,HIGH_AUTHORITATIVE,"{""mapping_method"": ""exact_identifier_based"", ""resolution_status"": ""HIGH_EXACT"", ""match_score"": 100.0, ""source_dataset"": ""RxNorm"", ""provenance"": ""rxnorm_drug_enrichment.csv""}"
E_RXN_001312,DRUG_001387,RXCUI_10798,HAS_RXNORM_CONCEPT,RxNorm,RXN:DRUG_001387:10798,HIGH_EXACT,HIGH_AUTHORITATIVE,"{""mapping_method"": ""exact_identifier_based"", ""resolution_status"": ""HIGH_EXACT"", ""match_score"": 100.0, ""source_dataset"": ""RxNorm"", ""provenance"": ""rxnorm_drug_enrichment.csv""}"
E_RXN_001313,DRUG_001388,RXCUI_38782,HAS_RXNORM_CONCEPT,RxNorm,RXN:DRUG_001388:38782,HIGH_EXACT,HIGH_AUTHORITATIVE,"{""mapping_method"": ""exact_identifier_based"", ""resolution_status"": ""HIGH_EXACT"", ""match_score"": 100.0, ""source_dataset"": ""RxNorm"", ""provenance"": ""rxnorm_drug_enrichment.csv""}"
E_RXN_001314,DRUG_001389,RXCUI_1546408,HAS_RXNORM_CONCEPT,RxNorm,RXN:DRUG_001389:1546408,HIGH_EXACT,HIGH_AUTHORITATIVE,"{""mapping_method"": ""exact_identifier_based"", ""resolution_status"": ""HIGH_EXACT"", ""match_score"": 100.0, ""source_dataset"": ""RxNorm"", ""provenance"": ""rxnorm_drug_enrichment.csv""}"
E_RXN_001315,DRUG_001391,RXCUI_57330,HAS_RXNORM_CONCEPT,RxNorm,RXN:DRUG_001391:57330,HIGH_EXACT,HIGH_AUTHORITATIVE,"{""mapping_method"": ""exact_identifier_based"", ""resolution_status"": ""HIGH_EXACT"", ""match_score"": 100.0, ""source_dataset"": ""RxNorm"", ""provenance"": ""rxnorm_drug_enrichment.csv""}"
E_RXN_001316,DRUG_001392,RXCUI_279950,HAS_RXNORM_CONCEPT,RxNorm,RXN:DRUG_001392:279950,HIGH_EXACT,HIGH_AUTHORITATIVE,"{""mapping_method"": ""exact_identifier_based"", ""resolution_status"": ""HIGH_EXACT"", ""match_score"": 100.0, ""source_dataset"": ""RxNorm"", ""provenance"": ""rxnorm_drug_enrichment.csv""}"
E_RXN_001317,DRUG_001394,RXCUI_33740,HAS_RXNORM_CONCEPT,RxNorm,RXN:DRUG_001394:33740,HIGH_EXACT,HIGH_AUTHORITATIVE,"{""mapping_method"": ""exact_identifier_based"", ""resolution_status"": ""HIGH_EXACT"", ""match_score"": 100.0, ""source_dataset"": ""RxNorm"", ""provenance"": ""rxnorm_drug_enrichment.csv""}"
E_RXN_001318,DRUG_001395,RXCUI_9518,HAS_RXNORM_CONCEPT,RxNorm,RXN:DRUG_001395:9518,HIGH_EXACT,HIGH_AUTHORITATIVE,"{""mapping_method"": ""exact_identifier_based"", ""resolution_status"": ""HIGH_EXACT"", ""match_score"": 100.0, ""source_dataset"": ""RxNorm"", ""provenance"": ""rxnorm_drug_enrichment.csv""}"
E_RXN_001319,DRUG_001397,RXCUI_865,HAS_RXNORM_CONCEPT,RxNorm,RXN:DRUG_001397:865,HIGH_EXACT,HIGH_AUTHORITATIVE,"{""mapping_method"": ""exact_identifier_based"", ""resolution_status"": ""HIGH_EXACT"", ""match_score"": 100.0, ""source_dataset"": ""RxNorm"", ""provenance"": ""rxnorm_drug_enrichment.csv""}"
E_RXN_001320,DRUG_001398,RXCUI_20861,HAS_RXNORM_CONCEPT,RxNorm,RXN:DRUG_001398:20861,HIGH_EXACT,HIGH_AUTHORITATIVE,"{""mapping_method"": ""exact_identifier_based"", ""resolution_status"": ""HIGH_EXACT"", ""match_score"": 100.0, ""source_dataset"": ""RxNorm"", ""provenance"": ""rxnorm_drug_enrichment.csv""}"
E_RXN_001321,DRUG_001399,RXCUI_3449,HAS_RXNORM_CONCEPT,RxNorm,RXN:DRUG_001399:3449,HIGH_EXACT,HIGH_AUTHORITATIVE,"{""mapping_method"": ""exact_identifier_based"", ""resolution_status"": ""HIGH_EXACT"", ""match_score"": 100.0, ""source_dataset"": ""RxNorm"", ""provenance"": ""rxnorm_drug_enrichment.csv""}"
E_RXN_001322,DRUG_001400,RXCUI_28012,HAS_RXNORM_CONCEPT,RxNorm,RXN:DRUG_001400:28012,HIGH_EXACT,HIGH_AUTHORITATIVE,"{""mapping_method"": ""exact_identifier_based"", ""resolution_status"": ""HIGH_EXACT"", ""match_score"": 100.0, ""source_dataset"": ""RxNorm"", ""provenance"": ""rxnorm_drug_enrichment.csv""}"
E_RXN_001323,DRUG_001401,RXCUI_31494,HAS_RXNORM_CONCEPT,RxNorm,RXN:DRUG_001401:31494,HIGH_EXACT,HIGH_AUTHORITATIVE,"{""mapping_method"": ""exact_identifier_based"", ""resolution_status"": ""HIGH_EXACT"", ""match_score"": 100.0, ""source_dataset"": ""RxNorm"", ""provenance"": ""rxnorm_drug_enrichment.csv""}"
E_RXN_001324,DRUG_001402,RXCUI_35803,HAS_RXNORM_CONCEPT,RxNorm,RXN:DRUG_001402:35803,HIGH_EXACT,HIGH_AUTHORITATIVE,"{""mapping_method"": ""exact_identifier_based"", ""resolution_status"": ""HIGH_EXACT"", ""match_score"": 100.0, ""source_dataset"": ""RxNorm"", ""provenance"": ""rxnorm_drug_enrichment.csv""}"
E_RXN_001325,DRUG_001405,RXCUI_38365,HAS_RXNORM_CONCEPT,RxNorm,RXN:DRUG_001405:38365,HIGH_EXACT,HIGH_AUTHORITATIVE,"{""mapping_method"": ""exact_identifier_based"", ""resolution_status"": ""HIGH_EXACT"", ""match_score"": 100.0, ""source_dataset"": ""RxNorm"", ""provenance"": ""rxnorm_drug_enrichment.csv""}"
E_RXN_001326,DRUG_001406,RXCUI_38655,HAS_RXNORM_CONCEPT,RxNorm,RXN:DRUG_001406:38655,HIGH_EXACT,HIGH_AUTHORITATIVE,"{""mapping_method"": ""exact_identifier_based"", ""resolution_status"": ""HIGH_EXACT"", ""match_score"": 100.0, ""source_dataset"": ""RxNorm"", ""provenance"": ""rxnorm_drug_enrichment.csv""}"
E_RXN_001327,DRUG_001407,RXCUI_1040028,HAS_RXNORM_CONCEPT,RxNorm,RXN:DRUG_001407:1040028,HIGH_EXACT,HIGH_AUTHORITATIVE,"{""mapping_method"": ""exact_identifier_based"", ""resolution_status"": ""HIGH_EXACT"", ""match_score"": 100.0, ""source_dataset"": ""RxNorm"", ""provenance"": ""rxnorm_drug_enrichment.csv""}"
E_RXN_001328,DRUG_001408,RXCUI_1116632,HAS_RXNORM_CONCEPT,RxNorm,RXN:DRUG_001408:1116632,HIGH_EXACT,HIGH_AUTHORITATIVE,"{""mapping_method"": ""exact_identifier_based"", ""resolution_status"": ""HIGH_EXACT"", ""match_score"": 100.0, ""source_dataset"": ""RxNorm"", ""provenance"": ""rxnorm_drug_enrichment.csv""}"
E_RXN_001329,DRUG_001409,RXCUI_1244607,HAS_RXNORM_CONCEPT,RxNorm,RXN:DRUG_001409:1244607,HIGH_EXACT,HIGH_AUTHORITATIVE,"{""mapping_method"": ""exact_identifier_based"", ""resolution_status"": ""HIGH_EXACT"", ""match_score"": 100.0, ""source_dataset"": ""RxNorm"", ""provenance"": ""rxnorm_drug_enrichment.csv""}"
E_RXN_001330,DRUG_001410,RXCUI_1243041,HAS_RXNORM_CONCEPT,RxNorm,RXN:DRUG_001410:1243041,HIGH_EXACT,HIGH_AUTHORITATIVE,"{""mapping_method"": ""exact_identifier_based"", ""resolution_status"": ""HIGH_EXACT"", ""match_score"": 100.0, ""source_dataset"": ""RxNorm"", ""provenance"": ""rxnorm_drug_enrichment.csv""}"
E_RXN_001331,DRUG_001411,RXCUI_1091642,HAS_RXNORM_CONCEPT,RxNorm,RXN:DRUG_001411:1091642,HIGH_EXACT,HIGH_AUTHORITATIVE,"{""mapping_method"": ""exact_identifier_based"", ""resolution_status"": ""HIGH_EXACT"", ""match_score"": 100.0, ""source_dataset"": ""RxNorm"", ""provenance"": ""rxnorm_drug_enrichment.csv""}"
E_RXN_001332,DRUG_001412,RXCUI_1426874,HAS_RXNORM_CONCEPT,RxNorm,RXN:DRUG_001412:1426874,HIGH_EXACT,HIGH_AUTHORITATIVE,"{""mapping_method"": ""exact_identifier_based"", ""resolution_status"": ""HIGH_EXACT"", ""match_score"": 100.0, ""source_dataset"": ""RxNorm"", ""provenance"": ""rxnorm_drug_enrichment.csv""}"
E_RXN_001333,DRUG_001413,RXCUI_11645,HAS_RXNORM_CONCEPT,RxNorm,RXN:DRUG_001413:11645,HIGH_EXACT,HIGH_AUTHORITATIVE,"{""mapping_method"": ""exact_identifier_based"", ""resolution_status"": ""HIGH_EXACT"", ""match_score"": 100.0, ""source_dataset"": ""RxNorm"", ""provenance"": ""rxnorm_drug_enrichment.csv""}"
E_RXN_001334,DRUG_001414,RXCUI_1364479,HAS_RXNORM_CONCEPT,RxNorm,RXN:DRUG_001414:1364479,HIGH_EXACT,HIGH_AUTHORITATIVE,"{""mapping_method"": ""exact_identifier_based"", ""resolution_status"": ""HIGH_EXACT"", ""match_score"": 100.0, ""source_dataset"": ""RxNorm"", ""provenance"": ""rxnorm_drug_enrichment.csv""}"
E_RXN_001335,DRUG_001415,RXCUI_1242987,HAS_RXNORM_CONCEPT,RxNorm,RXN:DRUG_001415:1242987,HIGH_EXACT,HIGH_AUTHORITATIVE,"{""mapping_method"": ""exact_identifier_based"", ""resolution_status"": ""HIGH_EXACT"", ""match_score"": 100.0, ""source_dataset"": ""RxNorm"", ""provenance"": ""rxnorm_drug_enrichment.csv""}"
E_RXN_001336,DRUG_001416,RXCUI_861634,HAS_RXNORM_CONCEPT,RxNorm,RXN:DRUG_001416:861634,HIGH_EXACT,HIGH_AUTHORITATIVE,"{""mapping_method"": ""exact_identifier_based"", ""resolution_status"": ""HIGH_EXACT"", ""match_score"": 100.0, ""source_dataset"": ""RxNorm"", ""provenance"": ""rxnorm_drug_enrichment.csv""}"
E_RXN_001337,DRUG_001417,RXCUI_1102270,HAS_RXNORM_CONCEPT,RxNorm,RXN:DRUG_001417:1102270,HIGH_EXACT,HIGH_AUTHORITATIVE,"{""mapping_method"": ""exact_identifier_based"", ""resolution_status"": ""HIGH_EXACT"", ""match_score"": 100.0, ""source_dataset"": ""RxNorm"", ""provenance"": ""rxnorm_drug_enrichment.csv""}"
E_RXN_001338,DRUG_001418,RXCUI_1148495,HAS_RXNORM_CONCEPT,RxNorm,RXN:DRUG_001418:1148495,HIGH_EXACT,HIGH_AUTHORITATIVE,"{""mapping_method"": ""exact_identifier_based"", ""resolution_status"": ""HIGH_EXACT"", ""match_score"": 100.0, ""source_dataset"": ""RxNorm"", ""provenance"": ""rxnorm_drug_enrichment.csv""}"
E_RXN_001339,DRUG_001419,RXCUI_1005921,HAS_RXNORM_CONCEPT,RxNorm,RXN:DRUG_001419:1005921,HIGH_EXACT,HIGH_AUTHORITATIVE,"{""mapping_method"": ""exact_identifier_based"", ""resolution_status"": ""HIGH_EXACT"", ""match_score"": 100.0, ""source_dataset"": ""RxNorm"", ""provenance"": ""rxnorm_drug_enrichment.csv""}"
E_RXN_001340,DRUG_001420,RXCUI_1012892,HAS_RXNORM_CONCEPT,RxNorm,RXN:DRUG_001420:1012892,HIGH_EXACT,HIGH_AUTHORITATIVE,"{""mapping_method"": ""exact_identifier_based"", ""resolution_status"": ""HIGH_EXACT"", ""match_score"": 100.0, ""source_dataset"": ""RxNorm"", ""provenance"": ""rxnorm_drug_enrichment.csv""}"
E_RXN_001341,DRUG_001421,RXCUI_1044584,HAS_RXNORM_CONCEPT,RxNorm,RXN:DRUG_001421:1044584,HIGH_EXACT,HIGH_AUTHORITATIVE,"{""mapping_method"": ""exact_identifier_based"", ""resolution_status"": ""HIGH_EXACT"", ""match_score"": 100.0, ""source_dataset"": ""RxNorm"", ""provenance"": ""rxnorm_drug_enrichment.csv""}"
E_RXN_001342,DRUG_001422,RXCUI_1045453,HAS_RXNORM_CONCEPT,RxNorm,RXN:DRUG_001422:1045453,HIGH_EXACT,HIGH_AUTHORITATIVE,"{""mapping_method"": ""exact_identifier_based"", ""resolution_status"": ""HIGH_EXACT"", ""match_score"": 100.0, ""source_dataset"": ""RxNorm"", ""provenance"": ""rxnorm_drug_enrichment.csv""}"
E_RXN_001343,DRUG_001423,RXCUI_1101333,HAS_RXNORM_CONCEPT,RxNorm,RXN:DRUG_001423:1101333,HIGH_EXACT,HIGH_AUTHORITATIVE,"{""mapping_method"": ""exact_identifier_based"", ""resolution_status"": ""HIGH_EXACT"", ""match_score"": 100.0, ""source_dataset"": ""RxNorm"", ""provenance"": ""rxnorm_drug_enrichment.csv""}"
E_RXN_001344,DRUG_001424,RXCUI_1102129,HAS_RXNORM_CONCEPT,RxNorm,RXN:DRUG_001424:1102129,HIGH_EXACT,HIGH_AUTHORITATIVE,"{""mapping_method"": ""exact_identifier_based"", ""resolution_status"": ""HIGH_EXACT"", ""match_score"": 100.0, ""source_dataset"": ""RxNorm"", ""provenance"": ""rxnorm_drug_enrichment.csv""}"
E_RXN_001345,DRUG_001425,RXCUI_1111103,HAS_RXNORM_CONCEPT,RxNorm,RXN:DRUG_001425:1111103,HIGH_EXACT,HIGH_AUTHORITATIVE,"{""mapping_method"": ""exact_identifier_based"", ""resolution_status"": ""HIGH_EXACT"", ""match_score"": 100.0, ""source_dataset"": ""RxNorm"", ""provenance"": ""rxnorm_drug_enrichment.csv""}"
E_RXN_001346,DRUG_001426,RXCUI_1363268,HAS_RXNORM_CONCEPT,RxNorm,RXN:DRUG_001426:1363268,HIGH_EXACT,HIGH_AUTHORITATIVE,"{""mapping_method"": ""exact_identifier_based"", ""resolution_status"": ""HIGH_EXACT"", ""match_score"": 100.0, ""source_dataset"": ""RxNorm"", ""provenance"": ""rxnorm_drug_enrichment.csv""}"
E_RXN_001347,DRUG_001427,RXCUI_1193326,HAS_RXNORM_CONCEPT,RxNorm,RXN:DRUG_001427:1193326,HIGH_EXACT,HIGH_AUTHORITATIVE,"{""mapping_method"": ""exact_identifier_based"", ""resolution_status"": ""HIGH_EXACT"", ""match_score"": 100.0, ""source_dataset"": ""RxNorm"", ""provenance"": ""rxnorm_drug_enrichment.csv""}"
E_RXN_001348,DRUG_001428,RXCUI_1310520,HAS_RXNORM_CONCEPT,RxNorm,RXN:DRUG_001428:1310520,HIGH_EXACT,HIGH_AUTHORITATIVE,"{""mapping_method"": ""exact_identifier_based"", ""resolution_status"": ""HIGH_EXACT"", ""match_score"": 100.0, ""source_dataset"": ""RxNorm"", ""provenance"": ""rxnorm_drug_enrichment.csv""}"
E_RXN_001349,DRUG_001429,RXCUI_1147220,HAS_RXNORM_CONCEPT,RxNorm,RXN:DRUG_001429:1147220,HIGH_EXACT,HIGH_AUTHORITATIVE,"{""mapping_method"": ""exact_identifier_based"", ""resolution_status"": ""HIGH_EXACT"", ""match_score"": 100.0, ""source_dataset"": ""RxNorm"", ""provenance"": ""rxnorm_drug_enrichment.csv""}"
E_RXN_001350,DRUG_001430,RXCUI_1100699,HAS_RXNORM_CONCEPT,RxNorm,RXN:DRUG_001430:1100699,HIGH_EXACT,HIGH_AUTHORITATIVE,"{""mapping_method"": ""exact_identifier_based"", ""resolution_status"": ""HIGH_EXACT"", ""match_score"": 100.0, ""source_dataset"": ""RxNorm"", ""provenance"": ""rxnorm_drug_enrichment.csv""}"
E_RXN_001351,DRUG_001431,RXCUI_1356552,HAS_RXNORM_CONCEPT,RxNorm,RXN:DRUG_001431:1356552,HIGH_EXACT,HIGH_AUTHORITATIVE,"{""mapping_method"": ""exact_identifier_based"", ""resolution_status"": ""HIGH_EXACT"", ""match_score"": 100.0, ""source_dataset"": ""RxNorm"", ""provenance"": ""rxnorm_drug_enrichment.csv""}"
E_RXN_001352,DRUG_001432,RXCUI_802624,HAS_RXNORM_CONCEPT,RxNorm,RXN:DRUG_001432:802624,HIGH_EXACT,HIGH_AUTHORITATIVE,"{""mapping_method"": ""exact_identifier_based"", ""resolution_status"": ""HIGH_EXACT"", ""match_score"": 100.0, ""source_dataset"": ""RxNorm"", ""provenance"": ""rxnorm_drug_enrichment.csv""}"
E_RXN_001353,DRUG_001433,RXCUI_1304974,HAS_RXNORM_CONCEPT,RxNorm,RXN:DRUG_001433:1304974,HIGH_EXACT,HIGH_AUTHORITATIVE,"{""mapping_method"": ""exact_identifier_based"", ""resolution_status"": ""HIGH_EXACT"", ""match_score"": 100.0, ""source_dataset"": ""RxNorm"", ""provenance"": ""rxnorm_drug_enrichment.csv""}"
E_RXN_001354,DRUG_001434,RXCUI_1302966,HAS_RXNORM_CONCEPT,RxNorm,RXN:DRUG_001434:1302966,HIGH_EXACT,HIGH_AUTHORITATIVE,"{""mapping_method"": ""exact_identifier_based"", ""resolution_status"": ""HIGH_EXACT"", ""match_score"": 100.0, ""source_dataset"": ""RxNorm"", ""provenance"": ""rxnorm_drug_enrichment.csv""}"
E_RXN_001355,DRUG_001435,RXCUI_1300786,HAS_RXNORM_CONCEPT,RxNorm,RXN:DRUG_001435:1300786,HIGH_EXACT,HIGH_AUTHORITATIVE,"{""mapping_method"": ""exact_identifier_based"", ""resolution_status"": ""HIGH_EXACT"", ""match_score"": 100.0, ""source_dataset"": ""RxNorm"", ""provenance"": ""rxnorm_drug_enrichment.csv""}"
E_RXN_001356,DRUG_001436,RXCUI_1357536,HAS_RXNORM_CONCEPT,RxNorm,RXN:DRUG_001436:1357536,HIGH_EXACT,HIGH_AUTHORITATIVE,"{""mapping_method"": ""exact_identifier_based"", ""resolution_status"": ""HIGH_EXACT"", ""match_score"": 100.0, ""source_dataset"": ""RxNorm"", ""provenance"": ""rxnorm_drug_enrichment.csv""}"
E_RXN_001357,DRUG_001437,RXCUI_1312397,HAS_RXNORM_CONCEPT,RxNorm,RXN:DRUG_001437:1312397,HIGH_EXACT,HIGH_AUTHORITATIVE,"{""mapping_method"": ""exact_identifier_based"", ""resolution_status"": ""HIGH_EXACT"", ""match_score"": 100.0, ""source_dataset"": ""RxNorm"", ""provenance"": ""rxnorm_drug_enrichment.csv""}"
E_RXN_001358,DRUG_001438,RXCUI_1303098,HAS_RXNORM_CONCEPT,RxNorm,RXN:DRUG_001438:1303098,HIGH_EXACT,HIGH_AUTHORITATIVE,"{""mapping_method"": ""exact_identifier_based"", ""resolution_status"": ""HIGH_EXACT"", ""match_score"": 100.0, ""source_dataset"": ""RxNorm"", ""provenance"": ""rxnorm_drug_enrichment.csv""}"
E_RXN_001359,DRUG_001439,RXCUI_1307298,HAS_RXNORM_CONCEPT,RxNorm,RXN:DRUG_001439:1307298,HIGH_EXACT,HIGH_AUTHORITATIVE,"{""mapping_method"": ""exact_identifier_based"", ""resolution_status"": ""HIGH_EXACT"", ""match_score"": 100.0, ""source_dataset"": ""RxNorm"", ""provenance"": ""rxnorm_drug_enrichment.csv""}"
E_RXN_001360,DRUG_001440,RXCUI_1364347,HAS_RXNORM_CONCEPT,RxNorm,RXN:DRUG_001440:1364347,HIGH_EXACT,HIGH_AUTHORITATIVE,"{""mapping_method"": ""exact_identifier_based"", ""resolution_status"": ""HIGH_EXACT"", ""match_score"": 100.0, ""source_dataset"": ""RxNorm"", ""provenance"": ""rxnorm_drug_enrichment.csv""}"
E_RXN_001361,DRUG_001441,RXCUI_1364504,HAS_RXNORM_CONCEPT,RxNorm,RXN:DRUG_001441:1364504,HIGH_EXACT,HIGH_AUTHORITATIVE,"{""mapping_method"": ""exact_identifier_based"", ""resolution_status"": ""HIGH_EXACT"", ""match_score"": 100.0, ""source_dataset"": ""RxNorm"", ""provenance"": ""rxnorm_drug_enrichment.csv""}"
E_RXN_001362,DRUG_001442,RXCUI_15070,HAS_RXNORM_CONCEPT,RxNorm,RXN:DRUG_001442:15070,HIGH_EXACT,HIGH_AUTHORITATIVE,"{""mapping_method"": ""exact_identifier_based"", ""resolution_status"": ""HIGH_EXACT"", ""match_score"": 100.0, ""source_dataset"": ""RxNorm"", ""provenance"": ""rxnorm_drug_enrichment.csv""}"
E_RXN_001363,DRUG_001443,RXCUI_705022,HAS_RXNORM_CONCEPT,RxNorm,RXN:DRUG_001443:705022,HIGH_EXACT,HIGH_AUTHORITATIVE,"{""mapping_method"": ""exact_identifier_based"", ""resolution_status"": ""HIGH_EXACT"", ""match_score"": 100.0, ""source_dataset"": ""RxNorm"", ""provenance"": ""rxnorm_drug_enrichment.csv""}"
E_RXN_001364,DRUG_001444,RXCUI_1373458,HAS_RXNORM_CONCEPT,RxNorm,RXN:DRUG_001444:1373458,HIGH_EXACT,HIGH_AUTHORITATIVE,"{""mapping_method"": ""exact_identifier_based"", ""resolution_status"": ""HIGH_EXACT"", ""match_score"": 100.0, ""source_dataset"": ""RxNorm"", ""provenance"": ""rxnorm_drug_enrichment.csv""}"
E_RXN_001365,DRUG_001445,RXCUI_1373478,HAS_RXNORM_CONCEPT,RxNorm,RXN:DRUG_001445:1373478,HIGH_EXACT,HIGH_AUTHORITATIVE,"{""mapping_method"": ""exact_identifier_based"", ""resolution_status"": ""HIGH_EXACT"", ""match_score"": 100.0, ""source_dataset"": ""RxNorm"", ""provenance"": ""rxnorm_drug_enrichment.csv""}"
E_RXN_001366,DRUG_001446,RXCUI_1368451,HAS_RXNORM_CONCEPT,RxNorm,RXN:DRUG_001446:1368451,HIGH_EXACT,HIGH_AUTHORITATIVE,"{""mapping_method"": ""exact_identifier_based"", ""resolution_status"": ""HIGH_EXACT"", ""match_score"": 100.0, ""source_dataset"": ""RxNorm"", ""provenance"": ""rxnorm_drug_enrichment.csv""}"
E_RXN_001367,DRUG_001447,RXCUI_1369713,HAS_RXNORM_CONCEPT,RxNorm,RXN:DRUG_001447:1369713,HIGH_EXACT,HIGH_AUTHORITATIVE,"{""mapping_method"": ""exact_identifier_based"", ""resolution_status"": ""HIGH_EXACT"", ""match_score"": 100.0, ""source_dataset"": ""RxNorm"", ""provenance"": ""rxnorm_drug_enrichment.csv""}"
E_RXN_001368,DRUG_001448,RXCUI_1425099,HAS_RXNORM_CONCEPT,RxNorm,RXN:DRUG_001448:1425099,HIGH_EXACT,HIGH_AUTHORITATIVE,"{""mapping_method"": ""exact_identifier_based"", ""resolution_status"": ""HIGH_EXACT"", ""match_score"": 100.0, ""source_dataset"": ""RxNorm"", ""provenance"": ""rxnorm_drug_enrichment.csv""}"
E_RXN_001369,DRUG_001449,RXCUI_1424911,HAS_RXNORM_CONCEPT,RxNorm,RXN:DRUG_001449:1424911,HIGH_EXACT,HIGH_AUTHORITATIVE,"{""mapping_method"": ""exact_identifier_based"", ""resolution_status"": ""HIGH_EXACT"", ""match_score"": 100.0, ""source_dataset"": ""RxNorm"", ""provenance"": ""rxnorm_drug_enrichment.csv""}"
E_RXN_001370,DRUG_001450,RXCUI_1424174,HAS_RXNORM_CONCEPT,RxNorm,RXN:DRUG_001450:1424174,HIGH_EXACT,HIGH_AUTHORITATIVE,"{""mapping_method"": ""exact_identifier_based"", ""resolution_status"": ""HIGH_EXACT"", ""match_score"": 100.0, ""source_dataset"": ""RxNorm"", ""provenance"": ""rxnorm_drug_enrichment.csv""}"
E_RXN_001371,DRUG_001451,RXCUI_1430438,HAS_RXNORM_CONCEPT,RxNorm,RXN:DRUG_001451:1430438,HIGH_EXACT,HIGH_AUTHORITATIVE,"{""mapping_method"": ""exact_identifier_based"", ""resolution_status"": ""HIGH_EXACT"", ""match_score"": 100.0, ""source_dataset"": ""RxNorm"", ""provenance"": ""rxnorm_drug_enrichment.csv""}"
E_RXN_001372,DRUG_001452,RXCUI_1433212,HAS_RXNORM_CONCEPT,RxNorm,RXN:DRUG_001452:1433212,HIGH_EXACT,HIGH_AUTHORITATIVE,"{""mapping_method"": ""exact_identifier_based"", ""resolution_status"": ""HIGH_EXACT"", ""match_score"": 100.0, ""source_dataset"": ""RxNorm"", ""provenance"": ""rxnorm_drug_enrichment.csv""}"
E_RXN_001373,DRUG_001454,RXCUI_1433868,HAS_RXNORM_CONCEPT,RxNorm,RXN:DRUG_001454:1433868,HIGH_EXACT,HIGH_AUTHORITATIVE,"{""mapping_method"": ""exact_identifier_based"", ""resolution_status"": ""HIGH_EXACT"", ""match_score"": 100.0, ""source_dataset"": ""RxNorm"", ""provenance"": ""rxnorm_drug_enrichment.csv""}"
E_RXN_001374,DRUG_001455,RXCUI_1439816,HAS_RXNORM_CONCEPT,RxNorm,RXN:DRUG_001455:1439816,HIGH_EXACT,HIGH_AUTHORITATIVE,"{""mapping_method"": ""exact_identifier_based"", ""resolution_status"": ""HIGH_EXACT"", ""match_score"": 100.0, ""source_dataset"": ""RxNorm"", ""provenance"": ""rxnorm_drug_enrichment.csv""}"
E_RXN_001375,DRUG_001456,RXCUI_1442132,HAS_RXNORM_CONCEPT,RxNorm,RXN:DRUG_001456:1442132,HIGH_EXACT,HIGH_AUTHORITATIVE,"{""mapping_method"": ""exact_identifier_based"", ""resolution_status"": ""HIGH_EXACT"", ""match_score"": 100.0, ""source_dataset"": ""RxNorm"", ""provenance"": ""rxnorm_drug_enrichment.csv""}"
E_RXN_001376,DRUG_001457,RXCUI_1482680,HAS_RXNORM_CONCEPT,RxNorm,RXN:DRUG_001457:1482680,HIGH_EXACT,HIGH_AUTHORITATIVE,"{""mapping_method"": ""exact_identifier_based"", ""resolution_status"": ""HIGH_EXACT"", ""match_score"": 100.0, ""source_dataset"": ""RxNorm"", ""provenance"": ""rxnorm_drug_enrichment.csv""}"
E_RXN_001377,DRUG_001458,RXCUI_1484911,HAS_RXNORM_CONCEPT,RxNorm,RXN:DRUG_001458:1484911,HIGH_EXACT,HIGH_AUTHORITATIVE,"{""mapping_method"": ""exact_identifier_based"", ""resolution_status"": ""HIGH_EXACT"", ""match_score"": 100.0, ""source_dataset"": ""RxNorm"", ""provenance"": ""rxnorm_drug_enrichment.csv""}"
E_RXN_001378,DRUG_001459,RXCUI_29151,HAS_RXNORM_CONCEPT,RxNorm,RXN:DRUG_001459:29151,HIGH_EXACT,HIGH_AUTHORITATIVE,"{""mapping_method"": ""exact_identifier_based"", ""resolution_status"": ""HIGH_EXACT"", ""match_score"": 100.0, ""source_dataset"": ""RxNorm"", ""provenance"": ""rxnorm_drug_enrichment.csv""}"
E_RXN_001379,DRUG_001460,RXCUI_6066,HAS_RXNORM_CONCEPT,RxNorm,RXN:DRUG_001460:6066,HIGH_EXACT,HIGH_AUTHORITATIVE,"{""mapping_method"": ""exact_identifier_based"", ""resolution_status"": ""HIGH_EXACT"", ""match_score"": 100.0, ""source_dataset"": ""RxNorm"", ""provenance"": ""rxnorm_drug_enrichment.csv""}"
E_RXN_001380,DRUG_001461,RXCUI_27901,HAS_RXNORM_CONCEPT,RxNorm,RXN:DRUG_001461:27901,HIGH_EXACT,HIGH_AUTHORITATIVE,"{""mapping_method"": ""exact_identifier_based"", ""resolution_status"": ""HIGH_EXACT"", ""match_score"": 100.0, ""source_dataset"": ""RxNorm"", ""provenance"": ""rxnorm_drug_enrichment.csv""}"
E_RXN_001381,DRUG_001462,RXCUI_5966,HAS_RXNORM_CONCEPT,RxNorm,RXN:DRUG_001462:5966,HIGH_EXACT,HIGH_AUTHORITATIVE,"{""mapping_method"": ""exact_identifier_based"", ""resolution_status"": ""HIGH_EXACT"", ""match_score"": 100.0, ""source_dataset"": ""RxNorm"", ""provenance"": ""rxnorm_drug_enrichment.csv""}"
E_RXN_001382,DRUG_001463,RXCUI_27403,HAS_RXNORM_CONCEPT,RxNorm,RXN:DRUG_001463:27403,HIGH_EXACT,HIGH_AUTHORITATIVE,"{""mapping_method"": ""exact_identifier_based"", ""resolution_status"": ""HIGH_EXACT"", ""match_score"": 100.0, ""source_dataset"": ""RxNorm"", ""provenance"": ""rxnorm_drug_enrichment.csv""}"
E_RXN_001383,DRUG_001464,RXCUI_5307,HAS_RXNORM_CONCEPT,RxNorm,RXN:DRUG_001464:5307,HIGH_EXACT,HIGH_AUTHORITATIVE,"{""mapping_method"": ""exact_identifier_based"", ""resolution_status"": ""HIGH_EXACT"", ""match_score"": 100.0, ""source_dataset"": ""RxNorm"", ""provenance"": ""rxnorm_drug_enrichment.csv""}"
E_RXN_001384,DRUG_001465,RXCUI_5301,HAS_RXNORM_CONCEPT,RxNorm,RXN:DRUG_001465:5301,HIGH_EXACT,HIGH_AUTHORITATIVE,"{""mapping_method"": ""exact_identifier_based"", ""resolution_status"": ""HIGH_EXACT"", ""match_score"": 100.0, ""source_dataset"": ""RxNorm"", ""provenance"": ""rxnorm_drug_enrichment.csv""}"
E_RXN_001385,DRUG_001466,RXCUI_12449,HAS_RXNORM_CONCEPT,RxNorm,RXN:DRUG_001466:12449,HIGH_EXACT,HIGH_AUTHORITATIVE,"{""mapping_method"": ""exact_identifier_based"", ""resolution_status"": ""HIGH_EXACT"", ""match_score"": 100.0, ""source_dataset"": ""RxNorm"", ""provenance"": ""rxnorm_drug_enrichment.csv""}"
E_RXN_001386,DRUG_001467,RXCUI_25437,HAS_RXNORM_CONCEPT,RxNorm,RXN:DRUG_001467:25437,HIGH_EXACT,HIGH_AUTHORITATIVE,"{""mapping_method"": ""exact_identifier_based"", ""resolution_status"": ""HIGH_EXACT"", ""match_score"": 100.0, ""source_dataset"": ""RxNorm"", ""provenance"": ""rxnorm_drug_enrichment.csv""}"
E_RXN_001387,DRUG_001468,RXCUI_50138,HAS_RXNORM_CONCEPT,RxNorm,RXN:DRUG_001468:50138,HIGH_EXACT,HIGH_AUTHORITATIVE,"{""mapping_method"": ""exact_identifier_based"", ""resolution_status"": ""HIGH_EXACT"", ""match_score"": 100.0, ""source_dataset"": ""RxNorm"", ""provenance"": ""rxnorm_drug_enrichment.csv""}"
E_RXN_001388,DRUG_001470,RXCUI_4463,HAS_RXNORM_CONCEPT,RxNorm,RXN:DRUG_001470:4463,HIGH_EXACT,HIGH_AUTHORITATIVE,"{""mapping_method"": ""exact_identifier_based"", ""resolution_status"": ""HIGH_EXACT"", ""match_score"": 100.0, ""source_dataset"": ""RxNorm"", ""provenance"": ""rxnorm_drug_enrichment.csv""}"
E_RXN_001389,DRUG_001471,RXCUI_25096,HAS_RXNORM_CONCEPT,RxNorm,RXN:DRUG_001471:25096,HIGH_EXACT,HIGH_AUTHORITATIVE,"{""mapping_method"": ""exact_identifier_based"", ""resolution_status"": ""HIGH_EXACT"", ""match_score"": 100.0, ""source_dataset"": ""RxNorm"", ""provenance"": ""rxnorm_drug_enrichment.csv""}"
E_RXN_001390,DRUG_001472,RXCUI_4444,HAS_RXNORM_CONCEPT,RxNorm,RXN:DRUG_001472:4444,HIGH_EXACT,HIGH_AUTHORITATIVE,"{""mapping_method"": ""exact_identifier_based"", ""resolution_status"": ""HIGH_EXACT"", ""match_score"": 100.0, ""source_dataset"": ""RxNorm"", ""provenance"": ""rxnorm_drug_enrichment.csv""}"
E_RXN_001391,DRUG_001473,RXCUI_24830,HAS_RXNORM_CONCEPT,RxNorm,RXN:DRUG_001473:24830,HIGH_EXACT,HIGH_AUTHORITATIVE,"{""mapping_method"": ""exact_identifier_based"", ""resolution_status"": ""HIGH_EXACT"", ""match_score"": 100.0, ""source_dataset"": ""RxNorm"", ""provenance"": ""rxnorm_drug_enrichment.csv""}"
E_RXN_001392,DRUG_001475,RXCUI_24608,HAS_RXNORM_CONCEPT,RxNorm,RXN:DRUG_001475:24608,HIGH_EXACT,HIGH_AUTHORITATIVE,"{""mapping_method"": ""exact_identifier_based"", ""resolution_status"": ""HIGH_EXACT"", ""match_score"": 100.0, ""source_dataset"": ""RxNorm"", ""provenance"": ""rxnorm_drug_enrichment.csv""}"
E_RXN_001393,DRUG_001476,RXCUI_4171,HAS_RXNORM_CONCEPT,RxNorm,RXN:DRUG_001476:4171,HIGH_EXACT,HIGH_AUTHORITATIVE,"{""mapping_method"": ""exact_identifier_based"", ""resolution_status"": ""HIGH_EXACT"", ""match_score"": 100.0, ""source_dataset"": ""RxNorm"", ""provenance"": ""rxnorm_drug_enrichment.csv""}"
E_RXN_001394,DRUG_001483,RXCUI_2233,HAS_RXNORM_CONCEPT,RxNorm,RXN:DRUG_001483:2233,HIGH_EXACT,HIGH_AUTHORITATIVE,"{""mapping_method"": ""exact_identifier_based"", ""resolution_status"": ""HIGH_EXACT"", ""match_score"": 100.0, ""source_dataset"": ""RxNorm"", ""provenance"": ""rxnorm_drug_enrichment.csv""}"
E_RXN_001395,DRUG_001484,RXCUI_592464,HAS_RXNORM_CONCEPT,RxNorm,RXN:DRUG_001484:592464,HIGH_EXACT,HIGH_AUTHORITATIVE,"{""mapping_method"": ""exact_identifier_based"", ""resolution_status"": ""HIGH_EXACT"", ""match_score"": 100.0, ""source_dataset"": ""RxNorm"", ""provenance"": ""rxnorm_drug_enrichment.csv""}"
E_RXN_001396,DRUG_001486,RXCUI_618970,HAS_RXNORM_CONCEPT,RxNorm,RXN:DRUG_001486:618970,HIGH_EXACT,HIGH_AUTHORITATIVE,"{""mapping_method"": ""exact_identifier_based"", ""resolution_status"": ""HIGH_EXACT"", ""match_score"": 100.0, ""source_dataset"": ""RxNorm"", ""provenance"": ""rxnorm_drug_enrichment.csv""}"
E_RXN_001397,DRUG_001487,RXCUI_19790,HAS_RXNORM_CONCEPT,RxNorm,RXN:DRUG_001487:19790,HIGH_EXACT,HIGH_AUTHORITATIVE,"{""mapping_method"": ""exact_identifier_based"", ""resolution_status"": ""HIGH_EXACT"", ""match_score"": 100.0, ""source_dataset"": ""RxNorm"", ""provenance"": ""rxnorm_drug_enrichment.csv""}"
E_RXN_001398,DRUG_001488,RXCUI_19768,HAS_RXNORM_CONCEPT,RxNorm,RXN:DRUG_001488:19768,HIGH_EXACT,HIGH_AUTHORITATIVE,"{""mapping_method"": ""exact_identifier_based"", ""resolution_status"": ""HIGH_EXACT"", ""match_score"": 100.0, ""source_dataset"": ""RxNorm"", ""provenance"": ""rxnorm_drug_enrichment.csv""}"
E_RXN_001399,DRUG_001489,RXCUI_1596,HAS_RXNORM_CONCEPT,RxNorm,RXN:DRUG_001489:1596,HIGH_EXACT,HIGH_AUTHORITATIVE,"{""mapping_method"": ""exact_identifier_based"", ""resolution_status"": ""HIGH_EXACT"", ""match_score"": 100.0, ""source_dataset"": ""RxNorm"", ""provenance"": ""rxnorm_drug_enrichment.csv""}"
E_RXN_001400,DRUG_001491,RXCUI_325646,HAS_RXNORM_CONCEPT,RxNorm,RXN:DRUG_001491:325646,HIGH_EXACT,HIGH_AUTHORITATIVE,"{""mapping_method"": ""exact_identifier_based"", ""resolution_status"": ""HIGH_EXACT"", ""match_score"": 100.0, ""source_dataset"": ""RxNorm"", ""provenance"": ""rxnorm_drug_enrichment.csv""}"
E_RXN_001401,DRUG_001492,RXCUI_1591922,HAS_RXNORM_CONCEPT,RxNorm,RXN:DRUG_001492:1591922,HIGH_EXACT,HIGH_AUTHORITATIVE,"{""mapping_method"": ""exact_identifier_based"", ""resolution_status"": ""HIGH_EXACT"", ""match_score"": 100.0, ""source_dataset"": ""RxNorm"", ""provenance"": ""rxnorm_drug_enrichment.csv""}"
E_RXN_001402,DRUG_001493,RXCUI_1537034,HAS_RXNORM_CONCEPT,RxNorm,RXN:DRUG_001493:1537034,HIGH_EXACT,HIGH_AUTHORITATIVE,"{""mapping_method"": ""exact_identifier_based"", ""resolution_status"": ""HIGH_EXACT"", ""match_score"": 100.0, ""source_dataset"": ""RxNorm"", ""provenance"": ""rxnorm_drug_enrichment.csv""}"
E_RXN_001403,DRUG_001494,RXCUI_1494066,HAS_RXNORM_CONCEPT,RxNorm,RXN:DRUG_001494:1494066,HIGH_EXACT,HIGH_AUTHORITATIVE,"{""mapping_method"": ""exact_identifier_based"", ""resolution_status"": ""HIGH_EXACT"", ""match_score"": 100.0, ""source_dataset"": ""RxNorm"", ""provenance"": ""rxnorm_drug_enrichment.csv""}"
E_RXN_001404,DRUG_001495,RXCUI_1547099,HAS_RXNORM_CONCEPT,RxNorm,RXN:DRUG_001495:1547099,HIGH_EXACT,HIGH_AUTHORITATIVE,"{""mapping_method"": ""exact_identifier_based"", ""resolution_status"": ""HIGH_EXACT"", ""match_score"": 100.0, ""source_dataset"": ""RxNorm"", ""provenance"": ""rxnorm_drug_enrichment.csv""}"
E_RXN_001405,DRUG_001496,RXCUI_1545653,HAS_RXNORM_CONCEPT,RxNorm,RXN:DRUG_001496:1545653,HIGH_EXACT,HIGH_AUTHORITATIVE,"{""mapping_method"": ""exact_identifier_based"", ""resolution_status"": ""HIGH_EXACT"", ""match_score"": 100.0, ""source_dataset"": ""RxNorm"", ""provenance"": ""rxnorm_drug_enrichment.csv""}"
E_RXN_001406,DRUG_001497,RXCUI_1547220,HAS_RXNORM_CONCEPT,RxNorm,RXN:DRUG_001497:1547220,HIGH_EXACT,HIGH_AUTHORITATIVE,"{""mapping_method"": ""exact_identifier_based"", ""resolution_status"": ""HIGH_EXACT"", ""match_score"": 100.0, ""source_dataset"": ""RxNorm"", ""provenance"": ""rxnorm_drug_enrichment.csv""}"
E_RXN_001407,DRUG_001498,RXCUI_1539753,HAS_RXNORM_CONCEPT,RxNorm,RXN:DRUG_001498:1539753,HIGH_EXACT,HIGH_AUTHORITATIVE,"{""mapping_method"": ""exact_identifier_based"", ""resolution_status"": ""HIGH_EXACT"", ""match_score"": 100.0, ""source_dataset"": ""RxNorm"", ""provenance"": ""rxnorm_drug_enrichment.csv""}"
E_RXN_001408,DRUG_001499,RXCUI_1543173,HAS_RXNORM_CONCEPT,RxNorm,RXN:DRUG_001499:1543173,HIGH_EXACT,HIGH_AUTHORITATIVE,"{""mapping_method"": ""exact_identifier_based"", ""resolution_status"": ""HIGH_EXACT"", ""match_score"": 100.0, ""source_dataset"": ""RxNorm"", ""provenance"": ""rxnorm_drug_enrichment.csv""}"
E_RXN_001409,DRUG_001500,RXCUI_1540824,HAS_RXNORM_CONCEPT,RxNorm,RXN:DRUG_001500:1540824,HIGH_EXACT,HIGH_AUTHORITATIVE,"{""mapping_method"": ""exact_identifier_based"", ""resolution_status"": ""HIGH_EXACT"", ""match_score"": 100.0, ""source_dataset"": ""RxNorm"", ""provenance"": ""rxnorm_drug_enrichment.csv""}"
E_RXN_001410,DRUG_001501,RXCUI_1598641,HAS_RXNORM_CONCEPT,RxNorm,RXN:DRUG_001501:1598641,HIGH_EXACT,HIGH_AUTHORITATIVE,"{""mapping_method"": ""exact_identifier_based"", ""resolution_status"": ""HIGH_EXACT"", ""match_score"": 100.0, ""source_dataset"": ""RxNorm"", ""provenance"": ""rxnorm_drug_enrichment.csv""}"
E_RXN_001411,DRUG_001502,RXCUI_1552337,HAS_RXNORM_CONCEPT,RxNorm,RXN:DRUG_001502:1552337,HIGH_EXACT,HIGH_AUTHORITATIVE,"{""mapping_method"": ""exact_identifier_based"", ""resolution_status"": ""HIGH_EXACT"", ""match_score"": 100.0, ""source_dataset"": ""RxNorm"", ""provenance"": ""rxnorm_drug_enrichment.csv""}"
E_RXN_001412,DRUG_001503,RXCUI_1551777,HAS_RXNORM_CONCEPT,RxNorm,RXN:DRUG_001503:1551777,HIGH_EXACT,HIGH_AUTHORITATIVE,"{""mapping_method"": ""exact_identifier_based"", ""resolution_status"": ""HIGH_EXACT"", ""match_score"": 100.0, ""source_dataset"": ""RxNorm"", ""provenance"": ""rxnorm_drug_enrichment.csv""}"
E_RXN_001413,DRUG_001504,RXCUI_1442981,HAS_RXNORM_CONCEPT,RxNorm,RXN:DRUG_001504:1442981,HIGH_EXACT,HIGH_AUTHORITATIVE,"{""mapping_method"": ""exact_identifier_based"", ""resolution_status"": ""HIGH_EXACT"", ""match_score"": 100.0, ""source_dataset"": ""RxNorm"", ""provenance"": ""rxnorm_drug_enrichment.csv""}"
E_RXN_001414,DRUG_001505,RXCUI_1544460,HAS_RXNORM_CONCEPT,RxNorm,RXN:DRUG_001505:1544460,HIGH_EXACT,HIGH_AUTHORITATIVE,"{""mapping_method"": ""exact_identifier_based"", ""resolution_status"": ""HIGH_EXACT"", ""match_score"": 100.0, ""source_dataset"": ""RxNorm"", ""provenance"": ""rxnorm_drug_enrichment.csv""}"
E_RXN_001415,DRUG_001506,RXCUI_16817,HAS_RXNORM_CONCEPT,RxNorm,RXN:DRUG_001506:16817,HIGH_EXACT,HIGH_AUTHORITATIVE,"{""mapping_method"": ""exact_identifier_based"", ""resolution_status"": ""HIGH_EXACT"", ""match_score"": 100.0, ""source_dataset"": ""RxNorm"", ""provenance"": ""rxnorm_drug_enrichment.csv""}"
E_RXN_001416,DRUG_001507,RXCUI_1603834,HAS_RXNORM_CONCEPT,RxNorm,RXN:DRUG_001507:1603834,HIGH_EXACT,HIGH_AUTHORITATIVE,"{""mapping_method"": ""exact_identifier_based"", ""resolution_status"": ""HIGH_EXACT"", ""match_score"": 100.0, ""source_dataset"": ""RxNorm"", ""provenance"": ""rxnorm_drug_enrichment.csv""}"
E_RXN_001417,DRUG_001508,RXCUI_2045371,HAS_RXNORM_CONCEPT,RxNorm,RXN:DRUG_001508:2045371,HIGH_EXACT,HIGH_AUTHORITATIVE,"{""mapping_method"": ""exact_identifier_based"", ""resolution_status"": ""HIGH_EXACT"", ""match_score"": 100.0, ""source_dataset"": ""RxNorm"", ""provenance"": ""rxnorm_drug_enrichment.csv""}"
E_RXN_001418,DRUG_001509,RXCUI_1535457,HAS_RXNORM_CONCEPT,RxNorm,RXN:DRUG_001509:1535457,HIGH_EXACT,HIGH_AUTHORITATIVE,"{""mapping_method"": ""exact_identifier_based"", ""resolution_status"": ""HIGH_EXACT"", ""match_score"": 100.0, ""source_dataset"": ""RxNorm"", ""provenance"": ""rxnorm_drug_enrichment.csv""}"
E_RXN_001419,DRUG_001510,RXCUI_1306284,HAS_RXNORM_CONCEPT,RxNorm,RXN:DRUG_001510:1306284,HIGH_EXACT,HIGH_AUTHORITATIVE,"{""mapping_method"": ""exact_identifier_based"", ""resolution_status"": ""HIGH_EXACT"", ""match_score"": 100.0, ""source_dataset"": ""RxNorm"", ""provenance"": ""rxnorm_drug_enrichment.csv""}"
E_RXN_001420,DRUG_001511,RXCUI_74670,HAS_RXNORM_CONCEPT,RxNorm,RXN:DRUG_001511:74670,HIGH_EXACT,HIGH_AUTHORITATIVE,"{""mapping_method"": ""exact_identifier_based"", ""resolution_status"": ""HIGH_EXACT"", ""match_score"": 100.0, ""source_dataset"": ""RxNorm"", ""provenance"": ""rxnorm_drug_enrichment.csv""}"
E_RXN_001421,DRUG_001512,RXCUI_1455099,HAS_RXNORM_CONCEPT,RxNorm,RXN:DRUG_001512:1455099,HIGH_EXACT,HIGH_AUTHORITATIVE,"{""mapping_method"": ""exact_identifier_based"", ""resolution_status"": ""HIGH_EXACT"", ""match_score"": 100.0, ""source_dataset"": ""RxNorm"", ""provenance"": ""rxnorm_drug_enrichment.csv""}"
E_RXN_001422,DRUG_001513,RXCUI_10826,HAS_RXNORM_CONCEPT,RxNorm,RXN:DRUG_001513:10826,HIGH_EXACT,HIGH_AUTHORITATIVE,"{""mapping_method"": ""exact_identifier_based"", ""resolution_status"": ""HIGH_EXACT"", ""match_score"": 100.0, ""source_dataset"": ""RxNorm"", ""provenance"": ""rxnorm_drug_enrichment.csv""}"
E_RXN_001423,DRUG_001514,RXCUI_38260,HAS_RXNORM_CONCEPT,RxNorm,RXN:DRUG_001514:38260,HIGH_EXACT,HIGH_AUTHORITATIVE,"{""mapping_method"": ""exact_identifier_based"", ""resolution_status"": ""HIGH_EXACT"", ""match_score"": 100.0, ""source_dataset"": ""RxNorm"", ""provenance"": ""rxnorm_drug_enrichment.csv""}"
E_RXN_001424,DRUG_001515,RXCUI_1490468,HAS_RXNORM_CONCEPT,RxNorm,RXN:DRUG_001515:1490468,HIGH_EXACT,HIGH_AUTHORITATIVE,"{""mapping_method"": ""exact_identifier_based"", ""resolution_status"": ""HIGH_EXACT"", ""match_score"": 100.0, ""source_dataset"": ""RxNorm"", ""provenance"": ""rxnorm_drug_enrichment.csv""}"
E_RXN_001425,DRUG_001516,RXCUI_9899,HAS_RXNORM_CONCEPT,RxNorm,RXN:DRUG_001516:9899,HIGH_EXACT,HIGH_AUTHORITATIVE,"{""mapping_method"": ""exact_identifier_based"", ""resolution_status"": ""HIGH_EXACT"", ""match_score"": 100.0, ""source_dataset"": ""RxNorm"", ""provenance"": ""rxnorm_drug_enrichment.csv""}"
E_RXN_001426,DRUG_001517,RXCUI_1601374,HAS_RXNORM_CONCEPT,RxNorm,RXN:DRUG_001517:1601374,HIGH_EXACT,HIGH_AUTHORITATIVE,"{""mapping_method"": ""exact_identifier_based"", ""resolution_status"": ""HIGH_EXACT"", ""match_score"": 100.0, ""source_dataset"": ""RxNorm"", ""provenance"": ""rxnorm_drug_enrichment.csv""}"
E_RXN_001427,DRUG_001518,RXCUI_1597582,HAS_RXNORM_CONCEPT,RxNorm,RXN:DRUG_001518:1597582,HIGH_EXACT,HIGH_AUTHORITATIVE,"{""mapping_method"": ""exact_identifier_based"", ""resolution_status"": ""HIGH_EXACT"", ""match_score"": 100.0, ""source_dataset"": ""RxNorm"", ""provenance"": ""rxnorm_drug_enrichment.csv""}"
E_RXN_001428,DRUG_001519,RXCUI_1599538,HAS_RXNORM_CONCEPT,RxNorm,RXN:DRUG_001519:1599538,HIGH_EXACT,HIGH_AUTHORITATIVE,"{""mapping_method"": ""exact_identifier_based"", ""resolution_status"": ""HIGH_EXACT"", ""match_score"": 100.0, ""source_dataset"": ""RxNorm"", ""provenance"": ""rxnorm_drug_enrichment.csv""}"
E_RXN_001429,DRUG_001520,RXCUI_1487514,HAS_RXNORM_CONCEPT,RxNorm,RXN:DRUG_001520:1487514,HIGH_EXACT,HIGH_AUTHORITATIVE,"{""mapping_method"": ""exact_identifier_based"", ""resolution_status"": ""HIGH_EXACT"", ""match_score"": 100.0, ""source_dataset"": ""RxNorm"", ""provenance"": ""rxnorm_drug_enrichment.csv""}"
E_RXN_001430,DRUG_001521,RXCUI_1603296,HAS_RXNORM_CONCEPT,RxNorm,RXN:DRUG_001521:1603296,HIGH_EXACT,HIGH_AUTHORITATIVE,"{""mapping_method"": ""exact_identifier_based"", ""resolution_status"": ""HIGH_EXACT"", ""match_score"": 100.0, ""source_dataset"": ""RxNorm"", ""provenance"": ""rxnorm_drug_enrichment.csv""}"
E_RXN_001431,DRUG_001522,RXCUI_1592737,HAS_RXNORM_CONCEPT,RxNorm,RXN:DRUG_001522:1592737,HIGH_EXACT,HIGH_AUTHORITATIVE,"{""mapping_method"": ""exact_identifier_based"", ""resolution_status"": ""HIGH_EXACT"", ""match_score"": 100.0, ""source_dataset"": ""RxNorm"", ""provenance"": ""rxnorm_drug_enrichment.csv""}"
E_RXN_001432,DRUG_001523,RXCUI_1546059,HAS_RXNORM_CONCEPT,RxNorm,RXN:DRUG_001523:1546059,HIGH_EXACT,HIGH_AUTHORITATIVE,"{""mapping_method"": ""exact_identifier_based"", ""resolution_status"": ""HIGH_EXACT"", ""match_score"": 100.0, ""source_dataset"": ""RxNorm"", ""provenance"": ""rxnorm_drug_enrichment.csv""}"
E_RXN_001433,DRUG_001524,RXCUI_1424884,HAS_RXNORM_CONCEPT,RxNorm,RXN:DRUG_001524:1424884,HIGH_EXACT,HIGH_AUTHORITATIVE,"{""mapping_method"": ""exact_identifier_based"", ""resolution_status"": ""HIGH_EXACT"", ""match_score"": 100.0, ""source_dataset"": ""RxNorm"", ""provenance"": ""rxnorm_drug_enrichment.csv""}"
E_RXN_001434,DRUG_001525,RXCUI_1649480,HAS_RXNORM_CONCEPT,RxNorm,RXN:DRUG_001525:1649480,HIGH_EXACT,HIGH_AUTHORITATIVE,"{""mapping_method"": ""exact_identifier_based"", ""resolution_status"": ""HIGH_EXACT"", ""match_score"": 100.0, ""source_dataset"": ""RxNorm"", ""provenance"": ""rxnorm_drug_enrichment.csv""}"
E_RXN_001435,DRUG_001526,RXCUI_1425,HAS_RXNORM_CONCEPT,RxNorm,RXN:DRUG_001526:1425,HIGH_EXACT,HIGH_AUTHORITATIVE,"{""mapping_method"": ""exact_identifier_based"", ""resolution_status"": ""HIGH_EXACT"", ""match_score"": 100.0, ""source_dataset"": ""RxNorm"", ""provenance"": ""rxnorm_drug_enrichment.csv""}"
E_RXN_001436,DRUG_001527,RXCUI_10391,HAS_RXNORM_CONCEPT,RxNorm,RXN:DRUG_001527:10391,HIGH_EXACT,HIGH_AUTHORITATIVE,"{""mapping_method"": ""exact_identifier_based"", ""resolution_status"": ""HIGH_EXACT"", ""match_score"": 100.0, ""source_dataset"": ""RxNorm"", ""provenance"": ""rxnorm_drug_enrichment.csv""}"
E_RXN_001437,DRUG_001528,RXCUI_221456,HAS_RXNORM_CONCEPT,RxNorm,RXN:DRUG_001528:221456,HIGH_EXACT,HIGH_AUTHORITATIVE,"{""mapping_method"": ""exact_identifier_based"", ""resolution_status"": ""HIGH_EXACT"", ""match_score"": 100.0, ""source_dataset"": ""RxNorm"", ""provenance"": ""rxnorm_drug_enrichment.csv""}"
E_RXN_001438,DRUG_001529,RXCUI_33724,HAS_RXNORM_CONCEPT,RxNorm,RXN:DRUG_001529:33724,HIGH_EXACT,HIGH_AUTHORITATIVE,"{""mapping_method"": ""exact_identifier_based"", ""resolution_status"": ""HIGH_EXACT"", ""match_score"": 100.0, ""source_dataset"": ""RxNorm"", ""provenance"": ""rxnorm_drug_enrichment.csv""}"
E_RXN_001439,DRUG_001530,RXCUI_57257,HAS_RXNORM_CONCEPT,RxNorm,RXN:DRUG_001530:57257,HIGH_EXACT,HIGH_AUTHORITATIVE,"{""mapping_method"": ""exact_identifier_based"", ""resolution_status"": ""HIGH_EXACT"", ""match_score"": 100.0, ""source_dataset"": ""RxNorm"", ""provenance"": ""rxnorm_drug_enrichment.csv""}"
E_RXN_001440,DRUG_001531,RXCUI_2408,HAS_RXNORM_CONCEPT,RxNorm,RXN:DRUG_001531:2408,HIGH_EXACT,HIGH_AUTHORITATIVE,"{""mapping_method"": ""exact_identifier_based"", ""resolution_status"": ""HIGH_EXACT"", ""match_score"": 100.0, ""source_dataset"": ""RxNorm"", ""provenance"": ""rxnorm_drug_enrichment.csv""}"
E_RXN_001441,DRUG_001532,RXCUI_8462,HAS_RXNORM_CONCEPT,RxNorm,RXN:DRUG_001532:8462,HIGH_EXACT,HIGH_AUTHORITATIVE,"{""mapping_method"": ""exact_identifier_based"", ""resolution_status"": ""HIGH_EXACT"", ""match_score"": 100.0, ""source_dataset"": ""RxNorm"", ""provenance"": ""rxnorm_drug_enrichment.csv""}"
E_RXN_001442,DRUG_001533,RXCUI_3392,HAS_RXNORM_CONCEPT,RxNorm,RXN:DRUG_001533:3392,HIGH_EXACT,HIGH_AUTHORITATIVE,"{""mapping_method"": ""exact_identifier_based"", ""resolution_status"": ""HIGH_EXACT"", ""match_score"": 100.0, ""source_dataset"": ""RxNorm"", ""provenance"": ""rxnorm_drug_enrichment.csv""}"
E_RXN_001443,DRUG_001534,RXCUI_1418,HAS_RXNORM_CONCEPT,RxNorm,RXN:DRUG_001534:1418,HIGH_EXACT,HIGH_AUTHORITATIVE,"{""mapping_method"": ""exact_identifier_based"", ""resolution_status"": ""HIGH_EXACT"", ""match_score"": 100.0, ""source_dataset"": ""RxNorm"", ""provenance"": ""rxnorm_drug_enrichment.csv""}"
E_RXN_001444,DRUG_001535,RXCUI_76887,HAS_RXNORM_CONCEPT,RxNorm,RXN:DRUG_001535:76887,HIGH_EXACT,HIGH_AUTHORITATIVE,"{""mapping_method"": ""exact_identifier_based"", ""resolution_status"": ""HIGH_EXACT"", ""match_score"": 100.0, ""source_dataset"": ""RxNorm"", ""provenance"": ""rxnorm_drug_enrichment.csv""}"
E_RXN_001445,DRUG_001536,RXCUI_9939,HAS_RXNORM_CONCEPT,RxNorm,RXN:DRUG_001536:9939,HIGH_EXACT,HIGH_AUTHORITATIVE,"{""mapping_method"": ""exact_identifier_based"", ""resolution_status"": ""HIGH_EXACT"", ""match_score"": 100.0, ""source_dataset"": ""RxNorm"", ""provenance"": ""rxnorm_drug_enrichment.csv""}"
E_RXN_001446,DRUG_001537,RXCUI_1306286,HAS_RXNORM_CONCEPT,RxNorm,RXN:DRUG_001537:1306286,HIGH_EXACT,HIGH_AUTHORITATIVE,"{""mapping_method"": ""exact_identifier_based"", ""resolution_status"": ""HIGH_EXACT"", ""match_score"": 100.0, ""source_dataset"": ""RxNorm"", ""provenance"": ""rxnorm_drug_enrichment.csv""}"
E_RXN_001447,DRUG_001538,RXCUI_1606218,HAS_RXNORM_CONCEPT,RxNorm,RXN:DRUG_001538:1606218,HIGH_EXACT,HIGH_AUTHORITATIVE,"{""mapping_method"": ""exact_identifier_based"", ""resolution_status"": ""HIGH_EXACT"", ""match_score"": 100.0, ""source_dataset"": ""RxNorm"", ""provenance"": ""rxnorm_drug_enrichment.csv""}"
E_RXN_001448,DRUG_001539,RXCUI_243353,HAS_RXNORM_CONCEPT,RxNorm,RXN:DRUG_001539:243353,HIGH_EXACT,HIGH_AUTHORITATIVE,"{""mapping_method"": ""exact_identifier_based"", ""resolution_status"": ""HIGH_EXACT"", ""match_score"": 100.0, ""source_dataset"": ""RxNorm"", ""provenance"": ""rxnorm_drug_enrichment.csv""}"
E_RXN_001449,DRUG_001541,RXCUI_7909,HAS_RXNORM_CONCEPT,RxNorm,RXN:DRUG_001541:7909,HIGH_EXACT,HIGH_AUTHORITATIVE,"{""mapping_method"": ""exact_identifier_based"", ""resolution_status"": ""HIGH_EXACT"", ""match_score"": 100.0, ""source_dataset"": ""RxNorm"", ""provenance"": ""rxnorm_drug_enrichment.csv""}"
E_RXN_001450,DRUG_001542,RXCUI_2054968,HAS_RXNORM_CONCEPT,RxNorm,RXN:DRUG_001542:2054968,HIGH_EXACT,HIGH_AUTHORITATIVE,"{""mapping_method"": ""exact_identifier_based"", ""resolution_status"": ""HIGH_EXACT"", ""match_score"": 100.0, ""source_dataset"": ""RxNorm"", ""provenance"": ""rxnorm_drug_enrichment.csv""}"
E_RXN_001451,DRUG_001543,RXCUI_1482501,HAS_RXNORM_CONCEPT,RxNorm,RXN:DRUG_001543:1482501,HIGH_EXACT,HIGH_AUTHORITATIVE,"{""mapping_method"": ""exact_identifier_based"", ""resolution_status"": ""HIGH_EXACT"", ""match_score"": 100.0, ""source_dataset"": ""RxNorm"", ""provenance"": ""rxnorm_drug_enrichment.csv""}"
E_RXN_001452,DRUG_001545,RXCUI_22968,HAS_RXNORM_CONCEPT,RxNorm,RXN:DRUG_001545:22968,HIGH_EXACT,HIGH_AUTHORITATIVE,"{""mapping_method"": ""exact_identifier_based"", ""resolution_status"": ""HIGH_EXACT"", ""match_score"": 100.0, ""source_dataset"": ""RxNorm"", ""provenance"": ""rxnorm_drug_enrichment.csv""}"
E_RXN_001453,DRUG_001546,RXCUI_6690,HAS_RXNORM_CONCEPT,RxNorm,RXN:DRUG_001546:6690,HIGH_EXACT,HIGH_AUTHORITATIVE,"{""mapping_method"": ""exact_identifier_based"", ""resolution_status"": ""HIGH_EXACT"", ""match_score"": 100.0, ""source_dataset"": ""RxNorm"", ""provenance"": ""rxnorm_drug_enrichment.csv""}"
E_RXN_001454,DRUG_001547,RXCUI_1374802,HAS_RXNORM_CONCEPT,RxNorm,RXN:DRUG_001547:1374802,HIGH_EXACT,HIGH_AUTHORITATIVE,"{""mapping_method"": ""exact_identifier_based"", ""resolution_status"": ""HIGH_EXACT"", ""match_score"": 100.0, ""source_dataset"": ""RxNorm"", ""provenance"": ""rxnorm_drug_enrichment.csv""}"
E_RXN_001455,DRUG_001548,RXCUI_1658314,HAS_RXNORM_CONCEPT,RxNorm,RXN:DRUG_001548:1658314,HIGH_EXACT,HIGH_AUTHORITATIVE,"{""mapping_method"": ""exact_identifier_based"", ""resolution_status"": ""HIGH_EXACT"", ""match_score"": 100.0, ""source_dataset"": ""RxNorm"", ""provenance"": ""rxnorm_drug_enrichment.csv""}"
E_RXN_001456,DRUG_001549,RXCUI_2837,HAS_RXNORM_CONCEPT,RxNorm,RXN:DRUG_001549:2837,HIGH_EXACT,HIGH_AUTHORITATIVE,"{""mapping_method"": ""exact_identifier_based"", ""resolution_status"": ""HIGH_EXACT"", ""match_score"": 100.0, ""source_dataset"": ""RxNorm"", ""provenance"": ""rxnorm_drug_enrichment.csv""}"
E_RXN_001457,DRUG_001550,RXCUI_27792,HAS_RXNORM_CONCEPT,RxNorm,RXN:DRUG_001550:27792,HIGH_EXACT,HIGH_AUTHORITATIVE,"{""mapping_method"": ""exact_identifier_based"", ""resolution_status"": ""HIGH_EXACT"", ""match_score"": 100.0, ""source_dataset"": ""RxNorm"", ""provenance"": ""rxnorm_drug_enrichment.csv""}"
E_RXN_001458,DRUG_001551,RXCUI_27793,HAS_RXNORM_CONCEPT,RxNorm,RXN:DRUG_001551:27793,HIGH_EXACT,HIGH_AUTHORITATIVE,"{""mapping_method"": ""exact_identifier_based"", ""resolution_status"": ""HIGH_EXACT"", ""match_score"": 100.0, ""source_dataset"": ""RxNorm"", ""provenance"": ""rxnorm_drug_enrichment.csv""}"
E_RXN_001459,DRUG_001553,RXCUI_1358207,HAS_RXNORM_CONCEPT,RxNorm,RXN:DRUG_001553:1358207,HIGH_EXACT,HIGH_AUTHORITATIVE,"{""mapping_method"": ""exact_identifier_based"", ""resolution_status"": ""HIGH_EXACT"", ""match_score"": 100.0, ""source_dataset"": ""RxNorm"", ""provenance"": ""rxnorm_drug_enrichment.csv""}"
E_RXN_001460,DRUG_001554,RXCUI_1659191,HAS_RXNORM_CONCEPT,RxNorm,RXN:DRUG_001554:1659191,HIGH_EXACT,HIGH_AUTHORITATIVE,"{""mapping_method"": ""exact_identifier_based"", ""resolution_status"": ""HIGH_EXACT"", ""match_score"": 100.0, ""source_dataset"": ""RxNorm"", ""provenance"": ""rxnorm_drug_enrichment.csv""}"
E_RXN_001461,DRUG_001555,RXCUI_1484283,HAS_RXNORM_CONCEPT,RxNorm,RXN:DRUG_001555:1484283,HIGH_EXACT,HIGH_AUTHORITATIVE,"{""mapping_method"": ""exact_identifier_based"", ""resolution_status"": ""HIGH_EXACT"", ""match_score"": 100.0, ""source_dataset"": ""RxNorm"", ""provenance"": ""rxnorm_drug_enrichment.csv""}"
E_RXN_001462,DRUG_001556,RXCUI_1607976,HAS_RXNORM_CONCEPT,RxNorm,RXN:DRUG_001556:1607976,HIGH_EXACT,HIGH_AUTHORITATIVE,"{""mapping_method"": ""exact_identifier_based"", ""resolution_status"": ""HIGH_EXACT"", ""match_score"": 100.0, ""source_dataset"": ""RxNorm"", ""provenance"": ""rxnorm_drug_enrichment.csv""}"
E_RXN_001463,DRUG_001557,RXCUI_9863,HAS_RXNORM_CONCEPT,RxNorm,RXN:DRUG_001557:9863,HIGH_EXACT,HIGH_AUTHORITATIVE,"{""mapping_method"": ""exact_identifier_based"", ""resolution_status"": ""HIGH_EXACT"", ""match_score"": 100.0, ""source_dataset"": ""RxNorm"", ""provenance"": ""rxnorm_drug_enrichment.csv""}"
E_RXN_001464,DRUG_001558,RXCUI_1310549,HAS_RXNORM_CONCEPT,RxNorm,RXN:DRUG_001558:1310549,HIGH_EXACT,HIGH_AUTHORITATIVE,"{""mapping_method"": ""exact_identifier_based"", ""resolution_status"": ""HIGH_EXACT"", ""match_score"": 100.0, ""source_dataset"": ""RxNorm"", ""provenance"": ""rxnorm_drug_enrichment.csv""}"
E_RXN_001465,DRUG_001559,RXCUI_27781,HAS_RXNORM_CONCEPT,RxNorm,RXN:DRUG_001559:27781,HIGH_EXACT,HIGH_AUTHORITATIVE,"{""mapping_method"": ""exact_identifier_based"", ""resolution_status"": ""HIGH_EXACT"", ""match_score"": 100.0, ""source_dataset"": ""RxNorm"", ""provenance"": ""rxnorm_drug_enrichment.csv""}"
E_RXN_001466,DRUG_001560,RXCUI_1482913,HAS_RXNORM_CONCEPT,RxNorm,RXN:DRUG_001560:1482913,HIGH_EXACT,HIGH_AUTHORITATIVE,"{""mapping_method"": ""exact_identifier_based"", ""resolution_status"": ""HIGH_EXACT"", ""match_score"": 100.0, ""source_dataset"": ""RxNorm"", ""provenance"": ""rxnorm_drug_enrichment.csv""}"
E_RXN_001467,DRUG_001563,RXCUI_3634,HAS_RXNORM_CONCEPT,RxNorm,RXN:DRUG_001563:3634,HIGH_EXACT,HIGH_AUTHORITATIVE,"{""mapping_method"": ""exact_identifier_based"", ""resolution_status"": ""HIGH_EXACT"", ""match_score"": 100.0, ""source_dataset"": ""RxNorm"", ""provenance"": ""rxnorm_drug_enrichment.csv""}"
E_RXN_001468,DRUG_001564,RXCUI_1597381,HAS_RXNORM_CONCEPT,RxNorm,RXN:DRUG_001564:1597381,HIGH_EXACT,HIGH_AUTHORITATIVE,"{""mapping_method"": ""exact_identifier_based"", ""resolution_status"": ""HIGH_EXACT"", ""match_score"": 100.0, ""source_dataset"": ""RxNorm"", ""provenance"": ""rxnorm_drug_enrichment.csv""}"
E_RXN_001469,DRUG_001565,RXCUI_11196,HAS_RXNORM_CONCEPT,RxNorm,RXN:DRUG_001565:11196,HIGH_EXACT,HIGH_AUTHORITATIVE,"{""mapping_method"": ""exact_identifier_based"", ""resolution_status"": ""HIGH_EXACT"", ""match_score"": 100.0, ""source_dataset"": ""RxNorm"", ""provenance"": ""rxnorm_drug_enrichment.csv""}"
E_RXN_001470,DRUG_001568,RXCUI_33431,HAS_RXNORM_CONCEPT,RxNorm,RXN:DRUG_001568:33431,HIGH_EXACT,HIGH_AUTHORITATIVE,"{""mapping_method"": ""exact_identifier_based"", ""resolution_status"": ""HIGH_EXACT"", ""match_score"": 100.0, ""source_dataset"": ""RxNorm"", ""provenance"": ""rxnorm_drug_enrichment.csv""}"
E_RXN_001471,DRUG_001569,RXCUI_8351,HAS_RXNORM_CONCEPT,RxNorm,RXN:DRUG_001569:8351,HIGH_EXACT,HIGH_AUTHORITATIVE,"{""mapping_method"": ""exact_identifier_based"", ""resolution_status"": ""HIGH_EXACT"", ""match_score"": 100.0, ""source_dataset"": ""RxNorm"", ""provenance"": ""rxnorm_drug_enrichment.csv""}"
E_RXN_001472,DRUG_001571,RXCUI_28908,HAS_RXNORM_CONCEPT,RxNorm,RXN:DRUG_001571:28908,HIGH_EXACT,HIGH_AUTHORITATIVE,"{""mapping_method"": ""exact_identifier_based"", ""resolution_status"": ""HIGH_EXACT"", ""match_score"": 100.0, ""source_dataset"": ""RxNorm"", ""provenance"": ""rxnorm_drug_enrichment.csv""}"
E_RXN_001473,DRUG_001572,RXCUI_23687,HAS_RXNORM_CONCEPT,RxNorm,RXN:DRUG_001572:23687,HIGH_EXACT,HIGH_AUTHORITATIVE,"{""mapping_method"": ""exact_identifier_based"", ""resolution_status"": ""HIGH_EXACT"", ""match_score"": 100.0, ""source_dataset"": ""RxNorm"", ""provenance"": ""rxnorm_drug_enrichment.csv""}"
E_RXN_001474,DRUG_001573,RXCUI_38377,HAS_RXNORM_CONCEPT,RxNorm,RXN:DRUG_001573:38377,HIGH_EXACT,HIGH_AUTHORITATIVE,"{""mapping_method"": ""exact_identifier_based"", ""resolution_status"": ""HIGH_EXACT"", ""match_score"": 100.0, ""source_dataset"": ""RxNorm"", ""provenance"": ""rxnorm_drug_enrichment.csv""}"
E_RXN_001475,DRUG_001574,RXCUI_2601,HAS_RXNORM_CONCEPT,RxNorm,RXN:DRUG_001574:2601,HIGH_EXACT,HIGH_AUTHORITATIVE,"{""mapping_method"": ""exact_identifier_based"", ""resolution_status"": ""HIGH_EXACT"", ""match_score"": 100.0, ""source_dataset"": ""RxNorm"", ""provenance"": ""rxnorm_drug_enrichment.csv""}"
E_RXN_001476,DRUG_001575,RXCUI_31748,HAS_RXNORM_CONCEPT,RxNorm,RXN:DRUG_001575:31748,HIGH_EXACT,HIGH_AUTHORITATIVE,"{""mapping_method"": ""exact_identifier_based"", ""resolution_status"": ""HIGH_EXACT"", ""match_score"": 100.0, ""source_dataset"": ""RxNorm"", ""provenance"": ""rxnorm_drug_enrichment.csv""}"
E_RXN_001477,DRUG_001576,RXCUI_2179843,HAS_RXNORM_CONCEPT,RxNorm,RXN:DRUG_001576:2179843,HIGH_EXACT,HIGH_AUTHORITATIVE,"{""mapping_method"": ""exact_identifier_based"", ""resolution_status"": ""HIGH_EXACT"", ""match_score"": 100.0, ""source_dataset"": ""RxNorm"", ""provenance"": ""rxnorm_drug_enrichment.csv""}"
E_RXN_001478,DRUG_001578,RXCUI_29961,HAS_RXNORM_CONCEPT,RxNorm,RXN:DRUG_001578:29961,HIGH_EXACT,HIGH_AUTHORITATIVE,"{""mapping_method"": ""exact_identifier_based"", ""resolution_status"": ""HIGH_EXACT"", ""match_score"": 100.0, ""source_dataset"": ""RxNorm"", ""provenance"": ""rxnorm_drug_enrichment.csv""}"
E_RXN_001479,DRUG_001579,RXCUI_40003,HAS_RXNORM_CONCEPT,RxNorm,RXN:DRUG_001579:40003,HIGH_EXACT,HIGH_AUTHORITATIVE,"{""mapping_method"": ""exact_identifier_based"", ""resolution_status"": ""HIGH_EXACT"", ""match_score"": 100.0, ""source_dataset"": ""RxNorm"", ""provenance"": ""rxnorm_drug_enrichment.csv""}"
E_RXN_001480,DRUG_001580,RXCUI_39879,HAS_RXNORM_CONCEPT,RxNorm,RXN:DRUG_001580:39879,HIGH_EXACT,HIGH_AUTHORITATIVE,"{""mapping_method"": ""exact_identifier_based"", ""resolution_status"": ""HIGH_EXACT"", ""match_score"": 100.0, ""source_dataset"": ""RxNorm"", ""provenance"": ""rxnorm_drug_enrichment.csv""}"
E_RXN_001481,DRUG_001585,RXCUI_28382,HAS_RXNORM_CONCEPT,RxNorm,RXN:DRUG_001585:28382,HIGH_EXACT,HIGH_AUTHORITATIVE,"{""mapping_method"": ""exact_identifier_based"", ""resolution_status"": ""HIGH_EXACT"", ""match_score"": 100.0, ""source_dataset"": ""RxNorm"", ""provenance"": ""rxnorm_drug_enrichment.csv""}"
E_RXN_001482,DRUG_001586,RXCUI_29275,HAS_RXNORM_CONCEPT,RxNorm,RXN:DRUG_001586:29275,HIGH_EXACT,HIGH_AUTHORITATIVE,"{""mapping_method"": ""exact_identifier_based"", ""resolution_status"": ""HIGH_EXACT"", ""match_score"": 100.0, ""source_dataset"": ""RxNorm"", ""provenance"": ""rxnorm_drug_enrichment.csv""}"
E_RXN_001483,DRUG_001587,RXCUI_2198975,HAS_RXNORM_CONCEPT,RxNorm,RXN:DRUG_001587:2198975,HIGH_EXACT,HIGH_AUTHORITATIVE,"{""mapping_method"": ""exact_identifier_based"", ""resolution_status"": ""HIGH_EXACT"", ""match_score"": 100.0, ""source_dataset"": ""RxNorm"", ""provenance"": ""rxnorm_drug_enrichment.csv""}"
E_RXN_001484,DRUG_001588,RXCUI_30257,HAS_RXNORM_CONCEPT,RxNorm,RXN:DRUG_001588:30257,HIGH_EXACT,HIGH_AUTHORITATIVE,"{""mapping_method"": ""exact_identifier_based"", ""resolution_status"": ""HIGH_EXACT"", ""match_score"": 100.0, ""source_dataset"": ""RxNorm"", ""provenance"": ""rxnorm_drug_enrichment.csv""}"
E_RXN_001485,DRUG_001591,RXCUI_4582,HAS_RXNORM_CONCEPT,RxNorm,RXN:DRUG_001591:4582,HIGH_EXACT,HIGH_AUTHORITATIVE,"{""mapping_method"": ""exact_identifier_based"", ""resolution_status"": ""HIGH_EXACT"", ""match_score"": 100.0, ""source_dataset"": ""RxNorm"", ""provenance"": ""rxnorm_drug_enrichment.csv""}"
E_RXN_001486,DRUG_001594,RXCUI_1440051,HAS_RXNORM_CONCEPT,RxNorm,RXN:DRUG_001594:1440051,HIGH_EXACT,HIGH_AUTHORITATIVE,"{""mapping_method"": ""exact_identifier_based"", ""resolution_status"": ""HIGH_EXACT"", ""match_score"": 100.0, ""source_dataset"": ""RxNorm"", ""provenance"": ""rxnorm_drug_enrichment.csv""}"
E_RXN_001487,DRUG_001596,RXCUI_1546457,HAS_RXNORM_CONCEPT,RxNorm,RXN:DRUG_001596:1546457,HIGH_EXACT,HIGH_AUTHORITATIVE,"{""mapping_method"": ""exact_identifier_based"", ""resolution_status"": ""HIGH_EXACT"", ""match_score"": 100.0, ""source_dataset"": ""RxNorm"", ""provenance"": ""rxnorm_drug_enrichment.csv""}"
E_RXN_001488,DRUG_001597,RXCUI_33332,HAS_RXNORM_CONCEPT,RxNorm,RXN:DRUG_001597:33332,HIGH_EXACT,HIGH_AUTHORITATIVE,"{""mapping_method"": ""exact_identifier_based"", ""resolution_status"": ""HIGH_EXACT"", ""match_score"": 100.0, ""source_dataset"": ""RxNorm"", ""provenance"": ""rxnorm_drug_enrichment.csv""}"
E_RXN_001489,DRUG_001598,RXCUI_21406,HAS_RXNORM_CONCEPT,RxNorm,RXN:DRUG_001598:21406,HIGH_EXACT,HIGH_AUTHORITATIVE,"{""mapping_method"": ""exact_identifier_based"", ""resolution_status"": ""HIGH_EXACT"", ""match_score"": 100.0, ""source_dataset"": ""RxNorm"", ""provenance"": ""rxnorm_drug_enrichment.csv""}"
E_RXN_001490,DRUG_001599,RXCUI_1653781,HAS_RXNORM_CONCEPT,RxNorm,RXN:DRUG_001599:1653781,HIGH_EXACT,HIGH_AUTHORITATIVE,"{""mapping_method"": ""exact_identifier_based"", ""resolution_status"": ""HIGH_EXACT"", ""match_score"": 100.0, ""source_dataset"": ""RxNorm"", ""provenance"": ""rxnorm_drug_enrichment.csv""}"
E_RXN_001491,DRUG_001601,RXCUI_18346,HAS_RXNORM_CONCEPT,RxNorm,RXN:DRUG_001601:18346,HIGH_EXACT,HIGH_AUTHORITATIVE,"{""mapping_method"": ""exact_identifier_based"", ""resolution_status"": ""HIGH_EXACT"", ""match_score"": 100.0, ""source_dataset"": ""RxNorm"", ""provenance"": ""rxnorm_drug_enrichment.csv""}"
E_RXN_001492,DRUG_001602,RXCUI_1294617,HAS_RXNORM_CONCEPT,RxNorm,RXN:DRUG_001602:1294617,HIGH_EXACT,HIGH_AUTHORITATIVE,"{""mapping_method"": ""exact_identifier_based"", ""resolution_status"": ""HIGH_EXACT"", ""match_score"": 100.0, ""source_dataset"": ""RxNorm"", ""provenance"": ""rxnorm_drug_enrichment.csv""}"
E_RXN_001493,DRUG_001603,RXCUI_4981,HAS_RXNORM_CONCEPT,RxNorm,RXN:DRUG_001603:4981,HIGH_EXACT,HIGH_AUTHORITATIVE,"{""mapping_method"": ""exact_identifier_based"", ""resolution_status"": ""HIGH_EXACT"", ""match_score"": 100.0, ""source_dataset"": ""RxNorm"", ""provenance"": ""rxnorm_drug_enrichment.csv""}"
E_RXN_001494,DRUG_001604,RXCUI_1425419,HAS_RXNORM_CONCEPT,RxNorm,RXN:DRUG_001604:1425419,HIGH_EXACT,HIGH_AUTHORITATIVE,"{""mapping_method"": ""exact_identifier_based"", ""resolution_status"": ""HIGH_EXACT"", ""match_score"": 100.0, ""source_dataset"": ""RxNorm"", ""provenance"": ""rxnorm_drug_enrichment.csv""}"
E_RXN_001495,DRUG_001605,RXCUI_272,HAS_RXNORM_CONCEPT,RxNorm,RXN:DRUG_001605:272,HIGH_EXACT,HIGH_AUTHORITATIVE,"{""mapping_method"": ""exact_identifier_based"", ""resolution_status"": ""HIGH_EXACT"", ""match_score"": 100.0, ""source_dataset"": ""RxNorm"", ""provenance"": ""rxnorm_drug_enrichment.csv""}"
E_RXN_001496,DRUG_001607,RXCUI_1655922,HAS_RXNORM_CONCEPT,RxNorm,RXN:DRUG_001607:1655922,HIGH_EXACT,HIGH_AUTHORITATIVE,"{""mapping_method"": ""exact_identifier_based"", ""resolution_status"": ""HIGH_EXACT"", ""match_score"": 100.0, ""source_dataset"": ""RxNorm"", ""provenance"": ""rxnorm_drug_enrichment.csv""}"
E_RXN_001497,DRUG_001608,RXCUI_29170,HAS_RXNORM_CONCEPT,RxNorm,RXN:DRUG_001608:29170,HIGH_EXACT,HIGH_AUTHORITATIVE,"{""mapping_method"": ""exact_identifier_based"", ""resolution_status"": ""HIGH_EXACT"", ""match_score"": 100.0, ""source_dataset"": ""RxNorm"", ""provenance"": ""rxnorm_drug_enrichment.csv""}"
E_RXN_001498,DRUG_001609,RXCUI_7023,HAS_RXNORM_CONCEPT,RxNorm,RXN:DRUG_001609:7023,HIGH_EXACT,HIGH_AUTHORITATIVE,"{""mapping_method"": ""exact_identifier_based"", ""resolution_status"": ""HIGH_EXACT"", ""match_score"": 100.0, ""source_dataset"": ""RxNorm"", ""provenance"": ""rxnorm_drug_enrichment.csv""}"
E_RXN_001499,DRUG_001611,RXCUI_30225,HAS_RXNORM_CONCEPT,RxNorm,RXN:DRUG_001611:30225,HIGH_EXACT,HIGH_AUTHORITATIVE,"{""mapping_method"": ""exact_identifier_based"", ""resolution_status"": ""HIGH_EXACT"", ""match_score"": 100.0, ""source_dataset"": ""RxNorm"", ""provenance"": ""rxnorm_drug_enrichment.csv""}"
E_RXN_001500,DRUG_001612,RXCUI_33739,HAS_RXNORM_CONCEPT,RxNorm,RXN:DRUG_001612:33739,HIGH_EXACT,HIGH_AUTHORITATIVE,"{""mapping_method"": ""exact_identifier_based"", ""resolution_status"": ""HIGH_EXACT"", ""match_score"": 100.0, ""source_dataset"": ""RxNorm"", ""provenance"": ""rxnorm_drug_enrichment.csv""}"
E_RXN_001501,DRUG_001614,RXCUI_38252,HAS_RXNORM_CONCEPT,RxNorm,RXN:DRUG_001614:38252,HIGH_EXACT,HIGH_AUTHORITATIVE,"{""mapping_method"": ""exact_identifier_based"", ""resolution_status"": ""HIGH_EXACT"", ""match_score"": 100.0, ""source_dataset"": ""RxNorm"", ""provenance"": ""rxnorm_drug_enrichment.csv""}"
E_RXN_001502,DRUG_001616,RXCUI_1665496,HAS_RXNORM_CONCEPT,RxNorm,RXN:DRUG_001616:1665496,HIGH_EXACT,HIGH_AUTHORITATIVE,"{""mapping_method"": ""exact_identifier_based"", ""resolution_status"": ""HIGH_EXACT"", ""match_score"": 100.0, ""source_dataset"": ""RxNorm"", ""provenance"": ""rxnorm_drug_enrichment.csv""}"
E_RXN_001503,DRUG_001617,RXCUI_1656328,HAS_RXNORM_CONCEPT,RxNorm,RXN:DRUG_001617:1656328,HIGH_EXACT,HIGH_AUTHORITATIVE,"{""mapping_method"": ""exact_identifier_based"", ""resolution_status"": ""HIGH_EXACT"", ""match_score"": 100.0, ""source_dataset"": ""RxNorm"", ""provenance"": ""rxnorm_drug_enrichment.csv""}"
E_RXN_001504,DRUG_001618,RXCUI_1546394,HAS_RXNORM_CONCEPT,RxNorm,RXN:DRUG_001618:1546394,HIGH_EXACT,HIGH_AUTHORITATIVE,"{""mapping_method"": ""exact_identifier_based"", ""resolution_status"": ""HIGH_EXACT"", ""match_score"": 100.0, ""source_dataset"": ""RxNorm"", ""provenance"": ""rxnorm_drug_enrichment.csv""}"
E_RXN_001505,DRUG_001619,RXCUI_236770,HAS_RXNORM_CONCEPT,RxNorm,RXN:DRUG_001619:236770,HIGH_EXACT,HIGH_AUTHORITATIVE,"{""mapping_method"": ""exact_identifier_based"", ""resolution_status"": ""HIGH_EXACT"", ""match_score"": 100.0, ""source_dataset"": ""RxNorm"", ""provenance"": ""rxnorm_drug_enrichment.csv""}"
E_RXN_001506,DRUG_001620,RXCUI_1597371,HAS_RXNORM_CONCEPT,RxNorm,RXN:DRUG_001620:1597371,HIGH_EXACT,HIGH_AUTHORITATIVE,"{""mapping_method"": ""exact_identifier_based"", ""resolution_status"": ""HIGH_EXACT"", ""match_score"": 100.0, ""source_dataset"": ""RxNorm"", ""provenance"": ""rxnorm_drug_enrichment.csv""}"
E_RXN_001507,DRUG_001621,RXCUI_1597373,HAS_RXNORM_CONCEPT,RxNorm,RXN:DRUG_001621:1597373,HIGH_EXACT,HIGH_AUTHORITATIVE,"{""mapping_method"": ""exact_identifier_based"", ""resolution_status"": ""HIGH_EXACT"", ""match_score"": 100.0, ""source_dataset"": ""RxNorm"", ""provenance"": ""rxnorm_drug_enrichment.csv""}"
E_RXN_001508,DRUG_001622,RXCUI_1085787,HAS_RXNORM_CONCEPT,RxNorm,RXN:DRUG_001622:1085787,HIGH_EXACT,HIGH_AUTHORITATIVE,"{""mapping_method"": ""exact_identifier_based"", ""resolution_status"": ""HIGH_EXACT"", ""match_score"": 100.0, ""source_dataset"": ""RxNorm"", ""provenance"": ""rxnorm_drug_enrichment.csv""}"
E_RXN_001509,DRUG_001623,RXCUI_7983,HAS_RXNORM_CONCEPT,RxNorm,RXN:DRUG_001623:7983,HIGH_EXACT,HIGH_AUTHORITATIVE,"{""mapping_method"": ""exact_identifier_based"", ""resolution_status"": ""HIGH_EXACT"", ""match_score"": 100.0, ""source_dataset"": ""RxNorm"", ""provenance"": ""rxnorm_drug_enrichment.csv""}"
E_RXN_001510,DRUG_001624,RXCUI_11423,HAS_RXNORM_CONCEPT,RxNorm,RXN:DRUG_001624:11423,HIGH_EXACT,HIGH_AUTHORITATIVE,"{""mapping_method"": ""exact_identifier_based"", ""resolution_status"": ""HIGH_EXACT"", ""match_score"": 100.0, ""source_dataset"": ""RxNorm"", ""provenance"": ""rxnorm_drug_enrichment.csv""}"
E_RXN_001511,DRUG_001625,RXCUI_1299928,HAS_RXNORM_CONCEPT,RxNorm,RXN:DRUG_001625:1299928,HIGH_EXACT,HIGH_AUTHORITATIVE,"{""mapping_method"": ""exact_identifier_based"", ""resolution_status"": ""HIGH_EXACT"", ""match_score"": 100.0, ""source_dataset"": ""RxNorm"", ""provenance"": ""rxnorm_drug_enrichment.csv""}"
E_RXN_001512,DRUG_001627,RXCUI_10167,HAS_RXNORM_CONCEPT,RxNorm,RXN:DRUG_001627:10167,HIGH_EXACT,HIGH_AUTHORITATIVE,"{""mapping_method"": ""exact_identifier_based"", ""resolution_status"": ""HIGH_EXACT"", ""match_score"": 100.0, ""source_dataset"": ""RxNorm"", ""provenance"": ""rxnorm_drug_enrichment.csv""}"
E_RXN_001513,DRUG_001628,RXCUI_1721560,HAS_RXNORM_CONCEPT,RxNorm,RXN:DRUG_001628:1721560,HIGH_EXACT,HIGH_AUTHORITATIVE,"{""mapping_method"": ""exact_identifier_based"", ""resolution_status"": ""HIGH_EXACT"", ""match_score"": 100.0, ""source_dataset"": ""RxNorm"", ""provenance"": ""rxnorm_drug_enrichment.csv""}"
E_RXN_001514,DRUG_001631,RXCUI_1670304,HAS_RXNORM_CONCEPT,RxNorm,RXN:DRUG_001631:1670304,HIGH_EXACT,HIGH_AUTHORITATIVE,"{""mapping_method"": ""exact_identifier_based"", ""resolution_status"": ""HIGH_EXACT"", ""match_score"": 100.0, ""source_dataset"": ""RxNorm"", ""provenance"": ""rxnorm_drug_enrichment.csv""}"
E_RXN_001515,DRUG_001632,RXCUI_34347,HAS_RXNORM_CONCEPT,RxNorm,RXN:DRUG_001632:34347,HIGH_EXACT,HIGH_AUTHORITATIVE,"{""mapping_method"": ""exact_identifier_based"", ""resolution_status"": ""HIGH_EXACT"", ""match_score"": 100.0, ""source_dataset"": ""RxNorm"", ""provenance"": ""rxnorm_drug_enrichment.csv""}"
E_RXN_001516,DRUG_001633,RXCUI_7839,HAS_RXNORM_CONCEPT,RxNorm,RXN:DRUG_001633:7839,HIGH_EXACT,HIGH_AUTHORITATIVE,"{""mapping_method"": ""exact_identifier_based"", ""resolution_status"": ""HIGH_EXACT"", ""match_score"": 100.0, ""source_dataset"": ""RxNorm"", ""provenance"": ""rxnorm_drug_enrichment.csv""}"
E_RXN_001517,DRUG_001635,RXCUI_55018,HAS_RXNORM_CONCEPT,RxNorm,RXN:DRUG_001635:55018,HIGH_EXACT,HIGH_AUTHORITATIVE,"{""mapping_method"": ""exact_identifier_based"", ""resolution_status"": ""HIGH_EXACT"", ""match_score"": 100.0, ""source_dataset"": ""RxNorm"", ""provenance"": ""rxnorm_drug_enrichment.csv""}"
E_RXN_001518,DRUG_001636,RXCUI_235496,HAS_RXNORM_CONCEPT,RxNorm,RXN:DRUG_001636:235496,HIGH_EXACT,HIGH_AUTHORITATIVE,"{""mapping_method"": ""exact_identifier_based"", ""resolution_status"": ""HIGH_EXACT"", ""match_score"": 100.0, ""source_dataset"": ""RxNorm"", ""provenance"": ""rxnorm_drug_enrichment.csv""}"
E_RXN_001519,DRUG_001637,RXCUI_4910,HAS_RXNORM_CONCEPT,RxNorm,RXN:DRUG_001637:4910,HIGH_EXACT,HIGH_AUTHORITATIVE,"{""mapping_method"": ""exact_identifier_based"", ""resolution_status"": ""HIGH_EXACT"", ""match_score"": 100.0, ""source_dataset"": ""RxNorm"", ""provenance"": ""rxnorm_drug_enrichment.csv""}"
E_RXN_001520,DRUG_001638,RXCUI_1545989,HAS_RXNORM_CONCEPT,RxNorm,RXN:DRUG_001638:1545989,HIGH_EXACT,HIGH_AUTHORITATIVE,"{""mapping_method"": ""exact_identifier_based"", ""resolution_status"": ""HIGH_EXACT"", ""match_score"": 100.0, ""source_dataset"": ""RxNorm"", ""provenance"": ""rxnorm_drug_enrichment.csv""}"
E_RXN_001521,DRUG_001639,RXCUI_19959,HAS_RXNORM_CONCEPT,RxNorm,RXN:DRUG_001639:19959,HIGH_EXACT,HIGH_AUTHORITATIVE,"{""mapping_method"": ""exact_identifier_based"", ""resolution_status"": ""HIGH_EXACT"", ""match_score"": 100.0, ""source_dataset"": ""RxNorm"", ""provenance"": ""rxnorm_drug_enrichment.csv""}"
E_RXN_001522,DRUG_001641,RXCUI_15080,HAS_RXNORM_CONCEPT,RxNorm,RXN:DRUG_001641:15080,HIGH_EXACT,HIGH_AUTHORITATIVE,"{""mapping_method"": ""exact_identifier_based"", ""resolution_status"": ""HIGH_EXACT"", ""match_score"": 100.0, ""source_dataset"": ""RxNorm"", ""provenance"": ""rxnorm_drug_enrichment.csv""}"
E_RXN_001523,DRUG_001642,RXCUI_38323,HAS_RXNORM_CONCEPT,RxNorm,RXN:DRUG_001642:38323,HIGH_EXACT,HIGH_AUTHORITATIVE,"{""mapping_method"": ""exact_identifier_based"", ""resolution_status"": ""HIGH_EXACT"", ""match_score"": 100.0, ""source_dataset"": ""RxNorm"", ""provenance"": ""rxnorm_drug_enrichment.csv""}"
E_RXN_001524,DRUG_001643,RXCUI_29787,HAS_RXNORM_CONCEPT,RxNorm,RXN:DRUG_001643:29787,HIGH_EXACT,HIGH_AUTHORITATIVE,"{""mapping_method"": ""exact_identifier_based"", ""resolution_status"": ""HIGH_EXACT"", ""match_score"": 100.0, ""source_dataset"": ""RxNorm"", ""provenance"": ""rxnorm_drug_enrichment.csv""}"
E_RXN_001525,DRUG_001644,RXCUI_54828,HAS_RXNORM_CONCEPT,RxNorm,RXN:DRUG_001644:54828,HIGH_EXACT,HIGH_AUTHORITATIVE,"{""mapping_method"": ""exact_identifier_based"", ""resolution_status"": ""HIGH_EXACT"", ""match_score"": 100.0, ""source_dataset"": ""RxNorm"", ""provenance"": ""rxnorm_drug_enrichment.csv""}"
E_RXN_001526,DRUG_001645,RXCUI_1423802,HAS_RXNORM_CONCEPT,RxNorm,RXN:DRUG_001645:1423802,HIGH_EXACT,HIGH_AUTHORITATIVE,"{""mapping_method"": ""exact_identifier_based"", ""resolution_status"": ""HIGH_EXACT"", ""match_score"": 100.0, ""source_dataset"": ""RxNorm"", ""provenance"": ""rxnorm_drug_enrichment.csv""}"
E_RXN_001527,DRUG_001646,RXCUI_1723735,HAS_RXNORM_CONCEPT,RxNorm,RXN:DRUG_001646:1723735,HIGH_EXACT,HIGH_AUTHORITATIVE,"{""mapping_method"": ""exact_identifier_based"", ""resolution_status"": ""HIGH_EXACT"", ""match_score"": 100.0, ""source_dataset"": ""RxNorm"", ""provenance"": ""rxnorm_drug_enrichment.csv""}"
E_RXN_001528,DRUG_001647,RXCUI_38866,HAS_RXNORM_CONCEPT,RxNorm,RXN:DRUG_001647:38866,HIGH_EXACT,HIGH_AUTHORITATIVE,"{""mapping_method"": ""exact_identifier_based"", ""resolution_status"": ""HIGH_EXACT"", ""match_score"": 100.0, ""source_dataset"": ""RxNorm"", ""provenance"": ""rxnorm_drug_enrichment.csv""}"
E_RXN_001529,DRUG_001648,RXCUI_47613,HAS_RXNORM_CONCEPT,RxNorm,RXN:DRUG_001648:47613,HIGH_EXACT,HIGH_AUTHORITATIVE,"{""mapping_method"": ""exact_identifier_based"", ""resolution_status"": ""HIGH_EXACT"", ""match_score"": 100.0, ""source_dataset"": ""RxNorm"", ""provenance"": ""rxnorm_drug_enrichment.csv""}"
E_RXN_001530,DRUG_001650,RXCUI_20877,HAS_RXNORM_CONCEPT,RxNorm,RXN:DRUG_001650:20877,HIGH_EXACT,HIGH_AUTHORITATIVE,"{""mapping_method"": ""exact_identifier_based"", ""resolution_status"": ""HIGH_EXACT"", ""match_score"": 100.0, ""source_dataset"": ""RxNorm"", ""provenance"": ""rxnorm_drug_enrichment.csv""}"
E_RXN_001531,DRUG_001651,RXCUI_1908,HAS_RXNORM_CONCEPT,RxNorm,RXN:DRUG_001651:1908,HIGH_EXACT,HIGH_AUTHORITATIVE,"{""mapping_method"": ""exact_identifier_based"", ""resolution_status"": ""HIGH_EXACT"", ""match_score"": 100.0, ""source_dataset"": ""RxNorm"", ""provenance"": ""rxnorm_drug_enrichment.csv""}"
E_RXN_001532,DRUG_001652,RXCUI_9641,HAS_RXNORM_CONCEPT,RxNorm,RXN:DRUG_001652:9641,HIGH_EXACT,HIGH_AUTHORITATIVE,"{""mapping_method"": ""exact_identifier_based"", ""resolution_status"": ""HIGH_EXACT"", ""match_score"": 100.0, ""source_dataset"": ""RxNorm"", ""provenance"": ""rxnorm_drug_enrichment.csv""}"
E_RXN_001533,DRUG_001653,RXCUI_2496,HAS_RXNORM_CONCEPT,RxNorm,RXN:DRUG_001653:2496,HIGH_EXACT,HIGH_AUTHORITATIVE,"{""mapping_method"": ""exact_identifier_based"", ""resolution_status"": ""HIGH_EXACT"", ""match_score"": 100.0, ""source_dataset"": ""RxNorm"", ""provenance"": ""rxnorm_drug_enrichment.csv""}"
E_RXN_001534,DRUG_001654,RXCUI_19861,HAS_RXNORM_CONCEPT,RxNorm,RXN:DRUG_001654:19861,HIGH_EXACT,HIGH_AUTHORITATIVE,"{""mapping_method"": ""exact_identifier_based"", ""resolution_status"": ""HIGH_EXACT"", ""match_score"": 100.0, ""source_dataset"": ""RxNorm"", ""provenance"": ""rxnorm_drug_enrichment.csv""}"
E_RXN_001535,DRUG_001655,RXCUI_8984,HAS_RXNORM_CONCEPT,RxNorm,RXN:DRUG_001655:8984,HIGH_EXACT,HIGH_AUTHORITATIVE,"{""mapping_method"": ""exact_identifier_based"", ""resolution_status"": ""HIGH_EXACT"", ""match_score"": 100.0, ""source_dataset"": ""RxNorm"", ""provenance"": ""rxnorm_drug_enrichment.csv""}"
E_RXN_001536,DRUG_001656,RXCUI_29008,HAS_RXNORM_CONCEPT,RxNorm,RXN:DRUG_001656:29008,HIGH_EXACT,HIGH_AUTHORITATIVE,"{""mapping_method"": ""exact_identifier_based"", ""resolution_status"": ""HIGH_EXACT"", ""match_score"": 100.0, ""source_dataset"": ""RxNorm"", ""provenance"": ""rxnorm_drug_enrichment.csv""}"
E_RXN_001537,DRUG_001657,RXCUI_1360721,HAS_RXNORM_CONCEPT,RxNorm,RXN:DRUG_001657:1360721,HIGH_EXACT,HIGH_AUTHORITATIVE,"{""mapping_method"": ""exact_identifier_based"", ""resolution_status"": ""HIGH_EXACT"", ""match_score"": 100.0, ""source_dataset"": ""RxNorm"", ""provenance"": ""rxnorm_drug_enrichment.csv""}"
E_RXN_001538,DRUG_001658,RXCUI_1593147,HAS_RXNORM_CONCEPT,RxNorm,RXN:DRUG_001658:1593147,HIGH_EXACT,HIGH_AUTHORITATIVE,"{""mapping_method"": ""exact_identifier_based"", ""resolution_status"": ""HIGH_EXACT"", ""match_score"": 100.0, ""source_dataset"": ""RxNorm"", ""provenance"": ""rxnorm_drug_enrichment.csv""}"
E_RXN_001539,DRUG_001659,RXCUI_5321,HAS_RXNORM_CONCEPT,RxNorm,RXN:DRUG_001659:5321,HIGH_EXACT,HIGH_AUTHORITATIVE,"{""mapping_method"": ""exact_identifier_based"", ""resolution_status"": ""HIGH_EXACT"", ""match_score"": 100.0, ""source_dataset"": ""RxNorm"", ""provenance"": ""rxnorm_drug_enrichment.csv""}"
E_RXN_001540,DRUG_001660,RXCUI_1025342,HAS_RXNORM_CONCEPT,RxNorm,RXN:DRUG_001660:1025342,HIGH_EXACT,HIGH_AUTHORITATIVE,"{""mapping_method"": ""exact_identifier_based"", ""resolution_status"": ""HIGH_EXACT"", ""match_score"": 100.0, ""source_dataset"": ""RxNorm"", ""provenance"": ""rxnorm_drug_enrichment.csv""}"
E_RXN_001541,DRUG_001661,RXCUI_1362689,HAS_RXNORM_CONCEPT,RxNorm,RXN:DRUG_001661:1362689,HIGH_EXACT,HIGH_AUTHORITATIVE,"{""mapping_method"": ""exact_identifier_based"", ""resolution_status"": ""HIGH_EXACT"", ""match_score"": 100.0, ""source_dataset"": ""RxNorm"", ""provenance"": ""rxnorm_drug_enrichment.csv""}"
E_RXN_001542,DRUG_001662,RXCUI_89785,HAS_RXNORM_CONCEPT,RxNorm,RXN:DRUG_001662:89785,HIGH_EXACT,HIGH_AUTHORITATIVE,"{""mapping_method"": ""exact_identifier_based"", ""resolution_status"": ""HIGH_EXACT"", ""match_score"": 100.0, ""source_dataset"": ""RxNorm"", ""provenance"": ""rxnorm_drug_enrichment.csv""}"
E_RXN_001543,DRUG_001663,RXCUI_615,HAS_RXNORM_CONCEPT,RxNorm,RXN:DRUG_001663:615,HIGH_EXACT,HIGH_AUTHORITATIVE,"{""mapping_method"": ""exact_identifier_based"", ""resolution_status"": ""HIGH_EXACT"", ""match_score"": 100.0, ""source_dataset"": ""RxNorm"", ""provenance"": ""rxnorm_drug_enrichment.csv""}"
E_RXN_001544,DRUG_001664,RXCUI_1919,HAS_RXNORM_CONCEPT,RxNorm,RXN:DRUG_001664:1919,HIGH_EXACT,HIGH_AUTHORITATIVE,"{""mapping_method"": ""exact_identifier_based"", ""resolution_status"": ""HIGH_EXACT"", ""match_score"": 100.0, ""source_dataset"": ""RxNorm"", ""provenance"": ""rxnorm_drug_enrichment.csv""}"
E_RXN_001545,DRUG_001665,RXCUI_1729002,HAS_RXNORM_CONCEPT,RxNorm,RXN:DRUG_001665:1729002,HIGH_EXACT,HIGH_AUTHORITATIVE,"{""mapping_method"": ""exact_identifier_based"", ""resolution_status"": ""HIGH_EXACT"", ""match_score"": 100.0, ""source_dataset"": ""RxNorm"", ""provenance"": ""rxnorm_drug_enrichment.csv""}"
E_RXN_001546,DRUG_001666,RXCUI_1727455,HAS_RXNORM_CONCEPT,RxNorm,RXN:DRUG_001666:1727455,HIGH_EXACT,HIGH_AUTHORITATIVE,"{""mapping_method"": ""exact_identifier_based"", ""resolution_status"": ""HIGH_EXACT"", ""match_score"": 100.0, ""source_dataset"": ""RxNorm"", ""provenance"": ""rxnorm_drug_enrichment.csv""}"
E_RXN_001547,DRUG_001667,RXCUI_1731031,HAS_RXNORM_CONCEPT,RxNorm,RXN:DRUG_001667:1731031,HIGH_EXACT,HIGH_AUTHORITATIVE,"{""mapping_method"": ""exact_identifier_based"", ""resolution_status"": ""HIGH_EXACT"", ""match_score"": 100.0, ""source_dataset"": ""RxNorm"", ""provenance"": ""rxnorm_drug_enrichment.csv""}"
E_RXN_001548,DRUG_001668,RXCUI_1734628,HAS_RXNORM_CONCEPT,RxNorm,RXN:DRUG_001668:1734628,HIGH_EXACT,HIGH_AUTHORITATIVE,"{""mapping_method"": ""exact_identifier_based"", ""resolution_status"": ""HIGH_EXACT"", ""match_score"": 100.0, ""source_dataset"": ""RxNorm"", ""provenance"": ""rxnorm_drug_enrichment.csv""}"
E_RXN_001549,DRUG_001669,RXCUI_1734630,HAS_RXNORM_CONCEPT,RxNorm,RXN:DRUG_001669:1734630,HIGH_EXACT,HIGH_AUTHORITATIVE,"{""mapping_method"": ""exact_identifier_based"", ""resolution_status"": ""HIGH_EXACT"", ""match_score"": 100.0, ""source_dataset"": ""RxNorm"", ""provenance"": ""rxnorm_drug_enrichment.csv""}"
E_RXN_001550,DRUG_001670,RXCUI_1747556,HAS_RXNORM_CONCEPT,RxNorm,RXN:DRUG_001670:1747556,HIGH_EXACT,HIGH_AUTHORITATIVE,"{""mapping_method"": ""exact_identifier_based"", ""resolution_status"": ""HIGH_EXACT"", ""match_score"": 100.0, ""source_dataset"": ""RxNorm"", ""provenance"": ""rxnorm_drug_enrichment.csv""}"
E_RXN_001551,DRUG_001671,RXCUI_1652103,HAS_RXNORM_CONCEPT,RxNorm,RXN:DRUG_001671:1652103,HIGH_EXACT,HIGH_AUTHORITATIVE,"{""mapping_method"": ""exact_identifier_based"", ""resolution_status"": ""HIGH_EXACT"", ""match_score"": 100.0, ""source_dataset"": ""RxNorm"", ""provenance"": ""rxnorm_drug_enrichment.csv""}"
E_RXN_001552,DRUG_001672,RXCUI_877015,HAS_RXNORM_CONCEPT,RxNorm,RXN:DRUG_001672:877015,HIGH_EXACT,HIGH_AUTHORITATIVE,"{""mapping_method"": ""exact_identifier_based"", ""resolution_status"": ""HIGH_EXACT"", ""match_score"": 100.0, ""source_dataset"": ""RxNorm"", ""provenance"": ""rxnorm_drug_enrichment.csv""}"
E_RXN_001553,DRUG_001673,RXCUI_32009,HAS_RXNORM_CONCEPT,RxNorm,RXN:DRUG_001673:32009,HIGH_EXACT,HIGH_AUTHORITATIVE,"{""mapping_method"": ""exact_identifier_based"", ""resolution_status"": ""HIGH_EXACT"", ""match_score"": 100.0, ""source_dataset"": ""RxNorm"", ""provenance"": ""rxnorm_drug_enrichment.csv""}"
E_RXN_001554,DRUG_001674,RXCUI_32639,HAS_RXNORM_CONCEPT,RxNorm,RXN:DRUG_001674:32639,HIGH_EXACT,HIGH_AUTHORITATIVE,"{""mapping_method"": ""exact_identifier_based"", ""resolution_status"": ""HIGH_EXACT"", ""match_score"": 100.0, ""source_dataset"": ""RxNorm"", ""provenance"": ""rxnorm_drug_enrichment.csv""}"
E_RXN_001555,DRUG_001675,RXCUI_1799206,HAS_RXNORM_CONCEPT,RxNorm,RXN:DRUG_001675:1799206,HIGH_EXACT,HIGH_AUTHORITATIVE,"{""mapping_method"": ""exact_identifier_based"", ""resolution_status"": ""HIGH_EXACT"", ""match_score"": 100.0, ""source_dataset"": ""RxNorm"", ""provenance"": ""rxnorm_drug_enrichment.csv""}"
E_RXN_001556,DRUG_001677,RXCUI_4792,HAS_RXNORM_CONCEPT,RxNorm,RXN:DRUG_001677:4792,HIGH_EXACT,HIGH_AUTHORITATIVE,"{""mapping_method"": ""exact_identifier_based"", ""resolution_status"": ""HIGH_EXACT"", ""match_score"": 100.0, ""source_dataset"": ""RxNorm"", ""provenance"": ""rxnorm_drug_enrichment.csv""}"
E_RXN_001557,DRUG_001678,RXCUI_115243,HAS_RXNORM_CONCEPT,RxNorm,RXN:DRUG_001678:115243,HIGH_EXACT,HIGH_AUTHORITATIVE,"{""mapping_method"": ""exact_identifier_based"", ""resolution_status"": ""HIGH_EXACT"", ""match_score"": 100.0, ""source_dataset"": ""RxNorm"", ""provenance"": ""rxnorm_drug_enrichment.csv""}"
E_RXN_001558,DRUG_001679,RXCUI_1720882,HAS_RXNORM_CONCEPT,RxNorm,RXN:DRUG_001679:1720882,HIGH_EXACT,HIGH_AUTHORITATIVE,"{""mapping_method"": ""exact_identifier_based"", ""resolution_status"": ""HIGH_EXACT"", ""match_score"": 100.0, ""source_dataset"": ""RxNorm"", ""provenance"": ""rxnorm_drug_enrichment.csv""}"
E_RXN_001559,DRUG_001680,RXCUI_31930,HAS_RXNORM_CONCEPT,RxNorm,RXN:DRUG_001680:31930,HIGH_EXACT,HIGH_AUTHORITATIVE,"{""mapping_method"": ""exact_identifier_based"", ""resolution_status"": ""HIGH_EXACT"", ""match_score"": 100.0, ""source_dataset"": ""RxNorm"", ""provenance"": ""rxnorm_drug_enrichment.csv""}"
E_RXN_001560,DRUG_001682,RXCUI_1988390,HAS_RXNORM_CONCEPT,RxNorm,RXN:DRUG_001682:1988390,HIGH_EXACT,HIGH_AUTHORITATIVE,"{""mapping_method"": ""exact_identifier_based"", ""resolution_status"": ""HIGH_EXACT"", ""match_score"": 100.0, ""source_dataset"": ""RxNorm"", ""provenance"": ""rxnorm_drug_enrichment.csv""}"
E_RXN_001561,DRUG_001683,RXCUI_1876597,HAS_RXNORM_CONCEPT,RxNorm,RXN:DRUG_001683:1876597,HIGH_EXACT,HIGH_AUTHORITATIVE,"{""mapping_method"": ""exact_identifier_based"", ""resolution_status"": ""HIGH_EXACT"", ""match_score"": 100.0, ""source_dataset"": ""RxNorm"", ""provenance"": ""rxnorm_drug_enrichment.csv""}"
E_RXN_001562,DRUG_001684,RXCUI_27392,HAS_RXNORM_CONCEPT,RxNorm,RXN:DRUG_001684:27392,HIGH_EXACT,HIGH_AUTHORITATIVE,"{""mapping_method"": ""exact_identifier_based"", ""resolution_status"": ""HIGH_EXACT"", ""match_score"": 100.0, ""source_dataset"": ""RxNorm"", ""provenance"": ""rxnorm_drug_enrichment.csv""}"
E_RXN_001563,DRUG_001685,RXCUI_1873916,HAS_RXNORM_CONCEPT,RxNorm,RXN:DRUG_001685:1873916,HIGH_EXACT,HIGH_AUTHORITATIVE,"{""mapping_method"": ""exact_identifier_based"", ""resolution_status"": ""HIGH_EXACT"", ""match_score"": 100.0, ""source_dataset"": ""RxNorm"", ""provenance"": ""rxnorm_drug_enrichment.csv""}"
E_RXN_001564,DRUG_001687,RXCUI_1918231,HAS_RXNORM_CONCEPT,RxNorm,RXN:DRUG_001687:1918231,HIGH_EXACT,HIGH_AUTHORITATIVE,"{""mapping_method"": ""exact_identifier_based"", ""resolution_status"": ""HIGH_EXACT"", ""match_score"": 100.0, ""source_dataset"": ""RxNorm"", ""provenance"": ""rxnorm_drug_enrichment.csv""}"
E_RXN_001565,DRUG_001688,RXCUI_2047232,HAS_RXNORM_CONCEPT,RxNorm,RXN:DRUG_001688:2047232,HIGH_EXACT,HIGH_AUTHORITATIVE,"{""mapping_method"": ""exact_identifier_based"", ""resolution_status"": ""HIGH_EXACT"", ""match_score"": 100.0, ""source_dataset"": ""RxNorm"", ""provenance"": ""rxnorm_drug_enrichment.csv""}"
E_RXN_001566,DRUG_001689,RXCUI_1940643,HAS_RXNORM_CONCEPT,RxNorm,RXN:DRUG_001689:1940643,HIGH_EXACT,HIGH_AUTHORITATIVE,"{""mapping_method"": ""exact_identifier_based"", ""resolution_status"": ""HIGH_EXACT"", ""match_score"": 100.0, ""source_dataset"": ""RxNorm"", ""provenance"": ""rxnorm_drug_enrichment.csv""}"
E_RXN_001567,DRUG_001690,RXCUI_1918219,HAS_RXNORM_CONCEPT,RxNorm,RXN:DRUG_001690:1918219,HIGH_EXACT,HIGH_AUTHORITATIVE,"{""mapping_method"": ""exact_identifier_based"", ""resolution_status"": ""HIGH_EXACT"", ""match_score"": 100.0, ""source_dataset"": ""RxNorm"", ""provenance"": ""rxnorm_drug_enrichment.csv""}"
E_RXN_001568,DRUG_001691,RXCUI_22396,HAS_RXNORM_CONCEPT,RxNorm,RXN:DRUG_001691:22396,HIGH_EXACT,HIGH_AUTHORITATIVE,"{""mapping_method"": ""exact_identifier_based"", ""resolution_status"": ""HIGH_EXACT"", ""match_score"": 100.0, ""source_dataset"": ""RxNorm"", ""provenance"": ""rxnorm_drug_enrichment.csv""}"
E_RXN_001569,DRUG_001692,RXCUI_1927663,HAS_RXNORM_CONCEPT,RxNorm,RXN:DRUG_001692:1927663,HIGH_EXACT,HIGH_AUTHORITATIVE,"{""mapping_method"": ""exact_identifier_based"", ""resolution_status"": ""HIGH_EXACT"", ""match_score"": 100.0, ""source_dataset"": ""RxNorm"", ""provenance"": ""rxnorm_drug_enrichment.csv""}"
E_RXN_001570,DRUG_001693,RXCUI_18994,HAS_RXNORM_CONCEPT,RxNorm,RXN:DRUG_001693:18994,HIGH_EXACT,HIGH_AUTHORITATIVE,"{""mapping_method"": ""exact_identifier_based"", ""resolution_status"": ""HIGH_EXACT"", ""match_score"": 100.0, ""source_dataset"": ""RxNorm"", ""provenance"": ""rxnorm_drug_enrichment.csv""}"
E_RXN_001571,DRUG_001694,RXCUI_22759,HAS_RXNORM_CONCEPT,RxNorm,RXN:DRUG_001694:22759,HIGH_EXACT,HIGH_AUTHORITATIVE,"{""mapping_method"": ""exact_identifier_based"", ""resolution_status"": ""HIGH_EXACT"", ""match_score"": 100.0, ""source_dataset"": ""RxNorm"", ""provenance"": ""rxnorm_drug_enrichment.csv""}"
E_RXN_001572,DRUG_001695,RXCUI_1946825,HAS_RXNORM_CONCEPT,RxNorm,RXN:DRUG_001695:1946825,HIGH_EXACT,HIGH_AUTHORITATIVE,"{""mapping_method"": ""exact_identifier_based"", ""resolution_status"": ""HIGH_EXACT"", ""match_score"": 100.0, ""source_dataset"": ""RxNorm"", ""provenance"": ""rxnorm_drug_enrichment.csv""}"
E_RXN_001573,DRUG_001696,RXCUI_1939323,HAS_RXNORM_CONCEPT,RxNorm,RXN:DRUG_001696:1939323,HIGH_EXACT,HIGH_AUTHORITATIVE,"{""mapping_method"": ""exact_identifier_based"", ""resolution_status"": ""HIGH_EXACT"", ""match_score"": 100.0, ""source_dataset"": ""RxNorm"", ""provenance"": ""rxnorm_drug_enrichment.csv""}"
E_RXN_001574,DRUG_001697,RXCUI_1988648,HAS_RXNORM_CONCEPT,RxNorm,RXN:DRUG_001697:1988648,HIGH_EXACT,HIGH_AUTHORITATIVE,"{""mapping_method"": ""exact_identifier_based"", ""resolution_status"": ""HIGH_EXACT"", ""match_score"": 100.0, ""source_dataset"": ""RxNorm"", ""provenance"": ""rxnorm_drug_enrichment.csv""}"
E_RXN_001575,DRUG_001698,RXCUI_1876905,HAS_RXNORM_CONCEPT,RxNorm,RXN:DRUG_001698:1876905,HIGH_EXACT,HIGH_AUTHORITATIVE,"{""mapping_method"": ""exact_identifier_based"", ""resolution_status"": ""HIGH_EXACT"", ""match_score"": 100.0, ""source_dataset"": ""RxNorm"", ""provenance"": ""rxnorm_drug_enrichment.csv""}"
E_RXN_001576,DRUG_001699,RXCUI_1921217,HAS_RXNORM_CONCEPT,RxNorm,RXN:DRUG_001699:1921217,HIGH_EXACT,HIGH_AUTHORITATIVE,"{""mapping_method"": ""exact_identifier_based"", ""resolution_status"": ""HIGH_EXACT"", ""match_score"": 100.0, ""source_dataset"": ""RxNorm"", ""provenance"": ""rxnorm_drug_enrichment.csv""}"
E_RXN_001577,DRUG_001700,RXCUI_55175,HAS_RXNORM_CONCEPT,RxNorm,RXN:DRUG_001700:55175,HIGH_EXACT,HIGH_AUTHORITATIVE,"{""mapping_method"": ""exact_identifier_based"", ""resolution_status"": ""HIGH_EXACT"", ""match_score"": 100.0, ""source_dataset"": ""RxNorm"", ""provenance"": ""rxnorm_drug_enrichment.csv""}"
E_RXN_001578,DRUG_001701,RXCUI_1862579,HAS_RXNORM_CONCEPT,RxNorm,RXN:DRUG_001701:1862579,HIGH_EXACT,HIGH_AUTHORITATIVE,"{""mapping_method"": ""exact_identifier_based"", ""resolution_status"": ""HIGH_EXACT"", ""match_score"": 100.0, ""source_dataset"": ""RxNorm"", ""provenance"": ""rxnorm_drug_enrichment.csv""}"
E_RXN_001579,DRUG_001702,RXCUI_1927851,HAS_RXNORM_CONCEPT,RxNorm,RXN:DRUG_001702:1927851,HIGH_EXACT,HIGH_AUTHORITATIVE,"{""mapping_method"": ""exact_identifier_based"", ""resolution_status"": ""HIGH_EXACT"", ""match_score"": 100.0, ""source_dataset"": ""RxNorm"", ""provenance"": ""rxnorm_drug_enrichment.csv""}"
E_RXN_001580,DRUG_001703,RXCUI_1945077,HAS_RXNORM_CONCEPT,RxNorm,RXN:DRUG_001703:1945077,HIGH_EXACT,HIGH_AUTHORITATIVE,"{""mapping_method"": ""exact_identifier_based"", ""resolution_status"": ""HIGH_EXACT"", ""match_score"": 100.0, ""source_dataset"": ""RxNorm"", ""provenance"": ""rxnorm_drug_enrichment.csv""}"
E_RXN_001581,DRUG_001706,RXCUI_1994739,HAS_RXNORM_CONCEPT,RxNorm,RXN:DRUG_001706:1994739,HIGH_EXACT,HIGH_AUTHORITATIVE,"{""mapping_method"": ""exact_identifier_based"", ""resolution_status"": ""HIGH_EXACT"", ""match_score"": 100.0, ""source_dataset"": ""RxNorm"", ""provenance"": ""rxnorm_drug_enrichment.csv""}"
E_RXN_001582,DRUG_001707,RXCUI_10588,HAS_RXNORM_CONCEPT,RxNorm,RXN:DRUG_001707:10588,HIGH_EXACT,HIGH_AUTHORITATIVE,"{""mapping_method"": ""exact_identifier_based"", ""resolution_status"": ""HIGH_EXACT"", ""match_score"": 100.0, ""source_dataset"": ""RxNorm"", ""provenance"": ""rxnorm_drug_enrichment.csv""}"
E_RXN_001583,DRUG_001708,RXCUI_25806,HAS_RXNORM_CONCEPT,RxNorm,RXN:DRUG_001708:25806,HIGH_EXACT,HIGH_AUTHORITATIVE,"{""mapping_method"": ""exact_identifier_based"", ""resolution_status"": ""HIGH_EXACT"", ""match_score"": 100.0, ""source_dataset"": ""RxNorm"", ""provenance"": ""rxnorm_drug_enrichment.csv""}"
E_RXN_001584,DRUG_001710,RXCUI_1796118,HAS_RXNORM_CONCEPT,RxNorm,RXN:DRUG_001710:1796118,HIGH_EXACT,HIGH_AUTHORITATIVE,"{""mapping_method"": ""exact_identifier_based"", ""resolution_status"": ""HIGH_EXACT"", ""match_score"": 100.0, ""source_dataset"": ""RxNorm"", ""provenance"": ""rxnorm_drug_enrichment.csv""}"
E_RXN_001585,DRUG_001711,RXCUI_19461,HAS_RXNORM_CONCEPT,RxNorm,RXN:DRUG_001711:19461,HIGH_EXACT,HIGH_AUTHORITATIVE,"{""mapping_method"": ""exact_identifier_based"", ""resolution_status"": ""HIGH_EXACT"", ""match_score"": 100.0, ""source_dataset"": ""RxNorm"", ""provenance"": ""rxnorm_drug_enrichment.csv""}"
E_RXN_001586,DRUG_001712,RXCUI_108074,HAS_RXNORM_CONCEPT,RxNorm,RXN:DRUG_001712:108074,HIGH_EXACT,HIGH_AUTHORITATIVE,"{""mapping_method"": ""exact_identifier_based"", ""resolution_status"": ""HIGH_EXACT"", ""match_score"": 100.0, ""source_dataset"": ""RxNorm"", ""provenance"": ""rxnorm_drug_enrichment.csv""}"
E_RXN_001587,DRUG_001714,RXCUI_10864,HAS_RXNORM_CONCEPT,RxNorm,RXN:DRUG_001714:10864,HIGH_EXACT,HIGH_AUTHORITATIVE,"{""mapping_method"": ""exact_identifier_based"", ""resolution_status"": ""HIGH_EXACT"", ""match_score"": 100.0, ""source_dataset"": ""RxNorm"", ""provenance"": ""rxnorm_drug_enrichment.csv""}"
E_RXN_001588,DRUG_001715,RXCUI_47622,HAS_RXNORM_CONCEPT,RxNorm,RXN:DRUG_001715:47622,HIGH_EXACT,HIGH_AUTHORITATIVE,"{""mapping_method"": ""exact_identifier_based"", ""resolution_status"": ""HIGH_EXACT"", ""match_score"": 100.0, ""source_dataset"": ""RxNorm"", ""provenance"": ""rxnorm_drug_enrichment.csv""}"
E_RXN_001589,DRUG_001716,RXCUI_2534464,HAS_RXNORM_CONCEPT,RxNorm,RXN:DRUG_001716:2534464,HIGH_EXACT,HIGH_AUTHORITATIVE,"{""mapping_method"": ""exact_identifier_based"", ""resolution_status"": ""HIGH_EXACT"", ""match_score"": 100.0, ""source_dataset"": ""RxNorm"", ""provenance"": ""rxnorm_drug_enrichment.csv""}"
E_RXN_001590,DRUG_001717,RXCUI_17614,HAS_RXNORM_CONCEPT,RxNorm,RXN:DRUG_001717:17614,HIGH_EXACT,HIGH_AUTHORITATIVE,"{""mapping_method"": ""exact_identifier_based"", ""resolution_status"": ""HIGH_EXACT"", ""match_score"": 100.0, ""source_dataset"": ""RxNorm"", ""provenance"": ""rxnorm_drug_enrichment.csv""}"
E_RXN_001591,DRUG_001718,RXCUI_38623,HAS_RXNORM_CONCEPT,RxNorm,RXN:DRUG_001718:38623,HIGH_EXACT,HIGH_AUTHORITATIVE,"{""mapping_method"": ""exact_identifier_based"", ""resolution_status"": ""HIGH_EXACT"", ""match_score"": 100.0, ""source_dataset"": ""RxNorm"", ""provenance"": ""rxnorm_drug_enrichment.csv""}"
E_RXN_001592,DRUG_001719,RXCUI_16695,HAS_RXNORM_CONCEPT,RxNorm,RXN:DRUG_001719:16695,HIGH_EXACT,HIGH_AUTHORITATIVE,"{""mapping_method"": ""exact_identifier_based"", ""resolution_status"": ""HIGH_EXACT"", ""match_score"": 100.0, ""source_dataset"": ""RxNorm"", ""provenance"": ""rxnorm_drug_enrichment.csv""}"
E_RXN_001593,DRUG_001720,RXCUI_28894,HAS_RXNORM_CONCEPT,RxNorm,RXN:DRUG_001720:28894,HIGH_EXACT,HIGH_AUTHORITATIVE,"{""mapping_method"": ""exact_identifier_based"", ""resolution_status"": ""HIGH_EXACT"", ""match_score"": 100.0, ""source_dataset"": ""RxNorm"", ""provenance"": ""rxnorm_drug_enrichment.csv""}"
E_RXN_001594,DRUG_001721,RXCUI_24852,HAS_RXNORM_CONCEPT,RxNorm,RXN:DRUG_001721:24852,HIGH_EXACT,HIGH_AUTHORITATIVE,"{""mapping_method"": ""exact_identifier_based"", ""resolution_status"": ""HIGH_EXACT"", ""match_score"": 100.0, ""source_dataset"": ""RxNorm"", ""provenance"": ""rxnorm_drug_enrichment.csv""}"
E_RXN_001595,DRUG_001722,RXCUI_1940332,HAS_RXNORM_CONCEPT,RxNorm,RXN:DRUG_001722:1940332,HIGH_EXACT,HIGH_AUTHORITATIVE,"{""mapping_method"": ""exact_identifier_based"", ""resolution_status"": ""HIGH_EXACT"", ""match_score"": 100.0, ""source_dataset"": ""RxNorm"", ""provenance"": ""rxnorm_drug_enrichment.csv""}"
E_RXN_001596,DRUG_001723,RXCUI_1940636,HAS_RXNORM_CONCEPT,RxNorm,RXN:DRUG_001723:1940636,HIGH_EXACT,HIGH_AUTHORITATIVE,"{""mapping_method"": ""exact_identifier_based"", ""resolution_status"": ""HIGH_EXACT"", ""match_score"": 100.0, ""source_dataset"": ""RxNorm"", ""provenance"": ""rxnorm_drug_enrichment.csv""}"
E_RXN_001597,DRUG_001724,RXCUI_1940635,HAS_RXNORM_CONCEPT,RxNorm,RXN:DRUG_001724:1940635,HIGH_EXACT,HIGH_AUTHORITATIVE,"{""mapping_method"": ""exact_identifier_based"", ""resolution_status"": ""HIGH_EXACT"", ""match_score"": 100.0, ""source_dataset"": ""RxNorm"", ""provenance"": ""rxnorm_drug_enrichment.csv""}"
E_RXN_001598,DRUG_001725,RXCUI_676679,HAS_RXNORM_CONCEPT,RxNorm,RXN:DRUG_001725:676679,HIGH_EXACT,HIGH_AUTHORITATIVE,"{""mapping_method"": ""exact_identifier_based"", ""resolution_status"": ""HIGH_EXACT"", ""match_score"": 100.0, ""source_dataset"": ""RxNorm"", ""provenance"": ""rxnorm_drug_enrichment.csv""}"
E_RXN_001599,DRUG_001727,RXCUI_4617,HAS_RXNORM_CONCEPT,RxNorm,RXN:DRUG_001727:4617,HIGH_EXACT,HIGH_AUTHORITATIVE,"{""mapping_method"": ""exact_name_lookup"", ""resolution_status"": ""HIGH_EXACT"", ""match_score"": 100.0, ""source_dataset"": ""RxNorm"", ""provenance"": ""rxnorm_drug_enrichment.csv""}"
E_RXN_001600,DRUG_001729,RXCUI_1316581,HAS_RXNORM_CONCEPT,RxNorm,RXN:DRUG_001729:1316581,HIGH_EXACT,HIGH_AUTHORITATIVE,"{""mapping_method"": ""exact_name_lookup"", ""resolution_status"": ""HIGH_EXACT"", ""match_score"": 100.0, ""source_dataset"": ""RxNorm"", ""provenance"": ""rxnorm_drug_enrichment.csv""}"
E_RXN_001601,DRUG_001734,RXCUI_1426598,HAS_RXNORM_CONCEPT,RxNorm,RXN:DRUG_001734:1426598,HIGH_EXACT,HIGH_AUTHORITATIVE,"{""mapping_method"": ""exact_name_lookup"", ""resolution_status"": ""HIGH_EXACT"", ""match_score"": 100.0, ""source_dataset"": ""RxNorm"", ""provenance"": ""rxnorm_drug_enrichment.csv""}"
E_RXN_001602,DRUG_001740,RXCUI_1272,HAS_RXNORM_CONCEPT,RxNorm,RXN:DRUG_001740:1272,LOW_APPROXIMATE,HIGH_AUTHORITATIVE,"{""mapping_method"": ""approximate_lookup"", ""resolution_status"": ""LOW_APPROXIMATE"", ""match_score"": 75.0, ""source_dataset"": ""RxNorm"", ""provenance"": ""rxnorm_drug_enrichment.csv""}"
E_RXN_001603,DRUG_001743,RXCUI_214354,HAS_RXNORM_CONCEPT,RxNorm,RXN:DRUG_001743:214354,HIGH_EXACT,HIGH_AUTHORITATIVE,"{""mapping_method"": ""exact_name_lookup"", ""resolution_status"": ""HIGH_EXACT"", ""match_score"": 100.0, ""source_dataset"": ""RxNorm"", ""provenance"": ""rxnorm_drug_enrichment.csv""}"
E_RXN_001604,DRUG_001755,RXCUI_68373,HAS_RXNORM_CONCEPT,RxNorm,RXN:DRUG_001755:68373,HIGH_EXACT,HIGH_AUTHORITATIVE,"{""mapping_method"": ""exact_name_lookup"", ""resolution_status"": ""HIGH_EXACT"", ""match_score"": 100.0, ""source_dataset"": ""RxNorm"", ""provenance"": ""rxnorm_drug_enrichment.csv""}"
E_RXN_001605,DRUG_001762,RXCUI_5032,HAS_RXNORM_CONCEPT,RxNorm,RXN:DRUG_001762:5032,HIGH_EXACT,HIGH_AUTHORITATIVE,"{""mapping_method"": ""exact_name_lookup"", ""resolution_status"": ""HIGH_EXACT"", ""match_score"": 100.0, ""source_dataset"": ""RxNorm"", ""provenance"": ""rxnorm_drug_enrichment.csv""}"
E_RXN_001606,DRUG_001768,RXCUI_6984,HAS_RXNORM_CONCEPT,RxNorm,RXN:DRUG_001768:6984,HIGH_EXACT,HIGH_AUTHORITATIVE,"{""mapping_method"": ""exact_name_lookup"", ""resolution_status"": ""HIGH_EXACT"", ""match_score"": 100.0, ""source_dataset"": ""RxNorm"", ""provenance"": ""rxnorm_drug_enrichment.csv""}"
E_RXN_001607,DRUG_001774,RXCUI_7966,HAS_RXNORM_CONCEPT,RxNorm,RXN:DRUG_001774:7966,HIGH_EXACT,HIGH_AUTHORITATIVE,"{""mapping_method"": ""exact_name_lookup"", ""resolution_status"": ""HIGH_EXACT"", ""match_score"": 100.0, ""source_dataset"": ""RxNorm"", ""provenance"": ""rxnorm_drug_enrichment.csv""}"
E_RXN_001608,DRUG_001779,RXCUI_232158,HAS_RXNORM_CONCEPT,RxNorm,RXN:DRUG_001779:232158,HIGH_EXACT,HIGH_AUTHORITATIVE,"{""mapping_method"": ""exact_name_lookup"", ""resolution_status"": ""HIGH_EXACT"", ""match_score"": 100.0, ""source_dataset"": ""RxNorm"", ""provenance"": ""rxnorm_drug_enrichment.csv""}"
E_RXN_001609,DRUG_001786,RXCUI_6691,HAS_RXNORM_CONCEPT,RxNorm,RXN:DRUG_001786:6691,HIGH_EXACT,HIGH_AUTHORITATIVE,"{""mapping_method"": ""exact_name_lookup"", ""resolution_status"": ""HIGH_EXACT"", ""match_score"": 100.0, ""source_dataset"": ""RxNorm"", ""provenance"": ""rxnorm_drug_enrichment.csv""}"
E_RXN_001610,DRUG_001787,RXCUI_594680,HAS_RXNORM_CONCEPT,RxNorm,RXN:DRUG_001787:594680,HIGH_EXACT,HIGH_AUTHORITATIVE,"{""mapping_method"": ""exact_name_lookup"", ""resolution_status"": ""HIGH_EXACT"", ""match_score"": 100.0, ""source_dataset"": ""RxNorm"", ""provenance"": ""rxnorm_drug_enrichment.csv""}"
E_RXN_001611,DRUG_001788,RXCUI_18330,HAS_RXNORM_CONCEPT,RxNorm,RXN:DRUG_001788:18330,HIGH_EXACT,HIGH_AUTHORITATIVE,"{""mapping_method"": ""exact_name_lookup"", ""resolution_status"": ""HIGH_EXACT"", ""match_score"": 100.0, ""source_dataset"": ""RxNorm"", ""provenance"": ""rxnorm_drug_enrichment.csv""}"
E_RXN_001612,DRUG_001789,RXCUI_6703,HAS_RXNORM_CONCEPT,RxNorm,RXN:DRUG_001789:6703,HIGH_EXACT,HIGH_AUTHORITATIVE,"{""mapping_method"": ""exact_name_lookup"", ""resolution_status"": ""HIGH_EXACT"", ""match_score"": 100.0, ""source_dataset"": ""RxNorm"", ""provenance"": ""rxnorm_drug_enrichment.csv""}"
E_RXN_001613,DRUG_001804,RXCUI_82819,HAS_RXNORM_CONCEPT,RxNorm,RXN:DRUG_001804:82819,HIGH_EXACT,HIGH_AUTHORITATIVE,"{""mapping_method"": ""exact_name_lookup"", ""resolution_status"": ""HIGH_EXACT"", ""match_score"": 100.0, ""source_dataset"": ""RxNorm"", ""provenance"": ""rxnorm_drug_enrichment.csv""}"
E_RXN_001614,DRUG_001809,RXCUI_278567,HAS_RXNORM_CONCEPT,RxNorm,RXN:DRUG_001809:278567,HIGH_EXACT,HIGH_AUTHORITATIVE,"{""mapping_method"": ""exact_name_lookup"", ""resolution_status"": ""HIGH_EXACT"", ""match_score"": 100.0, ""source_dataset"": ""RxNorm"", ""provenance"": ""rxnorm_drug_enrichment.csv""}"
E_RXN_001615,DRUG_001810,RXCUI_118463,HAS_RXNORM_CONCEPT,RxNorm,RXN:DRUG_001810:118463,HIGH_EXACT,HIGH_AUTHORITATIVE,"{""mapping_method"": ""exact_name_lookup"", ""resolution_status"": ""HIGH_EXACT"", ""match_score"": 100.0, ""source_dataset"": ""RxNorm"", ""provenance"": ""rxnorm_drug_enrichment.csv""}"
E_RXN_001616,DRUG_001815,RXCUI_228833,HAS_RXNORM_CONCEPT,RxNorm,RXN:DRUG_001815:228833,HIGH_EXACT,HIGH_AUTHORITATIVE,"{""mapping_method"": ""exact_name_lookup"", ""resolution_status"": ""HIGH_EXACT"", ""match_score"": 100.0, ""source_dataset"": ""RxNorm"", ""provenance"": ""rxnorm_drug_enrichment.csv""}"
