internal_drug_id,entity_type,status,properties
DRUG_000045,CONFIRMED_INTEGRATED_ENTITY,AMBIGUOUS_CLINICAL_MAPPING,"{'source_membership': 'both', 'canonical_smiles': 'CC(C)(N)Cc1ccccc1', 'inchikey': 'DHHVAGZRUROJKS-UHFFFAOYSA-N', 'name_source': 'pubchem_cid_lookup', 'name_resolution_status': 'PUBCHEM_TITLE_CANDIDATE', 'rxnorm_match_status': 'AMBIGUOUS_CLINICAL_MAPPING', 'rxnorm_match_method': 'conflict_resolution', 'match_score': 0.0, 'enrichment_confidence': 'AMBIGUOUS_CLINICAL_MAPPING', 'created_from_phase': 'Phase 1 & Phase 2'}"
DRUG_000048,CONFIRMED_INTEGRATED_ENTITY,AMBIGUOUS_CLINICAL_MAPPING,"{'source_membership': 'both', 'canonical_smiles': 'OC(Cn1cncn1)(Cn1cncn1)c1ccc(F)cc1F', 'inchikey': 'RFHAOTPXVQNOHP-UHFFFAOYSA-N', 'name_source': 'pubchem_cid_lookup', 'name_resolution_status': 'PUBCHEM_TITLE_CANDIDATE', 'rxnorm_match_status': 'AMBIGUOUS_CLINICAL_MAPPING', 'rxnorm_match_method': 'conflict_resolution', 'match_score': 0.0, 'enrichment_confidence': 'AMBIGUOUS_CLINICAL_MAPPING', 'created_from_phase': 'Phase 1 & Phase 2'}"
DRUG_000062,CONFIRMED_INTEGRATED_ENTITY,NO_MATCH,"{'source_membership': 'drugbank_only', 'canonical_smiles': 'CC(C)(C)S(=O)(=O)CC(Cc1ccccc1)C(=O)NC(Cc1cnc[nH]1)C(=O)NC(CC1CCCCC1)C(O)C(O)C1CC1', 'inchikey': 'UXIGZRQVLGFTOU-VQXQMPIVSA-N', 'name_source': 'pubchem_inchikey_lookup', 'name_resolution_status': 'PUBCHEM_TITLE_CANDIDATE', 'rxnorm_match_status': 'NO_MATCH', 'rxnorm_match_method': 'none', 'match_score': 0.0, 'enrichment_confidence': 'NO_MATCH', 'created_from_phase': 'Phase 1 & Phase 2'}"
DRUG_000116,CONFIRMED_INTEGRATED_ENTITY,NO_MATCH,"{'source_membership': 'drugbank_only', 'canonical_smiles': 'CON=C(C(=O)NC1C(=O)N2C(C(=O)O)=C(CSc3nnnn3C)CSC12)c1csc(N)n1', 'inchikey': 'HJJDBAOLQAWBMH-YCRCPZNHSA-N', 'name_source': 'pubchem_inchikey_lookup', 'name_resolution_status': 'PUBCHEM_TITLE_CANDIDATE', 'rxnorm_match_status': 'NO_MATCH', 'rxnorm_match_method': 'none', 'match_score': 0.0, 'enrichment_confidence': 'NO_MATCH', 'created_from_phase': 'Phase 1 & Phase 2'}"
DRUG_000129,CONFIRMED_INTEGRATED_ENTITY,AMBIGUOUS_CLINICAL_MAPPING,"{'source_membership': 'both', 'canonical_smiles': 'NCCC(O)(P(=O)(O)O)P(=O)(O)O', 'inchikey': 'WRUUGTRCQOWXEG-UHFFFAOYSA-N', 'name_source': 'pubchem_cid_lookup', 'name_resolution_status': 'PUBCHEM_TITLE_CANDIDATE', 'rxnorm_match_status': 'AMBIGUOUS_CLINICAL_MAPPING', 'rxnorm_match_method': 'conflict_resolution', 'match_score': 0.0, 'enrichment_confidence': 'AMBIGUOUS_CLINICAL_MAPPING', 'created_from_phase': 'Phase 1 & Phase 2'}"
DRUG_000145,AMBIGUOUS_MAPPING_COMPONENT,NO_MATCH,"{'source_membership': 'twosides_only', 'canonical_smiles': 'CCCCN1CCCCC1C(=O)Nc1c(C)cccc1C', 'inchikey': 'LEBVLXFERQHONN-UHFFFAOYSA-N', 'name_source': 'pubchem_cid_lookup', 'name_resolution_status': 'PUBCHEM_TITLE_CANDIDATE', 'rxnorm_match_status': 'NO_MATCH', 'rxnorm_match_method': 'none', 'match_score': 0.0, 'enrichment_confidence': 'NO_MATCH', 'created_from_phase': 'Phase 1 & Phase 2'}"
DRUG_000239,CONFIRMED_INTEGRATED_ENTITY,AMBIGUOUS_CLINICAL_MAPPING,"{'source_membership': 'both', 'canonical_smiles': 'O=P(O)(O)C(O)(Cn1ccnc1)P(=O)(O)O', 'inchikey': 'XRASPMIURGNCCH-UHFFFAOYSA-N', 'name_source': 'pubchem_cid_lookup', 'name_resolution_status': 'PUBCHEM_TITLE_CANDIDATE', 'rxnorm_match_status': 'AMBIGUOUS_CLINICAL_MAPPING', 'rxnorm_match_method': 'conflict_resolution', 'match_score': 0.0, 'enrichment_confidence': 'AMBIGUOUS_CLINICAL_MAPPING', 'created_from_phase': 'Phase 1 & Phase 2'}"
DRUG_000265,AMBIGUOUS_MAPPING_COMPONENT,NO_MATCH,"{'source_membership': 'twosides_only', 'canonical_smiles': 'CN1C2CCC1CC(OC(=O)C(CO)c1ccccc1)C2', 'inchikey': 'RKUNBYITZUJHSG-UHFFFAOYSA-N', 'name_source': 'pubchem_cid_lookup', 'name_resolution_status': 'PUBCHEM_TITLE_CANDIDATE', 'rxnorm_match_status': 'NO_MATCH', 'rxnorm_match_method': 'none', 'match_score': 0.0, 'enrichment_confidence': 'NO_MATCH', 'created_from_phase': 'Phase 1 & Phase 2'}"
DRUG_000271,CONFIRMED_INTEGRATED_ENTITY,NO_MATCH,"{'source_membership': 'drugbank_only', 'canonical_smiles': 'Cc1cc(O)c(C(=O)NC(C(=O)NC2C(=O)N3C(C(=O)O)=C(CSc4nnnn4C)CSC23)c2ccc(O)cc2)cn1', 'inchikey': 'PWAUCHMQEXVFJR-PMAPCBKXSA-N', 'name_source': 'pubchem_inchikey_lookup', 'name_resolution_status': 'PUBCHEM_TITLE_CANDIDATE', 'rxnorm_match_status': 'NO_MATCH', 'rxnorm_match_method': 'none', 'match_score': 0.0, 'enrichment_confidence': 'NO_MATCH', 'created_from_phase': 'Phase 1 & Phase 2'}"
DRUG_000284,AMBIGUOUS_MAPPING_COMPONENT,NO_MATCH,"{'source_membership': 'twosides_only', 'canonical_smiles': 'CC1CC2C3CCC4=CC(=O)C=CC4(C)C3(F)C(O)CC2(C)C1(O)C(=O)CO', 'inchikey': 'UREBDLICKHMUKA-UHFFFAOYSA-N', 'name_source': 'pubchem_cid_lookup', 'name_resolution_status': 'PUBCHEM_TITLE_CANDIDATE', 'rxnorm_match_status': 'NO_MATCH', 'rxnorm_match_method': 'none', 'match_score': 0.0, 'enrichment_confidence': 'NO_MATCH', 'created_from_phase': 'Phase 1 & Phase 2'}"
DRUG_000295,CONFIRMED_INTEGRATED_ENTITY,NO_MATCH,"{'source_membership': 'drugbank_only', 'canonical_smiles': 'CN(C)C1C(O)=C(C(=O)NCO)C(=O)C2(O)C(O)=C3C(=O)c4c(O)ccc(Cl)c4C(C)(O)C3CC12', 'inchikey': 'GJGDLRSSCNAKGL-KMVLDZISSA-N', 'name_source': 'none', 'name_resolution_status': 'NO_NAME_CANDIDATE', 'rxnorm_match_status': 'NO_MATCH', 'rxnorm_match_method': 'none', 'match_score': 0.0, 'enrichment_confidence': 'NO_MATCH', 'created_from_phase': 'Phase 1 & Phase 2'}"
DRUG_000309,AMBIGUOUS_MAPPING_COMPONENT,NO_MATCH,"{'source_membership': 'twosides_only', 'canonical_smiles': 'C=CC1CN2CCC1CC2C(O)c1ccnc2ccc(OC)cc12', 'inchikey': 'LOUPRKONTZGTKE-UHFFFAOYSA-N', 'name_source': 'pubchem_cid_lookup', 'name_resolution_status': 'PUBCHEM_TITLE_CANDIDATE', 'rxnorm_match_status': 'NO_MATCH', 'rxnorm_match_method': 'none', 'match_score': 0.0, 'enrichment_confidence': 'NO_MATCH', 'created_from_phase': 'Phase 1 & Phase 2'}"
DRUG_000358,AMBIGUOUS_MAPPING_COMPONENT,NO_MATCH,"{'source_membership': 'twosides_only', 'canonical_smiles': 'CC(C=CC1=C(C)CCCC1(C)C)=CC=CC(C)=CC(=O)O', 'inchikey': 'SHGAZHPCJJPHSC-UHFFFAOYSA-N', 'name_source': 'pubchem_cid_lookup', 'name_resolution_status': 'PUBCHEM_TITLE_CANDIDATE', 'rxnorm_match_status': 'NO_MATCH', 'rxnorm_match_method': 'none', 'match_score': 0.0, 'enrichment_confidence': 'NO_MATCH', 'created_from_phase': 'Phase 1 & Phase 2'}"
DRUG_000366,CONFIRMED_INTEGRATED_ENTITY,AMBIGUOUS_CLINICAL_MAPPING,"{'source_membership': 'both', 'canonical_smiles': 'O=P1(N(CCCl)CCCl)NCCCO1', 'inchikey': 'CMSMOCZEIVJLDB-UHFFFAOYSA-N', 'name_source': 'pubchem_cid_lookup', 'name_resolution_status': 'PUBCHEM_TITLE_CANDIDATE', 'rxnorm_match_status': 'AMBIGUOUS_CLINICAL_MAPPING', 'rxnorm_match_method': 'conflict_resolution', 'match_score': 0.0, 'enrichment_confidence': 'AMBIGUOUS_CLINICAL_MAPPING', 'created_from_phase': 'Phase 1 & Phase 2'}"
DRUG_000376,CONFIRMED_INTEGRATED_ENTITY,NO_MATCH,"{'source_membership': 'drugbank_only', 'canonical_smiles': 'CN(C)Cc1nnc2n1-c1ccc(Cl)cc1C(c1ccccc1)=NC2', 'inchikey': 'GJSLOMWRLALDCT-UHFFFAOYSA-N', 'name_source': 'pubchem_inchikey_lookup', 'name_resolution_status': 'PUBCHEM_TITLE_CANDIDATE', 'rxnorm_match_status': 'NO_MATCH', 'rxnorm_match_method': 'none', 'match_score': 0.0, 'enrichment_confidence': 'NO_MATCH', 'created_from_phase': 'Phase 1 & Phase 2'}"
DRUG_000388,CONFIRMED_INTEGRATED_ENTITY,AMBIGUOUS_CLINICAL_MAPPING,"{'source_membership': 'both', 'canonical_smiles': 'COc1ccccc1Oc1c(NS(=O)(=O)c2ccc(C(C)(C)C)cc2)nc(-c2ncccn2)nc1OCCO', 'inchikey': 'GJPICJJJRGTNOD-UHFFFAOYSA-N', 'name_source': 'pubchem_cid_lookup', 'name_resolution_status': 'PUBCHEM_TITLE_CANDIDATE', 'rxnorm_match_status': 'AMBIGUOUS_CLINICAL_MAPPING', 'rxnorm_match_method': 'conflict_resolution', 'match_score': 0.0, 'enrichment_confidence': 'AMBIGUOUS_CLINICAL_MAPPING', 'created_from_phase': 'Phase 1 & Phase 2'}"
DRUG_000503,CONFIRMED_INTEGRATED_ENTITY,NO_MATCH,"{'source_membership': 'drugbank_only', 'canonical_smiles': 'CC(=O)OCC1=C(C(=O)O)N2C(=O)C(NC(=O)C(N)c3ccccc3)C2SC1', 'inchikey': 'FUBBGQLTSCSAON-PBFPGSCMSA-N', 'name_source': 'pubchem_inchikey_lookup', 'name_resolution_status': 'PUBCHEM_TITLE_CANDIDATE', 'rxnorm_match_status': 'NO_MATCH', 'rxnorm_match_method': 'none', 'match_score': 0.0, 'enrichment_confidence': 'NO_MATCH', 'created_from_phase': 'Phase 1 & Phase 2'}"
DRUG_000541,AMBIGUOUS_MAPPING_COMPONENT,NO_MATCH,"{'source_membership': 'drugbank_only', 'canonical_smiles': 'COc1ccc(CC2c3cc(OC)c(OC)cc3CC[N+]2(C)CCC(=O)OCCCCCOC(=O)CC[N+]2(C)CCc3cc(OC)c(OC)cc3C2Cc2ccc(OC)c(OC)c2)cc1OC.O=S(=O)([O-])c1ccccc1.O=S(=O)([O-])c1ccccc1', 'inchikey': 'XXZSQOVSEBAPGS-DONVQRBFSA-L', 'name_source': 'pubchem_inchikey_lookup', 'name_resolution_status': 'PUBCHEM_TITLE_CANDIDATE', 'rxnorm_match_status': 'NO_MATCH', 'rxnorm_match_method': 'none', 'match_score': 0.0, 'enrichment_confidence': 'NO_MATCH', 'created_from_phase': 'Phase 1 & Phase 2'}"
DRUG_000576,CONFIRMED_INTEGRATED_ENTITY,NO_MATCH,"{'source_membership': 'drugbank_only', 'canonical_smiles': 'CCN(CC)CC(=O)OCC(=O)C1(O)CCC2C3CCC4=CC(=O)CCC4(C)C3C(O)CC21C', 'inchikey': 'FWFVLWGEFDIZMJ-FOMYWIRZSA-N', 'name_source': 'pubchem_inchikey_lookup', 'name_resolution_status': 'PUBCHEM_TITLE_CANDIDATE', 'rxnorm_match_status': 'NO_MATCH', 'rxnorm_match_method': 'none', 'match_score': 0.0, 'enrichment_confidence': 'NO_MATCH', 'created_from_phase': 'Phase 1 & Phase 2'}"
DRUG_000637,CONFIRMED_INTEGRATED_ENTITY,NO_MATCH,"{'source_membership': 'drugbank_only', 'canonical_smiles': 'NC(=O)CCCN=C(c1ccc(Cl)cc1)c1cc(F)ccc1O', 'inchikey': 'IBALRBWGSVJPAP-FXBPSFAMSA-N', 'name_source': 'none', 'name_resolution_status': 'NO_NAME_CANDIDATE', 'rxnorm_match_status': 'NO_MATCH', 'rxnorm_match_method': 'none', 'match_score': 0.0, 'enrichment_confidence': 'NO_MATCH', 'created_from_phase': 'Phase 1 & Phase 2'}"
DRUG_000678,CONFIRMED_INTEGRATED_ENTITY,AMBIGUOUS_CLINICAL_MAPPING,"{'source_membership': 'both', 'canonical_smiles': 'O=P(O)(O)C(O)(Cc1cccnc1)P(=O)(O)O', 'inchikey': 'IIDJRNMFWXDHID-UHFFFAOYSA-N', 'name_source': 'pubchem_cid_lookup', 'name_resolution_status': 'PUBCHEM_TITLE_CANDIDATE', 'rxnorm_match_status': 'AMBIGUOUS_CLINICAL_MAPPING', 'rxnorm_match_method': 'conflict_resolution', 'match_score': 0.0, 'enrichment_confidence': 'AMBIGUOUS_CLINICAL_MAPPING', 'created_from_phase': 'Phase 1 & Phase 2'}"
DRUG_000784,CONFIRMED_INTEGRATED_ENTITY,AMBIGUOUS_CLINICAL_MAPPING,"{'source_membership': 'both', 'canonical_smiles': 'NC(=O)NO', 'inchikey': 'VSNHCAURESNICA-UHFFFAOYSA-N', 'name_source': 'pubchem_cid_lookup', 'name_resolution_status': 'PUBCHEM_TITLE_CANDIDATE', 'rxnorm_match_status': 'AMBIGUOUS_CLINICAL_MAPPING', 'rxnorm_match_method': 'conflict_resolution', 'match_score': 0.0, 'enrichment_confidence': 'AMBIGUOUS_CLINICAL_MAPPING', 'created_from_phase': 'Phase 1 & Phase 2'}"
DRUG_000812,CONFIRMED_INTEGRATED_ENTITY,NO_MATCH,"{'source_membership': 'drugbank_only', 'canonical_smiles': 'CC=CCC=CCCC(=O)C1OC1C(N)=O', 'inchikey': 'GVEZIHKRYBHEFX-NQQPLRFYSA-N', 'name_source': 'pubchem_inchikey_lookup', 'name_resolution_status': 'PUBCHEM_TITLE_CANDIDATE', 'rxnorm_match_status': 'NO_MATCH', 'rxnorm_match_method': 'none', 'match_score': 0.0, 'enrichment_confidence': 'NO_MATCH', 'created_from_phase': 'Phase 1 & Phase 2'}"
DRUG_000820,CONFIRMED_INTEGRATED_ENTITY,AMBIGUOUS_CLINICAL_MAPPING,"{'source_membership': 'both', 'canonical_smiles': 'COc1c(N2CCNC(C)C2)c(F)cc2c(=O)c(C(=O)O)cn(C3CC3)c12', 'inchikey': 'XUBOMFCQGDBHNK-UHFFFAOYSA-N', 'name_source': 'pubchem_cid_lookup', 'name_resolution_status': 'PUBCHEM_TITLE_CANDIDATE', 'rxnorm_match_status': 'AMBIGUOUS_CLINICAL_MAPPING', 'rxnorm_match_method': 'conflict_resolution', 'match_score': 0.0, 'enrichment_confidence': 'AMBIGUOUS_CLINICAL_MAPPING', 'created_from_phase': 'Phase 1 & Phase 2'}"
DRUG_000861,CONFIRMED_INTEGRATED_ENTITY,NO_MATCH,"{'source_membership': 'drugbank_only', 'canonical_smiles': 'C[N+]1(CCCCC[N+]2(C)CCCC2)CCCC1', 'inchikey': 'XSBSKEQEUFOSDD-UHFFFAOYSA-N', 'name_source': 'pubchem_inchikey_lookup', 'name_resolution_status': 'PUBCHEM_TITLE_CANDIDATE', 'rxnorm_match_status': 'NO_MATCH', 'rxnorm_match_method': 'none', 'match_score': 0.0, 'enrichment_confidence': 'NO_MATCH', 'created_from_phase': 'Phase 1 & Phase 2'}"
DRUG_000912,CONFIRMED_INTEGRATED_ENTITY,AMBIGUOUS_CLINICAL_MAPPING,"{'source_membership': 'both', 'canonical_smiles': 'NCCCNCCSP(=O)(O)O', 'inchikey': 'JKOQGQFVAUAYPM-UHFFFAOYSA-N', 'name_source': 'pubchem_cid_lookup', 'name_resolution_status': 'PUBCHEM_TITLE_CANDIDATE', 'rxnorm_match_status': 'AMBIGUOUS_CLINICAL_MAPPING', 'rxnorm_match_method': 'conflict_resolution', 'match_score': 0.0, 'enrichment_confidence': 'AMBIGUOUS_CLINICAL_MAPPING', 'created_from_phase': 'Phase 1 & Phase 2'}"
DRUG_000967,CONFIRMED_INTEGRATED_ENTITY,NO_MATCH,"{'source_membership': 'drugbank_only', 'canonical_smiles': 'O=C(O)CCCCON=C(c1cccnc1)c1cccc(C(F)(F)F)c1', 'inchikey': 'GLLPUTYLZIKEGF-HAVVHWLPSA-N', 'name_source': 'pubchem_inchikey_lookup', 'name_resolution_status': 'PUBCHEM_TITLE_CANDIDATE', 'rxnorm_match_status': 'NO_MATCH', 'rxnorm_match_method': 'none', 'match_score': 0.0, 'enrichment_confidence': 'NO_MATCH', 'created_from_phase': 'Phase 1 & Phase 2'}"
DRUG_001000,CONFIRMED_INTEGRATED_ENTITY,NO_MATCH,"{'source_membership': 'drugbank_only', 'canonical_smiles': 'C[N+](C)(C)CCCCCCCCCC[N+](C)(C)C', 'inchikey': 'MTCUAOILFDZKCO-UHFFFAOYSA-N', 'name_source': 'pubchem_inchikey_lookup', 'name_resolution_status': 'PUBCHEM_TITLE_CANDIDATE', 'rxnorm_match_status': 'NO_MATCH', 'rxnorm_match_method': 'none', 'match_score': 0.0, 'enrichment_confidence': 'NO_MATCH', 'created_from_phase': 'Phase 1 & Phase 2'}"
DRUG_001007,CONFIRMED_INTEGRATED_ENTITY,NO_MATCH,"{'source_membership': 'drugbank_only', 'canonical_smiles': 'O=C(O)C(CC(=O)N1CC2CCCCC2C1)Cc1ccccc1', 'inchikey': 'WPGGHFDDFPHPOB-BBWFWOEESA-N', 'name_source': 'pubchem_inchikey_lookup', 'name_resolution_status': 'PUBCHEM_TITLE_CANDIDATE', 'rxnorm_match_status': 'NO_MATCH', 'rxnorm_match_method': 'none', 'match_score': 0.0, 'enrichment_confidence': 'NO_MATCH', 'created_from_phase': 'Phase 1 & Phase 2'}"
DRUG_001009,CONFIRMED_INTEGRATED_ENTITY,AMBIGUOUS_CLINICAL_MAPPING,"{'source_membership': 'both', 'canonical_smiles': 'Cc1nc(Nc2ncc(C(=O)Nc3c(C)cccc3Cl)s2)cc(N2CCN(CCO)CC2)n1', 'inchikey': 'ZBNZXTGUTAYRHI-UHFFFAOYSA-N', 'name_source': 'pubchem_cid_lookup', 'name_resolution_status': 'PUBCHEM_TITLE_CANDIDATE', 'rxnorm_match_status': 'AMBIGUOUS_CLINICAL_MAPPING', 'rxnorm_match_method': 'conflict_resolution', 'match_score': 0.0, 'enrichment_confidence': 'AMBIGUOUS_CLINICAL_MAPPING', 'created_from_phase': 'Phase 1 & Phase 2'}"
DRUG_001023,CONFIRMED_INTEGRATED_ENTITY,NO_MATCH,"{'source_membership': 'drugbank_only', 'canonical_smiles': 'CCC(C)C1NC(=O)C(Cc2ccc(OC)cc2)NC(=O)CCCSCC(C(=O)N2CCCC2C(=O)NC(CC(C)C)C(=O)NCC(N)=O)NC(=O)C(CC(N)=O)NC(=O)C(CCC(N)=O)NC1=O', 'inchikey': 'NSTRIRCPWQHTIA-DTRKZRJBSA-N', 'name_source': 'pubchem_inchikey_lookup', 'name_resolution_status': 'PUBCHEM_TITLE_CANDIDATE', 'rxnorm_match_status': 'NO_MATCH', 'rxnorm_match_method': 'none', 'match_score': 0.0, 'enrichment_confidence': 'NO_MATCH', 'created_from_phase': 'Phase 1 & Phase 2'}"
DRUG_001024,CONFIRMED_INTEGRATED_ENTITY,NO_MATCH,"{'source_membership': 'drugbank_only', 'canonical_smiles': 'Cc1ccc(Nc2c(F)cccc2Cl)c(CC(=O)O)c1', 'inchikey': 'KHPKQFYUPIUARC-UHFFFAOYSA-N', 'name_source': 'pubchem_inchikey_lookup', 'name_resolution_status': 'PUBCHEM_TITLE_CANDIDATE', 'rxnorm_match_status': 'NO_MATCH', 'rxnorm_match_method': 'none', 'match_score': 0.0, 'enrichment_confidence': 'NO_MATCH', 'created_from_phase': 'Phase 1 & Phase 2'}"
DRUG_001027,CONFIRMED_INTEGRATED_ENTITY,NO_MATCH,"{'source_membership': 'drugbank_only', 'canonical_smiles': 'Cc1cc(C(=O)NCCc2ccc(S(=O)(=O)NC(=O)NN3CCCCCC3)cc2)no1', 'inchikey': 'ZKUDBRCEOBOWLF-UHFFFAOYSA-N', 'name_source': 'pubchem_inchikey_lookup', 'name_resolution_status': 'PUBCHEM_TITLE_CANDIDATE', 'rxnorm_match_status': 'NO_MATCH', 'rxnorm_match_method': 'none', 'match_score': 0.0, 'enrichment_confidence': 'NO_MATCH', 'created_from_phase': 'Phase 1 & Phase 2'}"
DRUG_001030,CONFIRMED_INTEGRATED_ENTITY,NO_MATCH,"{'source_membership': 'drugbank_only', 'canonical_smiles': 'COc1ccc(CCNCC(O)COc2cccc(C)c2)cc1OC', 'inchikey': 'HXLAFSUPPDYFEO-UHFFFAOYSA-N', 'name_source': 'pubchem_inchikey_lookup', 'name_resolution_status': 'PUBCHEM_TITLE_CANDIDATE', 'rxnorm_match_status': 'NO_MATCH', 'rxnorm_match_method': 'none', 'match_score': 0.0, 'enrichment_confidence': 'NO_MATCH', 'created_from_phase': 'Phase 1 & Phase 2'}"
DRUG_001053,CONFIRMED_INTEGRATED_ENTITY,AMBIGUOUS_CLINICAL_MAPPING,"{'source_membership': 'both', 'canonical_smiles': 'CC(=O)OC1CC2CCC3C(CCC4(C)C3CC([N+]3(C)CCCCC3)C4OC(C)=O)C2(C)CC1N1CCCCC1', 'inchikey': 'BGSZAXLLHYERSY-XQIGCQGXSA-N', 'name_source': 'pubchem_cid_lookup', 'name_resolution_status': 'PUBCHEM_TITLE_CANDIDATE', 'rxnorm_match_status': 'AMBIGUOUS_CLINICAL_MAPPING', 'rxnorm_match_method': 'conflict_resolution', 'match_score': 0.0, 'enrichment_confidence': 'AMBIGUOUS_CLINICAL_MAPPING', 'created_from_phase': 'Phase 1 & Phase 2'}"
DRUG_001057,CONFIRMED_INTEGRATED_ENTITY,NO_MATCH,"{'source_membership': 'drugbank_only', 'canonical_smiles': 'Cc1nc(C)c2c(n1)N(Cc1ccc(-c3ccccc3-c3nn[nH]n3)cc1)C(=O)CC2', 'inchikey': 'ADXGNEYLLLSOAR-UHFFFAOYSA-N', 'name_source': 'pubchem_inchikey_lookup', 'name_resolution_status': 'PUBCHEM_TITLE_CANDIDATE', 'rxnorm_match_status': 'NO_MATCH', 'rxnorm_match_method': 'none', 'match_score': 0.0, 'enrichment_confidence': 'NO_MATCH', 'created_from_phase': 'Phase 1 & Phase 2'}"
DRUG_001060,CONFIRMED_INTEGRATED_ENTITY,NO_MATCH,"{'source_membership': 'drugbank_only', 'canonical_smiles': 'CN1C(=O)NC(=O)C(C)(C2=CCCCC2)C1=O', 'inchikey': 'UYXAWHWODHRRMR-UHFFFAOYSA-N', 'name_source': 'pubchem_inchikey_lookup', 'name_resolution_status': 'PUBCHEM_TITLE_CANDIDATE', 'rxnorm_match_status': 'NO_MATCH', 'rxnorm_match_method': 'none', 'match_score': 0.0, 'enrichment_confidence': 'NO_MATCH', 'created_from_phase': 'Phase 1 & Phase 2'}"
DRUG_001074,CONFIRMED_INTEGRATED_ENTITY,NO_MATCH,"{'source_membership': 'drugbank_only', 'canonical_smiles': 'CC1CC2C3CC(F)C4=CC(=O)C=CC4(C)C3C(O)CC2(C)C1(O)C(=O)CO', 'inchikey': 'MKPDWECBUAZOHP-AFYJWTTESA-N', 'name_source': 'pubchem_inchikey_lookup', 'name_resolution_status': 'PUBCHEM_TITLE_CANDIDATE', 'rxnorm_match_status': 'NO_MATCH', 'rxnorm_match_method': 'none', 'match_score': 0.0, 'enrichment_confidence': 'NO_MATCH', 'created_from_phase': 'Phase 1 & Phase 2'}"
DRUG_001091,CONFIRMED_INTEGRATED_ENTITY,NO_MATCH,"{'source_membership': 'drugbank_only', 'canonical_smiles': 'O=C(Nc1cccc2c(=O)cc(-c3nn[nH]n3)oc12)c1ccc(OCCCCc2ccccc2)cc1', 'inchikey': 'NBQKINXMPLXUET-UHFFFAOYSA-N', 'name_source': 'pubchem_inchikey_lookup', 'name_resolution_status': 'PUBCHEM_TITLE_CANDIDATE', 'rxnorm_match_status': 'NO_MATCH', 'rxnorm_match_method': 'none', 'match_score': 0.0, 'enrichment_confidence': 'NO_MATCH', 'created_from_phase': 'Phase 1 & Phase 2'}"
DRUG_001094,CONFIRMED_INTEGRATED_ENTITY,NO_MATCH,"{'source_membership': 'drugbank_only', 'canonical_smiles': 'CC(=O)OCC1=C(C(=O)O)N2C(=O)C(NC(=O)CC#N)C2SC1', 'inchikey': 'RRYMAQUWDLIUPV-BXKDBHETSA-N', 'name_source': 'pubchem_inchikey_lookup', 'name_resolution_status': 'PUBCHEM_TITLE_CANDIDATE', 'rxnorm_match_status': 'NO_MATCH', 'rxnorm_match_method': 'none', 'match_score': 0.0, 'enrichment_confidence': 'NO_MATCH', 'created_from_phase': 'Phase 1 & Phase 2'}"
DRUG_001100,CONFIRMED_INTEGRATED_ENTITY,NO_MATCH,"{'source_membership': 'drugbank_only', 'canonical_smiles': 'O=[N+]([O-])c1ccc(O)c2ncccc12', 'inchikey': 'RJIWZDNTCBHXAL-UHFFFAOYSA-N', 'name_source': 'pubchem_inchikey_lookup', 'name_resolution_status': 'PUBCHEM_TITLE_CANDIDATE', 'rxnorm_match_status': 'NO_MATCH', 'rxnorm_match_method': 'none', 'match_score': 0.0, 'enrichment_confidence': 'NO_MATCH', 'created_from_phase': 'Phase 1 & Phase 2'}"
DRUG_001101,CONFIRMED_INTEGRATED_ENTITY,NO_MATCH,"{'source_membership': 'drugbank_only', 'canonical_smiles': 'CC(SC(=O)c1cccs1)C(=O)NCC(=O)O', 'inchikey': 'JNYSEDHQJCOWQU-UHFFFAOYSA-N', 'name_source': 'pubchem_inchikey_lookup', 'name_resolution_status': 'PUBCHEM_TITLE_CANDIDATE', 'rxnorm_match_status': 'NO_MATCH', 'rxnorm_match_method': 'none', 'match_score': 0.0, 'enrichment_confidence': 'NO_MATCH', 'created_from_phase': 'Phase 1 & Phase 2'}"
DRUG_001105,CONFIRMED_INTEGRATED_ENTITY,NO_MATCH,"{'source_membership': 'drugbank_only', 'canonical_smiles': 'CCN(CC)CCCN(c1ccccc1)C1Cc2ccccc2C1', 'inchikey': 'NZLBHDRPUJLHCE-UHFFFAOYSA-N', 'name_source': 'pubchem_inchikey_lookup', 'name_resolution_status': 'PUBCHEM_TITLE_CANDIDATE', 'rxnorm_match_status': 'NO_MATCH', 'rxnorm_match_method': 'none', 'match_score': 0.0, 'enrichment_confidence': 'NO_MATCH', 'created_from_phase': 'Phase 1 & Phase 2'}"
DRUG_001114,CONFIRMED_INTEGRATED_ENTITY,NO_MATCH,"{'source_membership': 'drugbank_only', 'canonical_smiles': 'CCNC1C2CCC(C2)C1c1ccccc1', 'inchikey': 'IKFBPFGUINLYQI-UHFFFAOYSA-N', 'name_source': 'pubchem_inchikey_lookup', 'name_resolution_status': 'PUBCHEM_TITLE_CANDIDATE', 'rxnorm_match_status': 'NO_MATCH', 'rxnorm_match_method': 'none', 'match_score': 0.0, 'enrichment_confidence': 'NO_MATCH', 'created_from_phase': 'Phase 1 & Phase 2'}"
DRUG_001116,CONFIRMED_INTEGRATED_ENTITY,NO_MATCH,"{'source_membership': 'drugbank_only', 'canonical_smiles': 'CN(C)C(=O)OC1N=C(c2ccccc2)c2cc(Cl)ccc2N(C)C1=O', 'inchikey': 'PXBVEXGRHZFEOF-UHFFFAOYSA-N', 'name_source': 'pubchem_inchikey_lookup', 'name_resolution_status': 'PUBCHEM_TITLE_CANDIDATE', 'rxnorm_match_status': 'NO_MATCH', 'rxnorm_match_method': 'none', 'match_score': 0.0, 'enrichment_confidence': 'NO_MATCH', 'created_from_phase': 'Phase 1 & Phase 2'}"
DRUG_001118,CONFIRMED_INTEGRATED_ENTITY,NO_MATCH,"{'source_membership': 'drugbank_only', 'canonical_smiles': 'O=C1CN=C(c2ccccc2Cl)c2cc(Cl)ccc2N1', 'inchikey': 'CHIFCDOIPRCHCF-UHFFFAOYSA-N', 'name_source': 'pubchem_inchikey_lookup', 'name_resolution_status': 'PUBCHEM_TITLE_CANDIDATE', 'rxnorm_match_status': 'NO_MATCH', 'rxnorm_match_method': 'none', 'match_score': 0.0, 'enrichment_confidence': 'NO_MATCH', 'created_from_phase': 'Phase 1 & Phase 2'}"
DRUG_001122,CONFIRMED_INTEGRATED_ENTITY,NO_MATCH,"{'source_membership': 'drugbank_only', 'canonical_smiles': 'O=C1CN2CCOC2(c2ccccc2Cl)c2cc(Cl)ccc2N1', 'inchikey': 'ZIXNZOBDFKSQTC-UHFFFAOYSA-N', 'name_source': 'pubchem_inchikey_lookup', 'name_resolution_status': 'PUBCHEM_TITLE_CANDIDATE', 'rxnorm_match_status': 'NO_MATCH', 'rxnorm_match_method': 'none', 'match_score': 0.0, 'enrichment_confidence': 'NO_MATCH', 'created_from_phase': 'Phase 1 & Phase 2'}"
DRUG_001126,CONFIRMED_INTEGRATED_ENTITY,NO_MATCH,"{'source_membership': 'drugbank_only', 'canonical_smiles': 'CN1C(=O)CN=C(c2ccccc2F)c2cc(Cl)ccc21', 'inchikey': 'ROYOYTLGDLIGBX-UHFFFAOYSA-N', 'name_source': 'pubchem_inchikey_lookup', 'name_resolution_status': 'PUBCHEM_TITLE_CANDIDATE', 'rxnorm_match_status': 'NO_MATCH', 'rxnorm_match_method': 'none', 'match_score': 0.0, 'enrichment_confidence': 'NO_MATCH', 'created_from_phase': 'Phase 1 & Phase 2'}"
DRUG_001129,CONFIRMED_INTEGRATED_ENTITY,NO_MATCH,"{'source_membership': 'drugbank_only', 'canonical_smiles': 'CC(=O)Nc1c(I)c(C(=O)NC(C=O)C(O)C(O)C(O)CO)c(I)c(N(C)C(C)=O)c1I', 'inchikey': 'DTZMSDADRKLCQE-RFMXWLSYSA-N', 'name_source': 'pubchem_inchikey_lookup', 'name_resolution_status': 'PUBCHEM_TITLE_CANDIDATE', 'rxnorm_match_status': 'NO_MATCH', 'rxnorm_match_method': 'none', 'match_score': 0.0, 'enrichment_confidence': 'NO_MATCH', 'created_from_phase': 'Phase 1 & Phase 2'}"
DRUG_001134,CONFIRMED_INTEGRATED_ENTITY,NO_MATCH,"{'source_membership': 'drugbank_only', 'canonical_smiles': 'NC(Cc1cc(I)c(Oc2cc(I)c(O)c(I)c2)c(I)c1)C(=O)[O-].NC(Cc1cc(I)c(Oc2ccc(O)c(I)c2)c(I)c1)C(=O)[O-].[Na+].[Na+]', 'inchikey': 'LKYWLLWWYBVUPP-XOCLESOZSA-L', 'name_source': 'pubchem_inchikey_lookup', 'name_resolution_status': 'PUBCHEM_TITLE_CANDIDATE', 'rxnorm_match_status': 'NO_MATCH', 'rxnorm_match_method': 'none', 'match_score': 0.0, 'enrichment_confidence': 'NO_MATCH', 'created_from_phase': 'Phase 1 & Phase 2'}"
DRUG_001137,AMBIGUOUS_MAPPING_COMPONENT,NO_MATCH,"{'source_membership': 'twosides_only', 'canonical_smiles': 'CC(CCC(=O)O)C1CCC2C3C(O)CC4CC(O)CCC4(C)C3CCC12C', 'inchikey': 'RUDATBOHQWOJDD-UHFFFAOYSA-N', 'name_source': 'pubchem_cid_lookup', 'name_resolution_status': 'PUBCHEM_TITLE_CANDIDATE', 'rxnorm_match_status': 'NO_MATCH', 'rxnorm_match_method': 'none', 'match_score': 0.0, 'enrichment_confidence': 'NO_MATCH', 'created_from_phase': 'Phase 1 & Phase 2'}"
DRUG_001163,CONFIRMED_INTEGRATED_ENTITY,NO_MATCH,"{'source_membership': 'drugbank_only', 'canonical_smiles': 'CC(=O)c1ccc2c(c1)N(CC(C)N(C)C)c1ccccc1S2', 'inchikey': 'XLOQNFNTQIRSOX-UHFFFAOYSA-N', 'name_source': 'pubchem_inchikey_lookup', 'name_resolution_status': 'PUBCHEM_TITLE_CANDIDATE', 'rxnorm_match_status': 'NO_MATCH', 'rxnorm_match_method': 'none', 'match_score': 0.0, 'enrichment_confidence': 'NO_MATCH', 'created_from_phase': 'Phase 1 & Phase 2'}"
DRUG_001175,CONFIRMED_INTEGRATED_ENTITY,NO_MATCH,"{'source_membership': 'drugbank_only', 'canonical_smiles': 'N#Cc1cc(-c2n[nH]c(-c3ccncc3)n2)ccn1', 'inchikey': 'UBVZQGOVTLIHLH-UHFFFAOYSA-N', 'name_source': 'pubchem_inchikey_lookup', 'name_resolution_status': 'PUBCHEM_TITLE_CANDIDATE', 'rxnorm_match_status': 'NO_MATCH', 'rxnorm_match_method': 'none', 'match_score': 0.0, 'enrichment_confidence': 'NO_MATCH', 'created_from_phase': 'Phase 1 & Phase 2'}"
DRUG_001179,CONFIRMED_INTEGRATED_ENTITY,NO_MATCH,"{'source_membership': 'drugbank_only', 'canonical_smiles': 'CC12CCC3C(=CCc4cc(O)ccc43)C1CCC2=O', 'inchikey': 'WKRLQDKEXYKHJB-HFTRVMKXSA-N', 'name_source': 'pubchem_inchikey_lookup', 'name_resolution_status': 'PUBCHEM_TITLE_CANDIDATE', 'rxnorm_match_status': 'NO_MATCH', 'rxnorm_match_method': 'none', 'match_score': 0.0, 'enrichment_confidence': 'NO_MATCH', 'created_from_phase': 'Phase 1 & Phase 2'}"
DRUG_001191,CONFIRMED_INTEGRATED_ENTITY,NO_MATCH,"{'source_membership': 'drugbank_only', 'canonical_smiles': 'NCC1OC(OC2C(N)CC(N)C(O)C2OC2OC(CO)C(O)C2O)C(N)C(O)C1O', 'inchikey': 'NSKGQURZWSPSBC-VVPCINPTSA-N', 'name_source': 'pubchem_inchikey_lookup', 'name_resolution_status': 'PUBCHEM_TITLE_CANDIDATE', 'rxnorm_match_status': 'NO_MATCH', 'rxnorm_match_method': 'none', 'match_score': 0.0, 'enrichment_confidence': 'NO_MATCH', 'created_from_phase': 'Phase 1 & Phase 2'}"
DRUG_001205,CONFIRMED_INTEGRATED_ENTITY,NO_MATCH,"{'source_membership': 'drugbank_only', 'canonical_smiles': 'CC12CCC3c4ccc(OS(=O)(=O)O)cc4CCC3C1CCC2=O', 'inchikey': 'JKKFKPJIXZFSSB-CBZIJGRNSA-N', 'name_source': 'pubchem_inchikey_lookup', 'name_resolution_status': 'PUBCHEM_TITLE_CANDIDATE', 'rxnorm_match_status': 'NO_MATCH', 'rxnorm_match_method': 'none', 'match_score': 0.0, 'enrichment_confidence': 'NO_MATCH', 'created_from_phase': 'Phase 1 & Phase 2'}"
DRUG_001207,CONFIRMED_INTEGRATED_ENTITY,NO_MATCH,"{'source_membership': 'drugbank_only', 'canonical_smiles': 'CN1CCN(c2c(F)cc3c(=O)c(C(=O)O)cn(CCF)c3c2F)CC1', 'inchikey': 'XBJBPGROQZJDOJ-UHFFFAOYSA-N', 'name_source': 'pubchem_inchikey_lookup', 'name_resolution_status': 'PUBCHEM_TITLE_CANDIDATE', 'rxnorm_match_status': 'NO_MATCH', 'rxnorm_match_method': 'none', 'match_score': 0.0, 'enrichment_confidence': 'NO_MATCH', 'created_from_phase': 'Phase 1 & Phase 2'}"
DRUG_001227,CONFIRMED_INTEGRATED_ENTITY,NO_MATCH,"{'source_membership': 'drugbank_only', 'canonical_smiles': 'OCC(CO)NC1CC(O)(CO)C(O)C(O)C1O', 'inchikey': 'FZNCGRZWXLXZSZ-CIQUZCHMSA-N', 'name_source': 'pubchem_inchikey_lookup', 'name_resolution_status': 'PUBCHEM_TITLE_CANDIDATE', 'rxnorm_match_status': 'NO_MATCH', 'rxnorm_match_method': 'none', 'match_score': 0.0, 'enrichment_confidence': 'NO_MATCH', 'created_from_phase': 'Phase 1 & Phase 2'}"
DRUG_001228,CONFIRMED_INTEGRATED_ENTITY,NO_MATCH,"{'source_membership': 'drugbank_only', 'canonical_smiles': 'CC(C)C1NC(=O)C(CCCCN)NC(=O)C(Cc2c[nH]c3ccccc23)NC(=O)C(Cc2ccc(O)cc2)NC(=O)C(NC(=O)C(N)Cc2ccccc2)CSSCC(C(=O)NC(Cc2c[nH]c3ccccc23)C(N)=O)NC1=O', 'inchikey': 'SWXOGPJRIDTIRL-DOUNNPEJSA-N', 'name_source': 'pubchem_inchikey_lookup', 'name_resolution_status': 'PUBCHEM_TITLE_CANDIDATE', 'rxnorm_match_status': 'NO_MATCH', 'rxnorm_match_method': 'none', 'match_score': 0.0, 'enrichment_confidence': 'NO_MATCH', 'created_from_phase': 'Phase 1 & Phase 2'}"
DRUG_001230,CONFIRMED_INTEGRATED_ENTITY,NO_MATCH,"{'source_membership': 'drugbank_only', 'canonical_smiles': 'CCOC(=O)CNC(C(=O)N1CCC1C(=O)NCc1ccc(C(N)=NO)cc1)C1CCCCC1', 'inchikey': 'ZXIBCJHYVWYIKI-PZJWPPBQSA-N', 'name_source': 'pubchem_inchikey_lookup', 'name_resolution_status': 'PUBCHEM_TITLE_CANDIDATE', 'rxnorm_match_status': 'NO_MATCH', 'rxnorm_match_method': 'none', 'match_score': 0.0, 'enrichment_confidence': 'NO_MATCH', 'created_from_phase': 'Phase 1 & Phase 2'}"
DRUG_001241,CONFIRMED_INTEGRATED_ENTITY,NO_MATCH,"{'source_membership': 'drugbank_only', 'canonical_smiles': 'CCN(CC)CCNc1ccc(C)c2sc3ccccc3c(=O)c12', 'inchikey': 'FBQPGGIHOFZRGH-UHFFFAOYSA-N', 'name_source': 'pubchem_inchikey_lookup', 'name_resolution_status': 'PUBCHEM_TITLE_CANDIDATE', 'rxnorm_match_status': 'NO_MATCH', 'rxnorm_match_method': 'none', 'match_score': 0.0, 'enrichment_confidence': 'NO_MATCH', 'created_from_phase': 'Phase 1 & Phase 2'}"
DRUG_001250,CONFIRMED_INTEGRATED_ENTITY,NO_MATCH,"{'source_membership': 'drugbank_only', 'canonical_smiles': 'CC(C)c1cc2c(cc1S(=O)(=O)O)C1(C)CCCC(C)(C(=O)O)C1CC2', 'inchikey': 'IWCWQNVIUXZOMJ-MISYRCLQSA-N', 'name_source': 'pubchem_inchikey_lookup', 'name_resolution_status': 'PUBCHEM_TITLE_CANDIDATE', 'rxnorm_match_status': 'NO_MATCH', 'rxnorm_match_method': 'none', 'match_score': 0.0, 'enrichment_confidence': 'NO_MATCH', 'created_from_phase': 'Phase 1 & Phase 2'}"
DRUG_001251,CONFIRMED_INTEGRATED_ENTITY,NO_MATCH,"{'source_membership': 'drugbank_only', 'canonical_smiles': 'CC(C)C(=O)c1c(C(C)C)nn2ccccc12', 'inchikey': 'ZJVFLBOZORBYFE-UHFFFAOYSA-N', 'name_source': 'pubchem_inchikey_lookup', 'name_resolution_status': 'PUBCHEM_TITLE_CANDIDATE', 'rxnorm_match_status': 'NO_MATCH', 'rxnorm_match_method': 'none', 'match_score': 0.0, 'enrichment_confidence': 'NO_MATCH', 'created_from_phase': 'Phase 1 & Phase 2'}"
DRUG_001272,CONFIRMED_INTEGRATED_ENTITY,NO_MATCH,"{'source_membership': 'drugbank_only', 'canonical_smiles': 'Cc1c(C(=O)NN2CCCCC2)nn(-c2ccc(Cl)cc2Cl)c1-c1ccc(Cl)cc1', 'inchikey': 'JZCPYUJPEARBJL-UHFFFAOYSA-N', 'name_source': 'pubchem_inchikey_lookup', 'name_resolution_status': 'PUBCHEM_TITLE_CANDIDATE', 'rxnorm_match_status': 'NO_MATCH', 'rxnorm_match_method': 'none', 'match_score': 0.0, 'enrichment_confidence': 'NO_MATCH', 'created_from_phase': 'Phase 1 & Phase 2'}"
DRUG_001274,CONFIRMED_INTEGRATED_ENTITY,NO_MATCH,"{'source_membership': 'drugbank_only', 'canonical_smiles': 'NCCNc1ccc(NCCN)c2c1C(=O)c1ccncc1C2=O', 'inchikey': 'PEZPMAYDXJQYRV-UHFFFAOYSA-N', 'name_source': 'pubchem_inchikey_lookup', 'name_resolution_status': 'PUBCHEM_TITLE_CANDIDATE', 'rxnorm_match_status': 'NO_MATCH', 'rxnorm_match_method': 'none', 'match_score': 0.0, 'enrichment_confidence': 'NO_MATCH', 'created_from_phase': 'Phase 1 & Phase 2'}"
DRUG_001277,CONFIRMED_INTEGRATED_ENTITY,NO_MATCH,"{'source_membership': 'drugbank_only', 'canonical_smiles': 'Oc1ccc2c(c1)CCC(c1ccccc1)C2c1ccc(OCCN2CCCC2)cc1', 'inchikey': 'GXESHMAMLJKROZ-IAPPQJPRSA-N', 'name_source': 'pubchem_inchikey_lookup', 'name_resolution_status': 'PUBCHEM_TITLE_CANDIDATE', 'rxnorm_match_status': 'NO_MATCH', 'rxnorm_match_method': 'none', 'match_score': 0.0, 'enrichment_confidence': 'NO_MATCH', 'created_from_phase': 'Phase 1 & Phase 2'}"
DRUG_001288,CONFIRMED_INTEGRATED_ENTITY,NO_MATCH,"{'source_membership': 'drugbank_only', 'canonical_smiles': 'COc1ccc(CCOC2CCCCC2N2CCC(O)C2)cc1OC', 'inchikey': 'VBHQKCBVWWUUKN-KZNAEPCWSA-N', 'name_source': 'pubchem_inchikey_lookup', 'name_resolution_status': 'PUBCHEM_TITLE_CANDIDATE', 'rxnorm_match_status': 'NO_MATCH', 'rxnorm_match_method': 'none', 'match_score': 0.0, 'enrichment_confidence': 'NO_MATCH', 'created_from_phase': 'Phase 1 & Phase 2'}"
DRUG_001295,CONFIRMED_INTEGRATED_ENTITY,NO_MATCH,"{'source_membership': 'drugbank_only', 'canonical_smiles': 'CC(=O)C1(N)Cc2c(O)c3c(c(O)c2C(OC2CC(O)C(O)CO2)C1)C(=O)c1ccccc1C3=O', 'inchikey': 'VJZITPJGSQKZMX-XDPRQOKASA-N', 'name_source': 'pubchem_inchikey_lookup', 'name_resolution_status': 'PUBCHEM_TITLE_CANDIDATE', 'rxnorm_match_status': 'NO_MATCH', 'rxnorm_match_method': 'none', 'match_score': 0.0, 'enrichment_confidence': 'NO_MATCH', 'created_from_phase': 'Phase 1 & Phase 2'}"
DRUG_001297,CONFIRMED_INTEGRATED_ENTITY,NO_MATCH,"{'source_membership': 'drugbank_only', 'canonical_smiles': 'CCCOc1ccc(S(=O)(=O)NCCC2CCCN2C)cc1-c1nc(=O)c2c([nH]1)c(CCC)nn2C', 'inchikey': 'IYFNEFQTYQPVOC-UHFFFAOYSA-N', 'name_source': 'none', 'name_resolution_status': 'NO_NAME_CANDIDATE', 'rxnorm_match_status': 'NO_MATCH', 'rxnorm_match_method': 'none', 'match_score': 0.0, 'enrichment_confidence': 'NO_MATCH', 'created_from_phase': 'Phase 1 & Phase 2'}"
DRUG_001298,CONFIRMED_INTEGRATED_ENTITY,NO_MATCH,"{'source_membership': 'drugbank_only', 'canonical_smiles': 'Cc1cc2c(cc1CC(=O)c1sccc1S(=O)(=O)Nc1onc(C)c1Cl)OCO2', 'inchikey': 'PHWXUGHIIBDVKD-UHFFFAOYSA-N', 'name_source': 'pubchem_inchikey_lookup', 'name_resolution_status': 'PUBCHEM_TITLE_CANDIDATE', 'rxnorm_match_status': 'NO_MATCH', 'rxnorm_match_method': 'none', 'match_score': 0.0, 'enrichment_confidence': 'NO_MATCH', 'created_from_phase': 'Phase 1 & Phase 2'}"
DRUG_001314,CONFIRMED_INTEGRATED_ENTITY,NO_MATCH,"{'source_membership': 'drugbank_only', 'canonical_smiles': 'COc1ccc2cccc(CCNC(C)=O)c2c1', 'inchikey': 'YJYPHIXNFHFHND-UHFFFAOYSA-N', 'name_source': 'pubchem_inchikey_lookup', 'name_resolution_status': 'PUBCHEM_TITLE_CANDIDATE', 'rxnorm_match_status': 'NO_MATCH', 'rxnorm_match_method': 'none', 'match_score': 0.0, 'enrichment_confidence': 'NO_MATCH', 'created_from_phase': 'Phase 1 & Phase 2'}"
DRUG_001352,CONFIRMED_INTEGRATED_ENTITY,NO_MATCH,"{'source_membership': 'drugbank_only', 'canonical_smiles': 'Nc1ccc(S(=O)(=O)Nc2ccnn2-c2ccccc2)cc1', 'inchikey': 'QWCJHSGMANYXCW-UHFFFAOYSA-N', 'name_source': 'pubchem_inchikey_lookup', 'name_resolution_status': 'PUBCHEM_TITLE_CANDIDATE', 'rxnorm_match_status': 'NO_MATCH', 'rxnorm_match_method': 'none', 'match_score': 0.0, 'enrichment_confidence': 'NO_MATCH', 'created_from_phase': 'Phase 1 & Phase 2'}"
DRUG_001355,CONFIRMED_INTEGRATED_ENTITY,NO_MATCH,"{'source_membership': 'drugbank_only', 'canonical_smiles': 'CC(C(=O)O)c1ccc2c(c1)CC(=O)c1ccccc1S2', 'inchikey': 'MUXFZBHBYYYLTH-UHFFFAOYSA-N', 'name_source': 'pubchem_inchikey_lookup', 'name_resolution_status': 'PUBCHEM_TITLE_CANDIDATE', 'rxnorm_match_status': 'NO_MATCH', 'rxnorm_match_method': 'none', 'match_score': 0.0, 'enrichment_confidence': 'NO_MATCH', 'created_from_phase': 'Phase 1 & Phase 2'}"
DRUG_001356,CONFIRMED_INTEGRATED_ENTITY,NO_MATCH,"{'source_membership': 'drugbank_only', 'canonical_smiles': 'CCC(=O)C1(c2cccc(O)c2)CCN(C)CC1', 'inchikey': 'ALFGKMXHOUSVAD-UHFFFAOYSA-N', 'name_source': 'pubchem_inchikey_lookup', 'name_resolution_status': 'PUBCHEM_TITLE_CANDIDATE', 'rxnorm_match_status': 'NO_MATCH', 'rxnorm_match_method': 'none', 'match_score': 0.0, 'enrichment_confidence': 'NO_MATCH', 'created_from_phase': 'Phase 1 & Phase 2'}"
DRUG_001357,CONFIRMED_INTEGRATED_ENTITY,NO_MATCH,"{'source_membership': 'drugbank_only', 'canonical_smiles': 'CC1=C(C)C(=O)C(C(CCCCCC(=O)O)c2ccccc2)=C(C)C1=O', 'inchikey': 'ZBVKEHDGYSLCCC-UHFFFAOYSA-N', 'name_source': 'pubchem_inchikey_lookup', 'name_resolution_status': 'PUBCHEM_TITLE_CANDIDATE', 'rxnorm_match_status': 'NO_MATCH', 'rxnorm_match_method': 'none', 'match_score': 0.0, 'enrichment_confidence': 'NO_MATCH', 'created_from_phase': 'Phase 1 & Phase 2'}"
DRUG_001390,CONFIRMED_INTEGRATED_ENTITY,NO_MATCH,"{'source_membership': 'drugbank_only', 'canonical_smiles': 'N=C1NC(O)CC(C2NC(=O)C(=CNC(N)=O)NC(=O)C(CO)NC(=O)C(CO)NC(=O)C(NC(=O)CC(N)CCCN)CNC2=O)N1', 'inchikey': 'GXFAIFRPOKBQRV-GHXCTMGLSA-N', 'name_source': 'pubchem_inchikey_lookup', 'name_resolution_status': 'PUBCHEM_TITLE_CANDIDATE', 'rxnorm_match_status': 'NO_MATCH', 'rxnorm_match_method': 'none', 'match_score': 0.0, 'enrichment_confidence': 'NO_MATCH', 'created_from_phase': 'Phase 1 & Phase 2'}"
DRUG_001393,CONFIRMED_INTEGRATED_ENTITY,NO_MATCH,"{'source_membership': 'drugbank_only', 'canonical_smiles': 'CC1(C)SC2C(NC(=O)C(N=[N+]=[N-])c3ccccc3)C(=O)N2C1C(=O)O', 'inchikey': 'ODFHGIPNGIAMDK-NJBDSQKTSA-N', 'name_source': 'pubchem_inchikey_lookup', 'name_resolution_status': 'PUBCHEM_TITLE_CANDIDATE', 'rxnorm_match_status': 'NO_MATCH', 'rxnorm_match_method': 'none', 'match_score': 0.0, 'enrichment_confidence': 'NO_MATCH', 'created_from_phase': 'Phase 1 & Phase 2'}"
DRUG_001396,CONFIRMED_INTEGRATED_ENTITY,NO_MATCH,"{'source_membership': 'drugbank_only', 'canonical_smiles': 'Cc1nc(NS(=O)(=O)c2ccc(N)cc2)oc1C', 'inchikey': 'CYFLXLSBHQBMFT-UHFFFAOYSA-N', 'name_source': 'pubchem_inchikey_lookup', 'name_resolution_status': 'PUBCHEM_TITLE_CANDIDATE', 'rxnorm_match_status': 'NO_MATCH', 'rxnorm_match_method': 'none', 'match_score': 0.0, 'enrichment_confidence': 'NO_MATCH', 'created_from_phase': 'Phase 1 & Phase 2'}"
DRUG_001403,CONFIRMED_INTEGRATED_ENTITY,NO_MATCH,"{'source_membership': 'drugbank_only', 'canonical_smiles': 'Cc1cc2c(OCC(CNC(C)(C)C)OC(=O)c3ccccc3)cccc2[nH]1', 'inchikey': 'UUOJIACWOAYWEZ-UHFFFAOYSA-N', 'name_source': 'pubchem_inchikey_lookup', 'name_resolution_status': 'PUBCHEM_TITLE_CANDIDATE', 'rxnorm_match_status': 'NO_MATCH', 'rxnorm_match_method': 'none', 'match_score': 0.0, 'enrichment_confidence': 'NO_MATCH', 'created_from_phase': 'Phase 1 & Phase 2'}"
DRUG_001404,CONFIRMED_INTEGRATED_ENTITY,NO_MATCH,"{'source_membership': 'drugbank_only', 'canonical_smiles': 'Cc1ccc(Cl)c(OCC(O)CNC(C)(C)C)c1', 'inchikey': 'HQIRNZOQPUAHHV-UHFFFAOYSA-N', 'name_source': 'pubchem_inchikey_lookup', 'name_resolution_status': 'PUBCHEM_TITLE_CANDIDATE', 'rxnorm_match_status': 'NO_MATCH', 'rxnorm_match_method': 'none', 'match_score': 0.0, 'enrichment_confidence': 'NO_MATCH', 'created_from_phase': 'Phase 1 & Phase 2'}"
DRUG_001453,CONFIRMED_INTEGRATED_ENTITY,NO_MATCH,"{'source_membership': 'drugbank_only', 'canonical_smiles': 'O=C1C2CCCCC2C(=O)N1CCCCN1CCN(c2nsc3ccccc23)CC1', 'inchikey': 'FBVFZWUMDDXLLG-HDICACEKSA-N', 'name_source': 'pubchem_inchikey_lookup', 'name_resolution_status': 'PUBCHEM_TITLE_CANDIDATE', 'rxnorm_match_status': 'NO_MATCH', 'rxnorm_match_method': 'none', 'match_score': 0.0, 'enrichment_confidence': 'NO_MATCH', 'created_from_phase': 'Phase 1 & Phase 2'}"
DRUG_001469,CONFIRMED_INTEGRATED_ENTITY,NO_MATCH,"{'source_membership': 'drugbank_only', 'canonical_smiles': 'C=C1CC2C3CCC4=CC(=O)C=CC4(C)C3(F)C(O)CC2(C)C1(O)C(=O)CO', 'inchikey': 'YVHXHNGGPURVOS-SBTDHBFYSA-N', 'name_source': 'pubchem_inchikey_lookup', 'name_resolution_status': 'PUBCHEM_TITLE_CANDIDATE', 'rxnorm_match_status': 'NO_MATCH', 'rxnorm_match_method': 'none', 'match_score': 0.0, 'enrichment_confidence': 'NO_MATCH', 'created_from_phase': 'Phase 1 & Phase 2'}"
DRUG_001474,CONFIRMED_INTEGRATED_ENTITY,NO_MATCH,"{'source_membership': 'drugbank_only', 'canonical_smiles': 'CC(C)(Oc1ccc(Cl)cc1)C(=O)OCCOC(=O)c1cccnc1', 'inchikey': 'XXRVYAFBUDSLJX-UHFFFAOYSA-N', 'name_source': 'pubchem_inchikey_lookup', 'name_resolution_status': 'PUBCHEM_TITLE_CANDIDATE', 'rxnorm_match_status': 'NO_MATCH', 'rxnorm_match_method': 'none', 'match_score': 0.0, 'enrichment_confidence': 'NO_MATCH', 'created_from_phase': 'Phase 1 & Phase 2'}"
DRUG_001477,CONFIRMED_INTEGRATED_ENTITY,NO_MATCH,"{'source_membership': 'drugbank_only', 'canonical_smiles': 'COc1cc(C)nc(-n2nc(C)cc2OC)n1', 'inchikey': 'RHAXSHUQNIEUEY-UHFFFAOYSA-N', 'name_source': 'pubchem_inchikey_lookup', 'name_resolution_status': 'PUBCHEM_TITLE_CANDIDATE', 'rxnorm_match_status': 'NO_MATCH', 'rxnorm_match_method': 'none', 'match_score': 0.0, 'enrichment_confidence': 'NO_MATCH', 'created_from_phase': 'Phase 1 & Phase 2'}"
DRUG_001478,CONFIRMED_INTEGRATED_ENTITY,NO_MATCH,"{'source_membership': 'drugbank_only', 'canonical_smiles': 'CCc1ccc(C(=O)C(C)CN2CCCCC2)cc1', 'inchikey': 'SQUNAWUMZGQQJD-UHFFFAOYSA-N', 'name_source': 'pubchem_inchikey_lookup', 'name_resolution_status': 'PUBCHEM_TITLE_CANDIDATE', 'rxnorm_match_status': 'NO_MATCH', 'rxnorm_match_method': 'none', 'match_score': 0.0, 'enrichment_confidence': 'NO_MATCH', 'created_from_phase': 'Phase 1 & Phase 2'}"
DRUG_001479,CONFIRMED_INTEGRATED_ENTITY,NO_MATCH,"{'source_membership': 'drugbank_only', 'canonical_smiles': 'NCCC(O)C(N)CC(=O)NC1CNC(=O)C(C2CCN=C(N)N2)NC(=O)C(=CNC(N)=O)NC(=O)C(CO)NC(=O)C(CO)NC1=O', 'inchikey': 'HPWIIERXAFODPP-GHBBWTPBSA-N', 'name_source': 'pubchem_inchikey_lookup', 'name_resolution_status': 'PUBCHEM_TITLE_CANDIDATE', 'rxnorm_match_status': 'NO_MATCH', 'rxnorm_match_method': 'none', 'match_score': 0.0, 'enrichment_confidence': 'NO_MATCH', 'created_from_phase': 'Phase 1 & Phase 2'}"
DRUG_001480,CONFIRMED_INTEGRATED_ENTITY,NO_MATCH,"{'source_membership': 'drugbank_only', 'canonical_smiles': 'OCCN(CCO)c1nc(-c2ccccc2)c(-c2ccccc2)o1', 'inchikey': 'UUCMDZWCRNZCOY-UHFFFAOYSA-N', 'name_source': 'pubchem_inchikey_lookup', 'name_resolution_status': 'PUBCHEM_TITLE_CANDIDATE', 'rxnorm_match_status': 'NO_MATCH', 'rxnorm_match_method': 'none', 'match_score': 0.0, 'enrichment_confidence': 'NO_MATCH', 'created_from_phase': 'Phase 1 & Phase 2'}"
DRUG_001481,CONFIRMED_INTEGRATED_ENTITY,NO_MATCH,"{'source_membership': 'drugbank_only', 'canonical_smiles': 'CN(C)CCCN1c2ccccc2C(C)(C)c2ccccc21', 'inchikey': 'RYQOGSFEJBUZBX-UHFFFAOYSA-N', 'name_source': 'pubchem_inchikey_lookup', 'name_resolution_status': 'PUBCHEM_TITLE_CANDIDATE', 'rxnorm_match_status': 'NO_MATCH', 'rxnorm_match_method': 'none', 'match_score': 0.0, 'enrichment_confidence': 'NO_MATCH', 'created_from_phase': 'Phase 1 & Phase 2'}"
DRUG_001482,CONFIRMED_INTEGRATED_ENTITY,NO_MATCH,"{'source_membership': 'drugbank_only', 'canonical_smiles': 'CC(CN(C)C)CN1c2ccccc2Sc2ccc(C#N)cc21', 'inchikey': 'SLFGIOIONGJGRT-UHFFFAOYSA-N', 'name_source': 'pubchem_inchikey_lookup', 'name_resolution_status': 'PUBCHEM_TITLE_CANDIDATE', 'rxnorm_match_status': 'NO_MATCH', 'rxnorm_match_method': 'none', 'match_score': 0.0, 'enrichment_confidence': 'NO_MATCH', 'created_from_phase': 'Phase 1 & Phase 2'}"
DRUG_001485,CONFIRMED_INTEGRATED_ENTITY,NO_MATCH,"{'source_membership': 'drugbank_only', 'canonical_smiles': 'CCCCSc1ccc(C(SCCN(C)C)c2ccccc2)cc1', 'inchikey': 'IZLPZXSZLLELBJ-UHFFFAOYSA-N', 'name_source': 'pubchem_inchikey_lookup', 'name_resolution_status': 'PUBCHEM_TITLE_CANDIDATE', 'rxnorm_match_status': 'NO_MATCH', 'rxnorm_match_method': 'none', 'match_score': 0.0, 'enrichment_confidence': 'NO_MATCH', 'created_from_phase': 'Phase 1 & Phase 2'}"
DRUG_001490,CONFIRMED_INTEGRATED_ENTITY,NO_MATCH,"{'source_membership': 'drugbank_only', 'canonical_smiles': 'CNCC12CCC(c3ccccc31)c1ccccc12', 'inchikey': 'GNRXCIONJWKSEA-UHFFFAOYSA-N', 'name_source': 'pubchem_inchikey_lookup', 'name_resolution_status': 'PUBCHEM_TITLE_CANDIDATE', 'rxnorm_match_status': 'NO_MATCH', 'rxnorm_match_method': 'none', 'match_score': 0.0, 'enrichment_confidence': 'NO_MATCH', 'created_from_phase': 'Phase 1 & Phase 2'}"
DRUG_001540,CONFIRMED_INTEGRATED_ENTITY,NO_MATCH,"{'source_membership': 'drugbank_only', 'canonical_smiles': 'O=NO', 'inchikey': 'IOVCWXUNBOPUCH-UHFFFAOYSA-N', 'name_source': 'pubchem_inchikey_lookup', 'name_resolution_status': 'PUBCHEM_TITLE_CANDIDATE', 'rxnorm_match_status': 'NO_MATCH', 'rxnorm_match_method': 'none', 'match_score': 0.0, 'enrichment_confidence': 'NO_MATCH', 'created_from_phase': 'Phase 1 & Phase 2'}"
DRUG_001544,CONFIRMED_INTEGRATED_ENTITY,NO_MATCH,"{'source_membership': 'drugbank_only', 'canonical_smiles': 'COc1cc(CNC(=O)CCCCC=CC(C)C)ccc1O', 'inchikey': 'YKPUWZUDDOIDPM-VURMDHGXSA-N', 'name_source': 'pubchem_inchikey_lookup', 'name_resolution_status': 'PUBCHEM_TITLE_CANDIDATE', 'rxnorm_match_status': 'NO_MATCH', 'rxnorm_match_method': 'none', 'match_score': 0.0, 'enrichment_confidence': 'NO_MATCH', 'created_from_phase': 'Phase 1 & Phase 2'}"
DRUG_001552,CONFIRMED_INTEGRATED_ENTITY,NO_MATCH,"{'source_membership': 'drugbank_only', 'canonical_smiles': 'Cc1cc(C)c(NC(=O)CN(CC(=O)O)CC(=O)O)c(C)c1Br.[Tc]', 'inchikey': 'JLJSYHOPCNWUNE-IEOVAKBOSA-N', 'name_source': 'pubchem_inchikey_lookup', 'name_resolution_status': 'PUBCHEM_TITLE_CANDIDATE', 'rxnorm_match_status': 'NO_MATCH', 'rxnorm_match_method': 'none', 'match_score': 0.0, 'enrichment_confidence': 'NO_MATCH', 'created_from_phase': 'Phase 1 & Phase 2'}"
DRUG_001561,CONFIRMED_INTEGRATED_ENTITY,NO_MATCH,"{'source_membership': 'drugbank_only', 'canonical_smiles': 'O=C([O-])CC(O)(CC(=O)[O-])C(=O)[O-].[Fe+3]', 'inchikey': 'NPFOYSMITVOQOS-UHFFFAOYSA-K', 'name_source': 'pubchem_inchikey_lookup', 'name_resolution_status': 'PUBCHEM_TITLE_CANDIDATE', 'rxnorm_match_status': 'NO_MATCH', 'rxnorm_match_method': 'none', 'match_score': 0.0, 'enrichment_confidence': 'NO_MATCH', 'created_from_phase': 'Phase 1 & Phase 2'}"
DRUG_001562,CONFIRMED_INTEGRATED_ENTITY,NO_MATCH,"{'source_membership': 'drugbank_only', 'canonical_smiles': 'CCc1cc2c(s1)-n1c(C)nnc1CN=C2c1ccccc1Cl', 'inchikey': 'VMZUTJCNQWMAGF-UHFFFAOYSA-N', 'name_source': 'pubchem_inchikey_lookup', 'name_resolution_status': 'PUBCHEM_TITLE_CANDIDATE', 'rxnorm_match_status': 'NO_MATCH', 'rxnorm_match_method': 'none', 'match_score': 0.0, 'enrichment_confidence': 'NO_MATCH', 'created_from_phase': 'Phase 1 & Phase 2'}"
DRUG_001566,CONFIRMED_INTEGRATED_ENTITY,NO_MATCH,"{'source_membership': 'drugbank_only', 'canonical_smiles': 'COc1ccc(Oc2cc(N(C)CCOc3ccc(CC4SC(=O)NC4=O)cc3)ncn2)cc1', 'inchikey': 'CHHXEZSCHQVSRE-UHFFFAOYSA-N', 'name_source': 'pubchem_inchikey_lookup', 'name_resolution_status': 'PUBCHEM_TITLE_CANDIDATE', 'rxnorm_match_status': 'NO_MATCH', 'rxnorm_match_method': 'none', 'match_score': 0.0, 'enrichment_confidence': 'NO_MATCH', 'created_from_phase': 'Phase 1 & Phase 2'}"
DRUG_001567,CONFIRMED_INTEGRATED_ENTITY,NO_MATCH,"{'source_membership': 'drugbank_only', 'canonical_smiles': 'CC(C)(C)NCC(O)CSc1nc(-c2ccc(C(N)=O)s2)cs1', 'inchikey': 'BHIAIPWSVYSKJS-UHFFFAOYSA-N', 'name_source': 'pubchem_inchikey_lookup', 'name_resolution_status': 'PUBCHEM_TITLE_CANDIDATE', 'rxnorm_match_status': 'NO_MATCH', 'rxnorm_match_method': 'none', 'match_score': 0.0, 'enrichment_confidence': 'NO_MATCH', 'created_from_phase': 'Phase 1 & Phase 2'}"
DRUG_001570,CONFIRMED_INTEGRATED_ENTITY,NO_MATCH,"{'source_membership': 'drugbank_only', 'canonical_smiles': 'CCCCC(C)CC(O)C=CC1C(O)CC(=O)C1CCCCC=CC(=O)O', 'inchikey': 'OJZYRQPMEIEQFC-UAWLTFRCSA-N', 'name_source': 'pubchem_inchikey_lookup', 'name_resolution_status': 'PUBCHEM_TITLE_CANDIDATE', 'rxnorm_match_status': 'NO_MATCH', 'rxnorm_match_method': 'none', 'match_score': 0.0, 'enrichment_confidence': 'NO_MATCH', 'created_from_phase': 'Phase 1 & Phase 2'}"
DRUG_001577,CONFIRMED_INTEGRATED_ENTITY,NO_MATCH,"{'source_membership': 'drugbank_only', 'canonical_smiles': 'CCN1CCN(c2cc(-c3ccc(F)cc3)c3c(n2)CCCCCC3)CC1', 'inchikey': 'XVGOZDAJGBALKS-UHFFFAOYSA-N', 'name_source': 'pubchem_inchikey_lookup', 'name_resolution_status': 'PUBCHEM_TITLE_CANDIDATE', 'rxnorm_match_status': 'NO_MATCH', 'rxnorm_match_method': 'none', 'match_score': 0.0, 'enrichment_confidence': 'NO_MATCH', 'created_from_phase': 'Phase 1 & Phase 2'}"
DRUG_001581,CONFIRMED_INTEGRATED_ENTITY,NO_MATCH,"{'source_membership': 'drugbank_only', 'canonical_smiles': 'CC1=C(C(=O)OC(C)C)C(c2cccc([N+](=O)[O-])c2)C(C(=O)OC2CN(C(c3ccccc3)c3ccccc3)C2)=C(N)N1', 'inchikey': 'ZKFQEACEUNWPMT-UHFFFAOYSA-N', 'name_source': 'pubchem_inchikey_lookup', 'name_resolution_status': 'PUBCHEM_TITLE_CANDIDATE', 'rxnorm_match_status': 'NO_MATCH', 'rxnorm_match_method': 'none', 'match_score': 0.0, 'enrichment_confidence': 'NO_MATCH', 'created_from_phase': 'Phase 1 & Phase 2'}"
DRUG_001582,CONFIRMED_INTEGRATED_ENTITY,NO_MATCH,"{'source_membership': 'drugbank_only', 'canonical_smiles': 'COC(=O)C1=C(C)NC(C)=C(C(=O)OC2CCCN(Cc3ccccc3)C2)C1c1cccc([N+](=O)[O-])c1', 'inchikey': 'QZVNQOLPLYWLHQ-ZEQKJWHPSA-N', 'name_source': 'pubchem_inchikey_lookup', 'name_resolution_status': 'PUBCHEM_TITLE_CANDIDATE', 'rxnorm_match_status': 'NO_MATCH', 'rxnorm_match_method': 'none', 'match_score': 0.0, 'enrichment_confidence': 'NO_MATCH', 'created_from_phase': 'Phase 1 & Phase 2'}"
DRUG_001583,CONFIRMED_INTEGRATED_ENTITY,NO_MATCH,"{'source_membership': 'drugbank_only', 'canonical_smiles': 'COCCOC(=O)C1=C(C)NC(C)=C(C(=O)OCC=Cc2ccccc2)C1c1cccc([N+](=O)[O-])c1', 'inchikey': 'KJEBULYHNRNJTE-DHZHZOJOSA-N', 'name_source': 'pubchem_inchikey_lookup', 'name_resolution_status': 'PUBCHEM_TITLE_CANDIDATE', 'rxnorm_match_status': 'NO_MATCH', 'rxnorm_match_method': 'none', 'match_score': 0.0, 'enrichment_confidence': 'NO_MATCH', 'created_from_phase': 'Phase 1 & Phase 2'}"
DRUG_001584,CONFIRMED_INTEGRATED_ENTITY,NO_MATCH,"{'source_membership': 'drugbank_only', 'canonical_smiles': 'CC1=C(C(=O)OCCN(Cc2ccccc2)c2ccccc2)C(c2cccc([N+](=O)[O-])c2)C(P2(=O)OCC(C)(C)CO2)=C(C)N1', 'inchikey': 'NSVFSAJIGAJDMR-UHFFFAOYSA-N', 'name_source': 'pubchem_inchikey_lookup', 'name_resolution_status': 'PUBCHEM_TITLE_CANDIDATE', 'rxnorm_match_status': 'NO_MATCH', 'rxnorm_match_method': 'none', 'match_score': 0.0, 'enrichment_confidence': 'NO_MATCH', 'created_from_phase': 'Phase 1 & Phase 2'}"
DRUG_001589,CONFIRMED_INTEGRATED_ENTITY,NO_MATCH,"{'source_membership': 'drugbank_only', 'canonical_smiles': 'Cc1ccc2c(c1)c1c3n2CCNC3CCC1', 'inchikey': 'IWVRVEIKCBFZNF-UHFFFAOYSA-N', 'name_source': 'pubchem_inchikey_lookup', 'name_resolution_status': 'PUBCHEM_TITLE_CANDIDATE', 'rxnorm_match_status': 'NO_MATCH', 'rxnorm_match_method': 'none', 'match_score': 0.0, 'enrichment_confidence': 'NO_MATCH', 'created_from_phase': 'Phase 1 & Phase 2'}"
DRUG_001590,CONFIRMED_INTEGRATED_ENTITY,NO_MATCH,"{'source_membership': 'drugbank_only', 'canonical_smiles': 'Cc1cccc(N2CC(CO)OC2=O)c1', 'inchikey': 'MXUNKHLAEDCYJL-UHFFFAOYSA-N', 'name_source': 'pubchem_inchikey_lookup', 'name_resolution_status': 'PUBCHEM_TITLE_CANDIDATE', 'rxnorm_match_status': 'NO_MATCH', 'rxnorm_match_method': 'none', 'match_score': 0.0, 'enrichment_confidence': 'NO_MATCH', 'created_from_phase': 'Phase 1 & Phase 2'}"
DRUG_001592,CONFIRMED_INTEGRATED_ENTITY,NO_MATCH,"{'source_membership': 'drugbank_only', 'canonical_smiles': 'O=c1cc(O)c(Cl)c[nH]1', 'inchikey': 'ZPLQIPFOCGIIHV-UHFFFAOYSA-N', 'name_source': 'none', 'name_resolution_status': 'NO_NAME_CANDIDATE', 'rxnorm_match_status': 'NO_MATCH', 'rxnorm_match_method': 'none', 'match_score': 0.0, 'enrichment_confidence': 'NO_MATCH', 'created_from_phase': 'Phase 1 & Phase 2'}"
DRUG_001593,CONFIRMED_INTEGRATED_ENTITY,NO_MATCH,"{'source_membership': 'drugbank_only', 'canonical_smiles': 'Cc1nccn1CCC(C(N)=O)(c1ccccc1)c1ccccc1', 'inchikey': 'SQKXYSGRELMAAU-UHFFFAOYSA-N', 'name_source': 'pubchem_inchikey_lookup', 'name_resolution_status': 'PUBCHEM_TITLE_CANDIDATE', 'rxnorm_match_status': 'NO_MATCH', 'rxnorm_match_method': 'none', 'match_score': 0.0, 'enrichment_confidence': 'NO_MATCH', 'created_from_phase': 'Phase 1 & Phase 2'}"
DRUG_001595,CONFIRMED_INTEGRATED_ENTITY,NO_MATCH,"{'source_membership': 'drugbank_only', 'canonical_smiles': 'N#Cc1c(N(CC(=O)[O-])CC(=O)[O-])sc(C(=O)[O-])c1CC(=O)[O-].[Sr+2].[Sr+2]', 'inchikey': 'XXUZFRDUEGQHOV-UHFFFAOYSA-J', 'name_source': 'pubchem_inchikey_lookup', 'name_resolution_status': 'PUBCHEM_TITLE_CANDIDATE', 'rxnorm_match_status': 'NO_MATCH', 'rxnorm_match_method': 'none', 'match_score': 0.0, 'enrichment_confidence': 'NO_MATCH', 'created_from_phase': 'Phase 1 & Phase 2'}"
DRUG_001600,CONFIRMED_INTEGRATED_ENTITY,NO_MATCH,"{'source_membership': 'drugbank_only', 'canonical_smiles': 'Cn1c(=O)c2c(ncn2CC2OCCO2)n(C)c1=O', 'inchikey': 'HWXIGFIVGWUZAO-UHFFFAOYSA-N', 'name_source': 'pubchem_inchikey_lookup', 'name_resolution_status': 'PUBCHEM_TITLE_CANDIDATE', 'rxnorm_match_status': 'NO_MATCH', 'rxnorm_match_method': 'none', 'match_score': 0.0, 'enrichment_confidence': 'NO_MATCH', 'created_from_phase': 'Phase 1 & Phase 2'}"
DRUG_001606,CONFIRMED_INTEGRATED_ENTITY,NO_MATCH,"{'source_membership': 'drugbank_only', 'canonical_smiles': 'CCCCc1nc(C)c(CC(=S)N(C)C)c(=O)n1Cc1ccc(-c2ccccc2-c2nnn[nH]2)cc1', 'inchikey': 'AMEROGPZOLAFBN-UHFFFAOYSA-N', 'name_source': 'pubchem_inchikey_lookup', 'name_resolution_status': 'PUBCHEM_TITLE_CANDIDATE', 'rxnorm_match_status': 'NO_MATCH', 'rxnorm_match_method': 'none', 'match_score': 0.0, 'enrichment_confidence': 'NO_MATCH', 'created_from_phase': 'Phase 1 & Phase 2'}"
DRUG_001610,CONFIRMED_INTEGRATED_ENTITY,NO_MATCH,"{'source_membership': 'drugbank_only', 'canonical_smiles': 'CCN(CC)c1cc(C)nc2ncnn12', 'inchikey': 'GSNOZLZNQMLSKJ-UHFFFAOYSA-N', 'name_source': 'pubchem_inchikey_lookup', 'name_resolution_status': 'PUBCHEM_TITLE_CANDIDATE', 'rxnorm_match_status': 'NO_MATCH', 'rxnorm_match_method': 'none', 'match_score': 0.0, 'enrichment_confidence': 'NO_MATCH', 'created_from_phase': 'Phase 1 & Phase 2'}"
DRUG_001613,CONFIRMED_INTEGRATED_ENTITY,NO_MATCH,"{'source_membership': 'drugbank_only', 'canonical_smiles': 'CCN(CC)CC(=O)Oc1ccc(NC(C)=O)cc1', 'inchikey': 'QTGAJCQTLIRCFL-UHFFFAOYSA-N', 'name_source': 'pubchem_inchikey_lookup', 'name_resolution_status': 'PUBCHEM_TITLE_CANDIDATE', 'rxnorm_match_status': 'NO_MATCH', 'rxnorm_match_method': 'none', 'match_score': 0.0, 'enrichment_confidence': 'NO_MATCH', 'created_from_phase': 'Phase 1 & Phase 2'}"
DRUG_001615,CONFIRMED_INTEGRATED_ENTITY,NO_MATCH,"{'source_membership': 'drugbank_only', 'canonical_smiles': 'Cn1cc(C(=O)C2CCc3[nH]cnc3C2)c2ccccc21', 'inchikey': 'NTHPAPBPFQJABD-LLVKDONJSA-N', 'name_source': 'pubchem_inchikey_lookup', 'name_resolution_status': 'PUBCHEM_TITLE_CANDIDATE', 'rxnorm_match_status': 'NO_MATCH', 'rxnorm_match_method': 'none', 'match_score': 0.0, 'enrichment_confidence': 'NO_MATCH', 'created_from_phase': 'Phase 1 & Phase 2'}"
DRUG_001626,CONFIRMED_INTEGRATED_ENTITY,NO_MATCH,"{'source_membership': 'drugbank_only', 'canonical_smiles': 'CC1(C)SC2C(NC(=O)Cc3ccccc3)C(=O)N2C1C(=O)O.CC1(C)SC2C(NC(=O)Cc3ccccc3)C(=O)N2C1C(=O)O.O.O.O.O.c1ccc(CNCCNCc2ccccc2)cc1', 'inchikey': 'WIDKTXGNSOORHA-CJHXQPGBSA-N', 'name_source': 'pubchem_inchikey_lookup', 'name_resolution_status': 'PUBCHEM_TITLE_CANDIDATE', 'rxnorm_match_status': 'NO_MATCH', 'rxnorm_match_method': 'none', 'match_score': 0.0, 'enrichment_confidence': 'NO_MATCH', 'created_from_phase': 'Phase 1 & Phase 2'}"
DRUG_001629,CONFIRMED_INTEGRATED_ENTITY,NO_MATCH,"{'source_membership': 'drugbank_only', 'canonical_smiles': 'COC(CNC(=O)c1ccccc1OCC(=O)O)C[Hg]O', 'inchikey': 'HQRSUIDICNOLPX-UHFFFAOYSA-M', 'name_source': 'pubchem_inchikey_lookup', 'name_resolution_status': 'PUBCHEM_TITLE_CANDIDATE', 'rxnorm_match_status': 'NO_MATCH', 'rxnorm_match_method': 'none', 'match_score': 0.0, 'enrichment_confidence': 'NO_MATCH', 'created_from_phase': 'Phase 1 & Phase 2'}"
DRUG_001630,CONFIRMED_INTEGRATED_ENTITY,NO_MATCH,"{'source_membership': 'drugbank_only', 'canonical_smiles': 'CCCOc1cc(N)ccc1C(=O)OCCN(CC)CC', 'inchikey': 'CAJIGINSTLKQMM-UHFFFAOYSA-N', 'name_source': 'pubchem_inchikey_lookup', 'name_resolution_status': 'PUBCHEM_TITLE_CANDIDATE', 'rxnorm_match_status': 'NO_MATCH', 'rxnorm_match_method': 'none', 'match_score': 0.0, 'enrichment_confidence': 'NO_MATCH', 'created_from_phase': 'Phase 1 & Phase 2'}"
DRUG_001634,CONFIRMED_INTEGRATED_ENTITY,NO_MATCH,"{'source_membership': 'drugbank_only', 'canonical_smiles': 'CCC(=O)OC(Cc1ccccc1)(c1ccccc1)C(C)CN(C)C.O.O=S(=O)(O)c1ccc2ccccc2c1', 'inchikey': 'GBKONKCASNNUQD-VGHSCWAPSA-N', 'name_source': 'pubchem_inchikey_lookup', 'name_resolution_status': 'PUBCHEM_TITLE_CANDIDATE', 'rxnorm_match_status': 'NO_MATCH', 'rxnorm_match_method': 'none', 'match_score': 0.0, 'enrichment_confidence': 'NO_MATCH', 'created_from_phase': 'Phase 1 & Phase 2'}"
DRUG_001640,CONFIRMED_INTEGRATED_ENTITY,NO_MATCH,"{'source_membership': 'drugbank_only', 'canonical_smiles': 'O=S(O)(O)=S', 'inchikey': 'DHCDFWKWKRSZHF-UHFFFAOYSA-N', 'name_source': 'none', 'name_resolution_status': 'NO_NAME_CANDIDATE', 'rxnorm_match_status': 'NO_MATCH', 'rxnorm_match_method': 'none', 'match_score': 0.0, 'enrichment_confidence': 'NO_MATCH', 'created_from_phase': 'Phase 1 & Phase 2'}"
DRUG_001649,CONFIRMED_INTEGRATED_ENTITY,NO_MATCH,"{'source_membership': 'drugbank_only', 'canonical_smiles': 'CC(C)(N)CO.Cn1c(=O)c2[nH]c(Br)nc2n(C)c1=O', 'inchikey': 'ATOTUUBRFJHZQG-UHFFFAOYSA-N', 'name_source': 'pubchem_inchikey_lookup', 'name_resolution_status': 'PUBCHEM_TITLE_CANDIDATE', 'rxnorm_match_status': 'NO_MATCH', 'rxnorm_match_method': 'none', 'match_score': 0.0, 'enrichment_confidence': 'NO_MATCH', 'created_from_phase': 'Phase 1 & Phase 2'}"
DRUG_001676,CONFIRMED_INTEGRATED_ENTITY,NO_MATCH,"{'source_membership': 'drugbank_only', 'canonical_smiles': 'Cc1cncc(CN2CCC(=C3c4ccc(Cl)cc4CCc4cccnc43)CC2)c1', 'inchikey': 'WUZYKBABMWJHDL-UHFFFAOYSA-N', 'name_source': 'pubchem_inchikey_lookup', 'name_resolution_status': 'PUBCHEM_TITLE_CANDIDATE', 'rxnorm_match_status': 'NO_MATCH', 'rxnorm_match_method': 'none', 'match_score': 0.0, 'enrichment_confidence': 'NO_MATCH', 'created_from_phase': 'Phase 1 & Phase 2'}"
DRUG_001681,CONFIRMED_INTEGRATED_ENTITY,NO_MATCH,"{'source_membership': 'drugbank_only', 'canonical_smiles': 'CCC12C=CCN3CCC4(c5cc(C6(C(=O)OC)CC7CC(C(C)(F)F)CN(Cc8c6[nH]c6ccccc86)C7)c(OC)cc5N(C)C4C(O)(C(=O)OC)C1OC(C)=O)C32', 'inchikey': 'NMDYYWFGPIMTKO-KLCPSUAYSA-N', 'name_source': 'pubchem_inchikey_lookup', 'name_resolution_status': 'PUBCHEM_TITLE_CANDIDATE', 'rxnorm_match_status': 'NO_MATCH', 'rxnorm_match_method': 'none', 'match_score': 0.0, 'enrichment_confidence': 'NO_MATCH', 'created_from_phase': 'Phase 1 & Phase 2'}"
DRUG_001686,CONFIRMED_INTEGRATED_ENTITY,NO_MATCH,"{'source_membership': 'drugbank_only', 'canonical_smiles': 'C#Cc1cccc(Nc2ncnc3cc4c(cc23)OCCOCCOCCO4)c1', 'inchikey': 'QQLKULDARVNMAL-UHFFFAOYSA-N', 'name_source': 'pubchem_inchikey_lookup', 'name_resolution_status': 'PUBCHEM_TITLE_CANDIDATE', 'rxnorm_match_status': 'NO_MATCH', 'rxnorm_match_method': 'none', 'match_score': 0.0, 'enrichment_confidence': 'NO_MATCH', 'created_from_phase': 'Phase 1 & Phase 2'}"
DRUG_001704,CONFIRMED_INTEGRATED_ENTITY,NO_MATCH,"{'source_membership': 'drugbank_only', 'canonical_smiles': 'CN(C(=O)CN(CCO)CC(=O)N(C)C(C)(C)Cc1ccccc1)C(C)(C)Cc1ccccc1', 'inchikey': 'FTLDJPRFCGDUFH-UHFFFAOYSA-N', 'name_source': 'pubchem_inchikey_lookup', 'name_resolution_status': 'PUBCHEM_TITLE_CANDIDATE', 'rxnorm_match_status': 'NO_MATCH', 'rxnorm_match_method': 'none', 'match_score': 0.0, 'enrichment_confidence': 'NO_MATCH', 'created_from_phase': 'Phase 1 & Phase 2'}"
DRUG_001705,CONFIRMED_INTEGRATED_ENTITY,NO_MATCH,"{'source_membership': 'drugbank_only', 'canonical_smiles': 'N=C(N)Nc1ccc(C(=O)Oc2ccc3cc(C(=N)N)ccc3c2)cc1', 'inchikey': 'MQQNFDZXWVTQEH-UHFFFAOYSA-N', 'name_source': 'pubchem_inchikey_lookup', 'name_resolution_status': 'PUBCHEM_TITLE_CANDIDATE', 'rxnorm_match_status': 'NO_MATCH', 'rxnorm_match_method': 'none', 'match_score': 0.0, 'enrichment_confidence': 'NO_MATCH', 'created_from_phase': 'Phase 1 & Phase 2'}"
DRUG_001709,CONFIRMED_INTEGRATED_ENTITY,NO_MATCH,"{'source_membership': 'drugbank_only', 'canonical_smiles': 'N->[Pt]1(<-N)OCC(=O)O1', 'inchikey': nan, 'name_source': 'none', 'name_resolution_status': 'NO_NAME_CANDIDATE', 'rxnorm_match_status': 'NO_MATCH', 'rxnorm_match_method': 'none', 'match_score': 0.0, 'enrichment_confidence': 'NO_MATCH', 'created_from_phase': 'Phase 1 & Phase 2'}"
DRUG_001713,CONFIRMED_INTEGRATED_ENTITY,NO_MATCH,"{'source_membership': 'drugbank_only', 'canonical_smiles': 'C=CCOc1ccc(CC(=O)O)cc1Cl', 'inchikey': 'ARHWPKZXBHOEEE-UHFFFAOYSA-N', 'name_source': 'pubchem_inchikey_lookup', 'name_resolution_status': 'PUBCHEM_TITLE_CANDIDATE', 'rxnorm_match_status': 'NO_MATCH', 'rxnorm_match_method': 'none', 'match_score': 0.0, 'enrichment_confidence': 'NO_MATCH', 'created_from_phase': 'Phase 1 & Phase 2'}"
DRUG_001726,CONFIRMED_INTEGRATED_ENTITY,NO_MATCH,"{'source_membership': 'twosides_only', 'canonical_smiles': 'C[N+](C)(C)CC(O)CC(=O)O', 'inchikey': 'PHIQHXFUZVPYII-UHFFFAOYSA-O', 'name_source': 'pubchem_cid_lookup', 'name_resolution_status': 'PUBCHEM_TITLE_CANDIDATE', 'rxnorm_match_status': 'NO_MATCH', 'rxnorm_match_method': 'none', 'match_score': 0.0, 'enrichment_confidence': 'NO_MATCH', 'created_from_phase': 'Phase 1 & Phase 2'}"
DRUG_001728,CONFIRMED_INTEGRATED_ENTITY,NO_MATCH,"{'source_membership': 'twosides_only', 'canonical_smiles': 'OCC1OC(O)C(O)C(O)C1O', 'inchikey': 'WQZGKKKJIJFFOK-UHFFFAOYSA-N', 'name_source': 'pubchem_cid_lookup', 'name_resolution_status': 'PUBCHEM_TITLE_CANDIDATE', 'rxnorm_match_status': 'NO_MATCH', 'rxnorm_match_method': 'none', 'match_score': 0.0, 'enrichment_confidence': 'NO_MATCH', 'created_from_phase': 'Phase 1 & Phase 2'}"
DRUG_001730,CONFIRMED_INTEGRATED_ENTITY,NO_MATCH,"{'source_membership': 'twosides_only', 'canonical_smiles': 'CC(=O)NC(CS)C(=O)O', 'inchikey': 'PWKSKIMOESPYIA-UHFFFAOYSA-N', 'name_source': 'pubchem_cid_lookup', 'name_resolution_status': 'PUBCHEM_TITLE_CANDIDATE', 'rxnorm_match_status': 'NO_MATCH', 'rxnorm_match_method': 'none', 'match_score': 0.0, 'enrichment_confidence': 'NO_MATCH', 'created_from_phase': 'Phase 1 & Phase 2'}"
DRUG_001731,CONFIRMED_INTEGRATED_ENTITY,NO_MATCH,"{'source_membership': 'twosides_only', 'canonical_smiles': 'O=S(=O)(O)CCS', 'inchikey': 'ZNEWHQLOPFWXOF-UHFFFAOYSA-N', 'name_source': 'pubchem_cid_lookup', 'name_resolution_status': 'PUBCHEM_TITLE_CANDIDATE', 'rxnorm_match_status': 'NO_MATCH', 'rxnorm_match_method': 'none', 'match_score': 0.0, 'enrichment_confidence': 'NO_MATCH', 'created_from_phase': 'Phase 1 & Phase 2'}"
DRUG_001732,CONFIRMED_INTEGRATED_ENTITY,NO_MATCH,"{'source_membership': 'twosides_only', 'canonical_smiles': 'CC(=O)NC1C(O)OC(COS(=O)(=O)O)C(OC2OC(C(=O)O)C(OC3OC(CO)C(OC4OC(C(=O)O)C(O)C(O)C4OS(=O)(=O)O)C(OS(=O)(=O)O)C3NS(=O)(=O)O)C(O)C2OS(=O)(=O)O)C1O', 'inchikey': 'HTTJABKRGRZYRN-UHFFFAOYSA-N', 'name_source': 'pubchem_cid_lookup', 'name_resolution_status': 'PUBCHEM_TITLE_CANDIDATE', 'rxnorm_match_status': 'NO_MATCH', 'rxnorm_match_method': 'none', 'match_score': 0.0, 'enrichment_confidence': 'NO_MATCH', 'created_from_phase': 'Phase 1 & Phase 2'}"
DRUG_001733,CONFIRMED_INTEGRATED_ENTITY,NO_MATCH,"{'source_membership': 'twosides_only', 'canonical_smiles': 'O=C([O-])c1cccnc1', 'inchikey': 'PVNIIMVLHYAWGP-UHFFFAOYSA-M', 'name_source': 'pubchem_cid_lookup', 'name_resolution_status': 'PUBCHEM_TITLE_CANDIDATE', 'rxnorm_match_status': 'NO_MATCH', 'rxnorm_match_method': 'none', 'match_score': 0.0, 'enrichment_confidence': 'NO_MATCH', 'created_from_phase': 'Phase 1 & Phase 2'}"
DRUG_001735,CONFIRMED_INTEGRATED_ENTITY,NO_MATCH,"{'source_membership': 'twosides_only', 'canonical_smiles': 'Cc1cn(C2CC(O)C(CO)O2)c(=O)[nH]c1=O', 'inchikey': 'IQFYYKKMVGJFEH-UHFFFAOYSA-N', 'name_source': 'pubchem_cid_lookup', 'name_resolution_status': 'PUBCHEM_TITLE_CANDIDATE', 'rxnorm_match_status': 'NO_MATCH', 'rxnorm_match_method': 'none', 'match_score': 0.0, 'enrichment_confidence': 'NO_MATCH', 'created_from_phase': 'Phase 1 & Phase 2'}"
DRUG_001736,CONFIRMED_INTEGRATED_ENTITY,NO_MATCH,"{'source_membership': 'twosides_only', 'canonical_smiles': 'COc1cccc2c1C(=O)c1c(O)c3c(c(O)c1C2=O)CC(O)(C(=O)CO)CC3OC1CC([NH3+])C(O)C(C)O1', 'inchikey': 'AOJJSUZBOXZQNB-UHFFFAOYSA-O', 'name_source': 'pubchem_cid_lookup', 'name_resolution_status': 'PUBCHEM_TITLE_CANDIDATE', 'rxnorm_match_status': 'NO_MATCH', 'rxnorm_match_method': 'none', 'match_score': 0.0, 'enrichment_confidence': 'NO_MATCH', 'created_from_phase': 'Phase 1 & Phase 2'}"
DRUG_001737,CONFIRMED_INTEGRATED_ENTITY,NO_MATCH,"{'source_membership': 'twosides_only', 'canonical_smiles': 'CCCCc1oc2ccccc2c1C(=O)c1cc(I)c(OCC[NH+](CC)CC)c(I)c1', 'inchikey': 'IYIKLHRQXLHMJQ-UHFFFAOYSA-O', 'name_source': 'pubchem_cid_lookup', 'name_resolution_status': 'PUBCHEM_TITLE_CANDIDATE', 'rxnorm_match_status': 'NO_MATCH', 'rxnorm_match_method': 'none', 'match_score': 0.0, 'enrichment_confidence': 'NO_MATCH', 'created_from_phase': 'Phase 1 & Phase 2'}"
DRUG_001738,CONFIRMED_INTEGRATED_ENTITY,NO_MATCH,"{'source_membership': 'twosides_only', 'canonical_smiles': 'CC1(C)SC2C(NC(=O)C(N)c3ccccc3)C(=O)N2C1C(=O)[O-]', 'inchikey': 'AVKUERGKIZMTKX-UHFFFAOYSA-M', 'name_source': 'pubchem_cid_lookup', 'name_resolution_status': 'PUBCHEM_TITLE_CANDIDATE', 'rxnorm_match_status': 'NO_MATCH', 'rxnorm_match_method': 'none', 'match_score': 0.0, 'enrichment_confidence': 'NO_MATCH', 'created_from_phase': 'Phase 1 & Phase 2'}"
DRUG_001739,CONFIRMED_INTEGRATED_ENTITY,NO_MATCH,"{'source_membership': 'twosides_only', 'canonical_smiles': 'CC1CNc2c(cccc2S(=O)(=O)NC(CCCN=C(N)N)C(=O)N2CCC(C)CC2C(=O)O)C1', 'inchikey': 'KXNPVXPOPUZYGB-UHFFFAOYSA-N', 'name_source': 'pubchem_cid_lookup', 'name_resolution_status': 'PUBCHEM_TITLE_CANDIDATE', 'rxnorm_match_status': 'NO_MATCH', 'rxnorm_match_method': 'none', 'match_score': 0.0, 'enrichment_confidence': 'NO_MATCH', 'created_from_phase': 'Phase 1 & Phase 2'}"
DRUG_001741,CONFIRMED_INTEGRATED_ENTITY,NO_MATCH,"{'source_membership': 'twosides_only', 'canonical_smiles': 'CCC(C)C(N)C1=NC(C(=O)NC(CC(C)C)C(=O)NC(CCC(=O)O)C(=O)NC(C(=O)NCCCCC2NC(=O)C(CC(N)=O)NC(=O)C(CC(=O)O)NC(=O)C(Cc3cnc[nH]3)NC(=O)C(Cc3ccccc3)NC(=O)C(C(C)CC)NC(=O)C(CCCN)NC2=O)C(C)CC)CS1', 'inchikey': 'VRKHYMXTJQCIND-UHFFFAOYSA-N', 'name_source': 'pubchem_cid_lookup', 'name_resolution_status': 'PUBCHEM_TITLE_CANDIDATE', 'rxnorm_match_status': 'NO_MATCH', 'rxnorm_match_method': 'none', 'match_score': 0.0, 'enrichment_confidence': 'NO_MATCH', 'created_from_phase': 'Phase 1 & Phase 2'}"
DRUG_001742,CONFIRMED_INTEGRATED_ENTITY,NO_MATCH,"{'source_membership': 'twosides_only', 'canonical_smiles': 'CC1CC2C3CCC4=CC(=O)C=CC4(C)C3(Cl)C(O)CC2(C)C1(O)C(=O)CO', 'inchikey': 'NBMKJKDGKREAPL-UHFFFAOYSA-N', 'name_source': 'pubchem_cid_lookup', 'name_resolution_status': 'PUBCHEM_TITLE_CANDIDATE', 'rxnorm_match_status': 'NO_MATCH', 'rxnorm_match_method': 'none', 'match_score': 0.0, 'enrichment_confidence': 'NO_MATCH', 'created_from_phase': 'Phase 1 & Phase 2'}"
DRUG_001744,CONFIRMED_INTEGRATED_ENTITY,NO_MATCH,"{'source_membership': 'twosides_only', 'canonical_smiles': 'Cc1nnc(SCC2=C(C(=O)[O-])N3C(=O)C(NC(=O)Cn4cnnn4)C3SC2)s1', 'inchikey': 'MLYYVTUWGNIJIB-UHFFFAOYSA-M', 'name_source': 'pubchem_cid_lookup', 'name_resolution_status': 'PUBCHEM_TITLE_CANDIDATE', 'rxnorm_match_status': 'NO_MATCH', 'rxnorm_match_method': 'none', 'match_score': 0.0, 'enrichment_confidence': 'NO_MATCH', 'created_from_phase': 'Phase 1 & Phase 2'}"
DRUG_001745,CONFIRMED_INTEGRATED_ENTITY,NO_MATCH,"{'source_membership': 'twosides_only', 'canonical_smiles': 'CON=C(C(=O)NC1C(=O)N2C(C(=O)[O-])=C(COC(C)=O)CSC12)c1csc(N)n1', 'inchikey': 'GPRBEKHLDVQUJE-UHFFFAOYSA-M', 'name_source': 'pubchem_cid_lookup', 'name_resolution_status': 'PUBCHEM_TITLE_CANDIDATE', 'rxnorm_match_status': 'NO_MATCH', 'rxnorm_match_method': 'none', 'match_score': 0.0, 'enrichment_confidence': 'NO_MATCH', 'created_from_phase': 'Phase 1 & Phase 2'}"
DRUG_001746,CONFIRMED_INTEGRATED_ENTITY,NO_MATCH,"{'source_membership': 'twosides_only', 'canonical_smiles': 'COC1(NC(=O)Cc2cccs2)C(=O)N2C(C(=O)[O-])=C(COC(N)=O)CSC21', 'inchikey': 'WZOZEZRFJCJXNZ-UHFFFAOYSA-M', 'name_source': 'pubchem_cid_lookup', 'name_resolution_status': 'PUBCHEM_TITLE_CANDIDATE', 'rxnorm_match_status': 'NO_MATCH', 'rxnorm_match_method': 'none', 'match_score': 0.0, 'enrichment_confidence': 'NO_MATCH', 'created_from_phase': 'Phase 1 & Phase 2'}"
DRUG_001747,CONFIRMED_INTEGRATED_ENTITY,NO_MATCH,"{'source_membership': 'twosides_only', 'canonical_smiles': 'CON=C(C(=O)NC1C(=O)N2C(C(=O)[O-])=C(CSc3nc(=O)c([O-])nn3C)CSC12)c1csc(N)n1', 'inchikey': 'VAAUVRVFOQPIGI-UHFFFAOYSA-L', 'name_source': 'pubchem_cid_lookup', 'name_resolution_status': 'PUBCHEM_TITLE_CANDIDATE', 'rxnorm_match_status': 'NO_MATCH', 'rxnorm_match_method': 'none', 'match_score': 0.0, 'enrichment_confidence': 'NO_MATCH', 'created_from_phase': 'Phase 1 & Phase 2'}"
DRUG_001748,CONFIRMED_INTEGRATED_ENTITY,NO_MATCH,"{'source_membership': 'twosides_only', 'canonical_smiles': 'CON=C(C(=O)NC1C(=O)N2C(C(=O)[O-])=C(COC(N)=O)CSC12)c1ccco1', 'inchikey': 'JFPVXVDWJQMJEE-UHFFFAOYSA-M', 'name_source': 'pubchem_cid_lookup', 'name_resolution_status': 'PUBCHEM_TITLE_CANDIDATE', 'rxnorm_match_status': 'NO_MATCH', 'rxnorm_match_method': 'none', 'match_score': 0.0, 'enrichment_confidence': 'NO_MATCH', 'created_from_phase': 'Phase 1 & Phase 2'}"
DRUG_001749,CONFIRMED_INTEGRATED_ENTITY,NO_MATCH,"{'source_membership': 'twosides_only', 'canonical_smiles': 'COCc1c(C(C)C)nc(C(C)C)c(C=CC(O)CC(O)CC(=O)O)c1-c1ccc(F)cc1', 'inchikey': 'SEERZIQQUAZTOL-UHFFFAOYSA-N', 'name_source': 'pubchem_cid_lookup', 'name_resolution_status': 'PUBCHEM_TITLE_CANDIDATE', 'rxnorm_match_status': 'NO_MATCH', 'rxnorm_match_method': 'none', 'match_score': 0.0, 'enrichment_confidence': 'NO_MATCH', 'created_from_phase': 'Phase 1 & Phase 2'}"
DRUG_001750,CONFIRMED_INTEGRATED_ENTITY,NO_MATCH,"{'source_membership': 'twosides_only', 'canonical_smiles': 'CN=C1CN(O)C(c2ccccc2)=c2cc(Cl)ccc2=N1', 'inchikey': 'BUCORZSTKDOEKQ-UHFFFAOYSA-N', 'name_source': 'pubchem_cid_lookup', 'name_resolution_status': 'PUBCHEM_TITLE_CANDIDATE', 'rxnorm_match_status': 'NO_MATCH', 'rxnorm_match_method': 'none', 'match_score': 0.0, 'enrichment_confidence': 'NO_MATCH', 'created_from_phase': 'Phase 1 & Phase 2'}"
DRUG_001751,CONFIRMED_INTEGRATED_ENTITY,NO_MATCH,"{'source_membership': 'twosides_only', 'canonical_smiles': 'NC(=NCCCCCCN=C(N)N=C(N)Nc1ccc(Cl)cc1)N=C(N)Nc1ccc(Cl)cc1', 'inchikey': 'GHXZTYHSJHQHIJ-UHFFFAOYSA-N', 'name_source': 'pubchem_cid_lookup', 'name_resolution_status': 'PUBCHEM_TITLE_CANDIDATE', 'rxnorm_match_status': 'NO_MATCH', 'rxnorm_match_method': 'none', 'match_score': 0.0, 'enrichment_confidence': 'NO_MATCH', 'created_from_phase': 'Phase 1 & Phase 2'}"
DRUG_001752,CONFIRMED_INTEGRATED_ENTITY,NO_MATCH,"{'source_membership': 'twosides_only', 'canonical_smiles': 'CN1CCN(C2=c3ccccc3=Nc3ccc(Cl)cc3N2)CC1', 'inchikey': 'ZUXABONWMNSFBN-UHFFFAOYSA-N', 'name_source': 'none', 'name_resolution_status': 'NO_NAME_CANDIDATE', 'rxnorm_match_status': 'NO_MATCH', 'rxnorm_match_method': 'none', 'match_score': 0.0, 'enrichment_confidence': 'NO_MATCH', 'created_from_phase': 'Phase 1 & Phase 2'}"
DRUG_001753,CONFIRMED_INTEGRATED_ENTITY,NO_MATCH,"{'source_membership': 'twosides_only', 'canonical_smiles': 'CC1=C2N=C(C=C3N=C(C(C)=C4[N-]C(C(CC(N)=O)C4(C)CCC(=O)NCC(C)OP(=O)(O)OC4C(CO)OC(n5cnc6cc(C)c(C)cc65)C4O)C4(C)N=C1C(CCC(N)=O)C4(C)CC(N)=O)C(CCC(N)=O)C3(C)C)C(CCC(N)=O)C2(C)CC(N)=O.[C-]#N.[Co+2]', 'inchikey': 'AGVAZMGAQJOSFJ-UHFFFAOYSA-M', 'name_source': 'pubchem_cid_lookup', 'name_resolution_status': 'PUBCHEM_TITLE_CANDIDATE', 'rxnorm_match_status': 'NO_MATCH', 'rxnorm_match_method': 'none', 'match_score': 0.0, 'enrichment_confidence': 'NO_MATCH', 'created_from_phase': 'Phase 1 & Phase 2'}"
DRUG_001754,CONFIRMED_INTEGRATED_ENTITY,NO_MATCH,"{'source_membership': 'twosides_only', 'canonical_smiles': 'O=C1N=C([O-])CN1N=Cc1ccc(-c2ccc([N+](=O)[O-])cc2)o1', 'inchikey': 'OZOMQRBLCMDCEG-UHFFFAOYSA-M', 'name_source': 'pubchem_cid_lookup', 'name_resolution_status': 'PUBCHEM_TITLE_CANDIDATE', 'rxnorm_match_status': 'NO_MATCH', 'rxnorm_match_method': 'none', 'match_score': 0.0, 'enrichment_confidence': 'NO_MATCH', 'created_from_phase': 'Phase 1 & Phase 2'}"
DRUG_001756,CONFIRMED_INTEGRATED_ENTITY,NO_MATCH,"{'source_membership': 'twosides_only', 'canonical_smiles': 'Cc1onc(-c2c(Cl)cccc2Cl)c1C(=O)NC1C(=O)N2C1SC(C)(C)C2C(=O)[O-]', 'inchikey': 'YFAGHNZHGGCZAX-UHFFFAOYSA-M', 'name_source': 'pubchem_cid_lookup', 'name_resolution_status': 'PUBCHEM_TITLE_CANDIDATE', 'rxnorm_match_status': 'NO_MATCH', 'rxnorm_match_method': 'none', 'match_score': 0.0, 'enrichment_confidence': 'NO_MATCH', 'created_from_phase': 'Phase 1 & Phase 2'}"
DRUG_001757,CONFIRMED_INTEGRATED_ENTITY,NO_MATCH,"{'source_membership': 'twosides_only', 'canonical_smiles': 'COc1ccc(C2Sc3ccccc3N(CC[NH+](C)C)C(=O)C2OC(C)=O)cc1', 'inchikey': 'HSUGRBWQSSZJOP-UHFFFAOYSA-O', 'name_source': 'pubchem_cid_lookup', 'name_resolution_status': 'PUBCHEM_TITLE_CANDIDATE', 'rxnorm_match_status': 'NO_MATCH', 'rxnorm_match_method': 'none', 'match_score': 0.0, 'enrichment_confidence': 'NO_MATCH', 'created_from_phase': 'Phase 1 & Phase 2'}"
DRUG_001758,CONFIRMED_INTEGRATED_ENTITY,NO_MATCH,"{'source_membership': 'twosides_only', 'canonical_smiles': 'CC1c2cccc(O)c2C(O)=C2C(=O)C3(O)C(=O)C(=C(N)O)C(=O)C(N(C)C)C3C(O)C21', 'inchikey': 'UEVKMCOZLJYVNG-UHFFFAOYSA-N', 'name_source': 'none', 'name_resolution_status': 'NO_NAME_CANDIDATE', 'rxnorm_match_status': 'NO_MATCH', 'rxnorm_match_method': 'none', 'match_score': 0.0, 'enrichment_confidence': 'NO_MATCH', 'created_from_phase': 'Phase 1 & Phase 2'}"
DRUG_001759,CONFIRMED_INTEGRATED_ENTITY,NO_MATCH,"{'source_membership': 'twosides_only', 'canonical_smiles': 'O=C([NH2+]CC1CCCCN1)c1cc(OCC(F)(F)F)ccc1OCC(F)(F)F', 'inchikey': 'DJBNUMBKLMJRSA-UHFFFAOYSA-O', 'name_source': 'pubchem_cid_lookup', 'name_resolution_status': 'PUBCHEM_TITLE_CANDIDATE', 'rxnorm_match_status': 'NO_MATCH', 'rxnorm_match_method': 'none', 'match_score': 0.0, 'enrichment_confidence': 'NO_MATCH', 'created_from_phase': 'Phase 1 & Phase 2'}"
DRUG_001760,CONFIRMED_INTEGRATED_ENTITY,NO_MATCH,"{'source_membership': 'twosides_only', 'canonical_smiles': 'O=C([O-])P(=O)([O-])[O-]', 'inchikey': 'ZJAOAACCNHFJAH-UHFFFAOYSA-K', 'name_source': 'pubchem_cid_lookup', 'name_resolution_status': 'PUBCHEM_TITLE_CANDIDATE', 'rxnorm_match_status': 'NO_MATCH', 'rxnorm_match_method': 'none', 'match_score': 0.0, 'enrichment_confidence': 'NO_MATCH', 'created_from_phase': 'Phase 1 & Phase 2'}"
DRUG_001761,CONFIRMED_INTEGRATED_ENTITY,NO_MATCH,"{'source_membership': 'twosides_only', 'canonical_smiles': 'CCC(=O)OC(OP(=O)(CCCCc1ccccc1)CC(=O)N1CC(C2CCCCC2)CC1C(=O)[O-])C(C)C', 'inchikey': 'BIDNLKIUORFRQP-UHFFFAOYSA-M', 'name_source': 'pubchem_cid_lookup', 'name_resolution_status': 'PUBCHEM_TITLE_CANDIDATE', 'rxnorm_match_status': 'NO_MATCH', 'rxnorm_match_method': 'none', 'match_score': 0.0, 'enrichment_confidence': 'NO_MATCH', 'created_from_phase': 'Phase 1 & Phase 2'}"
DRUG_001763,CONFIRMED_INTEGRATED_ENTITY,NO_MATCH,"{'source_membership': 'twosides_only', 'canonical_smiles': 'CCCC(=O)OC1(C(=O)CO)CCC2C3CCC4=CC(=O)CCC4(C)C3C(O)CC21C', 'inchikey': 'BMCQMVFGOVHVNG-UHFFFAOYSA-N', 'name_source': 'pubchem_cid_lookup', 'name_resolution_status': 'PUBCHEM_TITLE_CANDIDATE', 'rxnorm_match_status': 'NO_MATCH', 'rxnorm_match_method': 'none', 'match_score': 0.0, 'enrichment_confidence': 'NO_MATCH', 'created_from_phase': 'Phase 1 & Phase 2'}"
DRUG_001764,CONFIRMED_INTEGRATED_ENTITY,NO_MATCH,"{'source_membership': 'twosides_only', 'canonical_smiles': 'CCNC(=O)C1CCCN1C(=O)C(CCCN=C(N)N)NC(=O)C(CC(C)C)NC(=O)C(CC(C)C)NC(=O)C(Cc1ccc(O)cc1)NC(=O)C(CO)NC(=O)C(Cc1c[nH]c2ccccc12)NC(=O)C(Cc1cnc[nH]1)NC(=O)C1CCC(=O)N1', 'inchikey': 'GFIJNRVAKGFPGQ-UHFFFAOYSA-N', 'name_source': 'pubchem_cid_lookup', 'name_resolution_status': 'PUBCHEM_TITLE_CANDIDATE', 'rxnorm_match_status': 'NO_MATCH', 'rxnorm_match_method': 'none', 'match_score': 0.0, 'enrichment_confidence': 'NO_MATCH', 'created_from_phase': 'Phase 1 & Phase 2'}"
DRUG_001765,CONFIRMED_INTEGRATED_ENTITY,NO_MATCH,"{'source_membership': 'twosides_only', 'canonical_smiles': 'CN(C)C(=O)C(CC[NH+]1CCC(O)(c2ccc(Cl)cc2)CC1)(c1ccccc1)c1ccccc1', 'inchikey': 'RDOIQAHITMMDAJ-UHFFFAOYSA-O', 'name_source': 'pubchem_cid_lookup', 'name_resolution_status': 'PUBCHEM_TITLE_CANDIDATE', 'rxnorm_match_status': 'NO_MATCH', 'rxnorm_match_method': 'none', 'match_score': 0.0, 'enrichment_confidence': 'NO_MATCH', 'created_from_phase': 'Phase 1 & Phase 2'}"
DRUG_001766,CONFIRMED_INTEGRATED_ENTITY,NO_MATCH,"{'source_membership': 'twosides_only', 'canonical_smiles': 'Cc1cnc(NC(O)=C2C(=O)c3ccccc3S(=O)(=O)N2C)s1', 'inchikey': 'DWMREKMVXIFPFM-UHFFFAOYSA-N', 'name_source': 'none', 'name_resolution_status': 'NO_NAME_CANDIDATE', 'rxnorm_match_status': 'NO_MATCH', 'rxnorm_match_method': 'none', 'match_score': 0.0, 'enrichment_confidence': 'NO_MATCH', 'created_from_phase': 'Phase 1 & Phase 2'}"
DRUG_001767,CONFIRMED_INTEGRATED_ENTITY,NO_MATCH,"{'source_membership': 'twosides_only', 'canonical_smiles': 'CN(C)c1ccc(O)c2c1CC1CC3C(N(C)C)C(=O)C(=C(N)O)C(=O)C3(O)C(=O)C1=C2O', 'inchikey': 'CUJCFMVUUMIFDR-UHFFFAOYSA-N', 'name_source': 'none', 'name_resolution_status': 'NO_NAME_CANDIDATE', 'rxnorm_match_status': 'NO_MATCH', 'rxnorm_match_method': 'none', 'match_score': 0.0, 'enrichment_confidence': 'NO_MATCH', 'created_from_phase': 'Phase 1 & Phase 2'}"
DRUG_001769,CONFIRMED_INTEGRATED_ENTITY,NO_MATCH,"{'source_membership': 'twosides_only', 'canonical_smiles': 'COC(=O)C1=C(C)NC(C)=C(C(=O)OCC[NH+](C)Cc2ccccc2)C1c1cccc([N+](=O)[O-])c1', 'inchikey': 'ZBBHBTPTTSWHBA-UHFFFAOYSA-O', 'name_source': 'pubchem_cid_lookup', 'name_resolution_status': 'PUBCHEM_TITLE_CANDIDATE', 'rxnorm_match_status': 'NO_MATCH', 'rxnorm_match_method': 'none', 'match_score': 0.0, 'enrichment_confidence': 'NO_MATCH', 'created_from_phase': 'Phase 1 & Phase 2'}"
DRUG_001770,CONFIRMED_INTEGRATED_ENTITY,NO_MATCH,"{'source_membership': 'twosides_only', 'canonical_smiles': 'Cc1cc2c(s1)=Nc1ccccc1NC=2N1CCN(C)CC1', 'inchikey': 'WXPNDRBBWZMPQG-UHFFFAOYSA-N', 'name_source': 'none', 'name_resolution_status': 'NO_NAME_CANDIDATE', 'rxnorm_match_status': 'NO_MATCH', 'rxnorm_match_method': 'none', 'match_score': 0.0, 'enrichment_confidence': 'NO_MATCH', 'created_from_phase': 'Phase 1 & Phase 2'}"
DRUG_001771,CONFIRMED_INTEGRATED_ENTITY,NO_MATCH,"{'source_membership': 'twosides_only', 'canonical_smiles': 'Cc1onc(-c2ccccc2)c1C(=O)NC1C(=O)N2C1SC(C)(C)C2C(=O)[O-]', 'inchikey': 'UWYHMGVUTGAWSP-UHFFFAOYSA-M', 'name_source': 'pubchem_cid_lookup', 'name_resolution_status': 'PUBCHEM_TITLE_CANDIDATE', 'rxnorm_match_status': 'NO_MATCH', 'rxnorm_match_method': 'none', 'match_score': 0.0, 'enrichment_confidence': 'NO_MATCH', 'created_from_phase': 'Phase 1 & Phase 2'}"
DRUG_001772,CONFIRMED_INTEGRATED_ENTITY,NO_MATCH,"{'source_membership': 'twosides_only', 'canonical_smiles': 'O=C(O)C(=O)O.[NH-]C1CCCCC1[NH-].[Pt+2]', 'inchikey': 'DRMCATBEKSVAPL-UHFFFAOYSA-N', 'name_source': 'pubchem_cid_lookup', 'name_resolution_status': 'PUBCHEM_TITLE_CANDIDATE', 'rxnorm_match_status': 'NO_MATCH', 'rxnorm_match_method': 'none', 'match_score': 0.0, 'enrichment_confidence': 'NO_MATCH', 'created_from_phase': 'Phase 1 & Phase 2'}"
DRUG_001773,CONFIRMED_INTEGRATED_ENTITY,NO_MATCH,"{'source_membership': 'twosides_only', 'canonical_smiles': 'CN(C)C1C(=O)C(=C(N)O)C(=O)C2(O)C(=O)C3=C(O)c4c(O)cccc4C(C)(O)C3C(O)C12', 'inchikey': 'FYDOORKXBWEKQM-UHFFFAOYSA-N', 'name_source': 'none', 'name_resolution_status': 'NO_NAME_CANDIDATE', 'rxnorm_match_status': 'NO_MATCH', 'rxnorm_match_method': 'none', 'match_score': 0.0, 'enrichment_confidence': 'NO_MATCH', 'created_from_phase': 'Phase 1 & Phase 2'}"
DRUG_001775,CONFIRMED_INTEGRATED_ENTITY,NO_MATCH,"{'source_membership': 'twosides_only', 'canonical_smiles': 'CC1(C)SC2C(NC(=O)COc3ccccc3)C(=O)N2C1C(=O)[O-]', 'inchikey': 'BPLBGHOLXOTWMN-UHFFFAOYSA-M', 'name_source': 'pubchem_cid_lookup', 'name_resolution_status': 'PUBCHEM_TITLE_CANDIDATE', 'rxnorm_match_status': 'NO_MATCH', 'rxnorm_match_method': 'none', 'match_score': 0.0, 'enrichment_confidence': 'NO_MATCH', 'created_from_phase': 'Phase 1 & Phase 2'}"
DRUG_001776,CONFIRMED_INTEGRATED_ENTITY,NO_MATCH,"{'source_membership': 'twosides_only', 'canonical_smiles': 'OCC1OC(n2cnc3c2NC=NCC3O)CC1O', 'inchikey': 'FPVKHBSQESCIEP-UHFFFAOYSA-N', 'name_source': 'pubchem_cid_lookup', 'name_resolution_status': 'PUBCHEM_TITLE_CANDIDATE', 'rxnorm_match_status': 'NO_MATCH', 'rxnorm_match_method': 'none', 'match_score': 0.0, 'enrichment_confidence': 'NO_MATCH', 'created_from_phase': 'Phase 1 & Phase 2'}"
DRUG_001777,CONFIRMED_INTEGRATED_ENTITY,NO_MATCH,"{'source_membership': 'twosides_only', 'canonical_smiles': 'CCN1CCN(C(=O)NC(C(=O)NC2C(=O)N3C2SC(C)(C)C3C(=O)[O-])c2ccccc2)C(=O)C1=O', 'inchikey': 'IVBHGBMCVLDMKU-UHFFFAOYSA-M', 'name_source': 'pubchem_cid_lookup', 'name_resolution_status': 'PUBCHEM_TITLE_CANDIDATE', 'rxnorm_match_status': 'NO_MATCH', 'rxnorm_match_method': 'none', 'match_score': 0.0, 'enrichment_confidence': 'NO_MATCH', 'created_from_phase': 'Phase 1 & Phase 2'}"
DRUG_001778,CONFIRMED_INTEGRATED_ENTITY,NO_MATCH,"{'source_membership': 'twosides_only', 'canonical_smiles': 'CN1C(=C(O)Nc2ccccn2)C(=O)c2ccccc2S1(=O)=O', 'inchikey': 'LDJVNWFKNMYYNT-UHFFFAOYSA-N', 'name_source': 'none', 'name_resolution_status': 'NO_NAME_CANDIDATE', 'rxnorm_match_status': 'NO_MATCH', 'rxnorm_match_method': 'none', 'match_score': 0.0, 'enrichment_confidence': 'NO_MATCH', 'created_from_phase': 'Phase 1 & Phase 2'}"
DRUG_001780,CONFIRMED_INTEGRATED_ENTITY,NO_MATCH,"{'source_membership': 'twosides_only', 'canonical_smiles': 'CNC1C(OC2C(OC3C(O)C(O)C(N=C(N)N)C(O)C3N=C(N)N)OC(C)C2(O)C=O)OC(CO)C(O)C1O', 'inchikey': 'UCSJYZPVAKXKNQ-UHFFFAOYSA-N', 'name_source': 'pubchem_cid_lookup', 'name_resolution_status': 'PUBCHEM_TITLE_CANDIDATE', 'rxnorm_match_status': 'NO_MATCH', 'rxnorm_match_method': 'none', 'match_score': 0.0, 'enrichment_confidence': 'NO_MATCH', 'created_from_phase': 'Phase 1 & Phase 2'}"
DRUG_001781,CONFIRMED_INTEGRATED_ENTITY,NO_MATCH,"{'source_membership': 'twosides_only', 'canonical_smiles': 'CN(C)C1C(=O)C(=C(N)O)C(=O)C2(O)C(=O)C3=C(O)c4c(O)cccc4C(C)(O)C3CC12', 'inchikey': 'JYHCQVWYCGHXGP-UHFFFAOYSA-N', 'name_source': 'none', 'name_resolution_status': 'NO_NAME_CANDIDATE', 'rxnorm_match_status': 'NO_MATCH', 'rxnorm_match_method': 'none', 'match_score': 0.0, 'enrichment_confidence': 'NO_MATCH', 'created_from_phase': 'Phase 1 & Phase 2'}"
DRUG_001782,CONFIRMED_INTEGRATED_ENTITY,NO_MATCH,"{'source_membership': 'twosides_only', 'canonical_smiles': 'CC(=O)NC1C(N=C(N)N)C=C(C(=O)O)OC1C(O)C(O)CO', 'inchikey': 'ARAIBEBZBOPLMB-UHFFFAOYSA-N', 'name_source': 'pubchem_cid_lookup', 'name_resolution_status': 'PUBCHEM_TITLE_CANDIDATE', 'rxnorm_match_status': 'NO_MATCH', 'rxnorm_match_method': 'none', 'match_score': 0.0, 'enrichment_confidence': 'NO_MATCH', 'created_from_phase': 'Phase 1 & Phase 2'}"
DRUG_001783,CONFIRMED_INTEGRATED_ENTITY,NO_MATCH,"{'source_membership': 'twosides_only', 'canonical_smiles': 'CCC(C)C1NC(=O)C(Cc2ccc(O)cc2)NC(=O)C(N)CSSCC(C(=O)N2CCCC2C(=O)NC(CC(C)C)C(=O)NCC(N)=O)NC(=O)C(CC(N)=O)NC(=O)C(CCC(N)=O)NC1=O', 'inchikey': 'XNOPRXBHLZRZKH-UHFFFAOYSA-N', 'name_source': 'pubchem_cid_lookup', 'name_resolution_status': 'PUBCHEM_TITLE_CANDIDATE', 'rxnorm_match_status': 'NO_MATCH', 'rxnorm_match_method': 'none', 'match_score': 0.0, 'enrichment_confidence': 'NO_MATCH', 'created_from_phase': 'Phase 1 & Phase 2'}"
DRUG_001784,CONFIRMED_INTEGRATED_ENTITY,NO_MATCH,"{'source_membership': 'twosides_only', 'canonical_smiles': 'CC(=O)CC(c1ccccc1)c1c(O)oc2ccccc2c1=O', 'inchikey': 'QTXVAVXCBMYBJW-UHFFFAOYSA-N', 'name_source': 'none', 'name_resolution_status': 'NO_NAME_CANDIDATE', 'rxnorm_match_status': 'NO_MATCH', 'rxnorm_match_method': 'none', 'match_score': 0.0, 'enrichment_confidence': 'NO_MATCH', 'created_from_phase': 'Phase 1 & Phase 2'}"
DRUG_001785,CONFIRMED_INTEGRATED_ENTITY,NO_MATCH,"{'source_membership': 'twosides_only', 'canonical_smiles': 'CC(=O)CC(c1ccc([N+](=O)[O-])cc1)c1c(O)oc2ccccc2c1=O', 'inchikey': 'WWBYDEQHYAEHLT-UHFFFAOYSA-N', 'name_source': 'none', 'name_resolution_status': 'NO_NAME_CANDIDATE', 'rxnorm_match_status': 'NO_MATCH', 'rxnorm_match_method': 'none', 'match_score': 0.0, 'enrichment_confidence': 'NO_MATCH', 'created_from_phase': 'Phase 1 & Phase 2'}"
DRUG_001790,CONFIRMED_INTEGRATED_ENTITY,NO_MATCH,"{'source_membership': 'twosides_only', 'canonical_smiles': 'S=[Se]', 'inchikey': 'VIDTVPHHDGRGAF-UHFFFAOYSA-N', 'name_source': 'pubchem_cid_lookup', 'name_resolution_status': 'PUBCHEM_TITLE_CANDIDATE', 'rxnorm_match_status': 'NO_MATCH', 'rxnorm_match_method': 'none', 'match_score': 0.0, 'enrichment_confidence': 'NO_MATCH', 'created_from_phase': 'Phase 1 & Phase 2'}"
DRUG_001791,CONFIRMED_INTEGRATED_ENTITY,NO_MATCH,"{'source_membership': 'twosides_only', 'canonical_smiles': 'O.O.O.O.O.O.[Ca+2].[Cl-].[Cl-]', 'inchikey': 'QHFQAJHNDKBRBO-UHFFFAOYSA-L', 'name_source': 'pubchem_cid_lookup', 'name_resolution_status': 'PUBCHEM_TITLE_CANDIDATE', 'rxnorm_match_status': 'NO_MATCH', 'rxnorm_match_method': 'none', 'match_score': 0.0, 'enrichment_confidence': 'NO_MATCH', 'created_from_phase': 'Phase 1 & Phase 2'}"
DRUG_001792,CONFIRMED_INTEGRATED_ENTITY,NO_MATCH,"{'source_membership': 'twosides_only', 'canonical_smiles': 'O=C(O)c1cc(=O)c2cc(OCC(O)COc3cccc4oc(C(=O)O)cc(=O)c34)ccc2o1', 'inchikey': 'FSINDHDHRQZTPH-UHFFFAOYSA-N', 'name_source': 'pubchem_cid_lookup', 'name_resolution_status': 'PUBCHEM_TITLE_CANDIDATE', 'rxnorm_match_status': 'NO_MATCH', 'rxnorm_match_method': 'none', 'match_score': 0.0, 'enrichment_confidence': 'NO_MATCH', 'created_from_phase': 'Phase 1 & Phase 2'}"
DRUG_001793,CONFIRMED_INTEGRATED_ENTITY,NO_MATCH,"{'source_membership': 'twosides_only', 'canonical_smiles': 'NC(=O)CCC1NC(=O)C(Cc2ccccc2)NC(=O)C(Cc2ccc(O)cc2)NC(=O)CCSSCC(C(=O)N2CCCC2C(=O)NC(CCCN=C(N)N)C(=O)NCC(N)=O)NC(=O)C(CC(N)=O)NC1=O', 'inchikey': 'NFLWUMRGJYTJIN-UHFFFAOYSA-N', 'name_source': 'pubchem_cid_lookup', 'name_resolution_status': 'PUBCHEM_TITLE_CANDIDATE', 'rxnorm_match_status': 'NO_MATCH', 'rxnorm_match_method': 'none', 'match_score': 0.0, 'enrichment_confidence': 'NO_MATCH', 'created_from_phase': 'Phase 1 & Phase 2'}"
DRUG_001794,CONFIRMED_INTEGRATED_ENTITY,NO_MATCH,"{'source_membership': 'twosides_only', 'canonical_smiles': '[AlH4-].[Li+]', 'inchikey': 'OCZDCIYGECBNKL-UHFFFAOYSA-N', 'name_source': 'pubchem_cid_lookup', 'name_resolution_status': 'PUBCHEM_TITLE_CANDIDATE', 'rxnorm_match_status': 'NO_MATCH', 'rxnorm_match_method': 'none', 'match_score': 0.0, 'enrichment_confidence': 'NO_MATCH', 'created_from_phase': 'Phase 1 & Phase 2'}"
DRUG_001795,CONFIRMED_INTEGRATED_ENTITY,NO_MATCH,"{'source_membership': 'twosides_only', 'canonical_smiles': 'CC1CC2C3CCC4=CC(=O)C=CC4(C)C3(F)C(O)CC2(C)C1(O)C(=O)CCl', 'inchikey': 'FCSHDIVRCWTZOX-UHFFFAOYSA-N', 'name_source': 'pubchem_cid_lookup', 'name_resolution_status': 'PUBCHEM_TITLE_CANDIDATE', 'rxnorm_match_status': 'NO_MATCH', 'rxnorm_match_method': 'none', 'match_score': 0.0, 'enrichment_confidence': 'NO_MATCH', 'created_from_phase': 'Phase 1 & Phase 2'}"
DRUG_001796,CONFIRMED_INTEGRATED_ENTITY,NO_MATCH,"{'source_membership': 'twosides_only', 'canonical_smiles': 'N.N.O=C(O)C1(C(=O)O)CCC1.[Pt]', 'inchikey': 'DVQHYTBCTGYNNN-UHFFFAOYSA-N', 'name_source': 'pubchem_cid_lookup', 'name_resolution_status': 'PUBCHEM_TITLE_CANDIDATE', 'rxnorm_match_status': 'NO_MATCH', 'rxnorm_match_method': 'none', 'match_score': 0.0, 'enrichment_confidence': 'NO_MATCH', 'created_from_phase': 'Phase 1 & Phase 2'}"
DRUG_001797,CONFIRMED_INTEGRATED_ENTITY,NO_MATCH,"{'source_membership': 'twosides_only', 'canonical_smiles': 'CC1OC(OC2C(CO)OC(OC3C(CO)OC(O)C(O)C3O)C(O)C2O)C(O)C(O)C1NC1C=C(CO)C(O)C(O)C1O', 'inchikey': 'XUFXOAAUWZOOIT-UHFFFAOYSA-N', 'name_source': 'pubchem_cid_lookup', 'name_resolution_status': 'PUBCHEM_TITLE_CANDIDATE', 'rxnorm_match_status': 'NO_MATCH', 'rxnorm_match_method': 'none', 'match_score': 0.0, 'enrichment_confidence': 'NO_MATCH', 'created_from_phase': 'Phase 1 & Phase 2'}"
DRUG_001798,CONFIRMED_INTEGRATED_ENTITY,NO_MATCH,"{'source_membership': 'twosides_only', 'canonical_smiles': 'CCC(=O)OC1(C(=O)CCl)C(C)CC2C3CC(F)C4=CC(=O)C=CC4(C)C3(F)C(O)CC21C', 'inchikey': 'BDSYKGHYMJNPAB-UHFFFAOYSA-N', 'name_source': 'pubchem_cid_lookup', 'name_resolution_status': 'PUBCHEM_TITLE_CANDIDATE', 'rxnorm_match_status': 'NO_MATCH', 'rxnorm_match_method': 'none', 'match_score': 0.0, 'enrichment_confidence': 'NO_MATCH', 'created_from_phase': 'Phase 1 & Phase 2'}"
DRUG_001799,CONFIRMED_INTEGRATED_ENTITY,NO_MATCH,"{'source_membership': 'twosides_only', 'canonical_smiles': 'CCOC(=O)OC1(C(=O)OCCl)CCC2C3CCC4=CC(=O)C=CC4(C)C3C(O)CC21C', 'inchikey': 'DMKSVUSAATWOCU-UHFFFAOYSA-N', 'name_source': 'pubchem_cid_lookup', 'name_resolution_status': 'PUBCHEM_TITLE_CANDIDATE', 'rxnorm_match_status': 'NO_MATCH', 'rxnorm_match_method': 'none', 'match_score': 0.0, 'enrichment_confidence': 'NO_MATCH', 'created_from_phase': 'Phase 1 & Phase 2'}"
DRUG_001800,CONFIRMED_INTEGRATED_ENTITY,NO_MATCH,"{'source_membership': 'twosides_only', 'canonical_smiles': 'Cc1cccc(C(C)c2cnc[nH]2)c1C', 'inchikey': 'CUHVIMMYOGQXCV-UHFFFAOYSA-N', 'name_source': 'pubchem_cid_lookup', 'name_resolution_status': 'PUBCHEM_TITLE_CANDIDATE', 'rxnorm_match_status': 'NO_MATCH', 'rxnorm_match_method': 'none', 'match_score': 0.0, 'enrichment_confidence': 'NO_MATCH', 'created_from_phase': 'Phase 1 & Phase 2'}"
DRUG_001801,CONFIRMED_INTEGRATED_ENTITY,NO_MATCH,"{'source_membership': 'twosides_only', 'canonical_smiles': 'CNC(=O)CN(CCN(CCN(CC(=O)[O-])CC(=O)NC)CC(=O)[O-])CC(=O)[O-].O.[Gd+3]', 'inchikey': 'XPCLDSMKWNNKOM-UHFFFAOYSA-K', 'name_source': 'pubchem_cid_lookup', 'name_resolution_status': 'PUBCHEM_TITLE_CANDIDATE', 'rxnorm_match_status': 'NO_MATCH', 'rxnorm_match_method': 'none', 'match_score': 0.0, 'enrichment_confidence': 'NO_MATCH', 'created_from_phase': 'Phase 1 & Phase 2'}"
DRUG_001802,CONFIRMED_INTEGRATED_ENTITY,NO_MATCH,"{'source_membership': 'twosides_only', 'canonical_smiles': 'CC1CC2C3CC(F)C4=CC(=O)C=CC4(C)C3(F)C(O)CC2(C)C1(O)C(=O)SCF', 'inchikey': 'MGNNYOODZCAHBA-UHFFFAOYSA-N', 'name_source': 'pubchem_cid_lookup', 'name_resolution_status': 'PUBCHEM_TITLE_CANDIDATE', 'rxnorm_match_status': 'NO_MATCH', 'rxnorm_match_method': 'none', 'match_score': 0.0, 'enrichment_confidence': 'NO_MATCH', 'created_from_phase': 'Phase 1 & Phase 2'}"
DRUG_001803,CONFIRMED_INTEGRATED_ENTITY,NO_MATCH,"{'source_membership': 'twosides_only', 'canonical_smiles': 'CCCC1(CCc2ccccc2)CC(=O)C(C(CC)c2cccc(NS(=O)(=O)c3ccc(C(F)(F)F)cn3)c2)=C(O)O1', 'inchikey': 'NZPXPXAGXYTROM-UHFFFAOYSA-N', 'name_source': 'none', 'name_resolution_status': 'NO_NAME_CANDIDATE', 'rxnorm_match_status': 'NO_MATCH', 'rxnorm_match_method': 'none', 'match_score': 0.0, 'enrichment_confidence': 'NO_MATCH', 'created_from_phase': 'Phase 1 & Phase 2'}"
DRUG_001805,CONFIRMED_INTEGRATED_ENTITY,NO_MATCH,"{'source_membership': 'twosides_only', 'canonical_smiles': 'Cc1c(N)nc(C(CC(N)=O)NCC(N)C(N)=O)nc1C(=O)NC(C(=O)NC(C)C(O)C(C)C(=O)NC(C(=O)NCCc1nc(-c2nc(C(=O)NCCC[S+](C)C)cs2)cs1)C(C)O)C(OC1OC(CO)C(O)C(O)C1OC1OC(CO)C(O)C(OC(N)=O)C1O)c1cnc[nH]1', 'inchikey': 'OYVAGSVQBOHSSS-UHFFFAOYSA-O', 'name_source': 'pubchem_cid_lookup', 'name_resolution_status': 'PUBCHEM_TITLE_CANDIDATE', 'rxnorm_match_status': 'NO_MATCH', 'rxnorm_match_method': 'none', 'match_score': 0.0, 'enrichment_confidence': 'NO_MATCH', 'created_from_phase': 'Phase 1 & Phase 2'}"
DRUG_001806,CONFIRMED_INTEGRATED_ENTITY,NO_MATCH,"{'source_membership': 'twosides_only', 'canonical_smiles': 'O=C1C(=O)c2ccccc2C(O)=C1C1CCC(c2ccc(Cl)cc2)CC1', 'inchikey': 'BSJMWHQBCZFXBR-UHFFFAOYSA-N', 'name_source': 'pubchem_cid_lookup', 'name_resolution_status': 'PUBCHEM_TITLE_CANDIDATE', 'rxnorm_match_status': 'NO_MATCH', 'rxnorm_match_method': 'none', 'match_score': 0.0, 'enrichment_confidence': 'NO_MATCH', 'created_from_phase': 'Phase 1 & Phase 2'}"
DRUG_001807,CONFIRMED_INTEGRATED_ENTITY,NO_MATCH,"{'source_membership': 'twosides_only', 'canonical_smiles': 'O=c1nc[nH]c2cn[nH]c12', 'inchikey': 'JFZSDNLQDTYVEE-UHFFFAOYSA-N', 'name_source': 'none', 'name_resolution_status': 'NO_NAME_CANDIDATE', 'rxnorm_match_status': 'NO_MATCH', 'rxnorm_match_method': 'none', 'match_score': 0.0, 'enrichment_confidence': 'NO_MATCH', 'created_from_phase': 'Phase 1 & Phase 2'}"
DRUG_001808,CONFIRMED_INTEGRATED_ENTITY,NO_MATCH,"{'source_membership': 'twosides_only', 'canonical_smiles': 'O=C(CO)C(O)C(OC1OC(CO)C(O)C(O)C1O)C(O)CO', 'inchikey': 'PFCRQPBOOFTZGQ-UHFFFAOYSA-N', 'name_source': 'pubchem_cid_lookup', 'name_resolution_status': 'PUBCHEM_TITLE_CANDIDATE', 'rxnorm_match_status': 'NO_MATCH', 'rxnorm_match_method': 'none', 'match_score': 0.0, 'enrichment_confidence': 'NO_MATCH', 'created_from_phase': 'Phase 1 & Phase 2'}"
DRUG_001811,CONFIRMED_INTEGRATED_ENTITY,NO_MATCH,"{'source_membership': 'twosides_only', 'canonical_smiles': 'CC(OC1OCCN(Cc2nc(=O)[nH][nH]2)C1c1ccc(F)cc1)c1cc(C(F)(F)F)cc(C(F)(F)F)c1', 'inchikey': 'ATALOFNDEOCMKK-UHFFFAOYSA-N', 'name_source': 'none', 'name_resolution_status': 'NO_NAME_CANDIDATE', 'rxnorm_match_status': 'NO_MATCH', 'rxnorm_match_method': 'none', 'match_score': 0.0, 'enrichment_confidence': 'NO_MATCH', 'created_from_phase': 'Phase 1 & Phase 2'}"
DRUG_001812,CONFIRMED_INTEGRATED_ENTITY,NO_MATCH,"{'source_membership': 'twosides_only', 'canonical_smiles': 'C=CCN.C=CCNCCCCCCCCCC.C=CCNCCCCCC[N+](C)(C)C.Cl.ClCC1CO1.[Cl-]', 'inchikey': 'VTAKZNRDSPNOAU-UHFFFAOYSA-M', 'name_source': 'pubchem_cid_lookup', 'name_resolution_status': 'PUBCHEM_TITLE_CANDIDATE', 'rxnorm_match_status': 'NO_MATCH', 'rxnorm_match_method': 'none', 'match_score': 0.0, 'enrichment_confidence': 'NO_MATCH', 'created_from_phase': 'Phase 1 & Phase 2'}"
DRUG_001813,CONFIRMED_INTEGRATED_ENTITY,NO_MATCH,"{'source_membership': 'twosides_only', 'canonical_smiles': 'O.O=C([O-])[O-].O=C([O-])[O-].O=C([O-])[O-].[La+3].[La+3]', 'inchikey': 'AFCUGQOTNCVYSW-UHFFFAOYSA-H', 'name_source': 'pubchem_cid_lookup', 'name_resolution_status': 'PUBCHEM_TITLE_CANDIDATE', 'rxnorm_match_status': 'NO_MATCH', 'rxnorm_match_method': 'none', 'match_score': 0.0, 'enrichment_confidence': 'NO_MATCH', 'created_from_phase': 'Phase 1 & Phase 2'}"
DRUG_001814,CONFIRMED_INTEGRATED_ENTITY,NO_MATCH,"{'source_membership': 'twosides_only', 'canonical_smiles': 'CC(C)C1CCCC(C(=O)NC(Cc2ccccc2)C(=O)O)C1', 'inchikey': 'CZCVBLROPSHDRZ-UHFFFAOYSA-N', 'name_source': 'pubchem_cid_lookup', 'name_resolution_status': 'PUBCHEM_TITLE_CANDIDATE', 'rxnorm_match_status': 'NO_MATCH', 'rxnorm_match_method': 'none', 'match_score': 0.0, 'enrichment_confidence': 'NO_MATCH', 'created_from_phase': 'Phase 1 & Phase 2'}"
DRUG_001816,CONFIRMED_INTEGRATED_ENTITY,NO_MATCH,"{'source_membership': 'twosides_only', 'canonical_smiles': 'NCC1CC(OC2CCC(N)C(O)C2OC2OC(CO)C(OC3OC(CN)C(O)C(O)C3N)C2O)C(N)C(O)C1O', 'inchikey': 'PZRUMSPVTQZXBY-UHFFFAOYSA-N', 'name_source': 'pubchem_cid_lookup', 'name_resolution_status': 'PUBCHEM_TITLE_CANDIDATE', 'rxnorm_match_status': 'NO_MATCH', 'rxnorm_match_method': 'none', 'match_score': 0.0, 'enrichment_confidence': 'NO_MATCH', 'created_from_phase': 'Phase 1 & Phase 2'}"
DRUG_001817,CONFIRMED_INTEGRATED_ENTITY,NO_MATCH,"{'source_membership': 'twosides_only', 'canonical_smiles': 'COc1c(C)c2c(c(O)c1CC(=O)O)C(=O)OC2', 'inchikey': 'DPTQXCJLISPWQT-UHFFFAOYSA-N', 'name_source': 'pubchem_cid_lookup', 'name_resolution_status': 'PUBCHEM_TITLE_CANDIDATE', 'rxnorm_match_status': 'NO_MATCH', 'rxnorm_match_method': 'none', 'match_score': 0.0, 'enrichment_confidence': 'NO_MATCH', 'created_from_phase': 'Phase 1 & Phase 2'}"
DRUG_001818,CONFIRMED_INTEGRATED_ENTITY,NO_MATCH,"{'source_membership': 'twosides_only', 'canonical_smiles': 'CC(=O)O.CC(N)C(=O)O.NC(CCC(=O)O)C(=O)O.NC(Cc1ccc(O)cc1)C(=O)O.NCCCCC(N)C(=O)O', 'inchikey': 'FHEAIOHRHQGZPC-UHFFFAOYSA-N', 'name_source': 'pubchem_cid_lookup', 'name_resolution_status': 'PUBCHEM_TITLE_CANDIDATE', 'rxnorm_match_status': 'NO_MATCH', 'rxnorm_match_method': 'none', 'match_score': 0.0, 'enrichment_confidence': 'NO_MATCH', 'created_from_phase': 'Phase 1 & Phase 2'}"
DRUG_001819,CONFIRMED_INTEGRATED_ENTITY,NO_MATCH,"{'source_membership': 'twosides_only', 'canonical_smiles': 'CCc1c(C)c2cc3nc(cc4nc(cc5[nH]c(cc1[nH]2)c(C)c5C(C)O)C(C)=C4CCC(=O)O)C(CCC(=O)O)=C3C', 'inchikey': 'JYLAITRQWJPNBC-UHFFFAOYSA-N', 'name_source': 'pubchem_cid_lookup', 'name_resolution_status': 'PUBCHEM_TITLE_CANDIDATE', 'rxnorm_match_status': 'NO_MATCH', 'rxnorm_match_method': 'none', 'match_score': 0.0, 'enrichment_confidence': 'NO_MATCH', 'created_from_phase': 'Phase 1 & Phase 2'}"
DRUG_001820,CONFIRMED_INTEGRATED_ENTITY,NO_MATCH,"{'source_membership': 'twosides_only', 'canonical_smiles': 'CC1C=CC=CCCC=CC=CC=CC=CC(OC2OC(C)C(O)C(N)C2O)CC(O)C(C(=O)O)C(O)CC(=O)CC(O)C(O)CCC(O)CC(O)CC(O)CC(=O)OC(C)C(C)C1O', 'inchikey': 'ZDFDJJJGIRGMBE-UHFFFAOYSA-N', 'name_source': 'pubchem_cid_lookup', 'name_resolution_status': 'PUBCHEM_TITLE_CANDIDATE', 'rxnorm_match_status': 'NO_MATCH', 'rxnorm_match_method': 'none', 'match_score': 0.0, 'enrichment_confidence': 'NO_MATCH', 'created_from_phase': 'Phase 1 & Phase 2'}"
DRUG_001821,CONFIRMED_INTEGRATED_ENTITY,NO_MATCH,"{'source_membership': 'twosides_only', 'canonical_smiles': 'CC(C)c1nc(N(C)S(C)(=O)=O)nc(-c2ccc(F)cc2)c1CCC(O)CC(O)CC(=O)O', 'inchikey': 'ZVPAUNJUMAQCNK-UHFFFAOYSA-N', 'name_source': 'pubchem_cid_lookup', 'name_resolution_status': 'PUBCHEM_TITLE_CANDIDATE', 'rxnorm_match_status': 'NO_MATCH', 'rxnorm_match_method': 'none', 'match_score': 0.0, 'enrichment_confidence': 'NO_MATCH', 'created_from_phase': 'Phase 1 & Phase 2'}"
DRUG_001822,CONFIRMED_INTEGRATED_ENTITY,NO_MATCH,"{'source_membership': 'twosides_only', 'canonical_smiles': 'CC1=C2N=C(C=C3N=C(C(C)=C4[N-]C(C(CC(N)=O)C4(C)CCC(=O)NCC(C)OP(=O)([O-])OC4C(CO)OC(n5cnc6cc(C)c(C)cc65)C4O)C4(C)N=C1C(CCC(N)=O)C4(C)CC(N)=O)C(CCC(N)=O)C3(C)C)C(CCC(N)=O)C2(C)CC(N)=O.O.[Co]', 'inchikey': 'ITFLMCXLENHUAD-UHFFFAOYSA-L', 'name_source': 'pubchem_cid_lookup', 'name_resolution_status': 'PUBCHEM_TITLE_CANDIDATE', 'rxnorm_match_status': 'NO_MATCH', 'rxnorm_match_method': 'none', 'match_score': 0.0, 'enrichment_confidence': 'NO_MATCH', 'created_from_phase': 'Phase 1 & Phase 2'}"
DRUG_001823,CONFIRMED_INTEGRATED_ENTITY,NO_MATCH,"{'source_membership': 'twosides_only', 'canonical_smiles': 'CN(C)NN=C1N=CN=C1C(N)=O', 'inchikey': 'OMJKFYKNWZZKTK-UHFFFAOYSA-N', 'name_source': 'none', 'name_resolution_status': 'NO_NAME_CANDIDATE', 'rxnorm_match_status': 'NO_MATCH', 'rxnorm_match_method': 'none', 'match_score': 0.0, 'enrichment_confidence': 'NO_MATCH', 'created_from_phase': 'Phase 1 & Phase 2'}"
DRUG_001824,CONFIRMED_INTEGRATED_ENTITY,NO_MATCH,"{'source_membership': 'twosides_only', 'canonical_smiles': 'CN(C)c1cc(NC(=O)CNC(C)(C)C)c(O)c2c1CC1CC3C(N(C)C)C(=O)C(=C(N)O)C(=O)C3(O)C(=O)C1=C2O', 'inchikey': 'ZXGBRIBPJBHLMO-UHFFFAOYSA-N', 'name_source': 'none', 'name_resolution_status': 'NO_NAME_CANDIDATE', 'rxnorm_match_status': 'NO_MATCH', 'rxnorm_match_method': 'none', 'match_score': 0.0, 'enrichment_confidence': 'NO_MATCH', 'created_from_phase': 'Phase 1 & Phase 2'}"
DRUG_001825,CONFIRMED_INTEGRATED_ENTITY,NO_MATCH,"{'source_membership': 'twosides_only', 'canonical_smiles': 'CCC(C)CC(C)CCCCCCCCC(=O)NC1CC(O)C(NCCN)NC(=O)C2CCCN2C(=O)C(C(O)CCN)NC(=O)C(C(O)C(O)c2ccc(O)cc2)NC(=O)C2CC(O)CN2C(=O)C(C(C)O)NC1=O', 'inchikey': 'AHIZXSGLMAMETL-UHFFFAOYSA-N', 'name_source': 'pubchem_cid_lookup', 'name_resolution_status': 'PUBCHEM_TITLE_CANDIDATE', 'rxnorm_match_status': 'NO_MATCH', 'rxnorm_match_method': 'none', 'match_score': 0.0, 'enrichment_confidence': 'NO_MATCH', 'created_from_phase': 'Phase 1 & Phase 2'}"
DRUG_001826,CONFIRMED_INTEGRATED_ENTITY,NO_MATCH,"{'source_membership': 'twosides_only', 'canonical_smiles': 'NC(N)(Cl)Cl', 'inchikey': 'ZSWDZQGVDJWLBK-UHFFFAOYSA-N', 'name_source': 'pubchem_cid_lookup', 'name_resolution_status': 'PUBCHEM_TITLE_CANDIDATE', 'rxnorm_match_status': 'NO_MATCH', 'rxnorm_match_method': 'none', 'match_score': 0.0, 'enrichment_confidence': 'NO_MATCH', 'created_from_phase': 'Phase 1 & Phase 2'}"
DRUG_001827,CONFIRMED_INTEGRATED_ENTITY,NO_MATCH,"{'source_membership': 'twosides_only', 'canonical_smiles': 'NC(N)=NCCCCC1C(=O)NCC(=O)NC(CC(=O)O)C(=O)NC(Cc2c[nH]c3ccccc23)C(=O)N2CCCC2C(=O)NC2CSSCCC(=O)N1C2=O', 'inchikey': 'ITPPZKQWHHMJQQ-UHFFFAOYSA-N', 'name_source': 'pubchem_cid_lookup', 'name_resolution_status': 'PUBCHEM_TITLE_CANDIDATE', 'rxnorm_match_status': 'NO_MATCH', 'rxnorm_match_method': 'none', 'match_score': 0.0, 'enrichment_confidence': 'NO_MATCH', 'created_from_phase': 'Phase 1 & Phase 2'}"
DRUG_001828,CONFIRMED_INTEGRATED_ENTITY,NO_MATCH,"{'source_membership': 'twosides_only', 'canonical_smiles': 'CC(C)(O)c1ccccc1CCC(S)c1cccc(C=Cc2ccc3ccc(Cl)cc3n2)c1', 'inchikey': 'WZQJFYIKVBTOGT-UHFFFAOYSA-N', 'name_source': 'pubchem_cid_lookup', 'name_resolution_status': 'PUBCHEM_TITLE_CANDIDATE', 'rxnorm_match_status': 'NO_MATCH', 'rxnorm_match_method': 'none', 'match_score': 0.0, 'enrichment_confidence': 'NO_MATCH', 'created_from_phase': 'Phase 1 & Phase 2'}"
DRUG_001829,CONFIRMED_INTEGRATED_ENTITY,NO_MATCH,"{'source_membership': 'twosides_only', 'canonical_smiles': 'O=C(O)C1=CC(=NNc2ccc(S(=O)(=O)Nc3ccccn3)cc2)C=CC1=O', 'inchikey': 'OQANPHBRHBJGNZ-UHFFFAOYSA-N', 'name_source': 'none', 'name_resolution_status': 'NO_NAME_CANDIDATE', 'rxnorm_match_status': 'NO_MATCH', 'rxnorm_match_method': 'none', 'match_score': 0.0, 'enrichment_confidence': 'NO_MATCH', 'created_from_phase': 'Phase 1 & Phase 2'}"
DRUG_001830,CONFIRMED_INTEGRATED_ENTITY,NO_MATCH,"{'source_membership': 'twosides_only', 'canonical_smiles': 'O=C(O)CCNC(=O)c1ccc(NN=C2C=CC(=O)C(C(=O)O)=C2)cc1', 'inchikey': 'KONZVQJABTUMFX-UHFFFAOYSA-N', 'name_source': 'none', 'name_resolution_status': 'NO_NAME_CANDIDATE', 'rxnorm_match_status': 'NO_MATCH', 'rxnorm_match_method': 'none', 'match_score': 0.0, 'enrichment_confidence': 'NO_MATCH', 'created_from_phase': 'Phase 1 & Phase 2'}"
DRUG_001831,CONFIRMED_INTEGRATED_ENTITY,NO_MATCH,"{'source_membership': 'twosides_only', 'canonical_smiles': 'COC1C=COC2(C)Oc3c(C)c(O)c4c(c3C2=O)C(=O)C(=CNN2CCN(C)CC2)C(=C4O)NC(=O)C(C)=CC=CC(C)C(O)C(C)C(O)C(C)C(OC(C)=O)C1C', 'inchikey': 'FZYOVNIOYYPUPY-UHFFFAOYSA-N', 'name_source': 'none', 'name_resolution_status': 'NO_NAME_CANDIDATE', 'rxnorm_match_status': 'NO_MATCH', 'rxnorm_match_method': 'none', 'match_score': 0.0, 'enrichment_confidence': 'NO_MATCH', 'created_from_phase': 'Phase 1 & Phase 2'}"
DRUG_001832,CONFIRMED_INTEGRATED_ENTITY,NO_MATCH,"{'source_membership': 'twosides_only', 'canonical_smiles': 'NC1=NC(=S)C2N=CN=C2N1', 'inchikey': 'UHLHHUAQNRJGFS-UHFFFAOYSA-N', 'name_source': 'pubchem_cid_lookup', 'name_resolution_status': 'PUBCHEM_TITLE_CANDIDATE', 'rxnorm_match_status': 'NO_MATCH', 'rxnorm_match_method': 'none', 'match_score': 0.0, 'enrichment_confidence': 'NO_MATCH', 'created_from_phase': 'Phase 1 & Phase 2'}"
DRUG_001833,CONFIRMED_INTEGRATED_ENTITY,NO_MATCH,"{'source_membership': 'twosides_only', 'canonical_smiles': 'CCCCCN=C(N)NNC=C1C=Nc2ccc(CO)cc21', 'inchikey': 'URPUECXJHQGUDU-UHFFFAOYSA-N', 'name_source': 'none', 'name_resolution_status': 'NO_NAME_CANDIDATE', 'rxnorm_match_status': 'NO_MATCH', 'rxnorm_match_method': 'none', 'match_score': 0.0, 'enrichment_confidence': 'NO_MATCH', 'created_from_phase': 'Phase 1 & Phase 2'}"
DRUG_001834,CONFIRMED_INTEGRATED_ENTITY,NO_MATCH,"{'source_membership': 'twosides_only', 'canonical_smiles': 'O=C1C=CC=CC1=C1NC(=C2C=CC=CC2=O)N(c2ccc(C(=O)O)cc2)N1', 'inchikey': 'FMSOAWSKCWYLBB-UHFFFAOYSA-N', 'name_source': 'none', 'name_resolution_status': 'NO_NAME_CANDIDATE', 'rxnorm_match_status': 'NO_MATCH', 'rxnorm_match_method': 'none', 'match_score': 0.0, 'enrichment_confidence': 'NO_MATCH', 'created_from_phase': 'Phase 1 & Phase 2'}"
DRUG_001835,CONFIRMED_INTEGRATED_ENTITY,NO_MATCH,"{'source_membership': 'twosides_only', 'canonical_smiles': 'O.O.O.O.O.O.O.O.O.O.O.O.O.O.O.O.O.O.O.O.O=S(=O)(O)OCC1OC(OC2(COS(=O)(=O)O)OC(OS(=O)(=O)O)C(OS(=O)(=O)O)C2OS(=O)(=O)O)C(OS(=O)(=O)O)C(OS(=O)(=O)O)C1OS(=O)(=O)O.[Al].[Al].[Al].[Al].[Al].[Al].[Al].[Al].[Al]', 'inchikey': 'VGNZFVKOOSPYGY-UHFFFAOYSA-N', 'name_source': 'pubchem_cid_lookup', 'name_resolution_status': 'PUBCHEM_TITLE_CANDIDATE', 'rxnorm_match_status': 'NO_MATCH', 'rxnorm_match_method': 'none', 'match_score': 0.0, 'enrichment_confidence': 'NO_MATCH', 'created_from_phase': 'Phase 1 & Phase 2'}"
DRUG_001836,CONFIRMED_INTEGRATED_ENTITY,NO_MATCH,"{'source_membership': 'twosides_only', 'canonical_smiles': 'CC(=O)OCC1OC([S-])C(OC(C)=O)C(OC(C)=O)C1OC(C)=O.CCP(CC)CC.[Au+]', 'inchikey': 'AUJRCFUBUPVWSZ-UHFFFAOYSA-M', 'name_source': 'pubchem_cid_lookup', 'name_resolution_status': 'PUBCHEM_TITLE_CANDIDATE', 'rxnorm_match_status': 'NO_MATCH', 'rxnorm_match_method': 'none', 'match_score': 0.0, 'enrichment_confidence': 'NO_MATCH', 'created_from_phase': 'Phase 1 & Phase 2'}"
