internal_drug_id,entity_status,name_candidate,name_source,name_resolution_status,rxnorm_match_status,rxnorm_match_method,rxcui,rxnorm_name,rxnorm_synonym,rxnorm_tty,rxnorm_language,match_score,enrichment_confidence,api_status,error_message
DRUG_000001,CONFIRMED_INTEGRATED_ENTITY,bivalirudin,rxnav_drugbank_id_lookup,AUTHORITATIVE_NAME,HIGH_EXACT,exact_identifier_based,60819,bivalirudin,,IN,ENG,100.0,HIGH_EXACT,success,
DRUG_000002,CONFIRMED_INTEGRATED_ENTITY,goserelin,rxnav_drugbank_id_lookup,AUTHORITATIVE_NAME,HIGH_EXACT,exact_identifier_based,50610,goserelin,,IN,ENG,100.0,HIGH_EXACT,success,
DRUG_000003,CONFIRMED_INTEGRATED_ENTITY,gramicidin,rxnav_drugbank_id_lookup,AUTHORITATIVE_NAME,HIGH_EXACT,exact_identifier_based,5011,gramicidin,,IN,ENG,100.0,HIGH_EXACT,success,
DRUG_000004,CONFIRMED_INTEGRATED_ENTITY,Desmopressin,pubchem_inchikey_lookup,PUBCHEM_TITLE_CANDIDATE,HIGH_EXACT,exact_identifier_based,203658,DDAVP,,BN,ENG,100.0,HIGH_EXACT,success,
DRUG_000005,CONFIRMED_INTEGRATED_ENTITY,daptomycin,rxnav_drugbank_id_lookup,AUTHORITATIVE_NAME,HIGH_EXACT,exact_identifier_based,22299,daptomycin,,IN,ENG,100.0,HIGH_EXACT,success,
DRUG_000006,CONFIRMED_INTEGRATED_ENTITY,cyclosporine,rxnav_drugbank_id_lookup,AUTHORITATIVE_NAME,HIGH_EXACT,exact_identifier_based,3008,cyclosporine,,IN,ENG,100.0,HIGH_EXACT,success,
DRUG_000007,CONFIRMED_INTEGRATED_ENTITY,octreotide,rxnav_drugbank_id_lookup,AUTHORITATIVE_NAME,HIGH_EXACT,exact_identifier_based,7617,octreotide,,IN,ENG,100.0,HIGH_EXACT,success,
DRUG_000008,CONFIRMED_INTEGRATED_ENTITY,vitamin B12,rxnav_drugbank_id_lookup,AUTHORITATIVE_NAME,HIGH_EXACT,exact_identifier_based,11248,vitamin B12,,IN,ENG,100.0,HIGH_EXACT,success,
DRUG_000009,CONFIRMED_INTEGRATED_ENTITY,phenylalanine,rxnav_drugbank_id_lookup,AUTHORITATIVE_NAME,HIGH_EXACT,exact_identifier_based,8156,phenylalanine,L-phenylalanine,IN,ENG,100.0,HIGH_EXACT,success,
DRUG_000010,CONFIRMED_INTEGRATED_ENTITY,choline,rxnav_drugbank_id_lookup,AUTHORITATIVE_NAME,HIGH_EXACT,exact_identifier_based,2449,choline,,IN,ENG,100.0,HIGH_EXACT,success,
DRUG_000011,CONFIRMED_INTEGRATED_ENTITY,L-Ascorbic Acid,pubchem_inchikey_lookup,PUBCHEM_TITLE_CANDIDATE,HIGH_EXACT,exact_identifier_based,1151,ascorbic acid,,IN,ENG,100.0,HIGH_EXACT,success,
DRUG_000012,CONFIRMED_INTEGRATED_ENTITY,glutamine,rxnav_drugbank_id_lookup,AUTHORITATIVE_NAME,HIGH_EXACT,exact_identifier_based,4885,glutamine,,IN,ENG,100.0,HIGH_EXACT,success,
DRUG_000013,CONFIRMED_INTEGRATED_ENTITY,methionine,rxnav_drugbank_id_lookup,AUTHORITATIVE_NAME,HIGH_EXACT,exact_identifier_based,6837,methionine,L-methionine,IN,ENG,100.0,HIGH_EXACT,success,
DRUG_000014,CONFIRMED_INTEGRATED_ENTITY,calcitriol,rxnav_drugbank_id_lookup,AUTHORITATIVE_NAME,HIGH_EXACT,exact_identifier_based,1894,calcitriol,"1,25-dihydroxycholecalciferol",IN,ENG,100.0,HIGH_EXACT,success,
DRUG_000015,CONFIRMED_INTEGRATED_ENTITY,riboflavin,rxnav_drugbank_id_lookup,AUTHORITATIVE_NAME,HIGH_EXACT,exact_identifier_based,9346,riboflavin,lactoflavin,IN,ENG,100.0,HIGH_EXACT,success,
DRUG_000016,CONFIRMED_INTEGRATED_ENTITY,L-Glutamic Acid,pubchem_inchikey_lookup,PUBCHEM_TITLE_CANDIDATE,HIGH_EXACT,exact_identifier_based,25916,glutamic acid,,PIN,ENG,100.0,HIGH_EXACT,success,
DRUG_000017,CONFIRMED_INTEGRATED_ENTITY,25-Hydroxyvitamin D3,pubchem_inchikey_lookup,PUBCHEM_TITLE_CANDIDATE,HIGH_EXACT,exact_identifier_based,1855064,calcifediol anhydrous,,PIN,ENG,100.0,HIGH_EXACT,success,
DRUG_000018,CONFIRMED_INTEGRATED_ENTITY,tryptophan,rxnav_drugbank_id_lookup,AUTHORITATIVE_NAME,HIGH_EXACT,exact_identifier_based,10898,tryptophan,L-tryptophan,IN,ENG,100.0,HIGH_EXACT,success,
DRUG_000019,CONFIRMED_INTEGRATED_ENTITY,thiamine,rxnav_drugbank_id_lookup,AUTHORITATIVE_NAME,HIGH_EXACT,exact_identifier_based,10454,thiamine,,IN,ENG,100.0,HIGH_EXACT,success,
DRUG_000020,CONFIRMED_INTEGRATED_ENTITY,ergocalciferol,rxnav_drugbank_id_lookup,AUTHORITATIVE_NAME,HIGH_EXACT,exact_identifier_based,4018,ergocalciferol,vitamin D2,IN,ENG,100.0,HIGH_EXACT,success,
DRUG_000021,CONFIRMED_INTEGRATED_ENTITY,CID 6037,pubchem_inchikey_lookup,PUBCHEM_TITLE_CANDIDATE,HIGH_EXACT,exact_identifier_based,202634,Folacin,,BN,ENG,100.0,HIGH_EXACT,success,
DRUG_000022,CONFIRMED_INTEGRATED_ENTITY,9-cis Retinol,pubchem_cid_lookup,PUBCHEM_TITLE_CANDIDATE,HIGH_EXACT,exact_identifier_based,11246,vitamin A,,IN,ENG,100.0,HIGH_EXACT,success,
DRUG_000023,CONFIRMED_INTEGRATED_ENTITY,alpha-Tocopherol,pubchem_inchikey_lookup,PUBCHEM_TITLE_CANDIDATE,HIGH_EXACT,exact_identifier_based,11256,vitamin E,,IN,ENG,100.0,HIGH_EXACT,success,
DRUG_000024,CONFIRMED_INTEGRATED_ENTITY,Pyridoxine,pubchem_inchikey_lookup,PUBCHEM_TITLE_CANDIDATE,HIGH_EXACT,exact_identifier_based,42954,vitamin B6,,IN,ENG,100.0,HIGH_EXACT,success,
DRUG_000025,CONFIRMED_INTEGRATED_ENTITY,thioctic acid,rxnav_drugbank_id_lookup,AUTHORITATIVE_NAME,HIGH_EXACT,exact_identifier_based,6417,thioctic acid,,PIN,ENG,100.0,HIGH_EXACT,success,
DRUG_000026,CONFIRMED_INTEGRATED_ENTITY,cholecalciferol,rxnav_drugbank_id_lookup,AUTHORITATIVE_NAME,HIGH_EXACT,exact_identifier_based,2418,cholecalciferol,,IN,ENG,100.0,HIGH_EXACT,success,
DRUG_000027,CONFIRMED_INTEGRATED_ENTITY,vitamin K3,rxnav_drugbank_id_lookup,AUTHORITATIVE_NAME,HIGH_EXACT,exact_identifier_based,6728,vitamin K3,menadione,IN,ENG,100.0,HIGH_EXACT,success,
DRUG_000028,CONFIRMED_INTEGRATED_ENTITY,pravastatin,rxnav_drugbank_id_lookup,AUTHORITATIVE_NAME,HIGH_EXACT,exact_identifier_based,42463,pravastatin,,IN,ENG,100.0,HIGH_EXACT,success,
DRUG_000029,CONFIRMED_INTEGRATED_ENTITY,fluvoxamine,rxnav_drugbank_id_lookup,AUTHORITATIVE_NAME,HIGH_EXACT,exact_identifier_based,42355,fluvoxamine,,IN,ENG,100.0,HIGH_EXACT,success,
DRUG_000030,CONFIRMED_INTEGRATED_ENTITY,valsartan,rxnav_drugbank_id_lookup,AUTHORITATIVE_NAME,HIGH_EXACT,exact_identifier_based,69749,valsartan,,IN,ENG,100.0,HIGH_EXACT,success,
DRUG_000031,CONFIRMED_INTEGRATED_ENTITY,ramipril,rxnav_drugbank_id_lookup,AUTHORITATIVE_NAME,HIGH_EXACT,exact_identifier_based,35296,ramipril,,IN,ENG,100.0,HIGH_EXACT,success,
DRUG_000032,CONFIRMED_INTEGRATED_ENTITY,masoprocol,rxnav_drugbank_id_lookup,AUTHORITATIVE_NAME,HIGH_EXACT,exact_identifier_based,227239,masoprocol,,IN,ENG,100.0,HIGH_EXACT,success,
DRUG_000033,CONFIRMED_INTEGRATED_ENTITY,"12-Fluoro-5-hydroxy-6b-(hydroxyacetyl)-4a,6a,8,8-tetramethyl-4a,4b,5,6,6a,6b,9a,10,10a,10b,11,12-dodecahydro-2H,8H-naphtho(2',1':4,5)indeno(1,2-d)(1,3)dioxol-2-one",pubchem_cid_lookup,PUBCHEM_TITLE_CANDIDATE,HIGH_EXACT,exact_identifier_based,1546428,flunisolide anhydrous,,PIN,ENG,100.0,HIGH_EXACT,success,
DRUG_000034,CONFIRMED_INTEGRATED_ENTITY,baclofen,rxnav_drugbank_id_lookup,AUTHORITATIVE_NAME,HIGH_EXACT,exact_identifier_based,1292,baclofen,,IN,ENG,100.0,HIGH_EXACT,success,
DRUG_000035,AMBIGUOUS_MAPPING_COMPONENT,Amphetamine,pubchem_inchikey_lookup,PUBCHEM_TITLE_CANDIDATE,HIGH_EXACT,exact_identifier_based,3288,dextroamphetamine,dexamfetamine,IN,ENG,100.0,HIGH_EXACT,success,
DRUG_000036,AMBIGUOUS_MAPPING_COMPONENT,dextroamphetamine,rxnav_drugbank_id_lookup,AUTHORITATIVE_NAME,HIGH_EXACT,exact_identifier_based,3288,dextroamphetamine,dexamfetamine,IN,ENG,100.0,HIGH_EXACT,success,
DRUG_000037,AMBIGUOUS_MAPPING_COMPONENT,Amphetamine,pubchem_cid_lookup,PUBCHEM_TITLE_CANDIDATE,HIGH_EXACT,exact_name_lookup,725,amphetamine,,IN,ENG,100.0,HIGH_EXACT,success,
DRUG_000038,CONFIRMED_INTEGRATED_ENTITY,3-(1-Methylpyrrolidin-2-yl)pyridine,pubchem_cid_lookup,PUBCHEM_TITLE_CANDIDATE,HIGH_EXACT,exact_identifier_based,31765,nicotine polacrilex,,PIN,ENG,100.0,HIGH_EXACT,success,
DRUG_000039,CONFIRMED_INTEGRATED_ENTITY,cevimeline,rxnav_drugbank_id_lookup,AUTHORITATIVE_NAME,HIGH_EXACT,exact_identifier_based,44281,cevimeline,,IN,ENG,100.0,HIGH_EXACT,success,
DRUG_000040,CONFIRMED_INTEGRATED_ENTITY,lorazepam,rxnav_drugbank_id_lookup,AUTHORITATIVE_NAME,HIGH_EXACT,exact_identifier_based,6470,lorazepam,,IN,ENG,100.0,HIGH_EXACT,success,
DRUG_000041,CONFIRMED_INTEGRATED_ENTITY,esmolol,rxnav_drugbank_id_lookup,AUTHORITATIVE_NAME,HIGH_EXACT,exact_identifier_based,49737,esmolol,,IN,ENG,100.0,HIGH_EXACT,success,
DRUG_000042,CONFIRMED_INTEGRATED_ENTITY,bortezomib,rxnav_drugbank_id_lookup,AUTHORITATIVE_NAME,HIGH_EXACT,exact_identifier_based,358258,bortezomib,,IN,ENG,100.0,HIGH_EXACT,success,
DRUG_000043,CONFIRMED_INTEGRATED_ENTITY,ethchlorvynol,rxnav_drugbank_id_lookup,AUTHORITATIVE_NAME,HIGH_EXACT,exact_identifier_based,4118,ethchlorvynol,,IN,ENG,100.0,HIGH_EXACT,success,
DRUG_000044,CONFIRMED_INTEGRATED_ENTITY,Carbidopa,pubchem_inchikey_lookup,PUBCHEM_TITLE_CANDIDATE,HIGH_EXACT,exact_identifier_based,1545982,carbidopa anhydrous,,PIN,ENG,100.0,HIGH_EXACT,success,
DRUG_000045,CONFIRMED_INTEGRATED_ENTITY,Phentermine,pubchem_cid_lookup,PUBCHEM_TITLE_CANDIDATE,AMBIGUOUS_CLINICAL_MAPPING,conflict_resolution,,,,,,0.0,AMBIGUOUS_CLINICAL_MAPPING,success,"Conflict: mapped to multiple different RxCUIs: ['221138', '8152']"
DRUG_000046,CONFIRMED_INTEGRATED_ENTITY,tramadol,rxnav_drugbank_id_lookup,AUTHORITATIVE_NAME,HIGH_EXACT,exact_identifier_based,10689,tramadol,,IN,ENG,100.0,HIGH_EXACT,success,
DRUG_000047,CONFIRMED_INTEGRATED_ENTITY,betaxolol,rxnav_drugbank_id_lookup,AUTHORITATIVE_NAME,HIGH_EXACT,exact_identifier_based,1520,betaxolol,,IN,ENG,100.0,HIGH_EXACT,success,
DRUG_000048,CONFIRMED_INTEGRATED_ENTITY,Fluconazole,pubchem_cid_lookup,PUBCHEM_TITLE_CANDIDATE,AMBIGUOUS_CLINICAL_MAPPING,conflict_resolution,,,,,,0.0,AMBIGUOUS_CLINICAL_MAPPING,success,"Conflict: mapped to multiple different RxCUIs: ['4450', '202813']"
DRUG_000049,CONFIRMED_INTEGRATED_ENTITY,oseltamivir,rxnav_drugbank_id_lookup,AUTHORITATIVE_NAME,HIGH_EXACT,exact_identifier_based,260101,oseltamivir,,IN,ENG,100.0,HIGH_EXACT,success,
DRUG_000050,CONFIRMED_INTEGRATED_ENTITY,erythromycin,rxnav_drugbank_id_lookup,AUTHORITATIVE_NAME,HIGH_EXACT,exact_identifier_based,4053,erythromycin,,IN,ENG,100.0,HIGH_EXACT,success,
DRUG_000051,CONFIRMED_INTEGRATED_ENTITY,caffeine,rxnav_drugbank_id_lookup,AUTHORITATIVE_NAME,HIGH_EXACT,exact_identifier_based,1886,caffeine,,IN,ENG,100.0,HIGH_EXACT,success,
DRUG_000052,CONFIRMED_INTEGRATED_ENTITY,succinylcholine,rxnav_drugbank_id_lookup,AUTHORITATIVE_NAME,HIGH_EXACT,exact_identifier_based,10154,succinylcholine,suxamethonium,IN,ENG,100.0,HIGH_EXACT,success,
DRUG_000053,CONFIRMED_INTEGRATED_ENTITY,sildenafil,rxnav_drugbank_id_lookup,AUTHORITATIVE_NAME,HIGH_EXACT,exact_identifier_based,136411,sildenafil,,IN,ENG,100.0,HIGH_EXACT,success,
DRUG_000054,CONFIRMED_INTEGRATED_ENTITY,dofetilide,rxnav_drugbank_id_lookup,AUTHORITATIVE_NAME,HIGH_EXACT,exact_identifier_based,49247,dofetilide,,IN,ENG,100.0,HIGH_EXACT,success,
DRUG_000055,CONFIRMED_INTEGRATED_ENTITY,pyrimethamine,rxnav_drugbank_id_lookup,AUTHORITATIVE_NAME,HIGH_EXACT,exact_identifier_based,9010,pyrimethamine,,IN,ENG,100.0,HIGH_EXACT,success,
DRUG_000056,CONFIRMED_INTEGRATED_ENTITY,reserpine,rxnav_drugbank_id_lookup,AUTHORITATIVE_NAME,HIGH_EXACT,exact_identifier_based,9260,reserpine,,IN,ENG,100.0,HIGH_EXACT,success,
DRUG_000057,CONFIRMED_INTEGRATED_ENTITY,azithromycin,rxnav_drugbank_id_lookup,AUTHORITATIVE_NAME,HIGH_EXACT,exact_identifier_based,18631,azithromycin,,IN,ENG,100.0,HIGH_EXACT,success,
DRUG_000058,CONFIRMED_INTEGRATED_ENTITY,ticlopidine,rxnav_drugbank_id_lookup,AUTHORITATIVE_NAME,HIGH_EXACT,exact_identifier_based,10594,ticlopidine,,IN,ENG,100.0,HIGH_EXACT,success,
DRUG_000059,CONFIRMED_INTEGRATED_ENTITY,trospium,rxnav_drugbank_id_lookup,AUTHORITATIVE_NAME,HIGH_EXACT,exact_identifier_based,236778,trospium,,IN,ENG,100.0,HIGH_EXACT,success,
DRUG_000060,CONFIRMED_INTEGRATED_ENTITY,adapalene,rxnav_drugbank_id_lookup,AUTHORITATIVE_NAME,HIGH_EXACT,exact_identifier_based,60223,adapalene,,IN,ENG,100.0,HIGH_EXACT,success,
DRUG_000061,CONFIRMED_INTEGRATED_ENTITY,midodrine,rxnav_drugbank_id_lookup,AUTHORITATIVE_NAME,HIGH_EXACT,exact_identifier_based,6963,midodrine,,IN,ENG,100.0,HIGH_EXACT,success,
DRUG_000062,CONFIRMED_INTEGRATED_ENTITY,Remikiren,pubchem_inchikey_lookup,PUBCHEM_TITLE_CANDIDATE,NO_MATCH,none,,,,,,0.0,NO_MATCH,success,
DRUG_000063,CONFIRMED_INTEGRATED_ENTITY,pantoprazole,rxnav_drugbank_id_lookup,AUTHORITATIVE_NAME,HIGH_EXACT,exact_identifier_based,40790,pantoprazole,,IN,ENG,100.0,HIGH_EXACT,success,
DRUG_000064,CONFIRMED_INTEGRATED_ENTITY,torsemide,rxnav_drugbank_id_lookup,AUTHORITATIVE_NAME,HIGH_EXACT,exact_identifier_based,38413,torsemide,torasemide,IN,ENG,100.0,HIGH_EXACT,success,
DRUG_000065,AMBIGUOUS_MAPPING_COMPONENT,citalopram,rxnav_drugbank_id_lookup,AUTHORITATIVE_NAME,HIGH_EXACT,exact_identifier_based,2556,citalopram,,IN,ENG,100.0,HIGH_EXACT,success,
DRUG_000066,AMBIGUOUS_MAPPING_COMPONENT,escitalopram,rxnav_drugbank_id_lookup,AUTHORITATIVE_NAME,HIGH_EXACT,exact_identifier_based,321988,escitalopram,,IN,ENG,100.0,HIGH_EXACT,success,
DRUG_000067,AMBIGUOUS_MAPPING_COMPONENT,Citalopram,pubchem_cid_lookup,PUBCHEM_TITLE_CANDIDATE,HIGH_EXACT,exact_name_lookup,2556,citalopram,,IN,ENG,100.0,HIGH_EXACT,success,
DRUG_000068,CONFIRMED_INTEGRATED_ENTITY,eletriptan,rxnav_drugbank_id_lookup,AUTHORITATIVE_NAME,HIGH_EXACT,exact_identifier_based,231049,eletriptan,,IN,ENG,100.0,HIGH_EXACT,success,
DRUG_000069,CONFIRMED_INTEGRATED_ENTITY,bethanidine,rxnav_drugbank_id_lookup,AUTHORITATIVE_NAME,HIGH_EXACT,exact_identifier_based,1523,bethanidine,betanidine,IN,ENG,100.0,HIGH_EXACT,success,
DRUG_000070,CONFIRMED_INTEGRATED_ENTITY,moxifloxacin,rxnav_drugbank_id_lookup,AUTHORITATIVE_NAME,HIGH_EXACT,exact_identifier_based,139462,moxifloxacin,,IN,ENG,100.0,HIGH_EXACT,success,
DRUG_000071,CONFIRMED_INTEGRATED_ENTITY,oxyphenonium,rxnav_drugbank_id_lookup,AUTHORITATIVE_NAME,HIGH_EXACT,exact_identifier_based,7818,oxyphenonium,,IN,ENG,100.0,HIGH_EXACT,success,
DRUG_000072,CONFIRMED_INTEGRATED_ENTITY,nelfinavir,rxnav_drugbank_id_lookup,AUTHORITATIVE_NAME,HIGH_EXACT,exact_identifier_based,134527,nelfinavir,,IN,ENG,100.0,HIGH_EXACT,success,
DRUG_000073,CONFIRMED_INTEGRATED_ENTITY,isoetharine,rxnav_drugbank_id_lookup,AUTHORITATIVE_NAME,HIGH_EXACT,exact_identifier_based,6023,isoetharine,,IN,ENG,100.0,HIGH_EXACT,success,
DRUG_000074,CONFIRMED_INTEGRATED_ENTITY,glimepiride,rxnav_drugbank_id_lookup,AUTHORITATIVE_NAME,HIGH_EXACT,exact_identifier_based,25789,glimepiride,,IN,ENG,100.0,HIGH_EXACT,success,
DRUG_000075,CONFIRMED_INTEGRATED_ENTITY,diflorasone,rxnav_drugbank_id_lookup,AUTHORITATIVE_NAME,HIGH_EXACT,exact_identifier_based,91311,diflorasone,,IN,ENG,100.0,HIGH_EXACT,success,
DRUG_000076,CONFIRMED_INTEGRATED_ENTITY,"1-(4-Benzyl-2-hydroxy-5-((2-hydroxy-2,3-dihydro-1H-inden-1-yl)amino)-5-oxopentyl)-N-tert-butyl-4-((pyridin-3-yl)methyl)piperazine-2-carboxamide",pubchem_cid_lookup,PUBCHEM_TITLE_CANDIDATE,HIGH_EXACT,exact_identifier_based,114289,indinavir,,IN,ENG,100.0,HIGH_EXACT,success,
DRUG_000077,CONFIRMED_INTEGRATED_ENTITY,guanadrel,rxnav_drugbank_id_lookup,AUTHORITATIVE_NAME,HIGH_EXACT,exact_identifier_based,26296,guanadrel,,IN,ENG,100.0,HIGH_EXACT,success,
DRUG_000078,CONFIRMED_INTEGRATED_ENTITY,lovastatin,rxnav_drugbank_id_lookup,AUTHORITATIVE_NAME,HIGH_EXACT,exact_identifier_based,6472,lovastatin,,IN,ENG,100.0,HIGH_EXACT,success,
DRUG_000079,CONFIRMED_INTEGRATED_ENTITY,enflurane,rxnav_drugbank_id_lookup,AUTHORITATIVE_NAME,HIGH_EXACT,exact_identifier_based,3920,enflurane,,IN,ENG,100.0,HIGH_EXACT,success,
DRUG_000080,CONFIRMED_INTEGRATED_ENTITY,cefotiam,rxnav_drugbank_id_lookup,AUTHORITATIVE_NAME,HIGH_EXACT,exact_identifier_based,2188,cefotiam,,IN,ENG,100.0,HIGH_EXACT,success,
DRUG_000081,CONFIRMED_INTEGRATED_ENTITY,pregabalin,rxnav_drugbank_id_lookup,AUTHORITATIVE_NAME,HIGH_EXACT,exact_identifier_based,187832,pregabalin,,IN,ENG,100.0,HIGH_EXACT,success,
DRUG_000082,CONFIRMED_INTEGRATED_ENTITY,temazepam,rxnav_drugbank_id_lookup,AUTHORITATIVE_NAME,HIGH_EXACT,exact_identifier_based,10355,temazepam,,IN,ENG,100.0,HIGH_EXACT,success,
DRUG_000083,CONFIRMED_INTEGRATED_ENTITY,methyclothiazide,rxnav_drugbank_id_lookup,AUTHORITATIVE_NAME,HIGH_EXACT,exact_identifier_based,6860,methyclothiazide,,IN,ENG,100.0,HIGH_EXACT,success,
DRUG_000084,CONFIRMED_INTEGRATED_ENTITY,aminosalicylic acid,rxnav_drugbank_id_lookup,AUTHORITATIVE_NAME,HIGH_EXACT,exact_identifier_based,7833,aminosalicylic acid,4-aminosalicylic acid,IN,ENG,100.0,HIGH_EXACT,success,
DRUG_000085,CONFIRMED_INTEGRATED_ENTITY,reboxetine,rxnav_drugbank_id_lookup,AUTHORITATIVE_NAME,HIGH_EXACT,exact_identifier_based,60842,reboxetine,,IN,ENG,100.0,HIGH_EXACT,success,
DRUG_000086,CONFIRMED_INTEGRATED_ENTITY,milrinone,rxnav_drugbank_id_lookup,AUTHORITATIVE_NAME,HIGH_EXACT,exact_identifier_based,52769,milrinone,,IN,ENG,100.0,HIGH_EXACT,success,
DRUG_000087,CONFIRMED_INTEGRATED_ENTITY,pipobroman,rxnav_drugbank_id_lookup,AUTHORITATIVE_NAME,HIGH_EXACT,exact_identifier_based,8347,pipobroman,,IN,ENG,100.0,HIGH_EXACT,success,
DRUG_000088,CONFIRMED_INTEGRATED_ENTITY,butabarbital,rxnav_drugbank_id_lookup,AUTHORITATIVE_NAME,HIGH_EXACT,exact_identifier_based,477631,butabarbital,,IN,ENG,100.0,HIGH_EXACT,success,
DRUG_000089,CONFIRMED_INTEGRATED_ENTITY,nevirapine,rxnav_drugbank_id_lookup,AUTHORITATIVE_NAME,HIGH_EXACT,exact_identifier_based,53654,nevirapine,,IN,ENG,100.0,HIGH_EXACT,success,
DRUG_000090,CONFIRMED_INTEGRATED_ENTITY,oxiconazole,rxnav_drugbank_id_lookup,AUTHORITATIVE_NAME,HIGH_EXACT,exact_identifier_based,32638,oxiconazole,,IN,ENG,100.0,HIGH_EXACT,success,
DRUG_000091,CONFIRMED_INTEGRATED_ENTITY,alclometasone,rxnav_drugbank_id_lookup,AUTHORITATIVE_NAME,HIGH_EXACT,exact_identifier_based,108088,alclometasone,,IN,ENG,100.0,HIGH_EXACT,success,
DRUG_000092,CONFIRMED_INTEGRATED_ENTITY,butalbital,rxnav_drugbank_id_lookup,AUTHORITATIVE_NAME,HIGH_EXACT,exact_identifier_based,19860,butalbital,,IN,ENG,100.0,HIGH_EXACT,success,
DRUG_000093,CONFIRMED_INTEGRATED_ENTITY,cladribine,rxnav_drugbank_id_lookup,AUTHORITATIVE_NAME,HIGH_EXACT,exact_identifier_based,44157,cladribine,,IN,ENG,100.0,HIGH_EXACT,success,
DRUG_000094,CONFIRMED_INTEGRATED_ENTITY,ranolazine,rxnav_drugbank_id_lookup,AUTHORITATIVE_NAME,HIGH_EXACT,exact_identifier_based,35829,ranolazine,,IN,ENG,100.0,HIGH_EXACT,success,
DRUG_000095,CONFIRMED_INTEGRATED_ENTITY,mesalamine,rxnav_drugbank_id_lookup,AUTHORITATIVE_NAME,HIGH_EXACT,exact_identifier_based,52582,mesalamine,mesalazine,IN,ENG,100.0,HIGH_EXACT,success,
DRUG_000096,CONFIRMED_INTEGRATED_ENTITY,benztropine,rxnav_drugbank_id_lookup,AUTHORITATIVE_NAME,HIGH_EXACT,exact_identifier_based,1424,benztropine,benzatropine,IN,ENG,100.0,HIGH_EXACT,success,
DRUG_000097,CONFIRMED_INTEGRATED_ENTITY,ziprasidone,rxnav_drugbank_id_lookup,AUTHORITATIVE_NAME,HIGH_EXACT,exact_identifier_based,115698,ziprasidone,,IN,ENG,100.0,HIGH_EXACT,success,
DRUG_000098,CONFIRMED_INTEGRATED_ENTITY,methysergide,rxnav_drugbank_id_lookup,AUTHORITATIVE_NAME,HIGH_EXACT,exact_identifier_based,6911,methysergide,,IN,ENG,100.0,HIGH_EXACT,success,
DRUG_000099,CONFIRMED_INTEGRATED_ENTITY,cabergoline,rxnav_drugbank_id_lookup,AUTHORITATIVE_NAME,HIGH_EXACT,exact_identifier_based,47579,cabergoline,,IN,ENG,100.0,HIGH_EXACT,success,
DRUG_000100,CONFIRMED_INTEGRATED_ENTITY,dapsone,rxnav_drugbank_id_lookup,AUTHORITATIVE_NAME,HIGH_EXACT,exact_identifier_based,3108,dapsone,,IN,ENG,100.0,HIGH_EXACT,success,
DRUG_000101,CONFIRMED_INTEGRATED_ENTITY,terconazole,rxnav_drugbank_id_lookup,AUTHORITATIVE_NAME,HIGH_EXACT,exact_identifier_based,37806,terconazole,,IN,ENG,100.0,HIGH_EXACT,success,
DRUG_000102,CONFIRMED_INTEGRATED_ENTITY,phenytoin,rxnav_drugbank_id_lookup,AUTHORITATIVE_NAME,HIGH_EXACT,exact_identifier_based,8183,phenytoin,,IN,ENG,100.0,HIGH_EXACT,success,
DRUG_000103,CONFIRMED_INTEGRATED_ENTITY,medrysone,rxnav_drugbank_id_lookup,AUTHORITATIVE_NAME,HIGH_EXACT,exact_identifier_based,29439,medrysone,,IN,ENG,100.0,HIGH_EXACT,success,
DRUG_000104,CONFIRMED_INTEGRATED_ENTITY,NO_NAME_CANDIDATE,none,NO_NAME_CANDIDATE,HIGH_EXACT,exact_identifier_based,1545992,doxycycline anhydrous,,PIN,ENG,100.0,HIGH_EXACT,success,
DRUG_000105,CONFIRMED_INTEGRATED_ENTITY,diethylstilbestrol,rxnav_drugbank_id_lookup,AUTHORITATIVE_NAME,HIGH_EXACT,exact_identifier_based,3390,diethylstilbestrol,,IN,ENG,100.0,HIGH_EXACT,success,
DRUG_000106,CONFIRMED_INTEGRATED_ENTITY,lymecycline,rxnav_drugbank_id_lookup,AUTHORITATIVE_NAME,HIGH_EXACT,exact_identifier_based,6513,lymecycline,,IN,ENG,100.0,HIGH_EXACT,success,
DRUG_000107,CONFIRMED_INTEGRATED_ENTITY,clotrimazole,rxnav_drugbank_id_lookup,AUTHORITATIVE_NAME,HIGH_EXACT,exact_identifier_based,2623,clotrimazole,,IN,ENG,100.0,HIGH_EXACT,success,
DRUG_000108,CONFIRMED_INTEGRATED_ENTITY,calcium acetate,rxnav_drugbank_id_lookup,AUTHORITATIVE_NAME,HIGH_EXACT,exact_identifier_based,214342,calcium acetate,,IN,ENG,100.0,HIGH_EXACT,success,
DRUG_000109,CONFIRMED_INTEGRATED_ENTITY,sulfanilamide,rxnav_drugbank_id_lookup,AUTHORITATIVE_NAME,HIGH_EXACT,exact_identifier_based,10184,sulfanilamide,,IN,ENG,100.0,HIGH_EXACT,success,
DRUG_000110,CONFIRMED_INTEGRATED_ENTITY,cycloserine,rxnav_drugbank_id_lookup,AUTHORITATIVE_NAME,HIGH_EXACT,exact_identifier_based,3007,cycloserine,,IN,ENG,100.0,HIGH_EXACT,success,
DRUG_000111,CONFIRMED_INTEGRATED_ENTITY,anagrelide,rxnav_drugbank_id_lookup,AUTHORITATIVE_NAME,HIGH_EXACT,exact_identifier_based,596724,anagrelide,,IN,ENG,100.0,HIGH_EXACT,success,
DRUG_000112,CONFIRMED_INTEGRATED_ENTITY,carmustine,rxnav_drugbank_id_lookup,AUTHORITATIVE_NAME,HIGH_EXACT,exact_identifier_based,2105,carmustine,,IN,ENG,100.0,HIGH_EXACT,success,
DRUG_000113,CONFIRMED_INTEGRATED_ENTITY,sulfisoxazole,rxnav_drugbank_id_lookup,AUTHORITATIVE_NAME,HIGH_EXACT,exact_identifier_based,10207,sulfisoxazole,,IN,ENG,100.0,HIGH_EXACT,success,
DRUG_000114,CONFIRMED_INTEGRATED_ENTITY,metoprolol,rxnav_drugbank_id_lookup,AUTHORITATIVE_NAME,HIGH_EXACT,exact_identifier_based,6918,metoprolol,,IN,ENG,100.0,HIGH_EXACT,success,
DRUG_000115,CONFIRMED_INTEGRATED_ENTITY,dicumarol,rxnav_drugbank_id_lookup,AUTHORITATIVE_NAME,HIGH_EXACT,exact_identifier_based,1598,dicumarol,dicoumarol,IN,ENG,100.0,HIGH_EXACT,success,
DRUG_000116,CONFIRMED_INTEGRATED_ENTITY,Cefmenoxime,pubchem_inchikey_lookup,PUBCHEM_TITLE_CANDIDATE,NO_MATCH,none,,,,,,0.0,NO_MATCH,success,
DRUG_000117,CONFIRMED_INTEGRATED_ENTITY,ropinirole,rxnav_drugbank_id_lookup,AUTHORITATIVE_NAME,HIGH_EXACT,exact_identifier_based,72302,ropinirole,,IN,ENG,100.0,HIGH_EXACT,success,
DRUG_000118,CONFIRMED_INTEGRATED_ENTITY,isradipine,rxnav_drugbank_id_lookup,AUTHORITATIVE_NAME,HIGH_EXACT,exact_identifier_based,33910,isradipine,,IN,ENG,100.0,HIGH_EXACT,success,
DRUG_000119,CONFIRMED_INTEGRATED_ENTITY,Diatrizoate,pubchem_inchikey_lookup,PUBCHEM_TITLE_CANDIDATE,HIGH_EXACT,exact_identifier_based,1546223,diatrizoic acid,,IN,ENG,100.0,HIGH_EXACT,success,
DRUG_000120,CONFIRMED_INTEGRATED_ENTITY,topiramate,rxnav_drugbank_id_lookup,AUTHORITATIVE_NAME,HIGH_EXACT,exact_identifier_based,38404,topiramate,,IN,ENG,100.0,HIGH_EXACT,success,
DRUG_000121,CONFIRMED_INTEGRATED_ENTITY,cefmetazole,rxnav_drugbank_id_lookup,AUTHORITATIVE_NAME,HIGH_EXACT,exact_identifier_based,2182,cefmetazole,,IN,ENG,100.0,HIGH_EXACT,success,
DRUG_000122,CONFIRMED_INTEGRATED_ENTITY,olmesartan,rxnav_drugbank_id_lookup,AUTHORITATIVE_NAME,HIGH_EXACT,exact_identifier_based,321064,olmesartan,,IN,ENG,100.0,HIGH_EXACT,success,
DRUG_000123,CONFIRMED_INTEGRATED_ENTITY,amsacrine,rxnav_drugbank_id_lookup,AUTHORITATIVE_NAME,HIGH_EXACT,exact_identifier_based,739,amsacrine,,IN,ENG,100.0,HIGH_EXACT,success,
DRUG_000124,CONFIRMED_INTEGRATED_ENTITY,Theophylline,pubchem_cid_lookup,PUBCHEM_TITLE_CANDIDATE,HIGH_EXACT,exact_identifier_based,10438,theophylline,,IN,ENG,100.0,HIGH_EXACT,success,
DRUG_000125,CONFIRMED_INTEGRATED_ENTITY,Argatroban,pubchem_inchikey_lookup,PUBCHEM_TITLE_CANDIDATE,HIGH_EXACT,exact_identifier_based,15202,argatroban,,IN,ENG,100.0,HIGH_EXACT,success,
DRUG_000126,CONFIRMED_INTEGRATED_ENTITY,liothyronine,rxnav_drugbank_id_lookup,AUTHORITATIVE_NAME,HIGH_EXACT,exact_identifier_based,10814,liothyronine,,IN,ENG,100.0,HIGH_EXACT,success,
DRUG_000127,CONFIRMED_INTEGRATED_ENTITY,disopyramide,rxnav_drugbank_id_lookup,AUTHORITATIVE_NAME,HIGH_EXACT,exact_identifier_based,3541,disopyramide,,IN,ENG,100.0,HIGH_EXACT,success,
DRUG_000128,CONFIRMED_INTEGRATED_ENTITY,lidocaine,rxnav_drugbank_id_lookup,AUTHORITATIVE_NAME,HIGH_EXACT,exact_identifier_based,6387,lidocaine,,IN,ENG,100.0,HIGH_EXACT,success,
DRUG_000129,CONFIRMED_INTEGRATED_ENTITY,Pamidronic Acid,pubchem_cid_lookup,PUBCHEM_TITLE_CANDIDATE,AMBIGUOUS_CLINICAL_MAPPING,conflict_resolution,,,,,,0.0,AMBIGUOUS_CLINICAL_MAPPING,success,"Conflict: mapped to multiple different RxCUIs: ['11473', '1546406']"
DRUG_000130,CONFIRMED_INTEGRATED_ENTITY,clemastine,rxnav_drugbank_id_lookup,AUTHORITATIVE_NAME,HIGH_EXACT,exact_identifier_based,2578,clemastine,,IN,ENG,100.0,HIGH_EXACT,success,
DRUG_000131,CONFIRMED_INTEGRATED_ENTITY,acarbose,rxnav_drugbank_id_lookup,AUTHORITATIVE_NAME,HIGH_EXACT,exact_identifier_based,16681,acarbose,,IN,ENG,100.0,HIGH_EXACT,success,
DRUG_000132,CONFIRMED_INTEGRATED_ENTITY,venlafaxine,rxnav_drugbank_id_lookup,AUTHORITATIVE_NAME,HIGH_EXACT,exact_identifier_based,39786,venlafaxine,,IN,ENG,100.0,HIGH_EXACT,success,
DRUG_000133,CONFIRMED_INTEGRATED_ENTITY,travoprost,rxnav_drugbank_id_lookup,AUTHORITATIVE_NAME,HIGH_EXACT,exact_identifier_based,283809,travoprost,,IN,ENG,100.0,HIGH_EXACT,success,
DRUG_000134,CONFIRMED_INTEGRATED_ENTITY,amcinonide,rxnav_drugbank_id_lookup,AUTHORITATIVE_NAME,HIGH_EXACT,exact_identifier_based,17652,amcinonide,,IN,ENG,100.0,HIGH_EXACT,success,
DRUG_000135,CONFIRMED_INTEGRATED_ENTITY,atomoxetine,rxnav_drugbank_id_lookup,AUTHORITATIVE_NAME,HIGH_EXACT,exact_identifier_based,38400,atomoxetine,,IN,ENG,100.0,HIGH_EXACT,success,
DRUG_000136,CONFIRMED_INTEGRATED_ENTITY,bleomycin,rxnav_drugbank_id_lookup,AUTHORITATIVE_NAME,HIGH_EXACT,exact_identifier_based,1622,bleomycin,,IN,ENG,100.0,HIGH_EXACT,success,
DRUG_000137,CONFIRMED_INTEGRATED_ENTITY,chlorambucil,rxnav_drugbank_id_lookup,AUTHORITATIVE_NAME,HIGH_EXACT,exact_identifier_based,2346,chlorambucil,,IN,ENG,100.0,HIGH_EXACT,success,
DRUG_000138,CONFIRMED_INTEGRATED_ENTITY,etomidate,rxnav_drugbank_id_lookup,AUTHORITATIVE_NAME,HIGH_EXACT,exact_identifier_based,4177,etomidate,,IN,ENG,100.0,HIGH_EXACT,success,
DRUG_000139,CONFIRMED_INTEGRATED_ENTITY,raltitrexed,rxnav_drugbank_id_lookup,AUTHORITATIVE_NAME,HIGH_EXACT,exact_identifier_based,196239,raltitrexed,,IN,ENG,100.0,HIGH_EXACT,success,
DRUG_000140,CONFIRMED_INTEGRATED_ENTITY,etonogestrel,rxnav_drugbank_id_lookup,AUTHORITATIVE_NAME,HIGH_EXACT,exact_identifier_based,14584,etonogestrel,,IN,ENG,100.0,HIGH_EXACT,success,
DRUG_000141,CONFIRMED_INTEGRATED_ENTITY,"Morphinan-3,6alpha-diol, 7,8-didehydro-4,5alpha-epoxy-17-methyl-",pubchem_cid_lookup,PUBCHEM_TITLE_CANDIDATE,HIGH_EXACT,exact_identifier_based,32926,paregoric,,IN,ENG,100.0,HIGH_EXACT,success,
DRUG_000142,CONFIRMED_INTEGRATED_ENTITY,ropivacaine,rxnav_drugbank_id_lookup,AUTHORITATIVE_NAME,HIGH_EXACT,exact_identifier_based,35780,ropivacaine,,IN,ENG,100.0,HIGH_EXACT,success,
DRUG_000143,AMBIGUOUS_MAPPING_COMPONENT,bupivacaine,rxnav_drugbank_id_lookup,AUTHORITATIVE_NAME,HIGH_EXACT,exact_identifier_based,1815,bupivacaine,,IN,ENG,100.0,HIGH_EXACT,success,
DRUG_000144,AMBIGUOUS_MAPPING_COMPONENT,Levobupivacaine,pubchem_inchikey_lookup,PUBCHEM_TITLE_CANDIDATE,HIGH_EXACT,exact_identifier_based,1815,bupivacaine,,IN,ENG,100.0,HIGH_EXACT,success,
DRUG_000145,AMBIGUOUS_MAPPING_COMPONENT,Bupivacaine (USAN:INN:BAN),pubchem_cid_lookup,PUBCHEM_TITLE_CANDIDATE,NO_MATCH,none,,,,,,0.0,NO_MATCH,success,
DRUG_000146,CONFIRMED_INTEGRATED_ENTITY,dapiprazole,rxnav_drugbank_id_lookup,AUTHORITATIVE_NAME,HIGH_EXACT,exact_identifier_based,22298,dapiprazole,,IN,ENG,100.0,HIGH_EXACT,success,
DRUG_000147,CONFIRMED_INTEGRATED_ENTITY,tenofovir disoproxil,rxnav_drugbank_id_lookup,AUTHORITATIVE_NAME,HIGH_EXACT,exact_identifier_based,300195,tenofovir disoproxil,,IN,ENG,100.0,HIGH_EXACT,success,
DRUG_000148,CONFIRMED_INTEGRATED_ENTITY,floxacillin,rxnav_drugbank_id_lookup,AUTHORITATIVE_NAME,HIGH_EXACT,exact_identifier_based,4448,floxacillin,flucloxacillin,IN,ENG,100.0,HIGH_EXACT,success,
DRUG_000149,CONFIRMED_INTEGRATED_ENTITY,tranexamic acid,rxnav_drugbank_id_lookup,AUTHORITATIVE_NAME,HIGH_EXACT,exact_identifier_based,10691,tranexamic acid,,IN,ENG,100.0,HIGH_EXACT,success,
DRUG_000150,CONFIRMED_INTEGRATED_ENTITY,ertapenem,rxnav_drugbank_id_lookup,AUTHORITATIVE_NAME,HIGH_EXACT,exact_identifier_based,325642,ertapenem,,IN,ENG,100.0,HIGH_EXACT,success,
DRUG_000151,CONFIRMED_INTEGRATED_ENTITY,desogestrel,rxnav_drugbank_id_lookup,AUTHORITATIVE_NAME,HIGH_EXACT,exact_identifier_based,22656,desogestrel,,IN,ENG,100.0,HIGH_EXACT,success,
DRUG_000152,CONFIRMED_INTEGRATED_ENTITY,mitomycin,rxnav_drugbank_id_lookup,AUTHORITATIVE_NAME,HIGH_EXACT,exact_identifier_based,632,mitomycin,,IN,ENG,100.0,HIGH_EXACT,success,
DRUG_000153,CONFIRMED_INTEGRATED_ENTITY,bexarotene,rxnav_drugbank_id_lookup,AUTHORITATIVE_NAME,HIGH_EXACT,exact_identifier_based,233272,bexarotene,,IN,ENG,100.0,HIGH_EXACT,success,
DRUG_000154,CONFIRMED_INTEGRATED_ENTITY,ibutilide,rxnav_drugbank_id_lookup,AUTHORITATIVE_NAME,HIGH_EXACT,exact_identifier_based,41289,ibutilide,,IN,ENG,100.0,HIGH_EXACT,success,
DRUG_000155,CONFIRMED_INTEGRATED_ENTITY,vindesine,rxnav_drugbank_id_lookup,AUTHORITATIVE_NAME,HIGH_EXACT,exact_identifier_based,11204,vindesine,,IN,ENG,100.0,HIGH_EXACT,success,
DRUG_000156,CONFIRMED_INTEGRATED_ENTITY,chlorthalidone,rxnav_drugbank_id_lookup,AUTHORITATIVE_NAME,HIGH_EXACT,exact_identifier_based,2409,chlorthalidone,chlortalidone,IN,ENG,100.0,HIGH_EXACT,success,
DRUG_000157,CONFIRMED_INTEGRATED_ENTITY,pentobarbital,rxnav_drugbank_id_lookup,AUTHORITATIVE_NAME,HIGH_EXACT,exact_identifier_based,8004,pentobarbital,,IN,ENG,100.0,HIGH_EXACT,success,
DRUG_000158,CONFIRMED_INTEGRATED_ENTITY,Valproic Acid,pubchem_cid_lookup,PUBCHEM_TITLE_CANDIDATE,HIGH_EXACT,exact_identifier_based,11118,valproic acid,,PIN,ENG,100.0,HIGH_EXACT,success,
DRUG_000159,CONFIRMED_INTEGRATED_ENTITY,capreomycin,rxnav_drugbank_id_lookup,AUTHORITATIVE_NAME,HIGH_EXACT,exact_identifier_based,78903,capreomycin,,IN,ENG,100.0,HIGH_EXACT,success,
DRUG_000160,CONFIRMED_INTEGRATED_ENTITY,zolmitriptan,rxnav_drugbank_id_lookup,AUTHORITATIVE_NAME,HIGH_EXACT,exact_identifier_based,135775,zolmitriptan,,IN,ENG,100.0,HIGH_EXACT,success,
DRUG_000161,CONFIRMED_INTEGRATED_ENTITY,acetaminophen,rxnav_drugbank_id_lookup,AUTHORITATIVE_NAME,HIGH_EXACT,exact_identifier_based,161,acetaminophen,,IN,ENG,100.0,HIGH_EXACT,success,
DRUG_000162,CONFIRMED_INTEGRATED_ENTITY,gefitinib,rxnav_drugbank_id_lookup,AUTHORITATIVE_NAME,HIGH_EXACT,exact_identifier_based,328134,gefitinib,,IN,ENG,100.0,HIGH_EXACT,success,
DRUG_000163,CONFIRMED_INTEGRATED_ENTITY,Codeine,pubchem_inchikey_lookup,PUBCHEM_TITLE_CANDIDATE,HIGH_EXACT,exact_identifier_based,1545976,codeine anhydrous,,PIN,ENG,100.0,HIGH_EXACT,success,
DRUG_000164,CONFIRMED_INTEGRATED_ENTITY,Piperacillin,pubchem_inchikey_lookup,PUBCHEM_TITLE_CANDIDATE,HIGH_EXACT,exact_identifier_based,1546000,piperacillin anhydrous,,PIN,ENG,100.0,HIGH_EXACT,success,
DRUG_000165,CONFIRMED_INTEGRATED_ENTITY,dihydroergotamine,rxnav_drugbank_id_lookup,AUTHORITATIVE_NAME,HIGH_EXACT,exact_identifier_based,3418,dihydroergotamine,,IN,ENG,100.0,HIGH_EXACT,success,
DRUG_000166,CONFIRMED_INTEGRATED_ENTITY,amitriptyline,rxnav_drugbank_id_lookup,AUTHORITATIVE_NAME,HIGH_EXACT,exact_identifier_based,704,amitriptyline,,IN,ENG,100.0,HIGH_EXACT,success,
DRUG_000167,CONFIRMED_INTEGRATED_ENTITY,floxuridine,rxnav_drugbank_id_lookup,AUTHORITATIVE_NAME,HIGH_EXACT,exact_identifier_based,4488,floxuridine,,IN,ENG,100.0,HIGH_EXACT,success,
DRUG_000168,CONFIRMED_INTEGRATED_ENTITY,tolcapone,rxnav_drugbank_id_lookup,AUTHORITATIVE_NAME,HIGH_EXACT,exact_identifier_based,72937,tolcapone,,IN,ENG,100.0,HIGH_EXACT,success,
DRUG_000169,CONFIRMED_INTEGRATED_ENTITY,fluorometholone,rxnav_drugbank_id_lookup,AUTHORITATIVE_NAME,HIGH_EXACT,exact_identifier_based,4491,fluorometholone,,IN,ENG,100.0,HIGH_EXACT,success,
DRUG_000170,CONFIRMED_INTEGRATED_ENTITY,nitroprusside,rxnav_drugbank_id_lookup,AUTHORITATIVE_NAME,HIGH_EXACT,exact_identifier_based,7476,nitroprusside,,IN,ENG,100.0,HIGH_EXACT,success,
DRUG_000171,CONFIRMED_INTEGRATED_ENTITY,calcium gluceptate,rxnav_drugbank_id_lookup,AUTHORITATIVE_NAME,HIGH_EXACT,exact_identifier_based,47618,calcium gluceptate,calcium glucoheptonate,IN,ENG,100.0,HIGH_EXACT,success,
DRUG_000172,CONFIRMED_INTEGRATED_ENTITY,hydromorphone,rxnav_drugbank_id_lookup,AUTHORITATIVE_NAME,HIGH_EXACT,exact_identifier_based,3423,hydromorphone,,IN,ENG,100.0,HIGH_EXACT,success,
DRUG_000173,CONFIRMED_INTEGRATED_ENTITY,indomethacin,rxnav_drugbank_id_lookup,AUTHORITATIVE_NAME,HIGH_EXACT,exact_identifier_based,5781,indomethacin,indometacin,IN,ENG,100.0,HIGH_EXACT,success,
DRUG_000174,CONFIRMED_INTEGRATED_ENTITY,ethambutol,rxnav_drugbank_id_lookup,AUTHORITATIVE_NAME,HIGH_EXACT,exact_identifier_based,4110,ethambutol,,IN,ENG,100.0,HIGH_EXACT,success,
DRUG_000175,CONFIRMED_INTEGRATED_ENTITY,metformin,rxnav_drugbank_id_lookup,AUTHORITATIVE_NAME,HIGH_EXACT,exact_identifier_based,6809,metformin,,IN,ENG,100.0,HIGH_EXACT,success,
DRUG_000176,CONFIRMED_INTEGRATED_ENTITY,Atrovent Hfa,pubchem_cid_lookup,PUBCHEM_TITLE_CANDIDATE,HIGH_EXACT,exact_identifier_based,1546373,ipratropium cation,,PIN,ENG,100.0,HIGH_EXACT,success,
DRUG_000177,CONFIRMED_INTEGRATED_ENTITY,methadone,rxnav_drugbank_id_lookup,AUTHORITATIVE_NAME,HIGH_EXACT,exact_identifier_based,6813,methadone,,IN,ENG,100.0,HIGH_EXACT,success,
DRUG_000178,CONFIRMED_INTEGRATED_ENTITY,olanzapine,rxnav_drugbank_id_lookup,AUTHORITATIVE_NAME,HIGH_EXACT,exact_identifier_based,61381,olanzapine,,IN,ENG,100.0,HIGH_EXACT,success,
DRUG_000179,CONFIRMED_INTEGRATED_ENTITY,atenolol,rxnav_drugbank_id_lookup,AUTHORITATIVE_NAME,HIGH_EXACT,exact_identifier_based,1202,atenolol,,IN,ENG,100.0,HIGH_EXACT,success,
DRUG_000180,CONFIRMED_INTEGRATED_ENTITY,nitrofurazone,rxnav_drugbank_id_lookup,AUTHORITATIVE_NAME,HIGH_EXACT,exact_identifier_based,7455,nitrofurazone,nitrofural,IN,ENG,100.0,HIGH_EXACT,success,
DRUG_000181,CONFIRMED_INTEGRATED_ENTITY,pimecrolimus,rxnav_drugbank_id_lookup,AUTHORITATIVE_NAME,HIGH_EXACT,exact_identifier_based,321952,pimecrolimus,,IN,ENG,100.0,HIGH_EXACT,success,
DRUG_000182,CONFIRMED_INTEGRATED_ENTITY,omeprazole,rxnav_drugbank_id_lookup,AUTHORITATIVE_NAME,HIGH_EXACT,exact_identifier_based,7646,omeprazole,,IN,ENG,100.0,HIGH_EXACT,success,
DRUG_000183,CONFIRMED_INTEGRATED_ENTITY,pyrazinamide,rxnav_drugbank_id_lookup,AUTHORITATIVE_NAME,HIGH_EXACT,exact_identifier_based,8987,pyrazinamide,,IN,ENG,100.0,HIGH_EXACT,success,
DRUG_000184,CONFIRMED_INTEGRATED_ENTITY,methixene,rxnav_drugbank_id_lookup,AUTHORITATIVE_NAME,HIGH_EXACT,exact_identifier_based,29682,methixene,metixene,IN,ENG,100.0,HIGH_EXACT,success,
DRUG_000185,AMBIGUOUS_MAPPING_COMPONENT,cetirizine,rxnav_drugbank_id_lookup,AUTHORITATIVE_NAME,HIGH_EXACT,exact_identifier_based,20610,cetirizine,,IN,ENG,100.0,HIGH_EXACT,success,
DRUG_000186,AMBIGUOUS_MAPPING_COMPONENT,levocetirizine,rxnav_drugbank_id_lookup,AUTHORITATIVE_NAME,HIGH_EXACT,exact_identifier_based,356887,levocetirizine,,IN,ENG,100.0,HIGH_EXACT,success,
DRUG_000187,AMBIGUOUS_MAPPING_COMPONENT,Cetirizine,pubchem_cid_lookup,PUBCHEM_TITLE_CANDIDATE,HIGH_EXACT,exact_name_lookup,20610,cetirizine,,IN,ENG,100.0,HIGH_EXACT,success,
DRUG_000188,CONFIRMED_INTEGRATED_ENTITY,diltiazem,rxnav_drugbank_id_lookup,AUTHORITATIVE_NAME,HIGH_EXACT,exact_identifier_based,3443,diltiazem,,IN,ENG,100.0,HIGH_EXACT,success,
DRUG_000189,CONFIRMED_INTEGRATED_ENTITY,protriptyline,rxnav_drugbank_id_lookup,AUTHORITATIVE_NAME,HIGH_EXACT,exact_identifier_based,8886,protriptyline,,IN,ENG,100.0,HIGH_EXACT,success,
DRUG_000190,CONFIRMED_INTEGRATED_ENTITY,p-Aminohippuric acid,pubchem_inchikey_lookup,PUBCHEM_TITLE_CANDIDATE,HIGH_EXACT,exact_identifier_based,42837,p-aminohippurate,,IN,ENG,100.0,HIGH_EXACT,success,
DRUG_000191,CONFIRMED_INTEGRATED_ENTITY,alfuzosin,rxnav_drugbank_id_lookup,AUTHORITATIVE_NAME,HIGH_EXACT,exact_identifier_based,17300,alfuzosin,,IN,ENG,100.0,HIGH_EXACT,success,
DRUG_000192,CONFIRMED_INTEGRATED_ENTITY,trimethadione,rxnav_drugbank_id_lookup,AUTHORITATIVE_NAME,HIGH_EXACT,exact_identifier_based,10827,trimethadione,,IN,ENG,100.0,HIGH_EXACT,success,
DRUG_000193,CONFIRMED_INTEGRATED_ENTITY,clobazam,rxnav_drugbank_id_lookup,AUTHORITATIVE_NAME,HIGH_EXACT,exact_identifier_based,21241,clobazam,,IN,ENG,100.0,HIGH_EXACT,success,
DRUG_000194,CONFIRMED_INTEGRATED_ENTITY,minoxidil,rxnav_drugbank_id_lookup,AUTHORITATIVE_NAME,HIGH_EXACT,exact_identifier_based,6984,minoxidil,,IN,ENG,100.0,HIGH_EXACT,success,
DRUG_000195,CONFIRMED_INTEGRATED_ENTITY,megestrol acetate,rxnav_drugbank_id_lookup,AUTHORITATIVE_NAME,HIGH_EXACT,exact_identifier_based,29451,megestrol acetate,,PIN,ENG,100.0,HIGH_EXACT,success,
DRUG_000196,CONFIRMED_INTEGRATED_ENTITY,NO_NAME_CANDIDATE,none,NO_NAME_CANDIDATE,HIGH_EXACT,exact_identifier_based,10485,thioguanine,tioguanine,IN,ENG,100.0,HIGH_EXACT,success,
DRUG_000197,CONFIRMED_INTEGRATED_ENTITY,methylergonovine,rxnav_drugbank_id_lookup,AUTHORITATIVE_NAME,HIGH_EXACT,exact_identifier_based,6883,methylergonovine,methylergometrine,IN,ENG,100.0,HIGH_EXACT,success,
DRUG_000198,CONFIRMED_INTEGRATED_ENTITY,buclizine,rxnav_drugbank_id_lookup,AUTHORITATIVE_NAME,HIGH_EXACT,exact_identifier_based,59636,buclizine,,IN,ENG,100.0,HIGH_EXACT,success,
DRUG_000199,CONFIRMED_INTEGRATED_ENTITY,aztreonam,rxnav_drugbank_id_lookup,AUTHORITATIVE_NAME,HIGH_EXACT,exact_identifier_based,1272,aztreonam,,IN,ENG,100.0,HIGH_EXACT,success,
DRUG_000200,CONFIRMED_INTEGRATED_ENTITY,chlorzoxazone,rxnav_drugbank_id_lookup,AUTHORITATIVE_NAME,HIGH_EXACT,exact_identifier_based,2410,chlorzoxazone,,IN,ENG,100.0,HIGH_EXACT,success,
DRUG_000201,CONFIRMED_INTEGRATED_ENTITY,aminoglutethimide,rxnav_drugbank_id_lookup,AUTHORITATIVE_NAME,HIGH_EXACT,exact_identifier_based,677,aminoglutethimide,,IN,ENG,100.0,HIGH_EXACT,success,
DRUG_000202,CONFIRMED_INTEGRATED_ENTITY,mefloquine,rxnav_drugbank_id_lookup,AUTHORITATIVE_NAME,HIGH_EXACT,exact_identifier_based,6694,mefloquine,,IN,ENG,100.0,HIGH_EXACT,success,
DRUG_000203,CONFIRMED_INTEGRATED_ENTITY,sulfadiazine,rxnav_drugbank_id_lookup,AUTHORITATIVE_NAME,HIGH_EXACT,exact_identifier_based,10171,sulfadiazine,,IN,ENG,100.0,HIGH_EXACT,success,
DRUG_000204,CONFIRMED_INTEGRATED_ENTITY,sapropterin,rxnav_drugbank_id_lookup,AUTHORITATIVE_NAME,HIGH_EXACT,exact_identifier_based,753340,sapropterin,,IN,ENG,100.0,HIGH_EXACT,success,
DRUG_000205,CONFIRMED_INTEGRATED_ENTITY,vinorelbine,rxnav_drugbank_id_lookup,AUTHORITATIVE_NAME,HIGH_EXACT,exact_identifier_based,39541,vinorelbine,,IN,ENG,100.0,HIGH_EXACT,success,
DRUG_000206,CONFIRMED_INTEGRATED_ENTITY,anidulafungin,rxnav_drugbank_id_lookup,AUTHORITATIVE_NAME,HIGH_EXACT,exact_identifier_based,341018,anidulafungin,,IN,ENG,100.0,HIGH_EXACT,success,
DRUG_000207,CONFIRMED_INTEGRATED_ENTITY,clozapine,rxnav_drugbank_id_lookup,AUTHORITATIVE_NAME,HIGH_EXACT,exact_identifier_based,2626,clozapine,,IN,ENG,100.0,HIGH_EXACT,success,
DRUG_000208,CONFIRMED_INTEGRATED_ENTITY,sucralfate,rxnav_drugbank_id_lookup,AUTHORITATIVE_NAME,HIGH_EXACT,exact_identifier_based,10156,sucralfate,,IN,ENG,100.0,HIGH_EXACT,success,
DRUG_000209,CONFIRMED_INTEGRATED_ENTITY,doxylamine,rxnav_drugbank_id_lookup,AUTHORITATIVE_NAME,HIGH_EXACT,exact_identifier_based,3642,doxylamine,,IN,ENG,100.0,HIGH_EXACT,success,
DRUG_000210,AMBIGUOUS_MAPPING_COMPONENT,levonorgestrel,rxnav_drugbank_id_lookup,AUTHORITATIVE_NAME,HIGH_EXACT,exact_identifier_based,6373,levonorgestrel,,IN,ENG,100.0,HIGH_EXACT,success,
DRUG_000211,AMBIGUOUS_MAPPING_COMPONENT,norgestrel,rxnav_drugbank_id_lookup,AUTHORITATIVE_NAME,HIGH_EXACT,exact_identifier_based,7518,norgestrel,,IN,ENG,100.0,HIGH_EXACT,success,
DRUG_000212,AMBIGUOUS_MAPPING_COMPONENT,Methylnorethindrone,pubchem_cid_lookup,PUBCHEM_TITLE_CANDIDATE,HIGH_EXACT,exact_name_lookup,7518,norgestrel,,IN,ENG,100.0,HIGH_EXACT,success,
DRUG_000213,CONFIRMED_INTEGRATED_ENTITY,norepinephrine,rxnav_drugbank_id_lookup,AUTHORITATIVE_NAME,HIGH_EXACT,exact_identifier_based,7512,norepinephrine,,IN,ENG,100.0,HIGH_EXACT,success,
DRUG_000214,CONFIRMED_INTEGRATED_ENTITY,Cidofovir,pubchem_inchikey_lookup,PUBCHEM_TITLE_CANDIDATE,HIGH_EXACT,exact_identifier_based,1546007,cidofovir anhydrous,,PIN,ENG,100.0,HIGH_EXACT,success,
DRUG_000215,CONFIRMED_INTEGRATED_ENTITY,mirtazapine,rxnav_drugbank_id_lookup,AUTHORITATIVE_NAME,HIGH_EXACT,exact_identifier_based,15996,mirtazapine,,IN,ENG,100.0,HIGH_EXACT,success,
DRUG_000216,CONFIRMED_INTEGRATED_ENTITY,meprobamate,rxnav_drugbank_id_lookup,AUTHORITATIVE_NAME,HIGH_EXACT,exact_identifier_based,6760,meprobamate,,IN,ENG,100.0,HIGH_EXACT,success,
DRUG_000217,CONFIRMED_INTEGRATED_ENTITY,(+-)-Timolol,pubchem_cid_lookup,PUBCHEM_TITLE_CANDIDATE,HIGH_EXACT,exact_identifier_based,10600,timolol,,IN,ENG,100.0,HIGH_EXACT,success,
DRUG_000218,CONFIRMED_INTEGRATED_ENTITY,treprostinil,rxnav_drugbank_id_lookup,AUTHORITATIVE_NAME,HIGH_EXACT,exact_identifier_based,343048,treprostinil,,IN,ENG,100.0,HIGH_EXACT,success,
DRUG_000219,CONFIRMED_INTEGRATED_ENTITY,trihexyphenidyl,rxnav_drugbank_id_lookup,AUTHORITATIVE_NAME,HIGH_EXACT,exact_identifier_based,10811,trihexyphenidyl,,IN,ENG,100.0,HIGH_EXACT,success,
DRUG_000220,CONFIRMED_INTEGRATED_ENTITY,palonosetron,rxnav_drugbank_id_lookup,AUTHORITATIVE_NAME,HIGH_EXACT,exact_identifier_based,70561,palonosetron,,IN,ENG,100.0,HIGH_EXACT,success,
DRUG_000221,CONFIRMED_INTEGRATED_ENTITY,dydrogesterone,rxnav_drugbank_id_lookup,AUTHORITATIVE_NAME,HIGH_EXACT,exact_identifier_based,3706,dydrogesterone,,IN,ENG,100.0,HIGH_EXACT,success,
DRUG_000222,CONFIRMED_INTEGRATED_ENTITY,mexiletine,rxnav_drugbank_id_lookup,AUTHORITATIVE_NAME,HIGH_EXACT,exact_identifier_based,6926,mexiletine,,IN,ENG,100.0,HIGH_EXACT,success,
DRUG_000223,CONFIRMED_INTEGRATED_ENTITY,dexrazoxane,rxnav_drugbank_id_lookup,AUTHORITATIVE_NAME,HIGH_EXACT,exact_identifier_based,42736,dexrazoxane,,IN,ENG,100.0,HIGH_EXACT,success,
DRUG_000224,CONFIRMED_INTEGRATED_ENTITY,amlodipine,rxnav_drugbank_id_lookup,AUTHORITATIVE_NAME,HIGH_EXACT,exact_identifier_based,17767,amlodipine,,IN,ENG,100.0,HIGH_EXACT,success,
DRUG_000225,CONFIRMED_INTEGRATED_ENTITY,triamterene,rxnav_drugbank_id_lookup,AUTHORITATIVE_NAME,HIGH_EXACT,exact_identifier_based,10763,triamterene,,IN,ENG,100.0,HIGH_EXACT,success,
DRUG_000226,CONFIRMED_INTEGRATED_ENTITY,valrubicin,rxnav_drugbank_id_lookup,AUTHORITATIVE_NAME,HIGH_EXACT,exact_identifier_based,31435,valrubicin,,IN,ENG,100.0,HIGH_EXACT,success,
DRUG_000227,CONFIRMED_INTEGRATED_ENTITY,procyclidine,rxnav_drugbank_id_lookup,AUTHORITATIVE_NAME,HIGH_EXACT,exact_identifier_based,8718,procyclidine,,IN,ENG,100.0,HIGH_EXACT,success,
DRUG_000228,CONFIRMED_INTEGRATED_ENTITY,phenylephrine,rxnav_drugbank_id_lookup,AUTHORITATIVE_NAME,HIGH_EXACT,exact_identifier_based,8163,phenylephrine,,IN,ENG,100.0,HIGH_EXACT,success,
DRUG_000229,CONFIRMED_INTEGRATED_ENTITY,carbimazole,rxnav_drugbank_id_lookup,AUTHORITATIVE_NAME,HIGH_EXACT,exact_identifier_based,2020,carbimazole,,IN,ENG,100.0,HIGH_EXACT,success,
DRUG_000230,CONFIRMED_INTEGRATED_ENTITY,digoxin,rxnav_drugbank_id_lookup,AUTHORITATIVE_NAME,HIGH_EXACT,exact_identifier_based,3407,digoxin,,IN,ENG,100.0,HIGH_EXACT,success,
DRUG_000231,CONFIRMED_INTEGRATED_ENTITY,sulpiride,rxnav_drugbank_id_lookup,AUTHORITATIVE_NAME,HIGH_EXACT,exact_identifier_based,10239,sulpiride,,IN,ENG,100.0,HIGH_EXACT,success,
DRUG_000232,CONFIRMED_INTEGRATED_ENTITY,profenamine,rxnav_drugbank_id_lookup,AUTHORITATIVE_NAME,HIGH_EXACT,exact_identifier_based,4134,profenamine,,IN,ENG,100.0,HIGH_EXACT,success,
DRUG_000233,CONFIRMED_INTEGRATED_ENTITY,nimodipine,rxnav_drugbank_id_lookup,AUTHORITATIVE_NAME,HIGH_EXACT,exact_identifier_based,7426,nimodipine,,IN,ENG,100.0,HIGH_EXACT,success,
DRUG_000234,CONFIRMED_INTEGRATED_ENTITY,beclomethasone dipropionate,rxnav_drugbank_id_lookup,AUTHORITATIVE_NAME,HIGH_EXACT,exact_identifier_based,1348,beclomethasone dipropionate,,PIN,ENG,100.0,HIGH_EXACT,success,
DRUG_000235,CONFIRMED_INTEGRATED_ENTITY,carisoprodol,rxnav_drugbank_id_lookup,AUTHORITATIVE_NAME,HIGH_EXACT,exact_identifier_based,2101,carisoprodol,,IN,ENG,100.0,HIGH_EXACT,success,
DRUG_000236,CONFIRMED_INTEGRATED_ENTITY,progesterone,rxnav_drugbank_id_lookup,AUTHORITATIVE_NAME,HIGH_EXACT,exact_identifier_based,8727,progesterone,,IN,ENG,100.0,HIGH_EXACT,success,
DRUG_000237,CONFIRMED_INTEGRATED_ENTITY,phenylpropanolamine,rxnav_drugbank_id_lookup,AUTHORITATIVE_NAME,HIGH_EXACT,exact_identifier_based,8175,phenylpropanolamine,,IN,ENG,100.0,HIGH_EXACT,success,
DRUG_000238,CONFIRMED_INTEGRATED_ENTITY,sorafenib,rxnav_drugbank_id_lookup,AUTHORITATIVE_NAME,HIGH_EXACT,exact_identifier_based,495881,sorafenib,,IN,ENG,100.0,HIGH_EXACT,success,
DRUG_000239,CONFIRMED_INTEGRATED_ENTITY,Zoledronic Acid,pubchem_cid_lookup,PUBCHEM_TITLE_CANDIDATE,AMBIGUOUS_CLINICAL_MAPPING,conflict_resolution,,,,,,0.0,AMBIGUOUS_CLINICAL_MAPPING,success,"Conflict: mapped to multiple different RxCUIs: ['1546014', '77655']"
DRUG_000240,CONFIRMED_INTEGRATED_ENTITY,Griseofulvin,pubchem_inchikey_lookup,PUBCHEM_TITLE_CANDIDATE,HIGH_EXACT,exact_identifier_based,5021,griseofulvin,,IN,ENG,100.0,HIGH_EXACT,success,
DRUG_000241,CONFIRMED_INTEGRATED_ENTITY,nisoldipine,rxnav_drugbank_id_lookup,AUTHORITATIVE_NAME,HIGH_EXACT,exact_identifier_based,7435,nisoldipine,,IN,ENG,100.0,HIGH_EXACT,success,
DRUG_000242,AMBIGUOUS_MAPPING_COMPONENT,eszopiclone,rxnav_drugbank_id_lookup,AUTHORITATIVE_NAME,HIGH_EXACT,exact_identifier_based,461016,eszopiclone,,IN,ENG,100.0,HIGH_EXACT,success,
DRUG_000243,AMBIGUOUS_MAPPING_COMPONENT,zopiclone,rxnav_drugbank_id_lookup,AUTHORITATIVE_NAME,HIGH_EXACT,exact_identifier_based,40001,zopiclone,,IN,ENG,100.0,HIGH_EXACT,success,
DRUG_000244,AMBIGUOUS_MAPPING_COMPONENT,Zopiclone,pubchem_cid_lookup,PUBCHEM_TITLE_CANDIDATE,HIGH_EXACT,exact_name_lookup,40001,zopiclone,,IN,ENG,100.0,HIGH_EXACT,success,
DRUG_000245,CONFIRMED_INTEGRATED_ENTITY,alprazolam,rxnav_drugbank_id_lookup,AUTHORITATIVE_NAME,HIGH_EXACT,exact_identifier_based,596,alprazolam,,IN,ENG,100.0,HIGH_EXACT,success,
DRUG_000246,CONFIRMED_INTEGRATED_ENTITY,Dexbrompheniramine,pubchem_inchikey_lookup,PUBCHEM_TITLE_CANDIDATE,HIGH_EXACT,exact_identifier_based,1767,brompheniramine,,IN,ENG,100.0,HIGH_EXACT,success,
DRUG_000247,CONFIRMED_INTEGRATED_ENTITY,loxapine,rxnav_drugbank_id_lookup,AUTHORITATIVE_NAME,HIGH_EXACT,exact_identifier_based,6475,loxapine,,IN,ENG,100.0,HIGH_EXACT,success,
DRUG_000248,CONFIRMED_INTEGRATED_ENTITY,remoxipride,rxnav_drugbank_id_lookup,AUTHORITATIVE_NAME,HIGH_EXACT,exact_identifier_based,35350,remoxipride,,IN,ENG,100.0,HIGH_EXACT,success,
DRUG_000249,CONFIRMED_INTEGRATED_ENTITY,mupirocin,rxnav_drugbank_id_lookup,AUTHORITATIVE_NAME,HIGH_EXACT,exact_identifier_based,42372,mupirocin,,IN,ENG,100.0,HIGH_EXACT,success,
DRUG_000250,CONFIRMED_INTEGRATED_ENTITY,Carbamylcholine,pubchem_cid_lookup,PUBCHEM_TITLE_CANDIDATE,HIGH_EXACT,exact_identifier_based,1546387,carbamoylcholine,,IN,ENG,100.0,HIGH_EXACT,success,
DRUG_000251,CONFIRMED_INTEGRATED_ENTITY,rosiglitazone,rxnav_drugbank_id_lookup,AUTHORITATIVE_NAME,HIGH_EXACT,exact_identifier_based,84108,rosiglitazone,,IN,ENG,100.0,HIGH_EXACT,success,
DRUG_000252,CONFIRMED_INTEGRATED_ENTITY,pramipexole,rxnav_drugbank_id_lookup,AUTHORITATIVE_NAME,HIGH_EXACT,exact_identifier_based,746741,pramipexole,,IN,ENG,100.0,HIGH_EXACT,success,
DRUG_000253,CONFIRMED_INTEGRATED_ENTITY,Ampicillin,pubchem_inchikey_lookup,PUBCHEM_TITLE_CANDIDATE,HIGH_EXACT,exact_identifier_based,221058,ampicillin (anhydrous),,PIN,ENG,100.0,HIGH_EXACT,success,
DRUG_000254,CONFIRMED_INTEGRATED_ENTITY,penicillin V,rxnav_drugbank_id_lookup,AUTHORITATIVE_NAME,HIGH_EXACT,exact_identifier_based,7984,penicillin V,phenoxymethylpenicillin,IN,ENG,100.0,HIGH_EXACT,success,
DRUG_000255,CONFIRMED_INTEGRATED_ENTITY,secobarbital,rxnav_drugbank_id_lookup,AUTHORITATIVE_NAME,HIGH_EXACT,exact_identifier_based,9624,secobarbital,,IN,ENG,100.0,HIGH_EXACT,success,
DRUG_000256,CONFIRMED_INTEGRATED_ENTITY,miglustat,rxnav_drugbank_id_lookup,AUTHORITATIVE_NAME,HIGH_EXACT,exact_identifier_based,402316,miglustat,,IN,ENG,100.0,HIGH_EXACT,success,
DRUG_000257,CONFIRMED_INTEGRATED_ENTITY,promazine,rxnav_drugbank_id_lookup,AUTHORITATIVE_NAME,HIGH_EXACT,exact_identifier_based,8742,promazine,,IN,ENG,100.0,HIGH_EXACT,success,
DRUG_000258,CONFIRMED_INTEGRATED_ENTITY,spironolactone,rxnav_drugbank_id_lookup,AUTHORITATIVE_NAME,HIGH_EXACT,exact_identifier_based,9997,spironolactone,,IN,ENG,100.0,HIGH_EXACT,success,
DRUG_000259,AMBIGUOUS_MAPPING_COMPONENT,methylphenidate,rxnav_drugbank_id_lookup,AUTHORITATIVE_NAME,HIGH_EXACT,exact_identifier_based,6901,methylphenidate,,IN,ENG,100.0,HIGH_EXACT,success,
DRUG_000260,AMBIGUOUS_MAPPING_COMPONENT,dexmethylphenidate,rxnav_drugbank_id_lookup,AUTHORITATIVE_NAME,HIGH_EXACT,exact_identifier_based,352372,dexmethylphenidate,,IN,ENG,100.0,HIGH_EXACT,success,
DRUG_000261,AMBIGUOUS_MAPPING_COMPONENT,Methylphenidate,pubchem_cid_lookup,PUBCHEM_TITLE_CANDIDATE,HIGH_EXACT,exact_name_lookup,6901,methylphenidate,,IN,ENG,100.0,HIGH_EXACT,success,
DRUG_000262,CONFIRMED_INTEGRATED_ENTITY,methocarbamol,rxnav_drugbank_id_lookup,AUTHORITATIVE_NAME,HIGH_EXACT,exact_identifier_based,6845,methocarbamol,guaiphenesin carbamate,IN,ENG,100.0,HIGH_EXACT,success,
DRUG_000263,AMBIGUOUS_MAPPING_COMPONENT,hyoscyamine,rxnav_drugbank_id_lookup,AUTHORITATIVE_NAME,HIGH_EXACT,exact_identifier_based,153970,hyoscyamine,,IN,ENG,100.0,HIGH_EXACT,success,
DRUG_000264,AMBIGUOUS_MAPPING_COMPONENT,atropine,rxnav_drugbank_id_lookup,AUTHORITATIVE_NAME,HIGH_EXACT,exact_identifier_based,1223,atropine,,IN,ENG,100.0,HIGH_EXACT,success,
DRUG_000265,AMBIGUOUS_MAPPING_COMPONENT,(8-Methyl-8-Azabicyclo(3.2.1)Octan-3-Yl) 3-Hydroxy-2-Phenylpropanoate,pubchem_cid_lookup,PUBCHEM_TITLE_CANDIDATE,NO_MATCH,none,,,,,,0.0,NO_MATCH,success,
DRUG_000266,CONFIRMED_INTEGRATED_ENTITY,zolpidem,rxnav_drugbank_id_lookup,AUTHORITATIVE_NAME,HIGH_EXACT,exact_identifier_based,39993,zolpidem,,IN,ENG,100.0,HIGH_EXACT,success,
DRUG_000267,CONFIRMED_INTEGRATED_ENTITY,famciclovir,rxnav_drugbank_id_lookup,AUTHORITATIVE_NAME,HIGH_EXACT,exact_identifier_based,68099,famciclovir,,IN,ENG,100.0,HIGH_EXACT,success,
DRUG_000268,CONFIRMED_INTEGRATED_ENTITY,triprolidine,rxnav_drugbank_id_lookup,AUTHORITATIVE_NAME,HIGH_EXACT,exact_identifier_based,10849,triprolidine,,IN,ENG,100.0,HIGH_EXACT,success,
DRUG_000269,CONFIRMED_INTEGRATED_ENTITY,streptozocin,rxnav_drugbank_id_lookup,AUTHORITATIVE_NAME,HIGH_EXACT,exact_identifier_based,10114,streptozocin,,IN,ENG,100.0,HIGH_EXACT,success,
DRUG_000270,CONFIRMED_INTEGRATED_ENTITY,carboprost tromethamine,rxnav_drugbank_id_lookup,AUTHORITATIVE_NAME,HIGH_EXACT,exact_identifier_based,20259,carboprost tromethamine,,PIN,ENG,100.0,HIGH_EXACT,success,
DRUG_000271,CONFIRMED_INTEGRATED_ENTITY,Cefpiramide,pubchem_inchikey_lookup,PUBCHEM_TITLE_CANDIDATE,NO_MATCH,none,,,,,,0.0,NO_MATCH,success,
DRUG_000272,CONFIRMED_INTEGRATED_ENTITY,trifluridine,rxnav_drugbank_id_lookup,AUTHORITATIVE_NAME,HIGH_EXACT,exact_identifier_based,10803,trifluridine,,IN,ENG,100.0,HIGH_EXACT,success,
DRUG_000273,CONFIRMED_INTEGRATED_ENTITY,prochlorperazine,rxnav_drugbank_id_lookup,AUTHORITATIVE_NAME,HIGH_EXACT,exact_identifier_based,8704,prochlorperazine,,IN,ENG,100.0,HIGH_EXACT,success,
DRUG_000274,CONFIRMED_INTEGRATED_ENTITY,cyproheptadine,rxnav_drugbank_id_lookup,AUTHORITATIVE_NAME,HIGH_EXACT,exact_identifier_based,3013,cyproheptadine,,IN,ENG,100.0,HIGH_EXACT,success,
DRUG_000275,CONFIRMED_INTEGRATED_ENTITY,nitric oxide,rxnav_drugbank_id_lookup,AUTHORITATIVE_NAME,HIGH_EXACT,exact_identifier_based,7442,nitric oxide,,IN,ENG,100.0,HIGH_EXACT,success,
DRUG_000276,CONFIRMED_INTEGRATED_ENTITY,bendroflumethiazide,rxnav_drugbank_id_lookup,AUTHORITATIVE_NAME,HIGH_EXACT,exact_identifier_based,1369,bendroflumethiazide,,IN,ENG,100.0,HIGH_EXACT,success,
DRUG_000277,CONFIRMED_INTEGRATED_ENTITY,allopurinol,rxnav_drugbank_id_lookup,AUTHORITATIVE_NAME,HIGH_EXACT,exact_identifier_based,519,allopurinol,,IN,ENG,100.0,HIGH_EXACT,success,
DRUG_000278,CONFIRMED_INTEGRATED_ENTITY,"Ceftazidime, Antibiotic for Culture Media Use Only",pubchem_cid_lookup,PUBCHEM_TITLE_CANDIDATE,HIGH_EXACT,exact_identifier_based,1545984,ceftazidime anhydrous,,PIN,ENG,100.0,HIGH_EXACT,success,
DRUG_000279,CONFIRMED_INTEGRATED_ENTITY,trimethoprim,rxnav_drugbank_id_lookup,AUTHORITATIVE_NAME,HIGH_EXACT,exact_identifier_based,10829,trimethoprim,,IN,ENG,100.0,HIGH_EXACT,success,
DRUG_000280,CONFIRMED_INTEGRATED_ENTITY,gemcitabine,rxnav_drugbank_id_lookup,AUTHORITATIVE_NAME,HIGH_EXACT,exact_identifier_based,12574,gemcitabine,,IN,ENG,100.0,HIGH_EXACT,success,
DRUG_000281,CONFIRMED_INTEGRATED_ENTITY,NO_NAME_CANDIDATE,none,NO_NAME_CANDIDATE,HIGH_EXACT,exact_identifier_based,1546027,entecavir anhydrous,,PIN,ENG,100.0,HIGH_EXACT,success,
DRUG_000282,AMBIGUOUS_MAPPING_COMPONENT,betamethasone,rxnav_drugbank_id_lookup,AUTHORITATIVE_NAME,HIGH_EXACT,exact_identifier_based,1514,betamethasone,,IN,ENG,100.0,HIGH_EXACT,success,
DRUG_000283,AMBIGUOUS_MAPPING_COMPONENT,dexamethasone,rxnav_drugbank_id_lookup,AUTHORITATIVE_NAME,HIGH_EXACT,exact_identifier_based,3264,dexamethasone,,IN,ENG,100.0,HIGH_EXACT,success,
DRUG_000284,AMBIGUOUS_MAPPING_COMPONENT,Celestone,pubchem_cid_lookup,PUBCHEM_TITLE_CANDIDATE,NO_MATCH,none,,,,,,0.0,NO_MATCH,success,
DRUG_000285,CONFIRMED_INTEGRATED_ENTITY,teniposide,rxnav_drugbank_id_lookup,AUTHORITATIVE_NAME,HIGH_EXACT,exact_identifier_based,10362,teniposide,,IN,ENG,100.0,HIGH_EXACT,success,
DRUG_000286,CONFIRMED_INTEGRATED_ENTITY,epirubicin,rxnav_drugbank_id_lookup,AUTHORITATIVE_NAME,HIGH_EXACT,exact_identifier_based,3995,epirubicin,,IN,ENG,100.0,HIGH_EXACT,success,
DRUG_000287,CONFIRMED_INTEGRATED_ENTITY,chloramphenicol,rxnav_drugbank_id_lookup,AUTHORITATIVE_NAME,HIGH_EXACT,exact_identifier_based,2348,chloramphenicol,,IN,ENG,100.0,HIGH_EXACT,success,
DRUG_000288,AMBIGUOUS_MAPPING_COMPONENT,lansoprazole,rxnav_drugbank_id_lookup,AUTHORITATIVE_NAME,HIGH_EXACT,exact_identifier_based,17128,lansoprazole,,IN,ENG,100.0,HIGH_EXACT,success,
DRUG_000289,AMBIGUOUS_MAPPING_COMPONENT,dexlansoprazole,rxnav_drugbank_id_lookup,AUTHORITATIVE_NAME,HIGH_EXACT,exact_identifier_based,816346,dexlansoprazole,,IN,ENG,100.0,HIGH_EXACT,success,
DRUG_000290,AMBIGUOUS_MAPPING_COMPONENT,Lansoprazole,pubchem_cid_lookup,PUBCHEM_TITLE_CANDIDATE,HIGH_EXACT,exact_name_lookup,17128,lansoprazole,,IN,ENG,100.0,HIGH_EXACT,success,
DRUG_000291,CONFIRMED_INTEGRATED_ENTITY,dipivefrin,rxnav_drugbank_id_lookup,AUTHORITATIVE_NAME,HIGH_EXACT,exact_identifier_based,23410,dipivefrin,dipivefrine,IN,ENG,100.0,HIGH_EXACT,success,
DRUG_000292,CONFIRMED_INTEGRATED_ENTITY,droperidol,rxnav_drugbank_id_lookup,AUTHORITATIVE_NAME,HIGH_EXACT,exact_identifier_based,3648,droperidol,,IN,ENG,100.0,HIGH_EXACT,success,
DRUG_000293,CONFIRMED_INTEGRATED_ENTITY,levothyroxine,rxnav_drugbank_id_lookup,AUTHORITATIVE_NAME,HIGH_EXACT,exact_identifier_based,10582,levothyroxine,,IN,ENG,100.0,HIGH_EXACT,success,
DRUG_000294,CONFIRMED_INTEGRATED_ENTITY,framycetin,rxnav_drugbank_id_lookup,AUTHORITATIVE_NAME,HIGH_EXACT,exact_identifier_based,4556,framycetin,neomycin B,IN,ENG,100.0,HIGH_EXACT,success,
DRUG_000295,CONFIRMED_INTEGRATED_ENTITY,NO_NAME_CANDIDATE,none,NO_NAME_CANDIDATE,NO_MATCH,none,,,,,,0.0,NO_MATCH,success,
DRUG_000296,CONFIRMED_INTEGRATED_ENTITY,meperidine,rxnav_drugbank_id_lookup,AUTHORITATIVE_NAME,HIGH_EXACT,exact_identifier_based,6754,meperidine,,IN,ENG,100.0,HIGH_EXACT,success,
DRUG_000297,CONFIRMED_INTEGRATED_ENTITY,loratadine,rxnav_drugbank_id_lookup,AUTHORITATIVE_NAME,HIGH_EXACT,exact_identifier_based,28889,loratadine,,IN,ENG,100.0,HIGH_EXACT,success,
DRUG_000298,CONFIRMED_INTEGRATED_ENTITY,cephalothin,rxnav_drugbank_id_lookup,AUTHORITATIVE_NAME,HIGH_EXACT,exact_identifier_based,2236,cephalothin,cefalotin,IN,ENG,100.0,HIGH_EXACT,success,
DRUG_000299,CONFIRMED_INTEGRATED_ENTITY,prazosin,rxnav_drugbank_id_lookup,AUTHORITATIVE_NAME,HIGH_EXACT,exact_identifier_based,8629,prazosin,,IN,ENG,100.0,HIGH_EXACT,success,
DRUG_000300,CONFIRMED_INTEGRATED_ENTITY,imipramine,rxnav_drugbank_id_lookup,AUTHORITATIVE_NAME,HIGH_EXACT,exact_identifier_based,5691,imipramine,,IN,ENG,100.0,HIGH_EXACT,success,
DRUG_000301,CONFIRMED_INTEGRATED_ENTITY,acitretin,rxnav_drugbank_id_lookup,AUTHORITATIVE_NAME,HIGH_EXACT,exact_identifier_based,16818,acitretin,,IN,ENG,100.0,HIGH_EXACT,success,
DRUG_000302,CONFIRMED_INTEGRATED_ENTITY,verteporfin,rxnav_drugbank_id_lookup,AUTHORITATIVE_NAME,HIGH_EXACT,exact_identifier_based,118886,verteporfin,,IN,ENG,100.0,HIGH_EXACT,success,
DRUG_000303,CONFIRMED_INTEGRATED_ENTITY,nabumetone,rxnav_drugbank_id_lookup,AUTHORITATIVE_NAME,HIGH_EXACT,exact_identifier_based,31448,nabumetone,,IN,ENG,100.0,HIGH_EXACT,success,
DRUG_000304,CONFIRMED_INTEGRATED_ENTITY,methscopolamine bromide,rxnav_drugbank_id_lookup,AUTHORITATIVE_NAME,HIGH_EXACT,exact_identifier_based,56092,methscopolamine bromide,,PIN,ENG,100.0,HIGH_EXACT,success,
DRUG_000305,CONFIRMED_INTEGRATED_ENTITY,ketorolac,rxnav_drugbank_id_lookup,AUTHORITATIVE_NAME,HIGH_EXACT,exact_identifier_based,35827,ketorolac,,IN,ENG,100.0,HIGH_EXACT,success,
DRUG_000306,CONFIRMED_INTEGRATED_ENTITY,enoxacin,rxnav_drugbank_id_lookup,AUTHORITATIVE_NAME,HIGH_EXACT,exact_identifier_based,3925,enoxacin,,IN,ENG,100.0,HIGH_EXACT,success,
DRUG_000307,AMBIGUOUS_MAPPING_COMPONENT,quinine,rxnav_drugbank_id_lookup,AUTHORITATIVE_NAME,HIGH_EXACT,exact_identifier_based,9071,quinine,,IN,ENG,100.0,HIGH_EXACT,success,
DRUG_000308,AMBIGUOUS_MAPPING_COMPONENT,quinidine,rxnav_drugbank_id_lookup,AUTHORITATIVE_NAME,HIGH_EXACT,exact_identifier_based,9068,quinidine,,IN,ENG,100.0,HIGH_EXACT,success,
DRUG_000309,AMBIGUOUS_MAPPING_COMPONENT,"Cinchonan-9-ol, 6'-methoxy-, (8alpha,9R)-",pubchem_cid_lookup,PUBCHEM_TITLE_CANDIDATE,NO_MATCH,none,,,,,,0.0,NO_MATCH,success,
DRUG_000310,CONFIRMED_INTEGRATED_ENTITY,tenoxicam,rxnav_drugbank_id_lookup,AUTHORITATIVE_NAME,HIGH_EXACT,exact_identifier_based,37790,tenoxicam,,IN,ENG,100.0,HIGH_EXACT,success,
DRUG_000311,CONFIRMED_INTEGRATED_ENTITY,dronabinol,rxnav_drugbank_id_lookup,AUTHORITATIVE_NAME,HIGH_EXACT,exact_identifier_based,10402,dronabinol,dronabinol,IN,ENG,100.0,HIGH_EXACT,success,
DRUG_000312,CONFIRMED_INTEGRATED_ENTITY,montelukast,rxnav_drugbank_id_lookup,AUTHORITATIVE_NAME,HIGH_EXACT,exact_identifier_based,88249,montelukast,,IN,ENG,100.0,HIGH_EXACT,success,
DRUG_000313,CONFIRMED_INTEGRATED_ENTITY,fluoxetine,rxnav_drugbank_id_lookup,AUTHORITATIVE_NAME,HIGH_EXACT,exact_identifier_based,4493,fluoxetine,,IN,ENG,100.0,HIGH_EXACT,success,
DRUG_000314,CONFIRMED_INTEGRATED_ENTITY,methohexital,rxnav_drugbank_id_lookup,AUTHORITATIVE_NAME,HIGH_EXACT,exact_identifier_based,6847,methohexital,,IN,ENG,100.0,HIGH_EXACT,success,
DRUG_000315,CONFIRMED_INTEGRATED_ENTITY,chlordiazepoxide,rxnav_drugbank_id_lookup,AUTHORITATIVE_NAME,HIGH_EXACT,exact_identifier_based,2356,chlordiazepoxide,,IN,ENG,100.0,HIGH_EXACT,success,
DRUG_000316,CONFIRMED_INTEGRATED_ENTITY,duloxetine,rxnav_drugbank_id_lookup,AUTHORITATIVE_NAME,HIGH_EXACT,exact_identifier_based,72625,duloxetine,,IN,ENG,100.0,HIGH_EXACT,success,
DRUG_000317,CONFIRMED_INTEGRATED_ENTITY,chlorpromazine,rxnav_drugbank_id_lookup,AUTHORITATIVE_NAME,HIGH_EXACT,exact_identifier_based,2403,chlorpromazine,,IN,ENG,100.0,HIGH_EXACT,success,
DRUG_000318,CONFIRMED_INTEGRATED_ENTITY,amikacin,rxnav_drugbank_id_lookup,AUTHORITATIVE_NAME,HIGH_EXACT,exact_identifier_based,641,amikacin,,IN,ENG,100.0,HIGH_EXACT,success,
DRUG_000319,CONFIRMED_INTEGRATED_ENTITY,lenalidomide,rxnav_drugbank_id_lookup,AUTHORITATIVE_NAME,HIGH_EXACT,exact_identifier_based,342369,lenalidomide,,IN,ENG,100.0,HIGH_EXACT,success,
DRUG_000320,CONFIRMED_INTEGRATED_ENTITY,raloxifene,rxnav_drugbank_id_lookup,AUTHORITATIVE_NAME,HIGH_EXACT,exact_identifier_based,72143,raloxifene,,IN,ENG,100.0,HIGH_EXACT,success,
DRUG_000321,CONFIRMED_INTEGRATED_ENTITY,celecoxib,rxnav_drugbank_id_lookup,AUTHORITATIVE_NAME,HIGH_EXACT,exact_identifier_based,140587,celecoxib,,IN,ENG,100.0,HIGH_EXACT,success,
DRUG_000322,CONFIRMED_INTEGRATED_ENTITY,gallamine triethiodide,rxnav_drugbank_id_lookup,AUTHORITATIVE_NAME,HIGH_EXACT,exact_identifier_based,4639,gallamine triethiodide,,PIN,ENG,100.0,HIGH_EXACT,success,
DRUG_000323,CONFIRMED_INTEGRATED_ENTITY,brimonidine,rxnav_drugbank_id_lookup,AUTHORITATIVE_NAME,HIGH_EXACT,exact_identifier_based,134615,brimonidine,,IN,ENG,100.0,HIGH_EXACT,success,
DRUG_000324,CONFIRMED_INTEGRATED_ENTITY,dicloxacillin,rxnav_drugbank_id_lookup,AUTHORITATIVE_NAME,HIGH_EXACT,exact_identifier_based,3356,dicloxacillin,,IN,ENG,100.0,HIGH_EXACT,success,
DRUG_000325,CONFIRMED_INTEGRATED_ENTITY,nabilone,rxnav_drugbank_id_lookup,AUTHORITATIVE_NAME,HIGH_EXACT,exact_identifier_based,31447,nabilone,,IN,ENG,100.0,HIGH_EXACT,success,
DRUG_000326,CONFIRMED_INTEGRATED_ENTITY,pefloxacin,rxnav_drugbank_id_lookup,AUTHORITATIVE_NAME,HIGH_EXACT,exact_identifier_based,7960,pefloxacin,,IN,ENG,100.0,HIGH_EXACT,success,
DRUG_000327,CONFIRMED_INTEGRATED_ENTITY,altretamine,rxnav_drugbank_id_lookup,AUTHORITATIVE_NAME,HIGH_EXACT,exact_identifier_based,5296,altretamine,,IN,ENG,100.0,HIGH_EXACT,success,
DRUG_000328,CONFIRMED_INTEGRATED_ENTITY,sotalol,rxnav_drugbank_id_lookup,AUTHORITATIVE_NAME,HIGH_EXACT,exact_identifier_based,9947,sotalol,,IN,ENG,100.0,HIGH_EXACT,success,
DRUG_000329,CONFIRMED_INTEGRATED_ENTITY,buspirone,rxnav_drugbank_id_lookup,AUTHORITATIVE_NAME,HIGH_EXACT,exact_identifier_based,1827,buspirone,,IN,ENG,100.0,HIGH_EXACT,success,
DRUG_000330,CONFIRMED_INTEGRATED_ENTITY,miglitol,rxnav_drugbank_id_lookup,AUTHORITATIVE_NAME,HIGH_EXACT,exact_identifier_based,30009,miglitol,,IN,ENG,100.0,HIGH_EXACT,success,
DRUG_000331,CONFIRMED_INTEGRATED_ENTITY,fosinopril,rxnav_drugbank_id_lookup,AUTHORITATIVE_NAME,HIGH_EXACT,exact_identifier_based,50166,fosinopril,,IN,ENG,100.0,HIGH_EXACT,success,
DRUG_000332,CONFIRMED_INTEGRATED_ENTITY,cefotaxime,rxnav_drugbank_id_lookup,AUTHORITATIVE_NAME,HIGH_EXACT,exact_identifier_based,2186,cefotaxime,,IN,ENG,100.0,HIGH_EXACT,success,
DRUG_000333,CONFIRMED_INTEGRATED_ENTITY,entacapone,rxnav_drugbank_id_lookup,AUTHORITATIVE_NAME,HIGH_EXACT,exact_identifier_based,60307,entacapone,,IN,ENG,100.0,HIGH_EXACT,success,
DRUG_000334,CONFIRMED_INTEGRATED_ENTITY,zidovudine,rxnav_drugbank_id_lookup,AUTHORITATIVE_NAME,HIGH_EXACT,exact_identifier_based,11413,zidovudine,,IN,ENG,100.0,HIGH_EXACT,success,
DRUG_000335,CONFIRMED_INTEGRATED_ENTITY,darifenacin,rxnav_drugbank_id_lookup,AUTHORITATIVE_NAME,HIGH_EXACT,exact_identifier_based,136198,darifenacin,,IN,ENG,100.0,HIGH_EXACT,success,
DRUG_000336,CONFIRMED_INTEGRATED_ENTITY,oxycodone,rxnav_drugbank_id_lookup,AUTHORITATIVE_NAME,HIGH_EXACT,exact_identifier_based,7804,oxycodone,,IN,ENG,100.0,HIGH_EXACT,success,
DRUG_000337,CONFIRMED_INTEGRATED_ENTITY,phenindione,rxnav_drugbank_id_lookup,AUTHORITATIVE_NAME,HIGH_EXACT,exact_identifier_based,8130,phenindione,,IN,ENG,100.0,HIGH_EXACT,success,
DRUG_000338,CONFIRMED_INTEGRATED_ENTITY,flutamide,rxnav_drugbank_id_lookup,AUTHORITATIVE_NAME,HIGH_EXACT,exact_identifier_based,4508,flutamide,,IN,ENG,100.0,HIGH_EXACT,success,
DRUG_000339,CONFIRMED_INTEGRATED_ENTITY,tolmetin,rxnav_drugbank_id_lookup,AUTHORITATIVE_NAME,HIGH_EXACT,exact_identifier_based,10636,tolmetin,,IN,ENG,100.0,HIGH_EXACT,success,
DRUG_000340,CONFIRMED_INTEGRATED_ENTITY,cimetidine,rxnav_drugbank_id_lookup,AUTHORITATIVE_NAME,HIGH_EXACT,exact_identifier_based,2541,cimetidine,,IN,ENG,100.0,HIGH_EXACT,success,
DRUG_000341,CONFIRMED_INTEGRATED_ENTITY,haloperidol,rxnav_drugbank_id_lookup,AUTHORITATIVE_NAME,HIGH_EXACT,exact_identifier_based,5093,haloperidol,,IN,ENG,100.0,HIGH_EXACT,success,
DRUG_000342,CONFIRMED_INTEGRATED_ENTITY,ritonavir,rxnav_drugbank_id_lookup,AUTHORITATIVE_NAME,HIGH_EXACT,exact_identifier_based,85762,ritonavir,,IN,ENG,100.0,HIGH_EXACT,success,
DRUG_000343,CONFIRMED_INTEGRATED_ENTITY,levallorphan,rxnav_drugbank_id_lookup,AUTHORITATIVE_NAME,HIGH_EXACT,exact_identifier_based,6370,levallorphan,,IN,ENG,100.0,HIGH_EXACT,success,
DRUG_000344,CONFIRMED_INTEGRATED_ENTITY,triflupromazine,rxnav_drugbank_id_lookup,AUTHORITATIVE_NAME,HIGH_EXACT,exact_identifier_based,10805,triflupromazine,,IN,ENG,100.0,HIGH_EXACT,success,
DRUG_000345,CONFIRMED_INTEGRATED_ENTITY,acetyldigitoxin,rxnav_drugbank_id_lookup,AUTHORITATIVE_NAME,HIGH_EXACT,exact_identifier_based,132871,acetyldigitoxin,,IN,ENG,100.0,HIGH_EXACT,success,
DRUG_000346,CONFIRMED_INTEGRATED_ENTITY,vancomycin,rxnav_drugbank_id_lookup,AUTHORITATIVE_NAME,HIGH_EXACT,exact_identifier_based,11124,vancomycin,,IN,ENG,100.0,HIGH_EXACT,success,
DRUG_000347,CONFIRMED_INTEGRATED_ENTITY,6-aminocaproic acid,rxnav_drugbank_id_lookup,AUTHORITATIVE_NAME,HIGH_EXACT,exact_identifier_based,99,6-aminocaproic acid,aminocaproic acid,IN,ENG,100.0,HIGH_EXACT,success,
DRUG_000348,CONFIRMED_INTEGRATED_ENTITY,(+-)-3-Methoxy-17-methylmorphinan,pubchem_cid_lookup,PUBCHEM_TITLE_CANDIDATE,HIGH_EXACT,exact_identifier_based,236146,dextromethorphan polistirex,,PIN,ENG,100.0,HIGH_EXACT,success,
DRUG_000349,CONFIRMED_INTEGRATED_ENTITY,cisplatin,rxnav_drugbank_id_lookup,AUTHORITATIVE_NAME,HIGH_EXACT,exact_identifier_based,2555,cisplatin,,IN,ENG,100.0,HIGH_EXACT,success,
DRUG_000350,CONFIRMED_INTEGRATED_ENTITY,octotropine methylbromide,rxnav_drugbank_id_lookup,AUTHORITATIVE_NAME,HIGH_EXACT,exact_identifier_based,17945,octotropine methylbromide,anisotropine methylbromide,PIN,ENG,100.0,HIGH_EXACT,success,
DRUG_000351,CONFIRMED_INTEGRATED_ENTITY,albendazole,rxnav_drugbank_id_lookup,AUTHORITATIVE_NAME,HIGH_EXACT,exact_identifier_based,430,albendazole,,IN,ENG,100.0,HIGH_EXACT,success,
DRUG_000352,CONFIRMED_INTEGRATED_ENTITY,trandolapril,rxnav_drugbank_id_lookup,AUTHORITATIVE_NAME,HIGH_EXACT,exact_identifier_based,38454,trandolapril,,IN,ENG,100.0,HIGH_EXACT,success,
DRUG_000353,CONFIRMED_INTEGRATED_ENTITY,caspofungin,rxnav_drugbank_id_lookup,AUTHORITATIVE_NAME,HIGH_EXACT,exact_identifier_based,140108,caspofungin,,IN,ENG,100.0,HIGH_EXACT,success,
DRUG_000354,CONFIRMED_INTEGRATED_ENTITY,carteolol,rxnav_drugbank_id_lookup,AUTHORITATIVE_NAME,HIGH_EXACT,exact_identifier_based,2116,carteolol,,IN,ENG,100.0,HIGH_EXACT,success,
DRUG_000355,AMBIGUOUS_MAPPING_COMPONENT,alitretinoin,rxnav_drugbank_id_lookup,AUTHORITATIVE_NAME,HIGH_EXACT,exact_identifier_based,81864,alitretinoin,,IN,ENG,100.0,HIGH_EXACT,success,
DRUG_000356,AMBIGUOUS_MAPPING_COMPONENT,tretinoin,rxnav_drugbank_id_lookup,AUTHORITATIVE_NAME,HIGH_EXACT,exact_identifier_based,10753,tretinoin,,IN,ENG,100.0,HIGH_EXACT,success,
DRUG_000357,AMBIGUOUS_MAPPING_COMPONENT,isotretinoin,rxnav_drugbank_id_lookup,AUTHORITATIVE_NAME,HIGH_EXACT,exact_identifier_based,6064,isotretinoin,,IN,ENG,100.0,HIGH_EXACT,success,
DRUG_000358,AMBIGUOUS_MAPPING_COMPONENT,"3,7-Dimethyl-9-(2,6,6-trimethylcyclohex-1-en-1-yl)nona-2,4,6,8-tetraenoic acid",pubchem_cid_lookup,PUBCHEM_TITLE_CANDIDATE,NO_MATCH,none,,,,,,0.0,NO_MATCH,success,
DRUG_000359,CONFIRMED_INTEGRATED_ENTITY,metolazone,rxnav_drugbank_id_lookup,AUTHORITATIVE_NAME,HIGH_EXACT,exact_identifier_based,6916,metolazone,,IN,ENG,100.0,HIGH_EXACT,success,
DRUG_000360,CONFIRMED_INTEGRATED_ENTITY,tolnaftate,rxnav_drugbank_id_lookup,AUTHORITATIVE_NAME,HIGH_EXACT,exact_identifier_based,10637,tolnaftate,,IN,ENG,100.0,HIGH_EXACT,success,
DRUG_000361,CONFIRMED_INTEGRATED_ENTITY,oxaliplatin,rxnav_drugbank_id_lookup,AUTHORITATIVE_NAME,HIGH_EXACT,exact_identifier_based,32592,oxaliplatin,,IN,ENG,100.0,HIGH_EXACT,success,
DRUG_000362,CONFIRMED_INTEGRATED_ENTITY,dibucaine,rxnav_drugbank_id_lookup,AUTHORITATIVE_NAME,HIGH_EXACT,exact_identifier_based,3339,dibucaine,cinchocaine,IN,ENG,100.0,HIGH_EXACT,success,
DRUG_000363,CONFIRMED_INTEGRATED_ENTITY,lercanidipine,rxnav_drugbank_id_lookup,AUTHORITATIVE_NAME,HIGH_EXACT,exact_identifier_based,135056,lercanidipine,,IN,ENG,100.0,HIGH_EXACT,success,
DRUG_000364,CONFIRMED_INTEGRATED_ENTITY,foscarnet,rxnav_drugbank_id_lookup,AUTHORITATIVE_NAME,HIGH_EXACT,exact_identifier_based,33562,foscarnet,,IN,ENG,100.0,HIGH_EXACT,success,
DRUG_000365,CONFIRMED_INTEGRATED_ENTITY,erlotinib,rxnav_drugbank_id_lookup,AUTHORITATIVE_NAME,HIGH_EXACT,exact_identifier_based,337525,erlotinib,,IN,ENG,100.0,HIGH_EXACT,success,
DRUG_000366,CONFIRMED_INTEGRATED_ENTITY,Cyclophosphamide,pubchem_cid_lookup,PUBCHEM_TITLE_CANDIDATE,AMBIGUOUS_CLINICAL_MAPPING,conflict_resolution,,,,,,0.0,AMBIGUOUS_CLINICAL_MAPPING,success,"Conflict: mapped to multiple different RxCUIs: ['3002', '1545988']"
DRUG_000367,CONFIRMED_INTEGRATED_ENTITY,cefdinir,rxnav_drugbank_id_lookup,AUTHORITATIVE_NAME,HIGH_EXACT,exact_identifier_based,25037,cefdinir,,IN,ENG,100.0,HIGH_EXACT,success,
DRUG_000368,CONFIRMED_INTEGRATED_ENTITY,ciprofloxacin,rxnav_drugbank_id_lookup,AUTHORITATIVE_NAME,HIGH_EXACT,exact_identifier_based,2551,ciprofloxacin,,IN,ENG,100.0,HIGH_EXACT,success,
DRUG_000369,CONFIRMED_INTEGRATED_ENTITY,toremifene,rxnav_drugbank_id_lookup,AUTHORITATIVE_NAME,HIGH_EXACT,exact_identifier_based,38409,toremifene,,IN,ENG,100.0,HIGH_EXACT,success,
DRUG_000370,CONFIRMED_INTEGRATED_ENTITY,nortriptyline,rxnav_drugbank_id_lookup,AUTHORITATIVE_NAME,HIGH_EXACT,exact_identifier_based,7531,nortriptyline,,IN,ENG,100.0,HIGH_EXACT,success,
DRUG_000371,CONFIRMED_INTEGRATED_ENTITY,vincristine,rxnav_drugbank_id_lookup,AUTHORITATIVE_NAME,HIGH_EXACT,exact_identifier_based,11202,vincristine,,IN,ENG,100.0,HIGH_EXACT,success,
DRUG_000372,CONFIRMED_INTEGRATED_ENTITY,benazepril,rxnav_drugbank_id_lookup,AUTHORITATIVE_NAME,HIGH_EXACT,exact_identifier_based,18867,benazepril,,IN,ENG,100.0,HIGH_EXACT,success,
DRUG_000373,CONFIRMED_INTEGRATED_ENTITY,amoxapine,rxnav_drugbank_id_lookup,AUTHORITATIVE_NAME,HIGH_EXACT,exact_identifier_based,722,amoxapine,,IN,ENG,100.0,HIGH_EXACT,success,
DRUG_000374,CONFIRMED_INTEGRATED_ENTITY,fluorouracil,rxnav_drugbank_id_lookup,AUTHORITATIVE_NAME,HIGH_EXACT,exact_identifier_based,4492,fluorouracil,,IN,ENG,100.0,HIGH_EXACT,success,
DRUG_000375,CONFIRMED_INTEGRATED_ENTITY,pyridostigmine,rxnav_drugbank_id_lookup,AUTHORITATIVE_NAME,HIGH_EXACT,exact_identifier_based,9000,pyridostigmine,,IN,ENG,100.0,HIGH_EXACT,success,
DRUG_000376,CONFIRMED_INTEGRATED_ENTITY,Adinazolam,pubchem_inchikey_lookup,PUBCHEM_TITLE_CANDIDATE,NO_MATCH,none,,,,,,0.0,NO_MATCH,success,
DRUG_000377,CONFIRMED_INTEGRATED_ENTITY,desoximetasone,rxnav_drugbank_id_lookup,AUTHORITATIVE_NAME,HIGH_EXACT,exact_identifier_based,3255,desoximetasone,,IN,ENG,100.0,HIGH_EXACT,success,
DRUG_000378,CONFIRMED_INTEGRATED_ENTITY,azelaic acid,rxnav_drugbank_id_lookup,AUTHORITATIVE_NAME,HIGH_EXACT,exact_identifier_based,18602,azelaic acid,,PIN,ENG,100.0,HIGH_EXACT,success,
DRUG_000379,CONFIRMED_INTEGRATED_ENTITY,zafirlukast,rxnav_drugbank_id_lookup,AUTHORITATIVE_NAME,HIGH_EXACT,exact_identifier_based,114970,zafirlukast,,IN,ENG,100.0,HIGH_EXACT,success,
DRUG_000380,CONFIRMED_INTEGRATED_ENTITY,propylthiouracil,rxnav_drugbank_id_lookup,AUTHORITATIVE_NAME,HIGH_EXACT,exact_identifier_based,8794,propylthiouracil,,IN,ENG,100.0,HIGH_EXACT,success,
DRUG_000381,CONFIRMED_INTEGRATED_ENTITY,acetohydroxamic acid,rxnav_drugbank_id_lookup,AUTHORITATIVE_NAME,HIGH_EXACT,exact_identifier_based,16728,acetohydroxamic acid,,IN,ENG,100.0,HIGH_EXACT,success,
DRUG_000382,CONFIRMED_INTEGRATED_ENTITY,pentostatin,rxnav_drugbank_id_lookup,AUTHORITATIVE_NAME,HIGH_EXACT,exact_identifier_based,8011,pentostatin,,IN,ENG,100.0,HIGH_EXACT,success,
DRUG_000383,CONFIRMED_INTEGRATED_ENTITY,methoxsalen,rxnav_drugbank_id_lookup,AUTHORITATIVE_NAME,HIGH_EXACT,exact_identifier_based,6854,methoxsalen,,IN,ENG,100.0,HIGH_EXACT,success,
DRUG_000384,CONFIRMED_INTEGRATED_ENTITY,Piroxicam,pubchem_inchikey_lookup,PUBCHEM_TITLE_CANDIDATE,HIGH_EXACT,exact_identifier_based,68115,piroxicam-beta-cyclodextrin,,PIN,ENG,100.0,HIGH_EXACT,success,
DRUG_000385,CONFIRMED_INTEGRATED_ENTITY,lamotrigine,rxnav_drugbank_id_lookup,AUTHORITATIVE_NAME,HIGH_EXACT,exact_identifier_based,28439,lamotrigine,,IN,ENG,100.0,HIGH_EXACT,success,
DRUG_000386,CONFIRMED_INTEGRATED_ENTITY,perflutren,rxnav_drugbank_id_lookup,AUTHORITATIVE_NAME,HIGH_EXACT,exact_identifier_based,283753,perflutren,,IN,ENG,100.0,HIGH_EXACT,success,
DRUG_000387,CONFIRMED_INTEGRATED_ENTITY,hydroxyzine,rxnav_drugbank_id_lookup,AUTHORITATIVE_NAME,HIGH_EXACT,exact_identifier_based,5553,hydroxyzine,,IN,ENG,100.0,HIGH_EXACT,success,
DRUG_000388,CONFIRMED_INTEGRATED_ENTITY,Bosentan,pubchem_cid_lookup,PUBCHEM_TITLE_CANDIDATE,AMBIGUOUS_CLINICAL_MAPPING,conflict_resolution,,,,,,0.0,AMBIGUOUS_CLINICAL_MAPPING,success,"Conflict: mapped to multiple different RxCUIs: ['75207', '1468845']"
DRUG_000389,CONFIRMED_INTEGRATED_ENTITY,tigecycline,rxnav_drugbank_id_lookup,AUTHORITATIVE_NAME,HIGH_EXACT,exact_identifier_based,384455,tigecycline,,IN,ENG,100.0,HIGH_EXACT,success,
DRUG_000390,CONFIRMED_INTEGRATED_ENTITY,doxapram,rxnav_drugbank_id_lookup,AUTHORITATIVE_NAME,HIGH_EXACT,exact_identifier_based,3637,doxapram,,IN,ENG,100.0,HIGH_EXACT,success,
DRUG_000391,CONFIRMED_INTEGRATED_ENTITY,benzthiazide,rxnav_drugbank_id_lookup,AUTHORITATIVE_NAME,HIGH_EXACT,exact_identifier_based,19008,benzthiazide,,IN,ENG,100.0,HIGH_EXACT,success,
DRUG_000392,CONFIRMED_INTEGRATED_ENTITY,methotrexate,rxnav_drugbank_id_lookup,AUTHORITATIVE_NAME,HIGH_EXACT,exact_identifier_based,6851,methotrexate,,IN,ENG,100.0,HIGH_EXACT,success,
DRUG_000393,CONFIRMED_INTEGRATED_ENTITY,carbamazepine,rxnav_drugbank_id_lookup,AUTHORITATIVE_NAME,HIGH_EXACT,exact_identifier_based,2002,carbamazepine,,IN,ENG,100.0,HIGH_EXACT,success,
DRUG_000394,CONFIRMED_INTEGRATED_ENTITY,cisatracurium,rxnav_drugbank_id_lookup,AUTHORITATIVE_NAME,HIGH_EXACT,exact_identifier_based,319864,cisatracurium,,IN,ENG,100.0,HIGH_EXACT,success,
DRUG_000395,CONFIRMED_INTEGRATED_ENTITY,7-(2-Amino(phenyl)acetamido)-3-methyl-8-oxo-5-thia-1-azabicyclo(4.2.0)oct-2-ene-2-carboxylic acid,pubchem_cid_lookup,PUBCHEM_TITLE_CANDIDATE,HIGH_EXACT,exact_identifier_based,1299782,cephalexin anhydrous,,PIN,ENG,100.0,HIGH_EXACT,success,
DRUG_000396,CONFIRMED_INTEGRATED_ENTITY,cinnarizine,rxnav_drugbank_id_lookup,AUTHORITATIVE_NAME,HIGH_EXACT,exact_identifier_based,2549,cinnarizine,,IN,ENG,100.0,HIGH_EXACT,success,
DRUG_000397,CONFIRMED_INTEGRATED_ENTITY,fondaparinux,rxnav_drugbank_id_lookup,AUTHORITATIVE_NAME,HIGH_EXACT,exact_identifier_based,321208,fondaparinux,,IN,ENG,100.0,HIGH_EXACT,success,
DRUG_000398,CONFIRMED_INTEGRATED_ENTITY,vinblastine,rxnav_drugbank_id_lookup,AUTHORITATIVE_NAME,HIGH_EXACT,exact_identifier_based,11198,vinblastine,,IN,ENG,100.0,HIGH_EXACT,success,
DRUG_000399,CONFIRMED_INTEGRATED_ENTITY,propranolol,rxnav_drugbank_id_lookup,AUTHORITATIVE_NAME,HIGH_EXACT,exact_identifier_based,8787,propranolol,,IN,ENG,100.0,HIGH_EXACT,success,
DRUG_000400,CONFIRMED_INTEGRATED_ENTITY,fenoprofen,rxnav_drugbank_id_lookup,AUTHORITATIVE_NAME,HIGH_EXACT,exact_identifier_based,4331,fenoprofen,,IN,ENG,100.0,HIGH_EXACT,success,
DRUG_000401,CONFIRMED_INTEGRATED_ENTITY,clonidine,rxnav_drugbank_id_lookup,AUTHORITATIVE_NAME,HIGH_EXACT,exact_identifier_based,2599,clonidine,,IN,ENG,100.0,HIGH_EXACT,success,
DRUG_000402,CONFIRMED_INTEGRATED_ENTITY,sulfamethizole,rxnav_drugbank_id_lookup,AUTHORITATIVE_NAME,HIGH_EXACT,exact_identifier_based,10179,sulfamethizole,,IN,ENG,100.0,HIGH_EXACT,success,
DRUG_000403,CONFIRMED_INTEGRATED_ENTITY,valacyclovir,rxnav_drugbank_id_lookup,AUTHORITATIVE_NAME,HIGH_EXACT,exact_identifier_based,73645,valacyclovir,,IN,ENG,100.0,HIGH_EXACT,success,
DRUG_000404,CONFIRMED_INTEGRATED_ENTITY,carbenicillin,rxnav_drugbank_id_lookup,AUTHORITATIVE_NAME,HIGH_EXACT,exact_identifier_based,2015,carbenicillin,,IN,ENG,100.0,HIGH_EXACT,success,
DRUG_000405,CONFIRMED_INTEGRATED_ENTITY,lactulose,rxnav_drugbank_id_lookup,AUTHORITATIVE_NAME,HIGH_EXACT,exact_identifier_based,6218,lactulose,,IN,ENG,100.0,HIGH_EXACT,success,
DRUG_000406,CONFIRMED_INTEGRATED_ENTITY,voriconazole,rxnav_drugbank_id_lookup,AUTHORITATIVE_NAME,HIGH_EXACT,exact_identifier_based,121243,voriconazole,,IN,ENG,100.0,HIGH_EXACT,success,
DRUG_000407,CONFIRMED_INTEGRATED_ENTITY,levocarnitine,rxnav_drugbank_id_lookup,AUTHORITATIVE_NAME,HIGH_EXACT,exact_identifier_based,42955,levocarnitine,l-carnitine,IN,ENG,100.0,HIGH_EXACT,success,
DRUG_000408,CONFIRMED_INTEGRATED_ENTITY,enalapril,rxnav_drugbank_id_lookup,AUTHORITATIVE_NAME,HIGH_EXACT,exact_identifier_based,3827,enalapril,,IN,ENG,100.0,HIGH_EXACT,success,
DRUG_000409,CONFIRMED_INTEGRATED_ENTITY,nizatidine,rxnav_drugbank_id_lookup,AUTHORITATIVE_NAME,HIGH_EXACT,exact_identifier_based,42319,nizatidine,,IN,ENG,100.0,HIGH_EXACT,success,
DRUG_000410,CONFIRMED_INTEGRATED_ENTITY,diclofenac,rxnav_drugbank_id_lookup,AUTHORITATIVE_NAME,HIGH_EXACT,exact_identifier_based,3355,diclofenac,,IN,ENG,100.0,HIGH_EXACT,success,
DRUG_000411,CONFIRMED_INTEGRATED_ENTITY,fluticasone propionate,rxnav_drugbank_id_lookup,AUTHORITATIVE_NAME,HIGH_EXACT,exact_identifier_based,50121,fluticasone propionate,,PIN,ENG,100.0,HIGH_EXACT,success,
DRUG_000412,CONFIRMED_INTEGRATED_ENTITY,lisuride,rxnav_drugbank_id_lookup,AUTHORITATIVE_NAME,HIGH_EXACT,exact_identifier_based,6446,lisuride,,IN,ENG,100.0,HIGH_EXACT,success,
DRUG_000413,CONFIRMED_INTEGRATED_ENTITY,doxazosin,rxnav_drugbank_id_lookup,AUTHORITATIVE_NAME,HIGH_EXACT,exact_identifier_based,49276,doxazosin,,IN,ENG,100.0,HIGH_EXACT,success,
DRUG_000414,CONFIRMED_INTEGRATED_ENTITY,fluocinolone acetonide,rxnav_drugbank_id_lookup,AUTHORITATIVE_NAME,HIGH_EXACT,exact_identifier_based,4461,fluocinolone acetonide,,PIN,ENG,100.0,HIGH_EXACT,success,
DRUG_000415,CONFIRMED_INTEGRATED_ENTITY,piperazine,rxnav_drugbank_id_lookup,AUTHORITATIVE_NAME,HIGH_EXACT,exact_identifier_based,8340,piperazine,,IN,ENG,100.0,HIGH_EXACT,success,
DRUG_000416,CONFIRMED_INTEGRATED_ENTITY,ethosuximide,rxnav_drugbank_id_lookup,AUTHORITATIVE_NAME,HIGH_EXACT,exact_identifier_based,4135,ethosuximide,,IN,ENG,100.0,HIGH_EXACT,success,
DRUG_000417,CONFIRMED_INTEGRATED_ENTITY,amiloride,rxnav_drugbank_id_lookup,AUTHORITATIVE_NAME,HIGH_EXACT,exact_identifier_based,644,amiloride,,IN,ENG,100.0,HIGH_EXACT,success,
DRUG_000418,CONFIRMED_INTEGRATED_ENTITY,NO_NAME_CANDIDATE,none,NO_NAME_CANDIDATE,HIGH_EXACT,exact_identifier_based,1545999,oxytetracycline anhydrous,,PIN,ENG,100.0,HIGH_EXACT,success,
DRUG_000419,CONFIRMED_INTEGRATED_ENTITY,halobetasol,rxnav_drugbank_id_lookup,AUTHORITATIVE_NAME,HIGH_EXACT,exact_identifier_based,41208,halobetasol,,IN,ENG,100.0,HIGH_EXACT,success,
DRUG_000420,CONFIRMED_INTEGRATED_ENTITY,labetalol,rxnav_drugbank_id_lookup,AUTHORITATIVE_NAME,HIGH_EXACT,exact_identifier_based,6185,labetalol,,IN,ENG,100.0,HIGH_EXACT,success,
DRUG_000421,CONFIRMED_INTEGRATED_ENTITY,thiopental,rxnav_drugbank_id_lookup,AUTHORITATIVE_NAME,HIGH_EXACT,exact_identifier_based,10493,thiopental,,IN,ENG,100.0,HIGH_EXACT,success,
DRUG_000422,CONFIRMED_INTEGRATED_ENTITY,linezolid,rxnav_drugbank_id_lookup,AUTHORITATIVE_NAME,HIGH_EXACT,exact_identifier_based,190376,linezolid,,IN,ENG,100.0,HIGH_EXACT,success,
DRUG_000423,CONFIRMED_INTEGRATED_ENTITY,ivermectin,rxnav_drugbank_id_lookup,AUTHORITATIVE_NAME,HIGH_EXACT,exact_identifier_based,6069,ivermectin,,IN,ENG,100.0,HIGH_EXACT,success,
DRUG_000424,CONFIRMED_INTEGRATED_ENTITY,medroxyprogesterone acetate,rxnav_drugbank_id_lookup,AUTHORITATIVE_NAME,HIGH_EXACT,exact_identifier_based,1000112,medroxyprogesterone acetate,,PIN,ENG,100.0,HIGH_EXACT,success,
DRUG_000425,CONFIRMED_INTEGRATED_ENTITY,cisapride,rxnav_drugbank_id_lookup,AUTHORITATIVE_NAME,HIGH_EXACT,exact_identifier_based,35255,cisapride,,IN,ENG,100.0,HIGH_EXACT,success,
DRUG_000426,CONFIRMED_INTEGRATED_ENTITY,sulindac,rxnav_drugbank_id_lookup,AUTHORITATIVE_NAME,HIGH_EXACT,exact_identifier_based,10237,sulindac,,IN,ENG,100.0,HIGH_EXACT,success,
DRUG_000427,CONFIRMED_INTEGRATED_ENTITY,cyclothiazide,rxnav_drugbank_id_lookup,AUTHORITATIVE_NAME,HIGH_EXACT,exact_identifier_based,22033,cyclothiazide,,IN,ENG,100.0,HIGH_EXACT,success,
DRUG_000428,CONFIRMED_INTEGRATED_ENTITY,nafcillin,rxnav_drugbank_id_lookup,AUTHORITATIVE_NAME,HIGH_EXACT,exact_identifier_based,7233,nafcillin,,IN,ENG,100.0,HIGH_EXACT,success,
DRUG_000429,CONFIRMED_INTEGRATED_ENTITY,chloroquine,rxnav_drugbank_id_lookup,AUTHORITATIVE_NAME,HIGH_EXACT,exact_identifier_based,2393,chloroquine,,IN,ENG,100.0,HIGH_EXACT,success,
DRUG_000430,CONFIRMED_INTEGRATED_ENTITY,ethionamide,rxnav_drugbank_id_lookup,AUTHORITATIVE_NAME,HIGH_EXACT,exact_identifier_based,4127,ethionamide,,IN,ENG,100.0,HIGH_EXACT,success,
DRUG_000431,CONFIRMED_INTEGRATED_ENTITY,metaraminol,rxnav_drugbank_id_lookup,AUTHORITATIVE_NAME,HIGH_EXACT,exact_identifier_based,6805,metaraminol,,IN,ENG,100.0,HIGH_EXACT,success,
DRUG_000432,CONFIRMED_INTEGRATED_ENTITY,butorphanol,rxnav_drugbank_id_lookup,AUTHORITATIVE_NAME,HIGH_EXACT,exact_identifier_based,1841,butorphanol,,IN,ENG,100.0,HIGH_EXACT,success,
DRUG_000433,CONFIRMED_INTEGRATED_ENTITY,bisoprolol,rxnav_drugbank_id_lookup,AUTHORITATIVE_NAME,HIGH_EXACT,exact_identifier_based,19484,bisoprolol,,IN,ENG,100.0,HIGH_EXACT,success,
DRUG_000434,CONFIRMED_INTEGRATED_ENTITY,amodiaquine,rxnav_drugbank_id_lookup,AUTHORITATIVE_NAME,HIGH_EXACT,exact_identifier_based,720,amodiaquine,,IN,ENG,100.0,HIGH_EXACT,success,
DRUG_000435,CONFIRMED_INTEGRATED_ENTITY,furazolidone,rxnav_drugbank_id_lookup,AUTHORITATIVE_NAME,HIGH_EXACT,exact_identifier_based,4601,furazolidone,,IN,ENG,100.0,HIGH_EXACT,success,
DRUG_000436,CONFIRMED_INTEGRATED_ENTITY,rifabutin,rxnav_drugbank_id_lookup,AUTHORITATIVE_NAME,HIGH_EXACT,exact_identifier_based,55672,rifabutin,,IN,ENG,100.0,HIGH_EXACT,success,
DRUG_000437,CONFIRMED_INTEGRATED_ENTITY,paramethadione,rxnav_drugbank_id_lookup,AUTHORITATIVE_NAME,HIGH_EXACT,exact_identifier_based,32894,paramethadione,,IN,ENG,100.0,HIGH_EXACT,success,
DRUG_000438,CONFIRMED_INTEGRATED_ENTITY,demeclocycline,rxnav_drugbank_id_lookup,AUTHORITATIVE_NAME,HIGH_EXACT,exact_identifier_based,3154,demeclocycline,,IN,ENG,100.0,HIGH_EXACT,success,
DRUG_000439,CONFIRMED_INTEGRATED_ENTITY,imatinib,rxnav_drugbank_id_lookup,AUTHORITATIVE_NAME,HIGH_EXACT,exact_identifier_based,282388,imatinib,,IN,ENG,100.0,HIGH_EXACT,success,
DRUG_000440,CONFIRMED_INTEGRATED_ENTITY,triamcinolone,rxnav_drugbank_id_lookup,AUTHORITATIVE_NAME,HIGH_EXACT,exact_identifier_based,10759,triamcinolone,,IN,ENG,100.0,HIGH_EXACT,success,
DRUG_000441,CONFIRMED_INTEGRATED_ENTITY,oxandrolone,rxnav_drugbank_id_lookup,AUTHORITATIVE_NAME,HIGH_EXACT,exact_identifier_based,7779,oxandrolone,,IN,ENG,100.0,HIGH_EXACT,success,
DRUG_000442,CONFIRMED_INTEGRATED_ENTITY,nicardipine,rxnav_drugbank_id_lookup,AUTHORITATIVE_NAME,HIGH_EXACT,exact_identifier_based,7396,nicardipine,,IN,ENG,100.0,HIGH_EXACT,success,
DRUG_000443,CONFIRMED_INTEGRATED_ENTITY,fluphenazine,rxnav_drugbank_id_lookup,AUTHORITATIVE_NAME,HIGH_EXACT,exact_identifier_based,4496,fluphenazine,,IN,ENG,100.0,HIGH_EXACT,success,
DRUG_000444,CONFIRMED_INTEGRATED_ENTITY,testosterone,rxnav_drugbank_id_lookup,AUTHORITATIVE_NAME,HIGH_EXACT,exact_identifier_based,10379,testosterone,,IN,ENG,100.0,HIGH_EXACT,success,
DRUG_000445,CONFIRMED_INTEGRATED_ENTITY,efavirenz,rxnav_drugbank_id_lookup,AUTHORITATIVE_NAME,HIGH_EXACT,exact_identifier_based,195085,efavirenz,,IN,ENG,100.0,HIGH_EXACT,success,
DRUG_000446,CONFIRMED_INTEGRATED_ENTITY,Bacitracin,pubchem_inchikey_lookup,PUBCHEM_TITLE_CANDIDATE,HIGH_EXACT,exact_identifier_based,1291,bacitracin,,IN,ENG,100.0,HIGH_EXACT,success,
DRUG_000447,CONFIRMED_INTEGRATED_ENTITY,Nicotinic Acid,pubchem_inchikey_lookup,PUBCHEM_TITLE_CANDIDATE,HIGH_EXACT,exact_identifier_based,7393,niacin,,IN,ENG,100.0,HIGH_EXACT,success,
DRUG_000448,CONFIRMED_INTEGRATED_ENTITY,Clorazepate,pubchem_inchikey_lookup,PUBCHEM_TITLE_CANDIDATE,HIGH_EXACT,exact_identifier_based,2353,clorazepate,,IN,ENG,100.0,HIGH_EXACT,success,
DRUG_000449,CONFIRMED_INTEGRATED_ENTITY,guanabenz,rxnav_drugbank_id_lookup,AUTHORITATIVE_NAME,HIGH_EXACT,exact_identifier_based,5033,guanabenz,,IN,ENG,100.0,HIGH_EXACT,success,
DRUG_000450,CONFIRMED_INTEGRATED_ENTITY,Alendronic Acid,pubchem_cid_lookup,PUBCHEM_TITLE_CANDIDATE,HIGH_EXACT,exact_identifier_based,236083,alendronic acid,,PIN,ENG,100.0,HIGH_EXACT,success,
DRUG_000451,CONFIRMED_INTEGRATED_ENTITY,clofarabine,rxnav_drugbank_id_lookup,AUTHORITATIVE_NAME,HIGH_EXACT,exact_identifier_based,44151,clofarabine,,IN,ENG,100.0,HIGH_EXACT,success,
DRUG_000452,CONFIRMED_INTEGRATED_ENTITY,dexmedetomidine,rxnav_drugbank_id_lookup,AUTHORITATIVE_NAME,HIGH_EXACT,exact_identifier_based,48937,dexmedetomidine,,IN,ENG,100.0,HIGH_EXACT,success,
DRUG_000453,CONFIRMED_INTEGRATED_ENTITY,sulfacetamide,rxnav_drugbank_id_lookup,AUTHORITATIVE_NAME,HIGH_EXACT,exact_identifier_based,10169,sulfacetamide,,IN,ENG,100.0,HIGH_EXACT,success,
DRUG_000454,CONFIRMED_INTEGRATED_ENTITY,prednisone,rxnav_drugbank_id_lookup,AUTHORITATIVE_NAME,HIGH_EXACT,exact_identifier_based,8640,prednisone,,IN,ENG,100.0,HIGH_EXACT,success,
DRUG_000455,CONFIRMED_INTEGRATED_ENTITY,clofibrate,rxnav_drugbank_id_lookup,AUTHORITATIVE_NAME,HIGH_EXACT,exact_identifier_based,2594,clofibrate,,IN,ENG,100.0,HIGH_EXACT,success,
DRUG_000456,CONFIRMED_INTEGRATED_ENTITY,astemizole,rxnav_drugbank_id_lookup,AUTHORITATIVE_NAME,HIGH_EXACT,exact_identifier_based,42328,astemizole,,IN,ENG,100.0,HIGH_EXACT,success,
DRUG_000457,CONFIRMED_INTEGRATED_ENTITY,butoconazole,rxnav_drugbank_id_lookup,AUTHORITATIVE_NAME,HIGH_EXACT,exact_identifier_based,19884,butoconazole,,IN,ENG,100.0,HIGH_EXACT,success,
DRUG_000458,CONFIRMED_INTEGRATED_ENTITY,adenosine,rxnav_drugbank_id_lookup,AUTHORITATIVE_NAME,HIGH_EXACT,exact_identifier_based,296,adenosine,,IN,ENG,100.0,HIGH_EXACT,success,
DRUG_000459,CONFIRMED_INTEGRATED_ENTITY,simvastatin,rxnav_drugbank_id_lookup,AUTHORITATIVE_NAME,HIGH_EXACT,exact_identifier_based,36567,simvastatin,,IN,ENG,100.0,HIGH_EXACT,success,
DRUG_000460,CONFIRMED_INTEGRATED_ENTITY,pemetrexed,rxnav_drugbank_id_lookup,AUTHORITATIVE_NAME,HIGH_EXACT,exact_identifier_based,68446,pemetrexed,,IN,ENG,100.0,HIGH_EXACT,success,
DRUG_000461,CONFIRMED_INTEGRATED_ENTITY,mebendazole,rxnav_drugbank_id_lookup,AUTHORITATIVE_NAME,HIGH_EXACT,exact_identifier_based,6672,mebendazole,,IN,ENG,100.0,HIGH_EXACT,success,
DRUG_000462,CONFIRMED_INTEGRATED_ENTITY,dyclonine,rxnav_drugbank_id_lookup,AUTHORITATIVE_NAME,HIGH_EXACT,exact_identifier_based,23744,dyclonine,,IN,ENG,100.0,HIGH_EXACT,success,
DRUG_000463,CONFIRMED_INTEGRATED_ENTITY,nystatin,rxnav_drugbank_id_lookup,AUTHORITATIVE_NAME,HIGH_EXACT,exact_identifier_based,7597,nystatin,,IN,ENG,100.0,HIGH_EXACT,success,
DRUG_000464,CONFIRMED_INTEGRATED_ENTITY,propoxyphene,rxnav_drugbank_id_lookup,AUTHORITATIVE_NAME,HIGH_EXACT,exact_identifier_based,8785,propoxyphene,dextropropoxyphene,IN,ENG,100.0,HIGH_EXACT,success,
DRUG_000465,CONFIRMED_INTEGRATED_ENTITY,mitotane,rxnav_drugbank_id_lookup,AUTHORITATIVE_NAME,HIGH_EXACT,exact_identifier_based,7004,mitotane,,IN,ENG,100.0,HIGH_EXACT,success,
DRUG_000466,CONFIRMED_INTEGRATED_ENTITY,stavudine,rxnav_drugbank_id_lookup,AUTHORITATIVE_NAME,HIGH_EXACT,exact_identifier_based,59763,stavudine,,IN,ENG,100.0,HIGH_EXACT,success,
DRUG_000467,CONFIRMED_INTEGRATED_ENTITY,leucovorin,rxnav_drugbank_id_lookup,AUTHORITATIVE_NAME,HIGH_EXACT,exact_identifier_based,6313,leucovorin,,IN,ENG,100.0,HIGH_EXACT,success,
DRUG_000468,CONFIRMED_INTEGRATED_ENTITY,dyphylline,rxnav_drugbank_id_lookup,AUTHORITATIVE_NAME,HIGH_EXACT,exact_identifier_based,3714,dyphylline,diprophylline,IN,ENG,100.0,HIGH_EXACT,success,
DRUG_000469,CONFIRMED_INTEGRATED_ENTITY,pentazocine,rxnav_drugbank_id_lookup,AUTHORITATIVE_NAME,HIGH_EXACT,exact_identifier_based,8001,pentazocine,,IN,ENG,100.0,HIGH_EXACT,success,
DRUG_000470,CONFIRMED_INTEGRATED_ENTITY,Sulfuric acid magnesium salt (1:1),pubchem_inchikey_lookup,PUBCHEM_TITLE_CANDIDATE,HIGH_EXACT,exact_identifier_based,1311625,magnesium sulfate anhydrous,,PIN,ENG,100.0,HIGH_EXACT,success,
DRUG_000471,CONFIRMED_INTEGRATED_ENTITY,latanoprost,rxnav_drugbank_id_lookup,AUTHORITATIVE_NAME,HIGH_EXACT,exact_identifier_based,43611,latanoprost,,IN,ENG,100.0,HIGH_EXACT,success,
DRUG_000472,CONFIRMED_INTEGRATED_ENTITY,estrone,rxnav_drugbank_id_lookup,AUTHORITATIVE_NAME,HIGH_EXACT,exact_identifier_based,4103,estrone,,IN,ENG,100.0,HIGH_EXACT,success,
DRUG_000473,CONFIRMED_INTEGRATED_ENTITY,trazodone,rxnav_drugbank_id_lookup,AUTHORITATIVE_NAME,HIGH_EXACT,exact_identifier_based,10737,trazodone,,IN,ENG,100.0,HIGH_EXACT,success,
DRUG_000474,CONFIRMED_INTEGRATED_ENTITY,mecamylamine,rxnav_drugbank_id_lookup,AUTHORITATIVE_NAME,HIGH_EXACT,exact_identifier_based,6673,mecamylamine,,IN,ENG,100.0,HIGH_EXACT,success,
DRUG_000475,CONFIRMED_INTEGRATED_ENTITY,sevelamer,rxnav_drugbank_id_lookup,AUTHORITATIVE_NAME,HIGH_EXACT,exact_identifier_based,214824,sevelamer,,IN,ENG,100.0,HIGH_EXACT,success,
DRUG_000476,CONFIRMED_INTEGRATED_ENTITY,metaxalone,rxnav_drugbank_id_lookup,AUTHORITATIVE_NAME,HIGH_EXACT,exact_identifier_based,59078,metaxalone,,IN,ENG,100.0,HIGH_EXACT,success,
DRUG_000477,CONFIRMED_INTEGRATED_ENTITY,verapamil,rxnav_drugbank_id_lookup,AUTHORITATIVE_NAME,HIGH_EXACT,exact_identifier_based,11170,verapamil,,IN,ENG,100.0,HIGH_EXACT,success,
DRUG_000478,CONFIRMED_INTEGRATED_ENTITY,trimethobenzamide,rxnav_drugbank_id_lookup,AUTHORITATIVE_NAME,HIGH_EXACT,exact_identifier_based,38685,trimethobenzamide,,IN,ENG,100.0,HIGH_EXACT,success,
DRUG_000479,CONFIRMED_INTEGRATED_ENTITY,flumethasone,rxnav_drugbank_id_lookup,AUTHORITATIVE_NAME,HIGH_EXACT,exact_identifier_based,4458,flumethasone,flumetasone,IN,ENG,100.0,HIGH_EXACT,success,
DRUG_000480,CONFIRMED_INTEGRATED_ENTITY,sulfalene,rxnav_drugbank_id_lookup,AUTHORITATIVE_NAME,HIGH_EXACT,exact_identifier_based,10175,sulfalene,,IN,ENG,100.0,HIGH_EXACT,success,
DRUG_000481,CONFIRMED_INTEGRATED_ENTITY,nilutamide,rxnav_drugbank_id_lookup,AUTHORITATIVE_NAME,HIGH_EXACT,exact_identifier_based,31805,nilutamide,,IN,ENG,100.0,HIGH_EXACT,success,
DRUG_000482,CONFIRMED_INTEGRATED_ENTITY,nafarelin,rxnav_drugbank_id_lookup,AUTHORITATIVE_NAME,HIGH_EXACT,exact_identifier_based,28656,nafarelin,,IN,ENG,100.0,HIGH_EXACT,success,
DRUG_000483,CONFIRMED_INTEGRATED_ENTITY,epinephrine,rxnav_drugbank_id_lookup,AUTHORITATIVE_NAME,HIGH_EXACT,exact_identifier_based,3992,epinephrine,,IN,ENG,100.0,HIGH_EXACT,success,
DRUG_000484,CONFIRMED_INTEGRATED_ENTITY,sumatriptan,rxnav_drugbank_id_lookup,AUTHORITATIVE_NAME,HIGH_EXACT,exact_identifier_based,37418,sumatriptan,,IN,ENG,100.0,HIGH_EXACT,success,
DRUG_000485,CONFIRMED_INTEGRATED_ENTITY,pirenzepine,rxnav_drugbank_id_lookup,AUTHORITATIVE_NAME,HIGH_EXACT,exact_identifier_based,8352,pirenzepine,,IN,ENG,100.0,HIGH_EXACT,success,
DRUG_000486,CONFIRMED_INTEGRATED_ENTITY,"7-(2-(2-Amino-1,3-thiazol-4-yl)((carboxymethoxy)imino)acetamido)-3-ethenyl-8-oxo-5-thia-1-azabicyclo(4.2.0)oct-2-ene-2-carboxylic acid",pubchem_cid_lookup,PUBCHEM_TITLE_CANDIDATE,HIGH_EXACT,exact_identifier_based,1546021,cefixime anhydrous,,PIN,ENG,100.0,HIGH_EXACT,success,
DRUG_000487,CONFIRMED_INTEGRATED_ENTITY,chlorpropamide,rxnav_drugbank_id_lookup,AUTHORITATIVE_NAME,HIGH_EXACT,exact_identifier_based,2404,chlorpropamide,,IN,ENG,100.0,HIGH_EXACT,success,
DRUG_000488,CONFIRMED_INTEGRATED_ENTITY,aprepitant,rxnav_drugbank_id_lookup,AUTHORITATIVE_NAME,HIGH_EXACT,exact_identifier_based,358255,aprepitant,,IN,ENG,100.0,HIGH_EXACT,success,
DRUG_000489,CONFIRMED_INTEGRATED_ENTITY,galantamine,rxnav_drugbank_id_lookup,AUTHORITATIVE_NAME,HIGH_EXACT,exact_identifier_based,4637,galantamine,,IN,ENG,100.0,HIGH_EXACT,success,
DRUG_000490,CONFIRMED_INTEGRATED_ENTITY,tamoxifen,rxnav_drugbank_id_lookup,AUTHORITATIVE_NAME,HIGH_EXACT,exact_identifier_based,10324,tamoxifen,,IN,ENG,100.0,HIGH_EXACT,success,
DRUG_000491,CONFIRMED_INTEGRATED_ENTITY,isoflurophate,rxnav_drugbank_id_lookup,AUTHORITATIVE_NAME,HIGH_EXACT,exact_identifier_based,6027,isoflurophate,fluostigmine,IN,ENG,100.0,HIGH_EXACT,success,
DRUG_000492,CONFIRMED_INTEGRATED_ENTITY,losartan,rxnav_drugbank_id_lookup,AUTHORITATIVE_NAME,HIGH_EXACT,exact_identifier_based,52175,losartan,,IN,ENG,100.0,HIGH_EXACT,success,
DRUG_000493,CONFIRMED_INTEGRATED_ENTITY,thioridazine,rxnav_drugbank_id_lookup,AUTHORITATIVE_NAME,HIGH_EXACT,exact_identifier_based,10502,thioridazine,,IN,ENG,100.0,HIGH_EXACT,success,
DRUG_000494,CONFIRMED_INTEGRATED_ENTITY,moricizine,rxnav_drugbank_id_lookup,AUTHORITATIVE_NAME,HIGH_EXACT,exact_identifier_based,40169,moricizine,moracizine,IN,ENG,100.0,HIGH_EXACT,success,
DRUG_000495,CONFIRMED_INTEGRATED_ENTITY,"33-((3-Amino-3,6-dideoxyhexopyranosyl)oxy)-1,3,5,6,9,11,17,37-octahydroxy-15,16,18-trimethyl-13-oxo-14,39-dioxabicyclo(33.3.1)nonatriaconta-19,21,23,25,27,29,31-heptaene-36-carboxylic acid",pubchem_cid_lookup,PUBCHEM_TITLE_CANDIDATE,HIGH_EXACT,exact_identifier_based,236594,amphotericin B liposomal,,PIN,ENG,100.0,HIGH_EXACT,success,
DRUG_000496,CONFIRMED_INTEGRATED_ENTITY,warfarin,rxnav_drugbank_id_lookup,AUTHORITATIVE_NAME,HIGH_EXACT,exact_identifier_based,11289,warfarin,,IN,ENG,100.0,HIGH_EXACT,success,
DRUG_000497,CONFIRMED_INTEGRATED_ENTITY,midazolam,rxnav_drugbank_id_lookup,AUTHORITATIVE_NAME,HIGH_EXACT,exact_identifier_based,6960,midazolam,,IN,ENG,100.0,HIGH_EXACT,success,
DRUG_000498,CONFIRMED_INTEGRATED_ENTITY,tobramycin,rxnav_drugbank_id_lookup,AUTHORITATIVE_NAME,HIGH_EXACT,exact_identifier_based,10627,tobramycin,,IN,ENG,100.0,HIGH_EXACT,success,
DRUG_000499,CONFIRMED_INTEGRATED_ENTITY,trovafloxacin,rxnav_drugbank_id_lookup,AUTHORITATIVE_NAME,HIGH_EXACT,exact_identifier_based,115552,trovafloxacin,,IN,ENG,100.0,HIGH_EXACT,success,
DRUG_000500,CONFIRMED_INTEGRATED_ENTITY,pentosan polysulfate,rxnav_drugbank_id_lookup,AUTHORITATIVE_NAME,HIGH_EXACT,exact_identifier_based,155046,pentosan polysulfate,,IN,ENG,100.0,HIGH_EXACT,success,
DRUG_000501,CONFIRMED_INTEGRATED_ENTITY,fludrocortisone,rxnav_drugbank_id_lookup,AUTHORITATIVE_NAME,HIGH_EXACT,exact_identifier_based,4452,fludrocortisone,,IN,ENG,100.0,HIGH_EXACT,success,
DRUG_000502,CONFIRMED_INTEGRATED_ENTITY,mycophenolate mofetil,rxnav_drugbank_id_lookup,AUTHORITATIVE_NAME,HIGH_EXACT,exact_identifier_based,68149,mycophenolate mofetil,,IN,ENG,100.0,HIGH_EXACT,success,
DRUG_000503,CONFIRMED_INTEGRATED_ENTITY,Cephaloglycin,pubchem_inchikey_lookup,PUBCHEM_TITLE_CANDIDATE,NO_MATCH,none,,,,,,0.0,NO_MATCH,success,
DRUG_000504,CONFIRMED_INTEGRATED_ENTITY,flurazepam,rxnav_drugbank_id_lookup,AUTHORITATIVE_NAME,HIGH_EXACT,exact_identifier_based,4501,flurazepam,,IN,ENG,100.0,HIGH_EXACT,success,
DRUG_000505,CONFIRMED_INTEGRATED_ENTITY,moexipril,rxnav_drugbank_id_lookup,AUTHORITATIVE_NAME,HIGH_EXACT,exact_identifier_based,30131,moexipril,,IN,ENG,100.0,HIGH_EXACT,success,
DRUG_000506,CONFIRMED_INTEGRATED_ENTITY,phentolamine,rxnav_drugbank_id_lookup,AUTHORITATIVE_NAME,HIGH_EXACT,exact_identifier_based,8153,phentolamine,,IN,ENG,100.0,HIGH_EXACT,success,
DRUG_000507,CONFIRMED_INTEGRATED_ENTITY,Daunorubicin,pubchem_inchikey_lookup,PUBCHEM_TITLE_CANDIDATE,HIGH_EXACT,exact_identifier_based,214468,daunorubicin liposomal,,PIN,ENG,100.0,HIGH_EXACT,success,
DRUG_000508,CONFIRMED_INTEGRATED_ENTITY,furosemide,rxnav_drugbank_id_lookup,AUTHORITATIVE_NAME,HIGH_EXACT,exact_identifier_based,4603,furosemide,,IN,ENG,100.0,HIGH_EXACT,success,
DRUG_000509,CONFIRMED_INTEGRATED_ENTITY,ergotamine,rxnav_drugbank_id_lookup,AUTHORITATIVE_NAME,HIGH_EXACT,exact_identifier_based,4025,ergotamine,,IN,ENG,100.0,HIGH_EXACT,success,
DRUG_000510,CONFIRMED_INTEGRATED_ENTITY,tizanidine,rxnav_drugbank_id_lookup,AUTHORITATIVE_NAME,HIGH_EXACT,exact_identifier_based,57258,tizanidine,,IN,ENG,100.0,HIGH_EXACT,success,
DRUG_000511,CONFIRMED_INTEGRATED_ENTITY,Furantoin,pubchem_cid_lookup,PUBCHEM_TITLE_CANDIDATE,HIGH_EXACT,exact_identifier_based,235559,"nitrofurantoin, macrocrystals",,PIN,ENG,100.0,HIGH_EXACT,success,
DRUG_000512,CONFIRMED_INTEGRATED_ENTITY,nicergoline,rxnav_drugbank_id_lookup,AUTHORITATIVE_NAME,HIGH_EXACT,exact_identifier_based,7398,nicergoline,,IN,ENG,100.0,HIGH_EXACT,success,
DRUG_000513,CONFIRMED_INTEGRATED_ENTITY,eplerenone,rxnav_drugbank_id_lookup,AUTHORITATIVE_NAME,HIGH_EXACT,exact_identifier_based,298869,eplerenone,,IN,ENG,100.0,HIGH_EXACT,success,
DRUG_000514,CONFIRMED_INTEGRATED_ENTITY,amprenavir,rxnav_drugbank_id_lookup,AUTHORITATIVE_NAME,HIGH_EXACT,exact_identifier_based,228656,amprenavir,,IN,ENG,100.0,HIGH_EXACT,success,
DRUG_000515,CONFIRMED_INTEGRATED_ENTITY,methazolamide,rxnav_drugbank_id_lookup,AUTHORITATIVE_NAME,HIGH_EXACT,exact_identifier_based,6826,methazolamide,,IN,ENG,100.0,HIGH_EXACT,success,
DRUG_000516,CONFIRMED_INTEGRATED_ENTITY,naltrexone,rxnav_drugbank_id_lookup,AUTHORITATIVE_NAME,HIGH_EXACT,exact_identifier_based,7243,naltrexone,,IN,ENG,100.0,HIGH_EXACT,success,
DRUG_000517,CONFIRMED_INTEGRATED_ENTITY,delavirdine,rxnav_drugbank_id_lookup,AUTHORITATIVE_NAME,HIGH_EXACT,exact_identifier_based,83816,delavirdine,,IN,ENG,100.0,HIGH_EXACT,success,
DRUG_000518,CONFIRMED_INTEGRATED_ENTITY,tamsulosin,rxnav_drugbank_id_lookup,AUTHORITATIVE_NAME,HIGH_EXACT,exact_identifier_based,77492,tamsulosin,,IN,ENG,100.0,HIGH_EXACT,success,
DRUG_000519,CONFIRMED_INTEGRATED_ENTITY,sufentanil,rxnav_drugbank_id_lookup,AUTHORITATIVE_NAME,HIGH_EXACT,exact_identifier_based,56795,sufentanil,,IN,ENG,100.0,HIGH_EXACT,success,
DRUG_000520,CONFIRMED_INTEGRATED_ENTITY,lamivudine,rxnav_drugbank_id_lookup,AUTHORITATIVE_NAME,HIGH_EXACT,exact_identifier_based,68244,lamivudine,,IN,ENG,100.0,HIGH_EXACT,success,
DRUG_000521,CONFIRMED_INTEGRATED_ENTITY,Ibandronate,pubchem_cid_lookup,PUBCHEM_TITLE_CANDIDATE,HIGH_EXACT,exact_identifier_based,115264,ibandronate,,IN,ENG,100.0,HIGH_EXACT,success,
DRUG_000522,CONFIRMED_INTEGRATED_ENTITY,diethylcarbamazine,rxnav_drugbank_id_lookup,AUTHORITATIVE_NAME,HIGH_EXACT,exact_identifier_based,3384,diethylcarbamazine,,IN,ENG,100.0,HIGH_EXACT,success,
DRUG_000523,CONFIRMED_INTEGRATED_ENTITY,flurbiprofen,rxnav_drugbank_id_lookup,AUTHORITATIVE_NAME,HIGH_EXACT,exact_identifier_based,4502,flurbiprofen,,IN,ENG,100.0,HIGH_EXACT,success,
DRUG_000524,CONFIRMED_INTEGRATED_ENTITY,oxacillin,rxnav_drugbank_id_lookup,AUTHORITATIVE_NAME,HIGH_EXACT,exact_identifier_based,7773,oxacillin,,IN,ENG,100.0,HIGH_EXACT,success,
DRUG_000525,CONFIRMED_INTEGRATED_ENTITY,apomorphine,rxnav_drugbank_id_lookup,AUTHORITATIVE_NAME,HIGH_EXACT,exact_identifier_based,1043,apomorphine,,IN,ENG,100.0,HIGH_EXACT,success,
DRUG_000526,CONFIRMED_INTEGRATED_ENTITY,paroxetine,rxnav_drugbank_id_lookup,AUTHORITATIVE_NAME,HIGH_EXACT,exact_identifier_based,32937,paroxetine,,IN,ENG,100.0,HIGH_EXACT,success,
DRUG_000527,CONFIRMED_INTEGRATED_ENTITY,norethindrone,rxnav_drugbank_id_lookup,AUTHORITATIVE_NAME,HIGH_EXACT,exact_identifier_based,7514,norethindrone,,IN,ENG,100.0,HIGH_EXACT,success,
DRUG_000528,CONFIRMED_INTEGRATED_ENTITY,adefovir dipivoxil,rxnav_drugbank_id_lookup,AUTHORITATIVE_NAME,HIGH_EXACT,exact_identifier_based,141400,adefovir dipivoxil,,PIN,ENG,100.0,HIGH_EXACT,success,
DRUG_000529,CONFIRMED_INTEGRATED_ENTITY,azatadine,rxnav_drugbank_id_lookup,AUTHORITATIVE_NAME,HIGH_EXACT,exact_identifier_based,18600,azatadine,,IN,ENG,100.0,HIGH_EXACT,success,
DRUG_000530,CONFIRMED_INTEGRATED_ENTITY,clodronic acid,rxnav_drugbank_id_lookup,AUTHORITATIVE_NAME,HIGH_EXACT,exact_identifier_based,3350,clodronic acid,,IN,ENG,100.0,HIGH_EXACT,success,
DRUG_000531,CONFIRMED_INTEGRATED_ENTITY,procaine,rxnav_drugbank_id_lookup,AUTHORITATIVE_NAME,HIGH_EXACT,exact_identifier_based,8701,procaine,,IN,ENG,100.0,HIGH_EXACT,success,
DRUG_000532,CONFIRMED_INTEGRATED_ENTITY,1-{6-Amino-2-[(1-carboxy-3-phenylpropyl)amino]hexanoyl}pyrrolidine-2-carboxylic acid,pubchem_cid_lookup,PUBCHEM_TITLE_CANDIDATE,HIGH_EXACT,exact_identifier_based,1546022,lisinopril anhydrous,,PIN,ENG,100.0,HIGH_EXACT,success,
DRUG_000533,CONFIRMED_INTEGRATED_ENTITY,methoxamine,rxnav_drugbank_id_lookup,AUTHORITATIVE_NAME,HIGH_EXACT,exact_identifier_based,6853,methoxamine,,IN,ENG,100.0,HIGH_EXACT,success,
DRUG_000534,CONFIRMED_INTEGRATED_ENTITY,imiquimod,rxnav_drugbank_id_lookup,AUTHORITATIVE_NAME,HIGH_EXACT,exact_identifier_based,59943,imiquimod,,IN,ENG,100.0,HIGH_EXACT,success,
DRUG_000535,CONFIRMED_INTEGRATED_ENTITY,trimipramine,rxnav_drugbank_id_lookup,AUTHORITATIVE_NAME,HIGH_EXACT,exact_identifier_based,10834,trimipramine,,IN,ENG,100.0,HIGH_EXACT,success,
DRUG_000536,CONFIRMED_INTEGRATED_ENTITY,nitroglycerin,rxnav_drugbank_id_lookup,AUTHORITATIVE_NAME,HIGH_EXACT,exact_identifier_based,4917,nitroglycerin,glyceryl trinitrate,IN,ENG,100.0,HIGH_EXACT,success,
DRUG_000537,CONFIRMED_INTEGRATED_ENTITY,rocuronium,rxnav_drugbank_id_lookup,AUTHORITATIVE_NAME,HIGH_EXACT,exact_identifier_based,68139,rocuronium,,IN,ENG,100.0,HIGH_EXACT,success,
DRUG_000538,CONFIRMED_INTEGRATED_ENTITY,thiabendazole,rxnav_drugbank_id_lookup,AUTHORITATIVE_NAME,HIGH_EXACT,exact_identifier_based,10450,thiabendazole,tiabendazole,IN,ENG,100.0,HIGH_EXACT,success,
DRUG_000539,CONFIRMED_INTEGRATED_ENTITY,nateglinide,rxnav_drugbank_id_lookup,AUTHORITATIVE_NAME,HIGH_EXACT,exact_identifier_based,274332,nateglinide,,IN,ENG,100.0,HIGH_EXACT,success,
DRUG_000540,AMBIGUOUS_MAPPING_COMPONENT,atracurium besylate,rxnav_drugbank_id_lookup,AUTHORITATIVE_NAME,HIGH_EXACT,exact_identifier_based,1219,atracurium besylate,,PIN,ENG,100.0,HIGH_EXACT,success,
DRUG_000541,AMBIGUOUS_MAPPING_COMPONENT,Cisatracurium Besylate,pubchem_inchikey_lookup,PUBCHEM_TITLE_CANDIDATE,NO_MATCH,none,,,,,,0.0,NO_MATCH,success,
DRUG_000542,AMBIGUOUS_MAPPING_COMPONENT,Atracurium Besylate,pubchem_cid_lookup,PUBCHEM_TITLE_CANDIDATE,HIGH_EXACT,exact_name_lookup,1219,atracurium besylate,,PIN,ENG,100.0,HIGH_EXACT,success,
DRUG_000543,CONFIRMED_INTEGRATED_ENTITY,risperidone,rxnav_drugbank_id_lookup,AUTHORITATIVE_NAME,HIGH_EXACT,exact_identifier_based,35636,risperidone,"3-(2-(4-(6-fluoro-1,2-benzisoxazol-3-yl)-1-piperidinyl)ethyl)-6,7,8,9-tetrahydro-2-methyl-4H-pyrido(1,2-A)pyrimidin-4-one",IN,ENG,100.0,HIGH_EXACT,success,
DRUG_000544,CONFIRMED_INTEGRATED_ENTITY,naftifine,rxnav_drugbank_id_lookup,AUTHORITATIVE_NAME,HIGH_EXACT,exact_identifier_based,31476,naftifine,,IN,ENG,100.0,HIGH_EXACT,success,
DRUG_000545,CONFIRMED_INTEGRATED_ENTITY,esomeprazole,rxnav_drugbank_id_lookup,AUTHORITATIVE_NAME,HIGH_EXACT,exact_identifier_based,283742,esomeprazole,,IN,ENG,100.0,HIGH_EXACT,success,
DRUG_000546,CONFIRMED_INTEGRATED_ENTITY,meclizine,rxnav_drugbank_id_lookup,AUTHORITATIVE_NAME,HIGH_EXACT,exact_identifier_based,6676,meclizine,,IN,ENG,100.0,HIGH_EXACT,success,
DRUG_000547,CONFIRMED_INTEGRATED_ENTITY,pentamidine,rxnav_drugbank_id_lookup,AUTHORITATIVE_NAME,HIGH_EXACT,exact_identifier_based,7994,pentamidine,,IN,ENG,100.0,HIGH_EXACT,success,
DRUG_000548,CONFIRMED_INTEGRATED_ENTITY,riluzole,rxnav_drugbank_id_lookup,AUTHORITATIVE_NAME,HIGH_EXACT,exact_identifier_based,35623,riluzole,,IN,ENG,100.0,HIGH_EXACT,success,
DRUG_000549,CONFIRMED_INTEGRATED_ENTITY,hydrocortisone,rxnav_drugbank_id_lookup,AUTHORITATIVE_NAME,HIGH_EXACT,exact_identifier_based,5492,hydrocortisone,,IN,ENG,100.0,HIGH_EXACT,success,
DRUG_000550,CONFIRMED_INTEGRATED_ENTITY,mannitol,rxnav_drugbank_id_lookup,AUTHORITATIVE_NAME,HIGH_EXACT,exact_identifier_based,6628,mannitol,,IN,ENG,100.0,HIGH_EXACT,success,
DRUG_000551,CONFIRMED_INTEGRATED_ENTITY,gadobenate,rxnav_drugbank_id_lookup,AUTHORITATIVE_NAME,HIGH_EXACT,exact_identifier_based,692620,gadobenate,,IN,ENG,100.0,HIGH_EXACT,success,
DRUG_000552,CONFIRMED_INTEGRATED_ENTITY,zileuton,rxnav_drugbank_id_lookup,AUTHORITATIVE_NAME,HIGH_EXACT,exact_identifier_based,40575,zileuton,,IN,ENG,100.0,HIGH_EXACT,success,
DRUG_000553,AMBIGUOUS_MAPPING_COMPONENT,modafinil,rxnav_drugbank_id_lookup,AUTHORITATIVE_NAME,HIGH_EXACT,exact_identifier_based,30125,modafinil,,IN,ENG,100.0,HIGH_EXACT,success,
DRUG_000554,AMBIGUOUS_MAPPING_COMPONENT,Armodafinil,pubchem_inchikey_lookup,PUBCHEM_TITLE_CANDIDATE,HIGH_EXACT,exact_identifier_based,30125,modafinil,,IN,ENG,100.0,HIGH_EXACT,success,
DRUG_000555,AMBIGUOUS_MAPPING_COMPONENT,Modafinil,pubchem_cid_lookup,PUBCHEM_TITLE_CANDIDATE,HIGH_EXACT,exact_name_lookup,30125,modafinil,,IN,ENG,100.0,HIGH_EXACT,success,
DRUG_000556,CONFIRMED_INTEGRATED_ENTITY,deferoxamine,rxnav_drugbank_id_lookup,AUTHORITATIVE_NAME,HIGH_EXACT,exact_identifier_based,3131,deferoxamine,,IN,ENG,100.0,HIGH_EXACT,success,
DRUG_000557,CONFIRMED_INTEGRATED_ENTITY,"9-Methyl-3-oxa-9-azatricyclo(3.3.1.02,4)nonan-7-yl tropate",pubchem_cid_lookup,PUBCHEM_TITLE_CANDIDATE,HIGH_EXACT,exact_identifier_based,9601,scopolamine,,IN,ENG,100.0,HIGH_EXACT,success,
DRUG_000558,CONFIRMED_INTEGRATED_ENTITY,carbinoxamine,rxnav_drugbank_id_lookup,AUTHORITATIVE_NAME,HIGH_EXACT,exact_identifier_based,20220,carbinoxamine,,IN,ENG,100.0,HIGH_EXACT,success,
DRUG_000559,CONFIRMED_INTEGRATED_ENTITY,etodolac,rxnav_drugbank_id_lookup,AUTHORITATIVE_NAME,HIGH_EXACT,exact_identifier_based,24605,etodolac,,IN,ENG,100.0,HIGH_EXACT,success,
DRUG_000560,CONFIRMED_INTEGRATED_ENTITY,prilocaine,rxnav_drugbank_id_lookup,AUTHORITATIVE_NAME,HIGH_EXACT,exact_identifier_based,8686,prilocaine,,IN,ENG,100.0,HIGH_EXACT,success,
DRUG_000561,CONFIRMED_INTEGRATED_ENTITY,epinastine,rxnav_drugbank_id_lookup,AUTHORITATIVE_NAME,HIGH_EXACT,exact_identifier_based,39684,epinastine,,IN,ENG,100.0,HIGH_EXACT,success,
DRUG_000562,CONFIRMED_INTEGRATED_ENTITY,tranylcypromine,rxnav_drugbank_id_lookup,AUTHORITATIVE_NAME,HIGH_EXACT,exact_identifier_based,10734,tranylcypromine,,IN,ENG,100.0,HIGH_EXACT,success,
DRUG_000563,CONFIRMED_INTEGRATED_ENTITY,isoflurane,rxnav_drugbank_id_lookup,AUTHORITATIVE_NAME,HIGH_EXACT,exact_identifier_based,6026,isoflurane,,IN,ENG,100.0,HIGH_EXACT,success,
DRUG_000564,CONFIRMED_INTEGRATED_ENTITY,ethotoin,rxnav_drugbank_id_lookup,AUTHORITATIVE_NAME,HIGH_EXACT,exact_identifier_based,4136,ethotoin,,IN,ENG,100.0,HIGH_EXACT,success,
DRUG_000565,CONFIRMED_INTEGRATED_ENTITY,dolasetron,rxnav_drugbank_id_lookup,AUTHORITATIVE_NAME,HIGH_EXACT,exact_identifier_based,68091,dolasetron,,IN,ENG,100.0,HIGH_EXACT,success,
DRUG_000566,CONFIRMED_INTEGRATED_ENTITY,clopidogrel,rxnav_drugbank_id_lookup,AUTHORITATIVE_NAME,HIGH_EXACT,exact_identifier_based,32968,clopidogrel,,IN,ENG,100.0,HIGH_EXACT,success,
DRUG_000567,CONFIRMED_INTEGRATED_ENTITY,tetracycline,rxnav_drugbank_id_lookup,AUTHORITATIVE_NAME,HIGH_EXACT,exact_identifier_based,10395,tetracycline,,IN,ENG,100.0,HIGH_EXACT,success,
DRUG_000568,CONFIRMED_INTEGRATED_ENTITY,Meropenem,pubchem_inchikey_lookup,PUBCHEM_TITLE_CANDIDATE,HIGH_EXACT,exact_identifier_based,1546029,meropenem anhydrous,,PIN,ENG,100.0,HIGH_EXACT,success,
DRUG_000569,CONFIRMED_INTEGRATED_ENTITY,potassium chloride,rxnav_drugbank_id_lookup,AUTHORITATIVE_NAME,HIGH_EXACT,exact_identifier_based,8591,potassium chloride,,IN,ENG,100.0,HIGH_EXACT,success,
DRUG_000570,CONFIRMED_INTEGRATED_ENTITY,irinotecan,rxnav_drugbank_id_lookup,AUTHORITATIVE_NAME,HIGH_EXACT,exact_identifier_based,51499,irinotecan,,IN,ENG,100.0,HIGH_EXACT,success,
DRUG_000571,CONFIRMED_INTEGRATED_ENTITY,methimazole,rxnav_drugbank_id_lookup,AUTHORITATIVE_NAME,HIGH_EXACT,exact_identifier_based,6835,methimazole,thiamazole,IN,ENG,100.0,HIGH_EXACT,success,
DRUG_000572,CONFIRMED_INTEGRATED_ENTITY,mometasone,rxnav_drugbank_id_lookup,AUTHORITATIVE_NAME,HIGH_EXACT,exact_identifier_based,108118,mometasone,,IN,ENG,100.0,HIGH_EXACT,success,
DRUG_000573,CONFIRMED_INTEGRATED_ENTITY,metyrosine,rxnav_drugbank_id_lookup,AUTHORITATIVE_NAME,HIGH_EXACT,exact_identifier_based,266604,metyrosine,metirosine,IN,ENG,100.0,HIGH_EXACT,success,
DRUG_000574,CONFIRMED_INTEGRATED_ENTITY,Clavulanic Acid,pubchem_inchikey_lookup,PUBCHEM_TITLE_CANDIDATE,HIGH_EXACT,exact_identifier_based,21216,clavulanic acid,,PIN,ENG,100.0,HIGH_EXACT,success,
DRUG_000575,CONFIRMED_INTEGRATED_ENTITY,olopatadine,rxnav_drugbank_id_lookup,AUTHORITATIVE_NAME,HIGH_EXACT,exact_identifier_based,135391,olopatadine,,IN,ENG,100.0,HIGH_EXACT,success,
DRUG_000576,CONFIRMED_INTEGRATED_ENTITY,Hydrocortamate,pubchem_inchikey_lookup,PUBCHEM_TITLE_CANDIDATE,NO_MATCH,none,,,,,,0.0,NO_MATCH,success,
DRUG_000577,CONFIRMED_INTEGRATED_ENTITY,alprostadil,rxnav_drugbank_id_lookup,AUTHORITATIVE_NAME,HIGH_EXACT,exact_identifier_based,598,alprostadil,,IN,ENG,100.0,HIGH_EXACT,success,
DRUG_000578,CONFIRMED_INTEGRATED_ENTITY,NO_NAME_CANDIDATE,none,NO_NAME_CANDIDATE,HIGH_EXACT,exact_identifier_based,21232,clidinium,,IN,ENG,100.0,HIGH_EXACT,success,
DRUG_000579,CONFIRMED_INTEGRATED_ENTITY,malathion,rxnav_drugbank_id_lookup,AUTHORITATIVE_NAME,HIGH_EXACT,exact_identifier_based,6606,malathion,,IN,ENG,100.0,HIGH_EXACT,success,
DRUG_000580,CONFIRMED_INTEGRATED_ENTITY,etoposide,rxnav_drugbank_id_lookup,AUTHORITATIVE_NAME,HIGH_EXACT,exact_identifier_based,4179,etoposide,,IN,ENG,100.0,HIGH_EXACT,success,
DRUG_000581,CONFIRMED_INTEGRATED_ENTITY,hydroflumethiazide,rxnav_drugbank_id_lookup,AUTHORITATIVE_NAME,HIGH_EXACT,exact_identifier_based,5495,hydroflumethiazide,,IN,ENG,100.0,HIGH_EXACT,success,
DRUG_000582,CONFIRMED_INTEGRATED_ENTITY,tirofiban,rxnav_drugbank_id_lookup,AUTHORITATIVE_NAME,HIGH_EXACT,exact_identifier_based,73137,tirofiban,,IN,ENG,100.0,HIGH_EXACT,success,
DRUG_000583,CONFIRMED_INTEGRATED_ENTITY,oxcarbazepine,rxnav_drugbank_id_lookup,AUTHORITATIVE_NAME,HIGH_EXACT,exact_identifier_based,32624,oxcarbazepine,,IN,ENG,100.0,HIGH_EXACT,success,
DRUG_000584,CONFIRMED_INTEGRATED_ENTITY,roxithromycin,rxnav_drugbank_id_lookup,AUTHORITATIVE_NAME,HIGH_EXACT,exact_identifier_based,9478,roxithromycin,,IN,ENG,100.0,HIGH_EXACT,success,
DRUG_000585,CONFIRMED_INTEGRATED_ENTITY,nalidixic acid,rxnav_drugbank_id_lookup,AUTHORITATIVE_NAME,HIGH_EXACT,exact_identifier_based,7240,nalidixic acid,,PIN,ENG,100.0,HIGH_EXACT,success,
DRUG_000586,CONFIRMED_INTEGRATED_ENTITY,phenelzine,rxnav_drugbank_id_lookup,AUTHORITATIVE_NAME,HIGH_EXACT,exact_identifier_based,8123,phenelzine,,IN,ENG,100.0,HIGH_EXACT,success,
DRUG_000587,CONFIRMED_INTEGRATED_ENTITY,polymyxin B,rxnav_drugbank_id_lookup,AUTHORITATIVE_NAME,HIGH_EXACT,exact_identifier_based,8536,polymyxin B,,IN,ENG,100.0,HIGH_EXACT,success,
DRUG_000588,CONFIRMED_INTEGRATED_ENTITY,propantheline,rxnav_drugbank_id_lookup,AUTHORITATIVE_NAME,HIGH_EXACT,exact_identifier_based,8761,propantheline,,IN,ENG,100.0,HIGH_EXACT,success,
DRUG_000589,CONFIRMED_INTEGRATED_ENTITY,estradiol,rxnav_drugbank_id_lookup,AUTHORITATIVE_NAME,HIGH_EXACT,exact_identifier_based,4083,estradiol,,IN,ENG,100.0,HIGH_EXACT,success,
DRUG_000590,CONFIRMED_INTEGRATED_ENTITY,mefenamic acid,rxnav_drugbank_id_lookup,AUTHORITATIVE_NAME,HIGH_EXACT,exact_identifier_based,6693,mefenamic acid,,PIN,ENG,100.0,HIGH_EXACT,success,
DRUG_000591,CONFIRMED_INTEGRATED_ENTITY,acyclovir,rxnav_drugbank_id_lookup,AUTHORITATIVE_NAME,HIGH_EXACT,exact_identifier_based,281,acyclovir,,IN,ENG,100.0,HIGH_EXACT,success,
DRUG_000592,CONFIRMED_INTEGRATED_ENTITY,naproxen,rxnav_drugbank_id_lookup,AUTHORITATIVE_NAME,HIGH_EXACT,exact_identifier_based,7258,naproxen,,IN,ENG,100.0,HIGH_EXACT,success,
DRUG_000593,CONFIRMED_INTEGRATED_ENTITY,perindopril,rxnav_drugbank_id_lookup,AUTHORITATIVE_NAME,HIGH_EXACT,exact_identifier_based,54552,perindopril,,IN,ENG,100.0,HIGH_EXACT,success,
DRUG_000594,CONFIRMED_INTEGRATED_ENTITY,uracil mustard,rxnav_drugbank_id_lookup,AUTHORITATIVE_NAME,HIGH_EXACT,exact_identifier_based,10996,uracil mustard,,IN,ENG,100.0,HIGH_EXACT,success,
DRUG_000595,CONFIRMED_INTEGRATED_ENTITY,tripelennamine,rxnav_drugbank_id_lookup,AUTHORITATIVE_NAME,HIGH_EXACT,exact_identifier_based,10847,tripelennamine,,IN,ENG,100.0,HIGH_EXACT,success,
DRUG_000596,CONFIRMED_INTEGRATED_ENTITY,haloprogin,rxnav_drugbank_id_lookup,AUTHORITATIVE_NAME,HIGH_EXACT,exact_identifier_based,26422,haloprogin,,IN,ENG,100.0,HIGH_EXACT,success,
DRUG_000597,CONFIRMED_INTEGRATED_ENTITY,primidone,rxnav_drugbank_id_lookup,AUTHORITATIVE_NAME,HIGH_EXACT,exact_identifier_based,8691,primidone,,IN,ENG,100.0,HIGH_EXACT,success,
DRUG_000598,CONFIRMED_INTEGRATED_ENTITY,sulfasalazine,rxnav_drugbank_id_lookup,AUTHORITATIVE_NAME,HIGH_EXACT,exact_identifier_based,9524,sulfasalazine,,IN,ENG,100.0,HIGH_EXACT,success,
DRUG_000599,CONFIRMED_INTEGRATED_ENTITY,candesartan cilexetil,rxnav_drugbank_id_lookup,AUTHORITATIVE_NAME,HIGH_EXACT,exact_identifier_based,135481,candesartan cilexetil,,PIN,ENG,100.0,HIGH_EXACT,success,
DRUG_000600,CONFIRMED_INTEGRATED_ENTITY,tolazoline,rxnav_drugbank_id_lookup,AUTHORITATIVE_NAME,HIGH_EXACT,exact_identifier_based,10634,tolazoline,,IN,ENG,100.0,HIGH_EXACT,success,
DRUG_000601,CONFIRMED_INTEGRATED_ENTITY,gentamicin,rxnav_drugbank_id_lookup,AUTHORITATIVE_NAME,HIGH_EXACT,exact_identifier_based,1596450,gentamicin,,IN,ENG,100.0,HIGH_EXACT,success,
DRUG_000602,CONFIRMED_INTEGRATED_ENTITY,tazarotene,rxnav_drugbank_id_lookup,AUTHORITATIVE_NAME,HIGH_EXACT,exact_identifier_based,83947,tazarotene,,IN,ENG,100.0,HIGH_EXACT,success,
DRUG_000603,CONFIRMED_INTEGRATED_ENTITY,fenoldopam,rxnav_drugbank_id_lookup,AUTHORITATIVE_NAME,HIGH_EXACT,exact_identifier_based,24853,fenoldopam,,IN,ENG,100.0,HIGH_EXACT,success,
DRUG_000604,CONFIRMED_INTEGRATED_ENTITY,halazepam,rxnav_drugbank_id_lookup,AUTHORITATIVE_NAME,HIGH_EXACT,exact_identifier_based,26412,halazepam,,IN,ENG,100.0,HIGH_EXACT,success,
DRUG_000605,CONFIRMED_INTEGRATED_ENTITY,alfentanil,rxnav_drugbank_id_lookup,AUTHORITATIVE_NAME,HIGH_EXACT,exact_identifier_based,480,alfentanil,,IN,ENG,100.0,HIGH_EXACT,success,
DRUG_000606,CONFIRMED_INTEGRATED_ENTITY,colistin,rxnav_drugbank_id_lookup,AUTHORITATIVE_NAME,HIGH_EXACT,exact_identifier_based,2709,colistin,,IN,ENG,100.0,HIGH_EXACT,success,
DRUG_000607,CONFIRMED_INTEGRATED_ENTITY,dicyclomine,rxnav_drugbank_id_lookup,AUTHORITATIVE_NAME,HIGH_EXACT,exact_identifier_based,3361,dicyclomine,dicycloverine,IN,ENG,100.0,HIGH_EXACT,success,
DRUG_000608,CONFIRMED_INTEGRATED_ENTITY,minaprine,rxnav_drugbank_id_lookup,AUTHORITATIVE_NAME,HIGH_EXACT,exact_identifier_based,30031,minaprine,,IN,ENG,100.0,HIGH_EXACT,success,
DRUG_000609,CONFIRMED_INTEGRATED_ENTITY,pentoxifylline,rxnav_drugbank_id_lookup,AUTHORITATIVE_NAME,HIGH_EXACT,exact_identifier_based,8013,pentoxifylline,,IN,ENG,100.0,HIGH_EXACT,success,
DRUG_000610,CONFIRMED_INTEGRATED_ENTITY,proparacaine,rxnav_drugbank_id_lookup,AUTHORITATIVE_NAME,HIGH_EXACT,exact_identifier_based,34905,proparacaine,proxymetacaine,IN,ENG,100.0,HIGH_EXACT,success,
DRUG_000611,CONFIRMED_INTEGRATED_ENTITY,indapamide,rxnav_drugbank_id_lookup,AUTHORITATIVE_NAME,HIGH_EXACT,exact_identifier_based,5764,indapamide,,IN,ENG,100.0,HIGH_EXACT,success,
DRUG_000612,CONFIRMED_INTEGRATED_ENTITY,tropicamide,rxnav_drugbank_id_lookup,AUTHORITATIVE_NAME,HIGH_EXACT,exact_identifier_based,10869,tropicamide,,IN,ENG,100.0,HIGH_EXACT,success,
DRUG_000613,CONFIRMED_INTEGRATED_ENTITY,biperiden,rxnav_drugbank_id_lookup,AUTHORITATIVE_NAME,HIGH_EXACT,exact_identifier_based,1589,biperiden,,IN,ENG,100.0,HIGH_EXACT,success,
DRUG_000614,CONFIRMED_INTEGRATED_ENTITY,ribavirin,rxnav_drugbank_id_lookup,AUTHORITATIVE_NAME,HIGH_EXACT,exact_identifier_based,9344,ribavirin,,IN,ENG,100.0,HIGH_EXACT,success,
DRUG_000615,CONFIRMED_INTEGRATED_ENTITY,phenylbutazone,rxnav_drugbank_id_lookup,AUTHORITATIVE_NAME,HIGH_EXACT,exact_identifier_based,8160,phenylbutazone,,IN,ENG,100.0,HIGH_EXACT,success,
DRUG_000616,CONFIRMED_INTEGRATED_ENTITY,fentanyl,rxnav_drugbank_id_lookup,AUTHORITATIVE_NAME,HIGH_EXACT,exact_identifier_based,4337,fentanyl,,IN,ENG,100.0,HIGH_EXACT,success,
DRUG_000617,CONFIRMED_INTEGRATED_ENTITY,meloxicam,rxnav_drugbank_id_lookup,AUTHORITATIVE_NAME,HIGH_EXACT,exact_identifier_based,41493,meloxicam,,IN,ENG,100.0,HIGH_EXACT,success,
DRUG_000618,CONFIRMED_INTEGRATED_ENTITY,metaproterenol,rxnav_drugbank_id_lookup,AUTHORITATIVE_NAME,HIGH_EXACT,exact_identifier_based,7688,metaproterenol,,IN,ENG,100.0,HIGH_EXACT,success,
DRUG_000619,CONFIRMED_INTEGRATED_ENTITY,rosoxacin,rxnav_drugbank_id_lookup,AUTHORITATIVE_NAME,HIGH_EXACT,exact_identifier_based,35797,rosoxacin,,IN,ENG,100.0,HIGH_EXACT,success,
DRUG_000620,CONFIRMED_INTEGRATED_ENTITY,propofol,rxnav_drugbank_id_lookup,AUTHORITATIVE_NAME,HIGH_EXACT,exact_identifier_based,8782,propofol,,IN,ENG,100.0,HIGH_EXACT,success,
DRUG_000621,CONFIRMED_INTEGRATED_ENTITY,acetazolamide,rxnav_drugbank_id_lookup,AUTHORITATIVE_NAME,HIGH_EXACT,exact_identifier_based,167,acetazolamide,,IN,ENG,100.0,HIGH_EXACT,success,
DRUG_000622,CONFIRMED_INTEGRATED_ENTITY,tadalafil,rxnav_drugbank_id_lookup,AUTHORITATIVE_NAME,HIGH_EXACT,exact_identifier_based,358263,tadalafil,,IN,ENG,100.0,HIGH_EXACT,success,
DRUG_000623,CONFIRMED_INTEGRATED_ENTITY,carprofen,rxnav_drugbank_id_lookup,AUTHORITATIVE_NAME,HIGH_EXACT,exact_identifier_based,20343,carprofen,,IN,ENG,100.0,HIGH_EXACT,success,
DRUG_000624,CONFIRMED_INTEGRATED_ENTITY,disulfiram,rxnav_drugbank_id_lookup,AUTHORITATIVE_NAME,HIGH_EXACT,exact_identifier_based,3554,disulfiram,,IN,ENG,100.0,HIGH_EXACT,success,
DRUG_000625,CONFIRMED_INTEGRATED_ENTITY,ethynodiol diacetate,rxnav_drugbank_id_lookup,AUTHORITATIVE_NAME,HIGH_EXACT,exact_identifier_based,4170,ethynodiol diacetate,,PIN,ENG,100.0,HIGH_EXACT,success,
DRUG_000626,CONFIRMED_INTEGRATED_ENTITY,natamycin,rxnav_drugbank_id_lookup,AUTHORITATIVE_NAME,HIGH_EXACT,exact_identifier_based,7268,natamycin,,IN,ENG,100.0,HIGH_EXACT,success,
DRUG_000627,CONFIRMED_INTEGRATED_ENTITY,cinoxacin,rxnav_drugbank_id_lookup,AUTHORITATIVE_NAME,HIGH_EXACT,exact_identifier_based,2550,cinoxacin,,IN,ENG,100.0,HIGH_EXACT,success,
DRUG_000628,CONFIRMED_INTEGRATED_ENTITY,fosfomycin,rxnav_drugbank_id_lookup,AUTHORITATIVE_NAME,HIGH_EXACT,exact_identifier_based,4550,fosfomycin,,IN,ENG,100.0,HIGH_EXACT,success,
DRUG_000629,CONFIRMED_INTEGRATED_ENTITY,diazepam,rxnav_drugbank_id_lookup,AUTHORITATIVE_NAME,HIGH_EXACT,exact_identifier_based,3322,diazepam,,IN,ENG,100.0,HIGH_EXACT,success,
DRUG_000630,CONFIRMED_INTEGRATED_ENTITY,phenmetrazine,rxnav_drugbank_id_lookup,AUTHORITATIVE_NAME,HIGH_EXACT,exact_identifier_based,8133,phenmetrazine,,IN,ENG,100.0,HIGH_EXACT,success,
DRUG_000631,CONFIRMED_INTEGRATED_ENTITY,trifluoperazine,rxnav_drugbank_id_lookup,AUTHORITATIVE_NAME,HIGH_EXACT,exact_identifier_based,10800,trifluoperazine,,IN,ENG,100.0,HIGH_EXACT,success,
DRUG_000632,CONFIRMED_INTEGRATED_ENTITY,phensuximide,rxnav_drugbank_id_lookup,AUTHORITATIVE_NAME,HIGH_EXACT,exact_identifier_based,33309,phensuximide,,IN,ENG,100.0,HIGH_EXACT,success,
DRUG_000633,CONFIRMED_INTEGRATED_ENTITY,7-(2-Amino(phenyl)acetamido)-3-chloro-8-oxo-5-thia-1-azabicyclo(4.2.0)oct-2-ene-2-carboxylic acid,pubchem_cid_lookup,PUBCHEM_TITLE_CANDIDATE,HIGH_EXACT,exact_identifier_based,1450910,cefaclor anhydrous,,PIN,ENG,100.0,HIGH_EXACT,success,
DRUG_000634,CONFIRMED_INTEGRATED_ENTITY,mifepristone,rxnav_drugbank_id_lookup,AUTHORITATIVE_NAME,HIGH_EXACT,exact_identifier_based,6964,mifepristone,,IN,ENG,100.0,HIGH_EXACT,success,
DRUG_000635,CONFIRMED_INTEGRATED_ENTITY,brompheniramine,rxnav_drugbank_id_lookup,AUTHORITATIVE_NAME,HIGH_EXACT,exact_identifier_based,1767,brompheniramine,,IN,ENG,100.0,HIGH_EXACT,success,
DRUG_000636,CONFIRMED_INTEGRATED_ENTITY,loperamide,rxnav_drugbank_id_lookup,AUTHORITATIVE_NAME,HIGH_EXACT,exact_identifier_based,6468,loperamide,,IN,ENG,100.0,HIGH_EXACT,success,
DRUG_000637,CONFIRMED_INTEGRATED_ENTITY,NO_NAME_CANDIDATE,none,NO_NAME_CANDIDATE,NO_MATCH,none,,,,,,0.0,NO_MATCH,success,
DRUG_000638,CONFIRMED_INTEGRATED_ENTITY,clocortolone,rxnav_drugbank_id_lookup,AUTHORITATIVE_NAME,HIGH_EXACT,exact_identifier_based,21249,clocortolone,,IN,ENG,100.0,HIGH_EXACT,success,
DRUG_000639,CONFIRMED_INTEGRATED_ENTITY,tolazamide,rxnav_drugbank_id_lookup,AUTHORITATIVE_NAME,HIGH_EXACT,exact_identifier_based,10633,tolazamide,,IN,ENG,100.0,HIGH_EXACT,success,
DRUG_000640,CONFIRMED_INTEGRATED_ENTITY,dobutamine,rxnav_drugbank_id_lookup,AUTHORITATIVE_NAME,HIGH_EXACT,exact_identifier_based,3616,dobutamine,,IN,ENG,100.0,HIGH_EXACT,success,
DRUG_000641,CONFIRMED_INTEGRATED_ENTITY,oxazepam,rxnav_drugbank_id_lookup,AUTHORITATIVE_NAME,HIGH_EXACT,exact_identifier_based,7781,oxazepam,,IN,ENG,100.0,HIGH_EXACT,success,
DRUG_000642,CONFIRMED_INTEGRATED_ENTITY,donepezil,rxnav_drugbank_id_lookup,AUTHORITATIVE_NAME,HIGH_EXACT,exact_identifier_based,135447,donepezil,,IN,ENG,100.0,HIGH_EXACT,success,
DRUG_000643,CONFIRMED_INTEGRATED_ENTITY,nalbuphine,rxnav_drugbank_id_lookup,AUTHORITATIVE_NAME,HIGH_EXACT,exact_identifier_based,7238,nalbuphine,,IN,ENG,100.0,HIGH_EXACT,success,
DRUG_000644,CONFIRMED_INTEGRATED_ENTITY,clofazimine,rxnav_drugbank_id_lookup,AUTHORITATIVE_NAME,HIGH_EXACT,exact_identifier_based,2592,clofazimine,,IN,ENG,100.0,HIGH_EXACT,success,
DRUG_000645,CONFIRMED_INTEGRATED_ENTITY,flurandrenolide,rxnav_drugbank_id_lookup,AUTHORITATIVE_NAME,HIGH_EXACT,exact_identifier_based,4500,flurandrenolide,,IN,ENG,100.0,HIGH_EXACT,success,
DRUG_000646,CONFIRMED_INTEGRATED_ENTITY,cysteamine,rxnav_drugbank_id_lookup,AUTHORITATIVE_NAME,HIGH_EXACT,exact_identifier_based,3022,cysteamine,,IN,ENG,100.0,HIGH_EXACT,success,
DRUG_000647,CONFIRMED_INTEGRATED_ENTITY,mephobarbital,rxnav_drugbank_id_lookup,AUTHORITATIVE_NAME,HIGH_EXACT,exact_identifier_based,6758,mephobarbital,methylphenobarbital,IN,ENG,100.0,HIGH_EXACT,success,
DRUG_000648,CONFIRMED_INTEGRATED_ENTITY,perphenazine,rxnav_drugbank_id_lookup,AUTHORITATIVE_NAME,HIGH_EXACT,exact_identifier_based,8076,perphenazine,,IN,ENG,100.0,HIGH_EXACT,success,
DRUG_000649,CONFIRMED_INTEGRATED_ENTITY,dacarbazine,rxnav_drugbank_id_lookup,AUTHORITATIVE_NAME,HIGH_EXACT,exact_identifier_based,3098,dacarbazine,,IN,ENG,100.0,HIGH_EXACT,success,
DRUG_000650,CONFIRMED_INTEGRATED_ENTITY,Pseudoephedrine,pubchem_inchikey_lookup,PUBCHEM_TITLE_CANDIDATE,HIGH_EXACT,exact_identifier_based,407885,pseudoephedrine polistirex,,PIN,ENG,100.0,HIGH_EXACT,success,
DRUG_000651,CONFIRMED_INTEGRATED_ENTITY,temozolomide,rxnav_drugbank_id_lookup,AUTHORITATIVE_NAME,HIGH_EXACT,exact_identifier_based,37776,temozolomide,,IN,ENG,100.0,HIGH_EXACT,success,
DRUG_000652,CONFIRMED_INTEGRATED_ENTITY,levorphanol,rxnav_drugbank_id_lookup,AUTHORITATIVE_NAME,HIGH_EXACT,exact_identifier_based,6378,levorphanol,,IN,ENG,100.0,HIGH_EXACT,success,
DRUG_000653,CONFIRMED_INTEGRATED_ENTITY,aminolevulinic acid,rxnav_drugbank_id_lookup,AUTHORITATIVE_NAME,HIGH_EXACT,exact_identifier_based,683,aminolevulinic acid,,IN,ENG,100.0,HIGH_EXACT,success,
DRUG_000654,CONFIRMED_INTEGRATED_ENTITY,chlorphenesin,rxnav_drugbank_id_lookup,AUTHORITATIVE_NAME,HIGH_EXACT,exact_identifier_based,2399,chlorphenesin,,IN,ENG,100.0,HIGH_EXACT,success,
DRUG_000655,CONFIRMED_INTEGRATED_ENTITY,terbinafine,rxnav_drugbank_id_lookup,AUTHORITATIVE_NAME,HIGH_EXACT,exact_identifier_based,37801,terbinafine,,IN,ENG,100.0,HIGH_EXACT,success,
DRUG_000656,CONFIRMED_INTEGRATED_ENTITY,penicillamine,rxnav_drugbank_id_lookup,AUTHORITATIVE_NAME,HIGH_EXACT,exact_identifier_based,7975,penicillamine,,IN,ENG,100.0,HIGH_EXACT,success,
DRUG_000657,CONFIRMED_INTEGRATED_ENTITY,prednisolone,rxnav_drugbank_id_lookup,AUTHORITATIVE_NAME,HIGH_EXACT,exact_identifier_based,8638,prednisolone,,IN,ENG,100.0,HIGH_EXACT,success,
DRUG_000658,CONFIRMED_INTEGRATED_ENTITY,diflunisal,rxnav_drugbank_id_lookup,AUTHORITATIVE_NAME,HIGH_EXACT,exact_identifier_based,3393,diflunisal,,IN,ENG,100.0,HIGH_EXACT,success,
DRUG_000659,CONFIRMED_INTEGRATED_ENTITY,vardenafil,rxnav_drugbank_id_lookup,AUTHORITATIVE_NAME,HIGH_EXACT,exact_identifier_based,306674,vardenafil,,IN,ENG,100.0,HIGH_EXACT,success,
DRUG_000660,CONFIRMED_INTEGRATED_ENTITY,ranitidine,rxnav_drugbank_id_lookup,AUTHORITATIVE_NAME,HIGH_EXACT,exact_identifier_based,9143,ranitidine,,IN,ENG,100.0,HIGH_EXACT,success,
DRUG_000661,CONFIRMED_INTEGRATED_ENTITY,"Tacrolimus-13C,D2",pubchem_cid_lookup,PUBCHEM_TITLE_CANDIDATE,HIGH_EXACT,exact_identifier_based,235991,anhydrous tacrolimus,,PIN,ENG,100.0,HIGH_EXACT,success,
DRUG_000662,CONFIRMED_INTEGRATED_ENTITY,benzphetamine,rxnav_drugbank_id_lookup,AUTHORITATIVE_NAME,HIGH_EXACT,exact_identifier_based,1422,benzphetamine,,IN,ENG,100.0,HIGH_EXACT,success,
DRUG_000663,CONFIRMED_INTEGRATED_ENTITY,alprenolol,rxnav_drugbank_id_lookup,AUTHORITATIVE_NAME,HIGH_EXACT,exact_identifier_based,597,alprenolol,,IN,ENG,100.0,HIGH_EXACT,success,
DRUG_000664,CONFIRMED_INTEGRATED_ENTITY,ritodrine,rxnav_drugbank_id_lookup,AUTHORITATIVE_NAME,HIGH_EXACT,exact_identifier_based,9392,ritodrine,,IN,ENG,100.0,HIGH_EXACT,success,
DRUG_000665,CONFIRMED_INTEGRATED_ENTITY,dorzolamide,rxnav_drugbank_id_lookup,AUTHORITATIVE_NAME,HIGH_EXACT,exact_identifier_based,60207,dorzolamide,,IN,ENG,100.0,HIGH_EXACT,success,
DRUG_000666,CONFIRMED_INTEGRATED_ENTITY,suprofen,rxnav_drugbank_id_lookup,AUTHORITATIVE_NAME,HIGH_EXACT,exact_identifier_based,10255,suprofen,,IN,ENG,100.0,HIGH_EXACT,success,
DRUG_000667,CONFIRMED_INTEGRATED_ENTITY,terbutaline,rxnav_drugbank_id_lookup,AUTHORITATIVE_NAME,HIGH_EXACT,exact_identifier_based,10368,terbutaline,,IN,ENG,100.0,HIGH_EXACT,success,
DRUG_000668,CONFIRMED_INTEGRATED_ENTITY,conivaptan,rxnav_drugbank_id_lookup,AUTHORITATIVE_NAME,HIGH_EXACT,exact_identifier_based,302285,conivaptan,,IN,ENG,100.0,HIGH_EXACT,success,
DRUG_000669,CONFIRMED_INTEGRATED_ENTITY,loteprednol,rxnav_drugbank_id_lookup,AUTHORITATIVE_NAME,HIGH_EXACT,exact_identifier_based,237027,loteprednol,,IN,ENG,100.0,HIGH_EXACT,success,
DRUG_000670,CONFIRMED_INTEGRATED_ENTITY,flupenthixol,rxnav_drugbank_id_lookup,AUTHORITATIVE_NAME,HIGH_EXACT,exact_identifier_based,4495,flupenthixol,flupentixol,IN,ENG,100.0,HIGH_EXACT,success,
DRUG_000671,CONFIRMED_INTEGRATED_ENTITY,eprosartan,rxnav_drugbank_id_lookup,AUTHORITATIVE_NAME,HIGH_EXACT,exact_identifier_based,83515,eprosartan,,IN,ENG,100.0,HIGH_EXACT,success,
DRUG_000672,CONFIRMED_INTEGRATED_ENTITY,sirolimus,rxnav_drugbank_id_lookup,AUTHORITATIVE_NAME,HIGH_EXACT,exact_identifier_based,35302,sirolimus,,IN,ENG,100.0,HIGH_EXACT,success,
DRUG_000673,CONFIRMED_INTEGRATED_ENTITY,emtricitabine,rxnav_drugbank_id_lookup,AUTHORITATIVE_NAME,HIGH_EXACT,exact_identifier_based,276237,emtricitabine,,IN,ENG,100.0,HIGH_EXACT,success,
DRUG_000674,CONFIRMED_INTEGRATED_ENTITY,chlorothiazide,rxnav_drugbank_id_lookup,AUTHORITATIVE_NAME,HIGH_EXACT,exact_identifier_based,2396,chlorothiazide,,IN,ENG,100.0,HIGH_EXACT,success,
DRUG_000675,CONFIRMED_INTEGRATED_ENTITY,quinapril,rxnav_drugbank_id_lookup,AUTHORITATIVE_NAME,HIGH_EXACT,exact_identifier_based,35208,quinapril,,IN,ENG,100.0,HIGH_EXACT,success,
DRUG_000676,CONFIRMED_INTEGRATED_ENTITY,clomiphene,rxnav_drugbank_id_lookup,AUTHORITATIVE_NAME,HIGH_EXACT,exact_identifier_based,2596,clomiphene,clomifene,IN,ENG,100.0,HIGH_EXACT,success,
DRUG_000677,CONFIRMED_INTEGRATED_ENTITY,isosorbide dinitrate,rxnav_drugbank_id_lookup,AUTHORITATIVE_NAME,HIGH_EXACT,exact_identifier_based,6058,isosorbide dinitrate,,IN,ENG,100.0,HIGH_EXACT,success,
DRUG_000678,CONFIRMED_INTEGRATED_ENTITY,Risedronate,pubchem_cid_lookup,PUBCHEM_TITLE_CANDIDATE,AMBIGUOUS_CLINICAL_MAPPING,conflict_resolution,,,,,,0.0,AMBIGUOUS_CLINICAL_MAPPING,success,"Conflict: mapped to multiple different RxCUIs: ['55685', '73056']"
DRUG_000679,CONFIRMED_INTEGRATED_ENTITY,pemirolast,rxnav_drugbank_id_lookup,AUTHORITATIVE_NAME,HIGH_EXACT,exact_identifier_based,19551,pemirolast,,IN,ENG,100.0,HIGH_EXACT,success,
DRUG_000680,CONFIRMED_INTEGRATED_ENTITY,bumetanide,rxnav_drugbank_id_lookup,AUTHORITATIVE_NAME,HIGH_EXACT,exact_identifier_based,1808,bumetanide,,IN,ENG,100.0,HIGH_EXACT,success,
DRUG_000681,CONFIRMED_INTEGRATED_ENTITY,mechlorethamine,rxnav_drugbank_id_lookup,AUTHORITATIVE_NAME,HIGH_EXACT,exact_identifier_based,6674,mechlorethamine,chlormethine,IN,ENG,100.0,HIGH_EXACT,success,
DRUG_000682,CONFIRMED_INTEGRATED_ENTITY,granisetron,rxnav_drugbank_id_lookup,AUTHORITATIVE_NAME,HIGH_EXACT,exact_identifier_based,26237,granisetron,,IN,ENG,100.0,HIGH_EXACT,success,
DRUG_000683,CONFIRMED_INTEGRATED_ENTITY,dienestrol,rxnav_drugbank_id_lookup,AUTHORITATIVE_NAME,HIGH_EXACT,exact_identifier_based,3368,dienestrol,,IN,ENG,100.0,HIGH_EXACT,success,
DRUG_000684,CONFIRMED_INTEGRATED_ENTITY,sulfapyridine,rxnav_drugbank_id_lookup,AUTHORITATIVE_NAME,HIGH_EXACT,exact_identifier_based,10188,sulfapyridine,,IN,ENG,100.0,HIGH_EXACT,success,
DRUG_000685,CONFIRMED_INTEGRATED_ENTITY,benoxinate,rxnav_drugbank_id_lookup,AUTHORITATIVE_NAME,HIGH_EXACT,exact_identifier_based,18889,benoxinate,,IN,ENG,100.0,HIGH_EXACT,success,
DRUG_000686,CONFIRMED_INTEGRATED_ENTITY,testolactone,rxnav_drugbank_id_lookup,AUTHORITATIVE_NAME,HIGH_EXACT,exact_identifier_based,10378,testolactone,,IN,ENG,100.0,HIGH_EXACT,success,
DRUG_000687,CONFIRMED_INTEGRATED_ENTITY,rimexolone,rxnav_drugbank_id_lookup,AUTHORITATIVE_NAME,HIGH_EXACT,exact_identifier_based,55681,rimexolone,,IN,ENG,100.0,HIGH_EXACT,success,
DRUG_000688,CONFIRMED_INTEGRATED_ENTITY,triazolam,rxnav_drugbank_id_lookup,AUTHORITATIVE_NAME,HIGH_EXACT,exact_identifier_based,10767,triazolam,,IN,ENG,100.0,HIGH_EXACT,success,
DRUG_000689,CONFIRMED_INTEGRATED_ENTITY,Ethanol,pubchem_inchikey_lookup,PUBCHEM_TITLE_CANDIDATE,HIGH_EXACT,exact_identifier_based,1310469,dehydrated alcohol,,PIN,ENG,100.0,HIGH_EXACT,success,
DRUG_000690,CONFIRMED_INTEGRATED_ENTITY,remifentanil,rxnav_drugbank_id_lookup,AUTHORITATIVE_NAME,HIGH_EXACT,exact_identifier_based,73032,remifentanil,,IN,ENG,100.0,HIGH_EXACT,success,
DRUG_000691,CONFIRMED_INTEGRATED_ENTITY,didanosine,rxnav_drugbank_id_lookup,AUTHORITATIVE_NAME,HIGH_EXACT,exact_identifier_based,3364,didanosine,,IN,ENG,100.0,HIGH_EXACT,success,
DRUG_000692,CONFIRMED_INTEGRATED_ENTITY,Ethacrynic Acid,pubchem_cid_lookup,PUBCHEM_TITLE_CANDIDATE,HIGH_EXACT,exact_identifier_based,4109,ethacrynic acid,,PIN,ENG,100.0,HIGH_EXACT,success,
DRUG_000693,CONFIRMED_INTEGRATED_ENTITY,ondansetron,rxnav_drugbank_id_lookup,AUTHORITATIVE_NAME,HIGH_EXACT,exact_identifier_based,26225,ondansetron,,IN,ENG,100.0,HIGH_EXACT,success,
DRUG_000694,CONFIRMED_INTEGRATED_ENTITY,bimatoprost,rxnav_drugbank_id_lookup,AUTHORITATIVE_NAME,HIGH_EXACT,exact_identifier_based,283810,bimatoprost,,IN,ENG,100.0,HIGH_EXACT,success,
DRUG_000695,CONFIRMED_INTEGRATED_ENTITY,tiagabine,rxnav_drugbank_id_lookup,AUTHORITATIVE_NAME,HIGH_EXACT,exact_identifier_based,31914,tiagabine,,IN,ENG,100.0,HIGH_EXACT,success,
DRUG_000696,CONFIRMED_INTEGRATED_ENTITY,cocaine,rxnav_drugbank_id_lookup,AUTHORITATIVE_NAME,HIGH_EXACT,exact_identifier_based,2653,cocaine,benzoylmethylecgonine,IN,ENG,100.0,HIGH_EXACT,success,
DRUG_000697,CONFIRMED_INTEGRATED_ENTITY,zonisamide,rxnav_drugbank_id_lookup,AUTHORITATIVE_NAME,HIGH_EXACT,exact_identifier_based,39998,zonisamide,,IN,ENG,100.0,HIGH_EXACT,success,
DRUG_000698,CONFIRMED_INTEGRATED_ENTITY,paricalcitol,rxnav_drugbank_id_lookup,AUTHORITATIVE_NAME,HIGH_EXACT,exact_identifier_based,73710,paricalcitol,,IN,ENG,100.0,HIGH_EXACT,success,
DRUG_000699,CONFIRMED_INTEGRATED_ENTITY,tinidazole,rxnav_drugbank_id_lookup,AUTHORITATIVE_NAME,HIGH_EXACT,exact_identifier_based,10612,tinidazole,,IN,ENG,100.0,HIGH_EXACT,success,
DRUG_000700,CONFIRMED_INTEGRATED_ENTITY,repaglinide,rxnav_drugbank_id_lookup,AUTHORITATIVE_NAME,HIGH_EXACT,exact_identifier_based,73044,repaglinide,,IN,ENG,100.0,HIGH_EXACT,success,
DRUG_000701,CONFIRMED_INTEGRATED_ENTITY,phenformin,rxnav_drugbank_id_lookup,AUTHORITATIVE_NAME,HIGH_EXACT,exact_identifier_based,8129,phenformin,,IN,ENG,100.0,HIGH_EXACT,success,
DRUG_000702,CONFIRMED_INTEGRATED_ENTITY,amantadine,rxnav_drugbank_id_lookup,AUTHORITATIVE_NAME,HIGH_EXACT,exact_identifier_based,620,amantadine,,IN,ENG,100.0,HIGH_EXACT,success,
DRUG_000703,CONFIRMED_INTEGRATED_ENTITY,metronidazole,rxnav_drugbank_id_lookup,AUTHORITATIVE_NAME,HIGH_EXACT,exact_identifier_based,6922,metronidazole,,IN,ENG,100.0,HIGH_EXACT,success,
DRUG_000704,CONFIRMED_INTEGRATED_ENTITY,dinoprostone,rxnav_drugbank_id_lookup,AUTHORITATIVE_NAME,HIGH_EXACT,exact_identifier_based,3478,dinoprostone,,IN,ENG,100.0,HIGH_EXACT,success,
DRUG_000705,CONFIRMED_INTEGRATED_ENTITY,almotriptan,rxnav_drugbank_id_lookup,AUTHORITATIVE_NAME,HIGH_EXACT,exact_identifier_based,279645,almotriptan,,IN,ENG,100.0,HIGH_EXACT,success,
DRUG_000706,CONFIRMED_INTEGRATED_ENTITY,spectinomycin,rxnav_drugbank_id_lookup,AUTHORITATIVE_NAME,HIGH_EXACT,exact_identifier_based,270,spectinomycin,,IN,ENG,100.0,HIGH_EXACT,success,
DRUG_000707,CONFIRMED_INTEGRATED_ENTITY,ketotifen,rxnav_drugbank_id_lookup,AUTHORITATIVE_NAME,HIGH_EXACT,exact_identifier_based,6146,ketotifen,,IN,ENG,100.0,HIGH_EXACT,success,
DRUG_000708,CONFIRMED_INTEGRATED_ENTITY,buprenorphine,rxnav_drugbank_id_lookup,AUTHORITATIVE_NAME,HIGH_EXACT,exact_identifier_based,1819,buprenorphine,,IN,ENG,100.0,HIGH_EXACT,success,
DRUG_000709,CONFIRMED_INTEGRATED_ENTITY,levosimendan,rxnav_drugbank_id_lookup,AUTHORITATIVE_NAME,HIGH_EXACT,exact_identifier_based,73107,levosimendan,,IN,ENG,100.0,HIGH_EXACT,success,
DRUG_000710,CONFIRMED_INTEGRATED_ENTITY,ceforanide,rxnav_drugbank_id_lookup,AUTHORITATIVE_NAME,HIGH_EXACT,exact_identifier_based,20486,ceforanide,,IN,ENG,100.0,HIGH_EXACT,success,
DRUG_000711,CONFIRMED_INTEGRATED_ENTITY,cyclobenzaprine,rxnav_drugbank_id_lookup,AUTHORITATIVE_NAME,HIGH_EXACT,exact_identifier_based,21949,cyclobenzaprine,,IN,ENG,100.0,HIGH_EXACT,success,
DRUG_000712,CONFIRMED_INTEGRATED_ENTITY,phenoxybenzamine,rxnav_drugbank_id_lookup,AUTHORITATIVE_NAME,HIGH_EXACT,exact_identifier_based,8149,phenoxybenzamine,,IN,ENG,100.0,HIGH_EXACT,success,
DRUG_000713,CONFIRMED_INTEGRATED_ENTITY,famotidine,rxnav_drugbank_id_lookup,AUTHORITATIVE_NAME,HIGH_EXACT,exact_identifier_based,4278,famotidine,,IN,ENG,100.0,HIGH_EXACT,success,
DRUG_000714,CONFIRMED_INTEGRATED_ENTITY,azacitidine,rxnav_drugbank_id_lookup,AUTHORITATIVE_NAME,HIGH_EXACT,exact_identifier_based,1251,azacitidine,,IN,ENG,100.0,HIGH_EXACT,success,
DRUG_000715,CONFIRMED_INTEGRATED_ENTITY,misoprostol,rxnav_drugbank_id_lookup,AUTHORITATIVE_NAME,HIGH_EXACT,exact_identifier_based,42331,misoprostol,,IN,ENG,100.0,HIGH_EXACT,success,
DRUG_000716,CONFIRMED_INTEGRATED_ENTITY,methacycline,rxnav_drugbank_id_lookup,AUTHORITATIVE_NAME,HIGH_EXACT,exact_identifier_based,6812,methacycline,metacycline,IN,ENG,100.0,HIGH_EXACT,success,
DRUG_000717,CONFIRMED_INTEGRATED_ENTITY,tipranavir,rxnav_drugbank_id_lookup,AUTHORITATIVE_NAME,HIGH_EXACT,exact_identifier_based,190548,tipranavir,,IN,ENG,100.0,HIGH_EXACT,success,
DRUG_000718,CONFIRMED_INTEGRATED_ENTITY,mesoridazine,rxnav_drugbank_id_lookup,AUTHORITATIVE_NAME,HIGH_EXACT,exact_identifier_based,6779,mesoridazine,,IN,ENG,100.0,HIGH_EXACT,success,
DRUG_000719,CONFIRMED_INTEGRATED_ENTITY,maprotiline,rxnav_drugbank_id_lookup,AUTHORITATIVE_NAME,HIGH_EXACT,exact_identifier_based,6646,maprotiline,,IN,ENG,100.0,HIGH_EXACT,success,
DRUG_000720,CONFIRMED_INTEGRATED_ENTITY,oxymetazoline,rxnav_drugbank_id_lookup,AUTHORITATIVE_NAME,HIGH_EXACT,exact_identifier_based,7812,oxymetazoline,,IN,ENG,100.0,HIGH_EXACT,success,
DRUG_000721,CONFIRMED_INTEGRATED_ENTITY,salicylic acid,rxnav_drugbank_id_lookup,AUTHORITATIVE_NAME,HIGH_EXACT,exact_identifier_based,9525,salicylic acid,,IN,ENG,100.0,HIGH_EXACT,success,
DRUG_000722,CONFIRMED_INTEGRATED_ENTITY,diethylpropion,rxnav_drugbank_id_lookup,AUTHORITATIVE_NAME,HIGH_EXACT,exact_identifier_based,3389,diethylpropion,amfepramone,IN,ENG,100.0,HIGH_EXACT,success,
DRUG_000723,CONFIRMED_INTEGRATED_ENTITY,salmeterol,rxnav_drugbank_id_lookup,AUTHORITATIVE_NAME,HIGH_EXACT,exact_identifier_based,36117,salmeterol,,IN,ENG,100.0,HIGH_EXACT,success,
DRUG_000724,CONFIRMED_INTEGRATED_ENTITY,Meclofenamic Acid,pubchem_inchikey_lookup,PUBCHEM_TITLE_CANDIDATE,HIGH_EXACT,exact_identifier_based,588003,meclofenamate,,IN,ENG,100.0,HIGH_EXACT,success,
DRUG_000725,CONFIRMED_INTEGRATED_ENTITY,methantheline,rxnav_drugbank_id_lookup,AUTHORITATIVE_NAME,HIGH_EXACT,exact_identifier_based,6821,methantheline,,IN,ENG,100.0,HIGH_EXACT,success,
DRUG_000726,CONFIRMED_INTEGRATED_ENTITY,zalcitabine,rxnav_drugbank_id_lookup,AUTHORITATIVE_NAME,HIGH_EXACT,exact_identifier_based,3363,zalcitabine,,IN,ENG,100.0,HIGH_EXACT,success,
DRUG_000727,CONFIRMED_INTEGRATED_ENTITY,demecarium,rxnav_drugbank_id_lookup,AUTHORITATIVE_NAME,HIGH_EXACT,exact_identifier_based,107771,demecarium,,IN,ENG,100.0,HIGH_EXACT,success,
DRUG_000728,CONFIRMED_INTEGRATED_ENTITY,Aspirin,pubchem_cid_lookup,PUBCHEM_TITLE_CANDIDATE,HIGH_EXACT,exact_identifier_based,1191,aspirin,,IN,ENG,100.0,HIGH_EXACT,success,
DRUG_000729,CONFIRMED_INTEGRATED_ENTITY,phenprocoumon,rxnav_drugbank_id_lookup,AUTHORITATIVE_NAME,HIGH_EXACT,exact_identifier_based,8150,phenprocoumon,,IN,ENG,100.0,HIGH_EXACT,success,
DRUG_000730,CONFIRMED_INTEGRATED_ENTITY,fulvestrant,rxnav_drugbank_id_lookup,AUTHORITATIVE_NAME,HIGH_EXACT,exact_identifier_based,282357,fulvestrant,,IN,ENG,100.0,HIGH_EXACT,success,
DRUG_000731,CONFIRMED_INTEGRATED_ENTITY,mezlocillin,rxnav_drugbank_id_lookup,AUTHORITATIVE_NAME,HIGH_EXACT,exact_identifier_based,6927,mezlocillin,,IN,ENG,100.0,HIGH_EXACT,success,
DRUG_000732,CONFIRMED_INTEGRATED_ENTITY,felbamate,rxnav_drugbank_id_lookup,AUTHORITATIVE_NAME,HIGH_EXACT,exact_identifier_based,24812,felbamate,,IN,ENG,100.0,HIGH_EXACT,success,
DRUG_000733,CONFIRMED_INTEGRATED_ENTITY,fexofenadine,rxnav_drugbank_id_lookup,AUTHORITATIVE_NAME,HIGH_EXACT,exact_identifier_based,87636,fexofenadine,,IN,ENG,100.0,HIGH_EXACT,success,
DRUG_000734,CONFIRMED_INTEGRATED_ENTITY,isoniazid,rxnav_drugbank_id_lookup,AUTHORITATIVE_NAME,HIGH_EXACT,exact_identifier_based,6038,isoniazid,,IN,ENG,100.0,HIGH_EXACT,success,
DRUG_000735,CONFIRMED_INTEGRATED_ENTITY,naratriptan,rxnav_drugbank_id_lookup,AUTHORITATIVE_NAME,HIGH_EXACT,exact_identifier_based,141366,naratriptan,,IN,ENG,100.0,HIGH_EXACT,success,
DRUG_000736,CONFIRMED_INTEGRATED_ENTITY,rizatriptan,rxnav_drugbank_id_lookup,AUTHORITATIVE_NAME,HIGH_EXACT,exact_identifier_based,88014,rizatriptan,,IN,ENG,100.0,HIGH_EXACT,success,
DRUG_000737,CONFIRMED_INTEGRATED_ENTITY,dirithromycin,rxnav_drugbank_id_lookup,AUTHORITATIVE_NAME,HIGH_EXACT,exact_identifier_based,23437,dirithromycin,,IN,ENG,100.0,HIGH_EXACT,success,
DRUG_000738,CONFIRMED_INTEGRATED_ENTITY,netilmicin,rxnav_drugbank_id_lookup,AUTHORITATIVE_NAME,HIGH_EXACT,exact_identifier_based,7337,netilmicin,,IN,ENG,100.0,HIGH_EXACT,success,
DRUG_000739,CONFIRMED_INTEGRATED_ENTITY,Hydrocodone,pubchem_inchikey_lookup,PUBCHEM_TITLE_CANDIDATE,HIGH_EXACT,exact_identifier_based,221107,hydrocodone polistirex,,PIN,ENG,100.0,HIGH_EXACT,success,
DRUG_000740,CONFIRMED_INTEGRATED_ENTITY,norgestimate,rxnav_drugbank_id_lookup,AUTHORITATIVE_NAME,HIGH_EXACT,exact_identifier_based,31994,norgestimate,,IN,ENG,100.0,HIGH_EXACT,success,
DRUG_000741,CONFIRMED_INTEGRATED_ENTITY,carboplatin,rxnav_drugbank_id_lookup,AUTHORITATIVE_NAME,HIGH_EXACT,exact_identifier_based,40048,carboplatin,,IN,ENG,100.0,HIGH_EXACT,success,
DRUG_000742,CONFIRMED_INTEGRATED_ENTITY,methylprednisolone,rxnav_drugbank_id_lookup,AUTHORITATIVE_NAME,HIGH_EXACT,exact_identifier_based,6902,methylprednisolone,,IN,ENG,100.0,HIGH_EXACT,success,
DRUG_000743,CONFIRMED_INTEGRATED_ENTITY,pindolol,rxnav_drugbank_id_lookup,AUTHORITATIVE_NAME,HIGH_EXACT,exact_identifier_based,8332,pindolol,,IN,ENG,100.0,HIGH_EXACT,success,
DRUG_000744,CONFIRMED_INTEGRATED_ENTITY,mepivacaine,rxnav_drugbank_id_lookup,AUTHORITATIVE_NAME,HIGH_EXACT,exact_identifier_based,6759,mepivacaine,,IN,ENG,100.0,HIGH_EXACT,success,
DRUG_000745,CONFIRMED_INTEGRATED_ENTITY,zaleplon,rxnav_drugbank_id_lookup,AUTHORITATIVE_NAME,HIGH_EXACT,exact_identifier_based,74667,zaleplon,,IN,ENG,100.0,HIGH_EXACT,success,
DRUG_000746,CONFIRMED_INTEGRATED_ENTITY,bromfenac,rxnav_drugbank_id_lookup,AUTHORITATIVE_NAME,HIGH_EXACT,exact_identifier_based,19737,bromfenac,,IN,ENG,100.0,HIGH_EXACT,success,
DRUG_000747,CONFIRMED_INTEGRATED_ENTITY,apraclonidine,rxnav_drugbank_id_lookup,AUTHORITATIVE_NAME,HIGH_EXACT,exact_identifier_based,14845,apraclonidine,,IN,ENG,100.0,HIGH_EXACT,success,
DRUG_000748,CONFIRMED_INTEGRATED_ENTITY,telmisartan,rxnav_drugbank_id_lookup,AUTHORITATIVE_NAME,HIGH_EXACT,exact_identifier_based,73494,telmisartan,,IN,ENG,100.0,HIGH_EXACT,success,
DRUG_000749,CONFIRMED_INTEGRATED_ENTITY,desloratadine,rxnav_drugbank_id_lookup,AUTHORITATIVE_NAME,HIGH_EXACT,exact_identifier_based,275635,desloratadine,,IN,ENG,100.0,HIGH_EXACT,success,
DRUG_000750,CONFIRMED_INTEGRATED_ENTITY,Alpha-methyldopa,pubchem_cid_lookup,PUBCHEM_TITLE_CANDIDATE,HIGH_EXACT,exact_identifier_based,1545996,methyldopa anhydrous,,PIN,ENG,100.0,HIGH_EXACT,success,
DRUG_000751,CONFIRMED_INTEGRATED_ENTITY,alosetron,rxnav_drugbank_id_lookup,AUTHORITATIVE_NAME,HIGH_EXACT,exact_identifier_based,85248,alosetron,,IN,ENG,100.0,HIGH_EXACT,success,
DRUG_000752,CONFIRMED_INTEGRATED_ENTITY,dactinomycin,rxnav_drugbank_id_lookup,AUTHORITATIVE_NAME,HIGH_EXACT,exact_identifier_based,3100,dactinomycin,,IN,ENG,100.0,HIGH_EXACT,success,
DRUG_000753,CONFIRMED_INTEGRATED_ENTITY,azelastine,rxnav_drugbank_id_lookup,AUTHORITATIVE_NAME,HIGH_EXACT,exact_identifier_based,18603,azelastine,,IN,ENG,100.0,HIGH_EXACT,success,
DRUG_000754,CONFIRMED_INTEGRATED_ENTITY,ezetimibe,rxnav_drugbank_id_lookup,AUTHORITATIVE_NAME,HIGH_EXACT,exact_identifier_based,341248,ezetimibe,,IN,ENG,100.0,HIGH_EXACT,success,
DRUG_000755,CONFIRMED_INTEGRATED_ENTITY,Ethylenediaminetetraacetic Acid,pubchem_inchikey_lookup,PUBCHEM_TITLE_CANDIDATE,HIGH_EXACT,exact_identifier_based,1370600,ethylenediaminetetraacetate,,IN,ENG,100.0,HIGH_EXACT,success,
DRUG_000756,CONFIRMED_INTEGRATED_ENTITY,dipyridamole,rxnav_drugbank_id_lookup,AUTHORITATIVE_NAME,HIGH_EXACT,exact_identifier_based,3521,dipyridamole,,IN,ENG,100.0,HIGH_EXACT,success,
DRUG_000757,CONFIRMED_INTEGRATED_ENTITY,telithromycin,rxnav_drugbank_id_lookup,AUTHORITATIVE_NAME,HIGH_EXACT,exact_identifier_based,274786,telithromycin,,IN,ENG,100.0,HIGH_EXACT,success,
DRUG_000758,CONFIRMED_INTEGRATED_ENTITY,ethinyl estradiol,rxnav_drugbank_id_lookup,AUTHORITATIVE_NAME,HIGH_EXACT,exact_identifier_based,4124,ethinyl estradiol,,IN,ENG,100.0,HIGH_EXACT,success,
DRUG_000759,CONFIRMED_INTEGRATED_ENTITY,lomefloxacin,rxnav_drugbank_id_lookup,AUTHORITATIVE_NAME,HIGH_EXACT,exact_identifier_based,28872,lomefloxacin,,IN,ENG,100.0,HIGH_EXACT,success,
DRUG_000760,CONFIRMED_INTEGRATED_ENTITY,cyclopentolate,rxnav_drugbank_id_lookup,AUTHORITATIVE_NAME,HIGH_EXACT,exact_identifier_based,3001,cyclopentolate,,IN,ENG,100.0,HIGH_EXACT,success,
DRUG_000761,CONFIRMED_INTEGRATED_ENTITY,ramelteon,rxnav_drugbank_id_lookup,AUTHORITATIVE_NAME,HIGH_EXACT,exact_identifier_based,596205,ramelteon,,IN,ENG,100.0,HIGH_EXACT,success,
DRUG_000762,CONFIRMED_INTEGRATED_ENTITY,physostigmine,rxnav_drugbank_id_lookup,AUTHORITATIVE_NAME,HIGH_EXACT,exact_identifier_based,8299,physostigmine,,IN,ENG,100.0,HIGH_EXACT,success,
DRUG_000763,AMBIGUOUS_MAPPING_COMPONENT,formoterol,rxnav_drugbank_id_lookup,AUTHORITATIVE_NAME,HIGH_EXACT,exact_identifier_based,25255,formoterol,,IN,ENG,100.0,HIGH_EXACT,success,
DRUG_000764,AMBIGUOUS_MAPPING_COMPONENT,arformoterol,rxnav_drugbank_id_lookup,AUTHORITATIVE_NAME,HIGH_EXACT,exact_identifier_based,304962,arformoterol,,IN,ENG,100.0,HIGH_EXACT,success,
DRUG_000765,AMBIGUOUS_MAPPING_COMPONENT,Formoterol,pubchem_cid_lookup,PUBCHEM_TITLE_CANDIDATE,HIGH_EXACT,exact_name_lookup,25255,formoterol,,IN,ENG,100.0,HIGH_EXACT,success,
DRUG_000766,CONFIRMED_INTEGRATED_ENTITY,dimenhydrinate,rxnav_drugbank_id_lookup,AUTHORITATIVE_NAME,HIGH_EXACT,exact_identifier_based,3444,dimenhydrinate,,IN,ENG,100.0,HIGH_EXACT,success,
DRUG_000767,CONFIRMED_INTEGRATED_ENTITY,Glycopyrronium,pubchem_cid_lookup,PUBCHEM_TITLE_CANDIDATE,HIGH_EXACT,exact_identifier_based,1546438,glycopyrronium,,IN,ENG,100.0,HIGH_EXACT,success,
DRUG_000768,CONFIRMED_INTEGRATED_ENTITY,4-Amino-1-pentofuranosyl-2(1H)-pyrimidinone,pubchem_cid_lookup,PUBCHEM_TITLE_CANDIDATE,HIGH_EXACT,exact_identifier_based,3041,cytarabine,,IN,ENG,100.0,HIGH_EXACT,success,
DRUG_000769,CONFIRMED_INTEGRATED_ENTITY,dopamine,rxnav_drugbank_id_lookup,AUTHORITATIVE_NAME,HIGH_EXACT,exact_identifier_based,3628,dopamine,,IN,ENG,100.0,HIGH_EXACT,success,
DRUG_000770,CONFIRMED_INTEGRATED_ENTITY,rivastigmine,rxnav_drugbank_id_lookup,AUTHORITATIVE_NAME,HIGH_EXACT,exact_identifier_based,183379,rivastigmine,,IN,ENG,100.0,HIGH_EXACT,success,
DRUG_000771,CONFIRMED_INTEGRATED_ENTITY,exemestane,rxnav_drugbank_id_lookup,AUTHORITATIVE_NAME,HIGH_EXACT,exact_identifier_based,258494,exemestane,,IN,ENG,100.0,HIGH_EXACT,success,
DRUG_000772,CONFIRMED_INTEGRATED_ENTITY,oxaprozin,rxnav_drugbank_id_lookup,AUTHORITATIVE_NAME,HIGH_EXACT,exact_identifier_based,32613,oxaprozin,,IN,ENG,100.0,HIGH_EXACT,success,
DRUG_000773,CONFIRMED_INTEGRATED_ENTITY,methyl 5-aminolevulinate,rxnav_drugbank_id_lookup,AUTHORITATIVE_NAME,HIGH_EXACT,exact_identifier_based,337068,methyl 5-aminolevulinate,methyl aminolevulinate,IN,ENG,100.0,HIGH_EXACT,success,
DRUG_000774,CONFIRMED_INTEGRATED_ENTITY,azathioprine,rxnav_drugbank_id_lookup,AUTHORITATIVE_NAME,HIGH_EXACT,exact_identifier_based,1256,azathioprine,,IN,ENG,100.0,HIGH_EXACT,success,
DRUG_000775,CONFIRMED_INTEGRATED_ENTITY,gabapentin,rxnav_drugbank_id_lookup,AUTHORITATIVE_NAME,HIGH_EXACT,exact_identifier_based,25480,gabapentin,,IN,ENG,100.0,HIGH_EXACT,success,
DRUG_000776,CONFIRMED_INTEGRATED_ENTITY,Doxorubicin,pubchem_inchikey_lookup,PUBCHEM_TITLE_CANDIDATE,HIGH_EXACT,exact_identifier_based,142433,doxorubicin hydrochloride,,PIN,ENG,100.0,HIGH_EXACT,success,
DRUG_000777,CONFIRMED_INTEGRATED_ENTITY,frovatriptan,rxnav_drugbank_id_lookup,AUTHORITATIVE_NAME,HIGH_EXACT,exact_identifier_based,228783,frovatriptan,,IN,ENG,100.0,HIGH_EXACT,success,
DRUG_000778,CONFIRMED_INTEGRATED_ENTITY,hydrochlorothiazide,rxnav_drugbank_id_lookup,AUTHORITATIVE_NAME,HIGH_EXACT,exact_identifier_based,5487,hydrochlorothiazide,,IN,ENG,100.0,HIGH_EXACT,success,
DRUG_000779,CONFIRMED_INTEGRATED_ENTITY,cyclacillin,rxnav_drugbank_id_lookup,AUTHORITATIVE_NAME,HIGH_EXACT,exact_identifier_based,2968,cyclacillin,,IN,ENG,100.0,HIGH_EXACT,success,
DRUG_000780,AMBIGUOUS_MAPPING_COMPONENT,albuterol,rxnav_drugbank_id_lookup,AUTHORITATIVE_NAME,HIGH_EXACT,exact_identifier_based,435,albuterol,,IN,ENG,100.0,HIGH_EXACT,success,
DRUG_000781,AMBIGUOUS_MAPPING_COMPONENT,levalbuterol,rxnav_drugbank_id_lookup,AUTHORITATIVE_NAME,HIGH_EXACT,exact_identifier_based,237159,levalbuterol,,IN,ENG,100.0,HIGH_EXACT,success,
DRUG_000782,AMBIGUOUS_MAPPING_COMPONENT,Salbutamol,pubchem_cid_lookup,PUBCHEM_TITLE_CANDIDATE,HIGH_EXACT,exact_name_lookup,435,albuterol,,IN,ENG,100.0,HIGH_EXACT,success,
DRUG_000783,CONFIRMED_INTEGRATED_ENTITY,ganciclovir,rxnav_drugbank_id_lookup,AUTHORITATIVE_NAME,HIGH_EXACT,exact_identifier_based,4678,ganciclovir,,IN,ENG,100.0,HIGH_EXACT,success,
DRUG_000784,CONFIRMED_INTEGRATED_ENTITY,Hydroxyurea,pubchem_cid_lookup,PUBCHEM_TITLE_CANDIDATE,AMBIGUOUS_CLINICAL_MAPPING,conflict_resolution,,,,,,0.0,AMBIGUOUS_CLINICAL_MAPPING,success,"Conflict: mapped to multiple different RxCUIs: ['151871', '5552']"
DRUG_000785,CONFIRMED_INTEGRATED_ENTITY,letrozole,rxnav_drugbank_id_lookup,AUTHORITATIVE_NAME,HIGH_EXACT,exact_identifier_based,72965,letrozole,,IN,ENG,100.0,HIGH_EXACT,success,
DRUG_000786,CONFIRMED_INTEGRATED_ENTITY,tioconazole,rxnav_drugbank_id_lookup,AUTHORITATIVE_NAME,HIGH_EXACT,exact_identifier_based,38298,tioconazole,,IN,ENG,100.0,HIGH_EXACT,success,
DRUG_000787,CONFIRMED_INTEGRATED_ENTITY,busulfan,rxnav_drugbank_id_lookup,AUTHORITATIVE_NAME,HIGH_EXACT,exact_identifier_based,1828,busulfan,,IN,ENG,100.0,HIGH_EXACT,success,
DRUG_000788,AMBIGUOUS_MAPPING_COMPONENT,ketoprofen,rxnav_drugbank_id_lookup,AUTHORITATIVE_NAME,HIGH_EXACT,exact_identifier_based,6142,ketoprofen,,IN,ENG,100.0,HIGH_EXACT,success,
DRUG_000789,AMBIGUOUS_MAPPING_COMPONENT,dexketoprofen,rxnav_drugbank_id_lookup,AUTHORITATIVE_NAME,HIGH_EXACT,exact_identifier_based,237162,dexketoprofen,,IN,ENG,100.0,HIGH_EXACT,success,
DRUG_000790,AMBIGUOUS_MAPPING_COMPONENT,Ketoprofen,pubchem_cid_lookup,PUBCHEM_TITLE_CANDIDATE,HIGH_EXACT,exact_name_lookup,6142,ketoprofen,,IN,ENG,100.0,HIGH_EXACT,success,
DRUG_000791,CONFIRMED_INTEGRATED_ENTITY,Edrophonium,pubchem_inchikey_lookup,PUBCHEM_TITLE_CANDIDATE,HIGH_EXACT,exact_identifier_based,1546421,edrophonium cation,,PIN,ENG,100.0,HIGH_EXACT,success,
DRUG_000792,CONFIRMED_INTEGRATED_ENTITY,metyrapone,rxnav_drugbank_id_lookup,AUTHORITATIVE_NAME,HIGH_EXACT,exact_identifier_based,6923,metyrapone,,IN,ENG,100.0,HIGH_EXACT,success,
DRUG_000793,CONFIRMED_INTEGRATED_ENTITY,cinacalcet,rxnav_drugbank_id_lookup,AUTHORITATIVE_NAME,HIGH_EXACT,exact_identifier_based,407990,cinacalcet,,IN,ENG,100.0,HIGH_EXACT,success,
DRUG_000794,CONFIRMED_INTEGRATED_ENTITY,clobetasol propionate,rxnav_drugbank_id_lookup,AUTHORITATIVE_NAME,HIGH_EXACT,exact_identifier_based,21245,clobetasol propionate,,PIN,ENG,100.0,HIGH_EXACT,success,
DRUG_000795,CONFIRMED_INTEGRATED_ENTITY,balsalazide,rxnav_drugbank_id_lookup,AUTHORITATIVE_NAME,HIGH_EXACT,exact_identifier_based,18747,balsalazide,,IN,ENG,100.0,HIGH_EXACT,success,
DRUG_000796,CONFIRMED_INTEGRATED_ENTITY,sulfamethoxazole,rxnav_drugbank_id_lookup,AUTHORITATIVE_NAME,HIGH_EXACT,exact_identifier_based,10180,sulfamethoxazole,,IN,ENG,100.0,HIGH_EXACT,success,
DRUG_000797,CONFIRMED_INTEGRATED_ENTITY,glyburide,rxnav_drugbank_id_lookup,AUTHORITATIVE_NAME,HIGH_EXACT,exact_identifier_based,4815,glyburide,glibenclamide,IN,ENG,100.0,HIGH_EXACT,success,
DRUG_000798,CONFIRMED_INTEGRATED_ENTITY,minocycline,rxnav_drugbank_id_lookup,AUTHORITATIVE_NAME,HIGH_EXACT,exact_identifier_based,6980,minocycline,,IN,ENG,100.0,HIGH_EXACT,success,
DRUG_000799,CONFIRMED_INTEGRATED_ENTITY,guanfacine,rxnav_drugbank_id_lookup,AUTHORITATIVE_NAME,HIGH_EXACT,exact_identifier_based,40114,guanfacine,,IN,ENG,100.0,HIGH_EXACT,success,
DRUG_000800,CONFIRMED_INTEGRATED_ENTITY,bethanechol,rxnav_drugbank_id_lookup,AUTHORITATIVE_NAME,HIGH_EXACT,exact_identifier_based,19257,bethanechol,,IN,ENG,100.0,HIGH_EXACT,success,
DRUG_000801,CONFIRMED_INTEGRATED_ENTITY,isosorbide mononitrate,rxnav_drugbank_id_lookup,AUTHORITATIVE_NAME,HIGH_EXACT,exact_identifier_based,28004,isosorbide mononitrate,,PIN,ENG,100.0,HIGH_EXACT,success,
DRUG_000802,CONFIRMED_INTEGRATED_ENTITY,trichlormethiazide,rxnav_drugbank_id_lookup,AUTHORITATIVE_NAME,HIGH_EXACT,exact_identifier_based,10772,trichlormethiazide,,IN,ENG,100.0,HIGH_EXACT,success,
DRUG_000803,CONFIRMED_INTEGRATED_ENTITY,"2-Methyl-3-(3,7,11,15-tetramethyl-2-hexadecen-1-yl)-1,4-naphthoquinone",pubchem_cid_lookup,PUBCHEM_TITLE_CANDIDATE,HIGH_EXACT,exact_identifier_based,11258,vitamin K,,IN,ENG,100.0,HIGH_EXACT,success,
DRUG_000804,CONFIRMED_INTEGRATED_ENTITY,felodipine,rxnav_drugbank_id_lookup,AUTHORITATIVE_NAME,HIGH_EXACT,exact_identifier_based,4316,felodipine,,IN,ENG,100.0,HIGH_EXACT,success,
DRUG_000805,CONFIRMED_INTEGRATED_ENTITY,Mycophenolic Acid,pubchem_inchikey_lookup,PUBCHEM_TITLE_CANDIDATE,HIGH_EXACT,exact_identifier_based,265323,mycophenolate,,IN,ENG,100.0,HIGH_EXACT,success,
DRUG_000806,CONFIRMED_INTEGRATED_ENTITY,ketoconazole,rxnav_drugbank_id_lookup,AUTHORITATIVE_NAME,HIGH_EXACT,exact_identifier_based,6135,ketoconazole,,IN,ENG,100.0,HIGH_EXACT,success,
DRUG_000807,CONFIRMED_INTEGRATED_ENTITY,methoxyflurane,rxnav_drugbank_id_lookup,AUTHORITATIVE_NAME,HIGH_EXACT,exact_identifier_based,6857,methoxyflurane,,IN,ENG,100.0,HIGH_EXACT,success,
DRUG_000808,CONFIRMED_INTEGRATED_ENTITY,irbesartan,rxnav_drugbank_id_lookup,AUTHORITATIVE_NAME,HIGH_EXACT,exact_identifier_based,83818,irbesartan,,IN,ENG,100.0,HIGH_EXACT,success,
DRUG_000809,CONFIRMED_INTEGRATED_ENTITY,topotecan,rxnav_drugbank_id_lookup,AUTHORITATIVE_NAME,HIGH_EXACT,exact_identifier_based,57308,topotecan,,IN,ENG,100.0,HIGH_EXACT,success,
DRUG_000810,CONFIRMED_INTEGRATED_ENTITY,probenecid,rxnav_drugbank_id_lookup,AUTHORITATIVE_NAME,HIGH_EXACT,exact_identifier_based,8698,probenecid,,IN,ENG,100.0,HIGH_EXACT,success,
DRUG_000811,CONFIRMED_INTEGRATED_ENTITY,6-Mercaptopurine,pubchem_cid_lookup,PUBCHEM_TITLE_CANDIDATE,HIGH_EXACT,exact_identifier_based,103,mercaptopurine,,IN,ENG,100.0,HIGH_EXACT,success,
DRUG_000812,CONFIRMED_INTEGRATED_ENTITY,Cerulenin,pubchem_inchikey_lookup,PUBCHEM_TITLE_CANDIDATE,NO_MATCH,none,,,,,,0.0,NO_MATCH,success,
DRUG_000813,CONFIRMED_INTEGRATED_ENTITY,procainamide,rxnav_drugbank_id_lookup,AUTHORITATIVE_NAME,HIGH_EXACT,exact_identifier_based,8700,procainamide,,IN,ENG,100.0,HIGH_EXACT,success,
DRUG_000814,CONFIRMED_INTEGRATED_ENTITY,tolterodine,rxnav_drugbank_id_lookup,AUTHORITATIVE_NAME,HIGH_EXACT,exact_identifier_based,119565,tolterodine,,IN,ENG,100.0,HIGH_EXACT,success,
DRUG_000815,CONFIRMED_INTEGRATED_ENTITY,selegiline,rxnav_drugbank_id_lookup,AUTHORITATIVE_NAME,HIGH_EXACT,exact_identifier_based,9639,selegiline,,IN,ENG,100.0,HIGH_EXACT,success,
DRUG_000816,CONFIRMED_INTEGRATED_ENTITY,fenofibrate,rxnav_drugbank_id_lookup,AUTHORITATIVE_NAME,HIGH_EXACT,exact_identifier_based,8703,fenofibrate,,IN,ENG,100.0,HIGH_EXACT,success,
DRUG_000817,CONFIRMED_INTEGRATED_ENTITY,thalidomide,rxnav_drugbank_id_lookup,AUTHORITATIVE_NAME,HIGH_EXACT,exact_identifier_based,10432,thalidomide,,IN,ENG,100.0,HIGH_EXACT,success,
DRUG_000818,CONFIRMED_INTEGRATED_ENTITY,melphalan,rxnav_drugbank_id_lookup,AUTHORITATIVE_NAME,HIGH_EXACT,exact_identifier_based,6718,melphalan,,IN,ENG,100.0,HIGH_EXACT,success,
DRUG_000819,CONFIRMED_INTEGRATED_ENTITY,memantine,rxnav_drugbank_id_lookup,AUTHORITATIVE_NAME,HIGH_EXACT,exact_identifier_based,6719,memantine,,IN,ENG,100.0,HIGH_EXACT,success,
DRUG_000820,CONFIRMED_INTEGRATED_ENTITY,Gatifloxacin,pubchem_cid_lookup,PUBCHEM_TITLE_CANDIDATE,AMBIGUOUS_CLINICAL_MAPPING,conflict_resolution,,,,,,0.0,AMBIGUOUS_CLINICAL_MAPPING,success,"Conflict: mapped to multiple different RxCUIs: ['228476', '1546025']"
DRUG_000821,CONFIRMED_INTEGRATED_ENTITY,rifampin,rxnav_drugbank_id_lookup,AUTHORITATIVE_NAME,HIGH_EXACT,exact_identifier_based,9384,rifampin,rifampicin,IN,ENG,100.0,HIGH_EXACT,success,
DRUG_000822,CONFIRMED_INTEGRATED_ENTITY,lubiprostone,rxnav_drugbank_id_lookup,AUTHORITATIVE_NAME,HIGH_EXACT,exact_identifier_based,623033,lubiprostone,,IN,ENG,100.0,HIGH_EXACT,success,
DRUG_000823,CONFIRMED_INTEGRATED_ENTITY,fluocinonide,rxnav_drugbank_id_lookup,AUTHORITATIVE_NAME,HIGH_EXACT,exact_identifier_based,4462,fluocinonide,,IN,ENG,100.0,HIGH_EXACT,success,
DRUG_000824,CONFIRMED_INTEGRATED_ENTITY,abacavir,rxnav_drugbank_id_lookup,AUTHORITATIVE_NAME,HIGH_EXACT,exact_identifier_based,190521,abacavir,,IN,ENG,100.0,HIGH_EXACT,success,
DRUG_000825,CONFIRMED_INTEGRATED_ENTITY,ibuprofen,rxnav_drugbank_id_lookup,AUTHORITATIVE_NAME,HIGH_EXACT,exact_identifier_based,5640,ibuprofen,,IN,ENG,100.0,HIGH_EXACT,success,
DRUG_000826,CONFIRMED_INTEGRATED_ENTITY,novobiocin,rxnav_drugbank_id_lookup,AUTHORITATIVE_NAME,HIGH_EXACT,exact_identifier_based,7538,novobiocin,,IN,ENG,100.0,HIGH_EXACT,success,
DRUG_000827,CONFIRMED_INTEGRATED_ENTITY,penicillin G,rxnav_drugbank_id_lookup,AUTHORITATIVE_NAME,HIGH_EXACT,exact_identifier_based,7980,penicillin G,benzylpenicillin,IN,ENG,100.0,HIGH_EXACT,success,
DRUG_000828,CONFIRMED_INTEGRATED_ENTITY,nitrendipine,rxnav_drugbank_id_lookup,AUTHORITATIVE_NAME,HIGH_EXACT,exact_identifier_based,7441,nitrendipine,,IN,ENG,100.0,HIGH_EXACT,success,
DRUG_000829,CONFIRMED_INTEGRATED_ENTITY,ecothiopate,rxnav_drugbank_id_lookup,AUTHORITATIVE_NAME,HIGH_EXACT,exact_identifier_based,89778,ecothiopate,echothiophate,IN,ENG,100.0,HIGH_EXACT,success,
DRUG_000830,CONFIRMED_INTEGRATED_ENTITY,praziquantel,rxnav_drugbank_id_lookup,AUTHORITATIVE_NAME,HIGH_EXACT,exact_identifier_based,8628,praziquantel,,IN,ENG,100.0,HIGH_EXACT,success,
DRUG_000831,CONFIRMED_INTEGRATED_ENTITY,norfloxacin,rxnav_drugbank_id_lookup,AUTHORITATIVE_NAME,HIGH_EXACT,exact_identifier_based,7517,norfloxacin,,IN,ENG,100.0,HIGH_EXACT,success,
DRUG_000832,CONFIRMED_INTEGRATED_ENTITY,"6-(2-Amino(4-hydroxyphenyl)acetamido)-3,3-dimethyl-7-oxo-4-thia-1-azabicyclo(3.2.0)heptane-2-carboxylic acid",pubchem_cid_lookup,PUBCHEM_TITLE_CANDIDATE,HIGH_EXACT,exact_identifier_based,1297882,amoxicillin anhydrous,,PIN,ENG,100.0,HIGH_EXACT,success,
DRUG_000833,CONFIRMED_INTEGRATED_ENTITY,azlocillin,rxnav_drugbank_id_lookup,AUTHORITATIVE_NAME,HIGH_EXACT,exact_identifier_based,1266,azlocillin,,IN,ENG,100.0,HIGH_EXACT,success,
DRUG_000834,CONFIRMED_INTEGRATED_ENTITY,oxybutynin,rxnav_drugbank_id_lookup,AUTHORITATIVE_NAME,HIGH_EXACT,exact_identifier_based,32675,oxybutynin,,IN,ENG,100.0,HIGH_EXACT,success,
DRUG_000835,CONFIRMED_INTEGRATED_ENTITY,acetophenazine,rxnav_drugbank_id_lookup,AUTHORITATIVE_NAME,HIGH_EXACT,exact_identifier_based,16735,acetophenazine,,IN,ENG,100.0,HIGH_EXACT,success,
DRUG_000836,CONFIRMED_INTEGRATED_ENTITY,isoproterenol,rxnav_drugbank_id_lookup,AUTHORITATIVE_NAME,HIGH_EXACT,exact_identifier_based,6054,isoproterenol,,IN,ENG,100.0,HIGH_EXACT,success,
DRUG_000837,CONFIRMED_INTEGRATED_ENTITY,melatonin,rxnav_drugbank_id_lookup,AUTHORITATIVE_NAME,HIGH_EXACT,exact_identifier_based,6711,melatonin,,IN,ENG,100.0,HIGH_EXACT,success,
DRUG_000838,CONFIRMED_INTEGRATED_ENTITY,cefditoren,rxnav_drugbank_id_lookup,AUTHORITATIVE_NAME,HIGH_EXACT,exact_identifier_based,83682,cefditoren,,IN,ENG,100.0,HIGH_EXACT,success,
DRUG_000839,CONFIRMED_INTEGRATED_ENTITY,glipizide,rxnav_drugbank_id_lookup,AUTHORITATIVE_NAME,HIGH_EXACT,exact_identifier_based,4821,glipizide,,IN,ENG,100.0,HIGH_EXACT,success,
DRUG_000840,CONFIRMED_INTEGRATED_ENTITY,clonazepam,rxnav_drugbank_id_lookup,AUTHORITATIVE_NAME,HIGH_EXACT,exact_identifier_based,2598,clonazepam,,IN,ENG,100.0,HIGH_EXACT,success,
DRUG_000841,CONFIRMED_INTEGRATED_ENTITY,promethazine,rxnav_drugbank_id_lookup,AUTHORITATIVE_NAME,HIGH_EXACT,exact_identifier_based,8745,promethazine,,IN,ENG,100.0,HIGH_EXACT,success,
DRUG_000842,CONFIRMED_INTEGRATED_ENTITY,dihydrotachysterol,rxnav_drugbank_id_lookup,AUTHORITATIVE_NAME,HIGH_EXACT,exact_identifier_based,3429,dihydrotachysterol,,IN,ENG,100.0,HIGH_EXACT,success,
DRUG_000843,CONFIRMED_INTEGRATED_ENTITY,mequitazine,rxnav_drugbank_id_lookup,AUTHORITATIVE_NAME,HIGH_EXACT,exact_identifier_based,29528,mequitazine,,IN,ENG,100.0,HIGH_EXACT,success,
DRUG_000844,CONFIRMED_INTEGRATED_ENTITY,atazanavir,rxnav_drugbank_id_lookup,AUTHORITATIVE_NAME,HIGH_EXACT,exact_identifier_based,343047,atazanavir,,IN,ENG,100.0,HIGH_EXACT,success,
DRUG_000845,CONFIRMED_INTEGRATED_ENTITY,fludarabine,rxnav_drugbank_id_lookup,AUTHORITATIVE_NAME,HIGH_EXACT,exact_identifier_based,24698,fludarabine,,IN,ENG,100.0,HIGH_EXACT,success,
DRUG_000846,CONFIRMED_INTEGRATED_ENTITY,perhexiline,rxnav_drugbank_id_lookup,AUTHORITATIVE_NAME,HIGH_EXACT,exact_identifier_based,8050,perhexiline,,IN,ENG,100.0,HIGH_EXACT,success,
DRUG_000847,CONFIRMED_INTEGRATED_ENTITY,diphenhydramine,rxnav_drugbank_id_lookup,AUTHORITATIVE_NAME,HIGH_EXACT,exact_identifier_based,3498,diphenhydramine,,IN,ENG,100.0,HIGH_EXACT,success,
DRUG_000848,CONFIRMED_INTEGRATED_ENTITY,atorvastatin,rxnav_drugbank_id_lookup,AUTHORITATIVE_NAME,HIGH_EXACT,exact_identifier_based,83367,atorvastatin,,IN,ENG,100.0,HIGH_EXACT,success,
DRUG_000849,CONFIRMED_INTEGRATED_ENTITY,Etidronic Acid,pubchem_cid_lookup,PUBCHEM_TITLE_CANDIDATE,HIGH_EXACT,exact_identifier_based,1356715,etidronic acid,,PIN,ENG,100.0,HIGH_EXACT,success,
DRUG_000850,CONFIRMED_INTEGRATED_ENTITY,deslanoside,rxnav_drugbank_id_lookup,AUTHORITATIVE_NAME,HIGH_EXACT,exact_identifier_based,3248,deslanoside,,IN,ENG,100.0,HIGH_EXACT,success,
DRUG_000851,CONFIRMED_INTEGRATED_ENTITY,vigabatrin,rxnav_drugbank_id_lookup,AUTHORITATIVE_NAME,HIGH_EXACT,exact_identifier_based,14851,vigabatrin,,IN,ENG,100.0,HIGH_EXACT,success,
DRUG_000852,CONFIRMED_INTEGRATED_ENTITY,diphenoxylate,rxnav_drugbank_id_lookup,AUTHORITATIVE_NAME,HIGH_EXACT,exact_identifier_based,3500,diphenoxylate,,IN,ENG,100.0,HIGH_EXACT,success,
DRUG_000853,CONFIRMED_INTEGRATED_ENTITY,streptomycin,rxnav_drugbank_id_lookup,AUTHORITATIVE_NAME,HIGH_EXACT,exact_identifier_based,10109,streptomycin,,IN,ENG,100.0,HIGH_EXACT,success,
DRUG_000854,CONFIRMED_INTEGRATED_ENTITY,orlistat,rxnav_drugbank_id_lookup,AUTHORITATIVE_NAME,HIGH_EXACT,exact_identifier_based,37925,orlistat,,IN,ENG,100.0,HIGH_EXACT,success,
DRUG_000855,CONFIRMED_INTEGRATED_ENTITY,emedastine,rxnav_drugbank_id_lookup,AUTHORITATIVE_NAME,HIGH_EXACT,exact_identifier_based,28144,emedastine,,IN,ENG,100.0,HIGH_EXACT,success,
DRUG_000856,CONFIRMED_INTEGRATED_ENTITY,pilocarpine,rxnav_drugbank_id_lookup,AUTHORITATIVE_NAME,HIGH_EXACT,exact_identifier_based,8328,pilocarpine,,IN,ENG,100.0,HIGH_EXACT,success,
DRUG_000857,CONFIRMED_INTEGRATED_ENTITY,benzocaine,rxnav_drugbank_id_lookup,AUTHORITATIVE_NAME,HIGH_EXACT,exact_identifier_based,1399,benzocaine,,IN,ENG,100.0,HIGH_EXACT,success,
DRUG_000858,CONFIRMED_INTEGRATED_ENTITY,primaquine,rxnav_drugbank_id_lookup,AUTHORITATIVE_NAME,HIGH_EXACT,exact_identifier_based,8687,primaquine,,IN,ENG,100.0,HIGH_EXACT,success,
DRUG_000859,CONFIRMED_INTEGRATED_ENTITY,iloprost,rxnav_drugbank_id_lookup,AUTHORITATIVE_NAME,HIGH_EXACT,exact_identifier_based,40138,iloprost,,IN,ENG,100.0,HIGH_EXACT,success,
DRUG_000860,CONFIRMED_INTEGRATED_ENTITY,deserpidine,rxnav_drugbank_id_lookup,AUTHORITATIVE_NAME,HIGH_EXACT,exact_identifier_based,62174,deserpidine,,IN,ENG,100.0,HIGH_EXACT,success,
DRUG_000861,CONFIRMED_INTEGRATED_ENTITY,Pentolinium,pubchem_inchikey_lookup,PUBCHEM_TITLE_CANDIDATE,NO_MATCH,none,,,,,,0.0,NO_MATCH,success,
DRUG_000862,CONFIRMED_INTEGRATED_ENTITY,butenafine,rxnav_drugbank_id_lookup,AUTHORITATIVE_NAME,HIGH_EXACT,exact_identifier_based,47461,butenafine,,IN,ENG,100.0,HIGH_EXACT,success,
DRUG_000863,CONFIRMED_INTEGRATED_ENTITY,ouabain,rxnav_drugbank_id_lookup,AUTHORITATIVE_NAME,HIGH_EXACT,exact_identifier_based,7762,ouabain,g-strophanthin,IN,ENG,100.0,HIGH_EXACT,success,
DRUG_000864,CONFIRMED_INTEGRATED_ENTITY,dimethyl sulfoxide,rxnav_drugbank_id_lookup,AUTHORITATIVE_NAME,HIGH_EXACT,exact_identifier_based,3455,dimethyl sulfoxide,,IN,ENG,100.0,HIGH_EXACT,success,
DRUG_000865,CONFIRMED_INTEGRATED_ENTITY,hesperetin,rxnav_drugbank_id_lookup,AUTHORITATIVE_NAME,HIGH_EXACT,exact_identifier_based,1314255,hesperetin,,IN,ENG,100.0,HIGH_EXACT,success,
DRUG_000866,CONFIRMED_INTEGRATED_ENTITY,fluvastatin,rxnav_drugbank_id_lookup,AUTHORITATIVE_NAME,HIGH_EXACT,exact_identifier_based,41127,fluvastatin,,IN,ENG,100.0,HIGH_EXACT,success,
DRUG_000867,CONFIRMED_INTEGRATED_ENTITY,oxamniquine,rxnav_drugbank_id_lookup,AUTHORITATIVE_NAME,HIGH_EXACT,exact_identifier_based,7778,oxamniquine,,IN,ENG,100.0,HIGH_EXACT,success,
DRUG_000868,CONFIRMED_INTEGRATED_ENTITY,leflunomide,rxnav_drugbank_id_lookup,AUTHORITATIVE_NAME,HIGH_EXACT,exact_identifier_based,27169,leflunomide,,IN,ENG,100.0,HIGH_EXACT,success,
DRUG_000869,CONFIRMED_INTEGRATED_ENTITY,rosuvastatin,rxnav_drugbank_id_lookup,AUTHORITATIVE_NAME,HIGH_EXACT,exact_identifier_based,301542,rosuvastatin,,IN,ENG,100.0,HIGH_EXACT,success,
DRUG_000870,CONFIRMED_INTEGRATED_ENTITY,flucytosine,rxnav_drugbank_id_lookup,AUTHORITATIVE_NAME,HIGH_EXACT,exact_identifier_based,4451,flucytosine,,IN,ENG,100.0,HIGH_EXACT,success,
DRUG_000871,CONFIRMED_INTEGRATED_ENTITY,pimozide,rxnav_drugbank_id_lookup,AUTHORITATIVE_NAME,HIGH_EXACT,exact_identifier_based,8331,pimozide,,IN,ENG,100.0,HIGH_EXACT,success,
DRUG_000872,CONFIRMED_INTEGRATED_ENTITY,capecitabine,rxnav_drugbank_id_lookup,AUTHORITATIVE_NAME,HIGH_EXACT,exact_identifier_based,194000,capecitabine,,IN,ENG,100.0,HIGH_EXACT,success,
DRUG_000873,CONFIRMED_INTEGRATED_ENTITY,arbutamine,rxnav_drugbank_id_lookup,AUTHORITATIVE_NAME,HIGH_EXACT,exact_identifier_based,61609,arbutamine,,IN,ENG,100.0,HIGH_EXACT,success,
DRUG_000874,CONFIRMED_INTEGRATED_ENTITY,quinacrine,rxnav_drugbank_id_lookup,AUTHORITATIVE_NAME,HIGH_EXACT,exact_identifier_based,9061,quinacrine,mepacrine,IN,ENG,100.0,HIGH_EXACT,success,
DRUG_000875,CONFIRMED_INTEGRATED_ENTITY,sertraline,rxnav_drugbank_id_lookup,AUTHORITATIVE_NAME,HIGH_EXACT,exact_identifier_based,36437,sertraline,,IN,ENG,100.0,HIGH_EXACT,success,
DRUG_000876,CONFIRMED_INTEGRATED_ENTITY,sibutramine,rxnav_drugbank_id_lookup,AUTHORITATIVE_NAME,HIGH_EXACT,exact_identifier_based,36514,sibutramine,,IN,ENG,100.0,HIGH_EXACT,success,
DRUG_000877,CONFIRMED_INTEGRATED_ENTITY,levocabastine,rxnav_drugbank_id_lookup,AUTHORITATIVE_NAME,HIGH_EXACT,exact_identifier_based,28627,levocabastine,,IN,ENG,100.0,HIGH_EXACT,success,
DRUG_000878,CONFIRMED_INTEGRATED_ENTITY,methyprylon,rxnav_drugbank_id_lookup,AUTHORITATIVE_NAME,HIGH_EXACT,exact_identifier_based,6910,methyprylon,,IN,ENG,100.0,HIGH_EXACT,success,
DRUG_000879,CONFIRMED_INTEGRATED_ENTITY,trilostane,rxnav_drugbank_id_lookup,AUTHORITATIVE_NAME,HIGH_EXACT,exact_identifier_based,38668,trilostane,,IN,ENG,100.0,HIGH_EXACT,success,
DRUG_000880,CONFIRMED_INTEGRATED_ENTITY,miconazole,rxnav_drugbank_id_lookup,AUTHORITATIVE_NAME,HIGH_EXACT,exact_identifier_based,6932,miconazole,,IN,ENG,100.0,HIGH_EXACT,success,
DRUG_000881,CONFIRMED_INTEGRATED_ENTITY,colistimethate,rxnav_drugbank_id_lookup,AUTHORITATIVE_NAME,HIGH_EXACT,exact_identifier_based,2708,colistimethate,,PIN,ENG,100.0,HIGH_EXACT,success,
DRUG_000882,CONFIRMED_INTEGRATED_ENTITY,cefuroxime,rxnav_drugbank_id_lookup,AUTHORITATIVE_NAME,HIGH_EXACT,exact_identifier_based,2194,cefuroxime,,IN,ENG,100.0,HIGH_EXACT,success,
DRUG_000883,CONFIRMED_INTEGRATED_ENTITY,papaverine,rxnav_drugbank_id_lookup,AUTHORITATIVE_NAME,HIGH_EXACT,exact_identifier_based,7895,papaverine,,IN,ENG,100.0,HIGH_EXACT,success,
DRUG_000884,CONFIRMED_INTEGRATED_ENTITY,(+-)-Chlorpheniramine,pubchem_cid_lookup,PUBCHEM_TITLE_CANDIDATE,HIGH_EXACT,exact_identifier_based,221074,chlorpheniramine polistirex,,PIN,ENG,100.0,HIGH_EXACT,success,
DRUG_000885,CONFIRMED_INTEGRATED_ENTITY,nifedipine,rxnav_drugbank_id_lookup,AUTHORITATIVE_NAME,HIGH_EXACT,exact_identifier_based,7417,nifedipine,,IN,ENG,100.0,HIGH_EXACT,success,
DRUG_000886,CONFIRMED_INTEGRATED_ENTITY,trimethaphan,rxnav_drugbank_id_lookup,AUTHORITATIVE_NAME,HIGH_EXACT,exact_identifier_based,10828,trimethaphan,trimetaphan,IN,ENG,100.0,HIGH_EXACT,success,
DRUG_000887,CONFIRMED_INTEGRATED_ENTITY,atovaquone,rxnav_drugbank_id_lookup,AUTHORITATIVE_NAME,HIGH_EXACT,exact_identifier_based,60212,atovaquone,,IN,ENG,100.0,HIGH_EXACT,success,
DRUG_000888,CONFIRMED_INTEGRATED_ENTITY,amiodarone,rxnav_drugbank_id_lookup,AUTHORITATIVE_NAME,HIGH_EXACT,exact_identifier_based,703,amiodarone,,IN,ENG,100.0,HIGH_EXACT,success,
DRUG_000889,CONFIRMED_INTEGRATED_ENTITY,diazoxide,rxnav_drugbank_id_lookup,AUTHORITATIVE_NAME,HIGH_EXACT,exact_identifier_based,3327,diazoxide,,IN,ENG,100.0,HIGH_EXACT,success,
DRUG_000890,CONFIRMED_INTEGRATED_ENTITY,gliclazide,rxnav_drugbank_id_lookup,AUTHORITATIVE_NAME,HIGH_EXACT,exact_identifier_based,4816,gliclazide,,IN,ENG,100.0,HIGH_EXACT,success,
DRUG_000891,CONFIRMED_INTEGRATED_ENTITY,phenacemide,rxnav_drugbank_id_lookup,AUTHORITATIVE_NAME,HIGH_EXACT,exact_identifier_based,33253,phenacemide,,IN,ENG,100.0,HIGH_EXACT,success,
DRUG_000892,CONFIRMED_INTEGRATED_ENTITY,ambenonium,rxnav_drugbank_id_lookup,AUTHORITATIVE_NAME,HIGH_EXACT,exact_identifier_based,623,ambenonium,,IN,ENG,100.0,HIGH_EXACT,success,
DRUG_000893,CONFIRMED_INTEGRATED_ENTITY,tolbutamide,rxnav_drugbank_id_lookup,AUTHORITATIVE_NAME,HIGH_EXACT,exact_identifier_based,10635,tolbutamide,,IN,ENG,100.0,HIGH_EXACT,success,
DRUG_000894,CONFIRMED_INTEGRATED_ENTITY,dutasteride,rxnav_drugbank_id_lookup,AUTHORITATIVE_NAME,HIGH_EXACT,exact_identifier_based,228790,dutasteride,,IN,ENG,100.0,HIGH_EXACT,success,
DRUG_000895,CONFIRMED_INTEGRATED_ENTITY,econazole,rxnav_drugbank_id_lookup,AUTHORITATIVE_NAME,HIGH_EXACT,exact_identifier_based,3743,econazole,,IN,ENG,100.0,HIGH_EXACT,success,
DRUG_000896,CONFIRMED_INTEGRATED_ENTITY,bicalutamide,rxnav_drugbank_id_lookup,AUTHORITATIVE_NAME,HIGH_EXACT,exact_identifier_based,83008,bicalutamide,,IN,ENG,100.0,HIGH_EXACT,success,
DRUG_000897,CONFIRMED_INTEGRATED_ENTITY,rabeprazole,rxnav_drugbank_id_lookup,AUTHORITATIVE_NAME,HIGH_EXACT,exact_identifier_based,114979,rabeprazole,,IN,ENG,100.0,HIGH_EXACT,success,
DRUG_000898,CONFIRMED_INTEGRATED_ENTITY,prednicarbate,rxnav_drugbank_id_lookup,AUTHORITATIVE_NAME,HIGH_EXACT,exact_identifier_based,34369,prednicarbate,,IN,ENG,100.0,HIGH_EXACT,success,
DRUG_000899,CONFIRMED_INTEGRATED_ENTITY,proguanil,rxnav_drugbank_id_lookup,AUTHORITATIVE_NAME,HIGH_EXACT,exact_identifier_based,2382,proguanil,chloroguanide,IN,ENG,100.0,HIGH_EXACT,success,
DRUG_000900,CONFIRMED_INTEGRATED_ENTITY,pioglitazone,rxnav_drugbank_id_lookup,AUTHORITATIVE_NAME,HIGH_EXACT,exact_identifier_based,33738,pioglitazone,,IN,ENG,100.0,HIGH_EXACT,success,
DRUG_000901,CONFIRMED_INTEGRATED_ENTITY,Tiludronic Acid,pubchem_inchikey_lookup,PUBCHEM_TITLE_CANDIDATE,HIGH_EXACT,exact_identifier_based,11476,tiludronic acid,,IN,ENG,100.0,HIGH_EXACT,success,
DRUG_000902,CONFIRMED_INTEGRATED_ENTITY,doxacurium,rxnav_drugbank_id_lookup,AUTHORITATIVE_NAME,HIGH_EXACT,exact_identifier_based,23651,doxacurium,,IN,ENG,100.0,HIGH_EXACT,success,
DRUG_000903,CONFIRMED_INTEGRATED_ENTITY,carvedilol,rxnav_drugbank_id_lookup,AUTHORITATIVE_NAME,HIGH_EXACT,exact_identifier_based,20352,carvedilol,,IN,ENG,100.0,HIGH_EXACT,success,
DRUG_000904,AMBIGUOUS_MAPPING_COMPONENT,Levofloxacin,pubchem_inchikey_lookup,PUBCHEM_TITLE_CANDIDATE,HIGH_EXACT,exact_identifier_based,1546009,levofloxacin anhydrous,,PIN,ENG,100.0,HIGH_EXACT,success,
DRUG_000905,AMBIGUOUS_MAPPING_COMPONENT,ofloxacin,rxnav_drugbank_id_lookup,AUTHORITATIVE_NAME,HIGH_EXACT,exact_identifier_based,7623,ofloxacin,,IN,ENG,100.0,HIGH_EXACT,success,
DRUG_000906,AMBIGUOUS_MAPPING_COMPONENT,Ofloxacin,pubchem_cid_lookup,PUBCHEM_TITLE_CANDIDATE,HIGH_EXACT,exact_name_lookup,7623,ofloxacin,,IN,ENG,100.0,HIGH_EXACT,success,
DRUG_000907,CONFIRMED_INTEGRATED_ENTITY,sulfinpyrazone,rxnav_drugbank_id_lookup,AUTHORITATIVE_NAME,HIGH_EXACT,exact_identifier_based,10205,sulfinpyrazone,,IN,ENG,100.0,HIGH_EXACT,success,
DRUG_000908,CONFIRMED_INTEGRATED_ENTITY,cephapirin,rxnav_drugbank_id_lookup,AUTHORITATIVE_NAME,HIGH_EXACT,exact_identifier_based,2238,cephapirin,cefapirin,IN,ENG,100.0,HIGH_EXACT,success,
DRUG_000909,CONFIRMED_INTEGRATED_ENTITY,7-((2-Amino-2-(4-hydroxyphenyl)acetyl)amino)-3-methyl-8-oxo-5-thia-1-azabicyclo(4.2.0)oct-2-ene-2-carboxylic acid,pubchem_cid_lookup,PUBCHEM_TITLE_CANDIDATE,HIGH_EXACT,exact_identifier_based,1545975,cefadroxil anhydrous,,PIN,ENG,100.0,HIGH_EXACT,success,
DRUG_000910,CONFIRMED_INTEGRATED_ENTITY,micafungin,rxnav_drugbank_id_lookup,AUTHORITATIVE_NAME,HIGH_EXACT,exact_identifier_based,325887,micafungin,,IN,ENG,100.0,HIGH_EXACT,success,
DRUG_000911,CONFIRMED_INTEGRATED_ENTITY,doxepin,rxnav_drugbank_id_lookup,AUTHORITATIVE_NAME,HIGH_EXACT,exact_identifier_based,3638,doxepin,,IN,ENG,100.0,HIGH_EXACT,success,
DRUG_000912,CONFIRMED_INTEGRATED_ENTITY,Amifostine,pubchem_cid_lookup,PUBCHEM_TITLE_CANDIDATE,AMBIGUOUS_CLINICAL_MAPPING,conflict_resolution,,,,,,0.0,AMBIGUOUS_CLINICAL_MAPPING,success,"Conflict: mapped to multiple different RxCUIs: ['1545987', '4126']"
DRUG_000913,CONFIRMED_INTEGRATED_ENTITY,dichlorphenamide,rxnav_drugbank_id_lookup,AUTHORITATIVE_NAME,HIGH_EXACT,exact_identifier_based,3353,dichlorphenamide,diclofenamide,IN,ENG,100.0,HIGH_EXACT,success,
DRUG_000914,CONFIRMED_INTEGRATED_ENTITY,cloxacillin,rxnav_drugbank_id_lookup,AUTHORITATIVE_NAME,HIGH_EXACT,exact_identifier_based,2625,cloxacillin,,IN,ENG,100.0,HIGH_EXACT,success,
DRUG_000915,CONFIRMED_INTEGRATED_ENTITY,nefazodone,rxnav_drugbank_id_lookup,AUTHORITATIVE_NAME,HIGH_EXACT,exact_identifier_based,31565,nefazodone,,IN,ENG,100.0,HIGH_EXACT,success,
DRUG_000916,CONFIRMED_INTEGRATED_ENTITY,7-[[2-Amino-2-(4-hydroxyphenyl)acetyl]amino]-8-oxo-3-prop-1-enyl-5-thia-1-azabicyclo[4.2.0]oct-2-ene-2-carboxylic acid,pubchem_cid_lookup,PUBCHEM_TITLE_CANDIDATE,HIGH_EXACT,exact_identifier_based,1546020,cefprozil anhydrous,,PIN,ENG,100.0,HIGH_EXACT,success,
DRUG_000917,CONFIRMED_INTEGRATED_ENTITY,desipramine,rxnav_drugbank_id_lookup,AUTHORITATIVE_NAME,HIGH_EXACT,exact_identifier_based,3247,desipramine,,IN,ENG,100.0,HIGH_EXACT,success,
DRUG_000918,CONFIRMED_INTEGRATED_ENTITY,sertaconazole,rxnav_drugbank_id_lookup,AUTHORITATIVE_NAME,HIGH_EXACT,exact_identifier_based,36435,sertaconazole,,IN,ENG,100.0,HIGH_EXACT,success,
DRUG_000919,CONFIRMED_INTEGRATED_ENTITY,thiamylal,rxnav_drugbank_id_lookup,AUTHORITATIVE_NAME,HIGH_EXACT,exact_identifier_based,10464,thiamylal,,IN,ENG,100.0,HIGH_EXACT,success,
DRUG_000920,CONFIRMED_INTEGRATED_ENTITY,gemifloxacin,rxnav_drugbank_id_lookup,AUTHORITATIVE_NAME,HIGH_EXACT,exact_identifier_based,138099,gemifloxacin,,IN,ENG,100.0,HIGH_EXACT,success,
DRUG_000921,CONFIRMED_INTEGRATED_ENTITY,bupropion,rxnav_drugbank_id_lookup,AUTHORITATIVE_NAME,HIGH_EXACT,exact_identifier_based,42347,bupropion,,IN,ENG,100.0,HIGH_EXACT,success,
DRUG_000922,CONFIRMED_INTEGRATED_ENTITY,trimetrexate,rxnav_drugbank_id_lookup,AUTHORITATIVE_NAME,HIGH_EXACT,exact_identifier_based,42333,trimetrexate,,IN,ENG,100.0,HIGH_EXACT,success,
DRUG_000923,CONFIRMED_INTEGRATED_ENTITY,bretylium,rxnav_drugbank_id_lookup,AUTHORITATIVE_NAME,HIGH_EXACT,exact_identifier_based,19685,bretylium,,IN,ENG,100.0,HIGH_EXACT,success,
DRUG_000924,CONFIRMED_INTEGRATED_ENTITY,halothane,rxnav_drugbank_id_lookup,AUTHORITATIVE_NAME,HIGH_EXACT,exact_identifier_based,5095,halothane,,IN,ENG,100.0,HIGH_EXACT,success,
DRUG_000925,CONFIRMED_INTEGRATED_ENTITY,dinoprost tromethamine,rxnav_drugbank_id_lookup,AUTHORITATIVE_NAME,HIGH_EXACT,exact_identifier_based,23321,dinoprost tromethamine,,PIN,ENG,100.0,HIGH_EXACT,success,
DRUG_000926,CONFIRMED_INTEGRATED_ENTITY,chloroprocaine,rxnav_drugbank_id_lookup,AUTHORITATIVE_NAME,HIGH_EXACT,exact_identifier_based,20859,chloroprocaine,,IN,ENG,100.0,HIGH_EXACT,success,
DRUG_000927,CONFIRMED_INTEGRATED_ENTITY,terazosin,rxnav_drugbank_id_lookup,AUTHORITATIVE_NAME,HIGH_EXACT,exact_identifier_based,37798,terazosin,,IN,ENG,100.0,HIGH_EXACT,success,
DRUG_000928,CONFIRMED_INTEGRATED_ENTITY,Calol,pubchem_inchikey_lookup,PUBCHEM_TITLE_CANDIDATE,HIGH_EXACT,exact_identifier_based,1667640,calcium chloride anhydrous,,PIN,ENG,100.0,HIGH_EXACT,success,
DRUG_000929,CONFIRMED_INTEGRATED_ENTITY,cilostazol,rxnav_drugbank_id_lookup,AUTHORITATIVE_NAME,HIGH_EXACT,exact_identifier_based,21107,cilostazol,,IN,ENG,100.0,HIGH_EXACT,success,
DRUG_000930,CONFIRMED_INTEGRATED_ENTITY,itraconazole,rxnav_drugbank_id_lookup,AUTHORITATIVE_NAME,HIGH_EXACT,exact_identifier_based,28031,itraconazole,,IN,ENG,100.0,HIGH_EXACT,success,
DRUG_000931,CONFIRMED_INTEGRATED_ENTITY,procarbazine,rxnav_drugbank_id_lookup,AUTHORITATIVE_NAME,HIGH_EXACT,exact_identifier_based,8702,procarbazine,,IN,ENG,100.0,HIGH_EXACT,success,
DRUG_000932,CONFIRMED_INTEGRATED_ENTITY,arsenic trioxide,rxnav_drugbank_id_lookup,AUTHORITATIVE_NAME,HIGH_EXACT,exact_identifier_based,18330,arsenic trioxide,,IN,ENG,100.0,HIGH_EXACT,success,
DRUG_000933,CONFIRMED_INTEGRATED_ENTITY,guanethidine,rxnav_drugbank_id_lookup,AUTHORITATIVE_NAME,HIGH_EXACT,exact_identifier_based,5036,guanethidine,,IN,ENG,100.0,HIGH_EXACT,success,
DRUG_000934,CONFIRMED_INTEGRATED_ENTITY,moclobemide,rxnav_drugbank_id_lookup,AUTHORITATIVE_NAME,HIGH_EXACT,exact_identifier_based,30121,moclobemide,,IN,ENG,100.0,HIGH_EXACT,success,
DRUG_000935,CONFIRMED_INTEGRATED_ENTITY,"4,6-Diamino-3-[(6-amino-6-deoxyhexopyranosyl)oxy]-2-hydroxycyclohexyl 3-amino-3-deoxyhexopyranoside",pubchem_cid_lookup,PUBCHEM_TITLE_CANDIDATE,HIGH_EXACT,exact_identifier_based,1727573,kanamycin A,,IN,ENG,100.0,HIGH_EXACT,success,
DRUG_000936,CONFIRMED_INTEGRATED_ENTITY,orphenadrine,rxnav_drugbank_id_lookup,AUTHORITATIVE_NAME,HIGH_EXACT,exact_identifier_based,7715,orphenadrine,,IN,ENG,100.0,HIGH_EXACT,success,
DRUG_000937,CONFIRMED_INTEGRATED_ENTITY,phenobarbital,rxnav_drugbank_id_lookup,AUTHORITATIVE_NAME,HIGH_EXACT,exact_identifier_based,8134,phenobarbital,,IN,ENG,100.0,HIGH_EXACT,success,
DRUG_000938,CONFIRMED_INTEGRATED_ENTITY,cyclizine,rxnav_drugbank_id_lookup,AUTHORITATIVE_NAME,HIGH_EXACT,exact_identifier_based,2977,cyclizine,,IN,ENG,100.0,HIGH_EXACT,success,
DRUG_000939,CONFIRMED_INTEGRATED_ENTITY,idarubicin,rxnav_drugbank_id_lookup,AUTHORITATIVE_NAME,HIGH_EXACT,exact_identifier_based,5650,idarubicin,,IN,ENG,100.0,HIGH_EXACT,success,
DRUG_000940,CONFIRMED_INTEGRATED_ENTITY,chlormezanone,rxnav_drugbank_id_lookup,AUTHORITATIVE_NAME,HIGH_EXACT,exact_identifier_based,2373,chlormezanone,,IN,ENG,100.0,HIGH_EXACT,success,
DRUG_000941,CONFIRMED_INTEGRATED_ENTITY,podofilox,rxnav_drugbank_id_lookup,AUTHORITATIVE_NAME,HIGH_EXACT,exact_identifier_based,8463,podofilox,podophyllotoxin,IN,ENG,100.0,HIGH_EXACT,success,
DRUG_000942,CONFIRMED_INTEGRATED_ENTITY,rescinnamine,rxnav_drugbank_id_lookup,AUTHORITATIVE_NAME,HIGH_EXACT,exact_identifier_based,9259,rescinnamine,,IN,ENG,100.0,HIGH_EXACT,success,
DRUG_000943,CONFIRMED_INTEGRATED_ENTITY,ifosfamide,rxnav_drugbank_id_lookup,AUTHORITATIVE_NAME,HIGH_EXACT,exact_identifier_based,5657,ifosfamide,,IN,ENG,100.0,HIGH_EXACT,success,
DRUG_000944,CONFIRMED_INTEGRATED_ENTITY,propafenone,rxnav_drugbank_id_lookup,AUTHORITATIVE_NAME,HIGH_EXACT,exact_identifier_based,8754,propafenone,,IN,ENG,100.0,HIGH_EXACT,success,
DRUG_000945,CONFIRMED_INTEGRATED_ENTITY,naloxone,rxnav_drugbank_id_lookup,AUTHORITATIVE_NAME,HIGH_EXACT,exact_identifier_based,7242,naloxone,,IN,ENG,100.0,HIGH_EXACT,success,
DRUG_000946,CONFIRMED_INTEGRATED_ENTITY,domperidone,rxnav_drugbank_id_lookup,AUTHORITATIVE_NAME,HIGH_EXACT,exact_identifier_based,3626,domperidone,,IN,ENG,100.0,HIGH_EXACT,success,
DRUG_000947,CONFIRMED_INTEGRATED_ENTITY,fluoxymesterone,rxnav_drugbank_id_lookup,AUTHORITATIVE_NAME,HIGH_EXACT,exact_identifier_based,4494,fluoxymesterone,,IN,ENG,100.0,HIGH_EXACT,success,
DRUG_000948,CONFIRMED_INTEGRATED_ENTITY,pergolide,rxnav_drugbank_id_lookup,AUTHORITATIVE_NAME,HIGH_EXACT,exact_identifier_based,8047,pergolide,,IN,ENG,100.0,HIGH_EXACT,success,
DRUG_000949,CONFIRMED_INTEGRATED_ENTITY,ciclopirox,rxnav_drugbank_id_lookup,AUTHORITATIVE_NAME,HIGH_EXACT,exact_identifier_based,21090,ciclopirox,,IN,ENG,100.0,HIGH_EXACT,success,
DRUG_000950,CONFIRMED_INTEGRATED_ENTITY,desflurane,rxnav_drugbank_id_lookup,AUTHORITATIVE_NAME,HIGH_EXACT,exact_identifier_based,27340,desflurane,,IN,ENG,100.0,HIGH_EXACT,success,
DRUG_000951,CONFIRMED_INTEGRATED_ENTITY,clindamycin,rxnav_drugbank_id_lookup,AUTHORITATIVE_NAME,HIGH_EXACT,exact_identifier_based,2582,clindamycin,,IN,ENG,100.0,HIGH_EXACT,success,
DRUG_000952,CONFIRMED_INTEGRATED_ENTITY,dexfenfluramine,rxnav_drugbank_id_lookup,AUTHORITATIVE_NAME,HIGH_EXACT,exact_identifier_based,3268,dexfenfluramine,,IN,ENG,100.0,HIGH_EXACT,success,
DRUG_000953,CONFIRMED_INTEGRATED_ENTITY,oxymorphone,rxnav_drugbank_id_lookup,AUTHORITATIVE_NAME,HIGH_EXACT,exact_identifier_based,7814,oxymorphone,,IN,ENG,100.0,HIGH_EXACT,success,
DRUG_000954,CONFIRMED_INTEGRATED_ENTITY,acebutolol,rxnav_drugbank_id_lookup,AUTHORITATIVE_NAME,HIGH_EXACT,exact_identifier_based,149,acebutolol,,IN,ENG,100.0,HIGH_EXACT,success,
DRUG_000955,CONFIRMED_INTEGRATED_ENTITY,brinzolamide,rxnav_drugbank_id_lookup,AUTHORITATIVE_NAME,HIGH_EXACT,exact_identifier_based,194881,brinzolamide,,IN,ENG,100.0,HIGH_EXACT,success,
DRUG_000956,CONFIRMED_INTEGRATED_ENTITY,flecainide,rxnav_drugbank_id_lookup,AUTHORITATIVE_NAME,HIGH_EXACT,exact_identifier_based,4441,flecainide,,IN,ENG,100.0,HIGH_EXACT,success,
DRUG_000957,CONFIRMED_INTEGRATED_ENTITY,estramustine,rxnav_drugbank_id_lookup,AUTHORITATIVE_NAME,HIGH_EXACT,exact_identifier_based,4089,estramustine,,IN,ENG,100.0,HIGH_EXACT,success,
DRUG_000958,CONFIRMED_INTEGRATED_ENTITY,captopril,rxnav_drugbank_id_lookup,AUTHORITATIVE_NAME,HIGH_EXACT,exact_identifier_based,1998,captopril,,IN,ENG,100.0,HIGH_EXACT,success,
DRUG_000959,CONFIRMED_INTEGRATED_ENTITY,tubocurarine,rxnav_drugbank_id_lookup,AUTHORITATIVE_NAME,HIGH_EXACT,exact_identifier_based,10917,tubocurarine,,IN,ENG,100.0,HIGH_EXACT,success,
DRUG_000960,CONFIRMED_INTEGRATED_ENTITY,bromocriptine,rxnav_drugbank_id_lookup,AUTHORITATIVE_NAME,HIGH_EXACT,exact_identifier_based,1760,bromocriptine,,IN,ENG,100.0,HIGH_EXACT,success,
DRUG_000961,CONFIRMED_INTEGRATED_ENTITY,rifapentine,rxnav_drugbank_id_lookup,AUTHORITATIVE_NAME,HIGH_EXACT,exact_identifier_based,35617,rifapentine,,IN,ENG,100.0,HIGH_EXACT,success,
DRUG_000962,CONFIRMED_INTEGRATED_ENTITY,levetiracetam,rxnav_drugbank_id_lookup,AUTHORITATIVE_NAME,HIGH_EXACT,exact_identifier_based,114477,levetiracetam,,IN,ENG,100.0,HIGH_EXACT,success,
DRUG_000963,CONFIRMED_INTEGRATED_ENTITY,nadolol,rxnav_drugbank_id_lookup,AUTHORITATIVE_NAME,HIGH_EXACT,exact_identifier_based,7226,nadolol,,IN,ENG,100.0,HIGH_EXACT,success,
DRUG_000964,CONFIRMED_INTEGRATED_ENTITY,mitoxantrone,rxnav_drugbank_id_lookup,AUTHORITATIVE_NAME,HIGH_EXACT,exact_identifier_based,7005,mitoxantrone,,IN,ENG,100.0,HIGH_EXACT,success,
DRUG_000965,CONFIRMED_INTEGRATED_ENTITY,flumazenil,rxnav_drugbank_id_lookup,AUTHORITATIVE_NAME,HIGH_EXACT,exact_identifier_based,4457,flumazenil,,IN,ENG,100.0,HIGH_EXACT,success,
DRUG_000966,CONFIRMED_INTEGRATED_ENTITY,lomustine,rxnav_drugbank_id_lookup,AUTHORITATIVE_NAME,HIGH_EXACT,exact_identifier_based,6466,lomustine,,IN,ENG,100.0,HIGH_EXACT,success,
DRUG_000967,CONFIRMED_INTEGRATED_ENTITY,Ridogrel,pubchem_inchikey_lookup,PUBCHEM_TITLE_CANDIDATE,NO_MATCH,none,,,,,,0.0,NO_MATCH,success,
DRUG_000968,CONFIRMED_INTEGRATED_ENTITY,sparfloxacin,rxnav_drugbank_id_lookup,AUTHORITATIVE_NAME,HIGH_EXACT,exact_identifier_based,18469,sparfloxacin,,IN,ENG,100.0,HIGH_EXACT,success,
DRUG_000969,CONFIRMED_INTEGRATED_ENTITY,dezocine,rxnav_drugbank_id_lookup,AUTHORITATIVE_NAME,HIGH_EXACT,exact_identifier_based,22713,dezocine,,IN,ENG,100.0,HIGH_EXACT,success,
DRUG_000970,CONFIRMED_INTEGRATED_ENTITY,levobunolol,rxnav_drugbank_id_lookup,AUTHORITATIVE_NAME,HIGH_EXACT,exact_identifier_based,1813,levobunolol,,IN,ENG,100.0,HIGH_EXACT,success,
DRUG_000971,CONFIRMED_INTEGRATED_ENTITY,clarithromycin,rxnav_drugbank_id_lookup,AUTHORITATIVE_NAME,HIGH_EXACT,exact_identifier_based,21212,clarithromycin,,IN,ENG,100.0,HIGH_EXACT,success,
DRUG_000972,CONFIRMED_INTEGRATED_ENTITY,ceftriaxone,rxnav_drugbank_id_lookup,AUTHORITATIVE_NAME,HIGH_EXACT,exact_identifier_based,2193,ceftriaxone,,IN,ENG,100.0,HIGH_EXACT,success,
DRUG_000973,CONFIRMED_INTEGRATED_ENTITY,fomepizole,rxnav_drugbank_id_lookup,AUTHORITATIVE_NAME,HIGH_EXACT,exact_identifier_based,15226,fomepizole,,IN,ENG,100.0,HIGH_EXACT,success,
DRUG_000974,CONFIRMED_INTEGRATED_ENTITY,metipranolol,rxnav_drugbank_id_lookup,AUTHORITATIVE_NAME,HIGH_EXACT,exact_identifier_based,10824,metipranolol,,IN,ENG,100.0,HIGH_EXACT,success,
DRUG_000975,CONFIRMED_INTEGRATED_ENTITY,estazolam,rxnav_drugbank_id_lookup,AUTHORITATIVE_NAME,HIGH_EXACT,exact_identifier_based,4077,estazolam,,IN,ENG,100.0,HIGH_EXACT,success,
DRUG_000976,CONFIRMED_INTEGRATED_ENTITY,finasteride,rxnav_drugbank_id_lookup,AUTHORITATIVE_NAME,HIGH_EXACT,exact_identifier_based,25025,finasteride,,IN,ENG,100.0,HIGH_EXACT,success,
DRUG_000977,CONFIRMED_INTEGRATED_ENTITY,anastrozole,rxnav_drugbank_id_lookup,AUTHORITATIVE_NAME,HIGH_EXACT,exact_identifier_based,84857,anastrozole,,IN,ENG,100.0,HIGH_EXACT,success,
DRUG_000978,CONFIRMED_INTEGRATED_ENTITY,halofantrine,rxnav_drugbank_id_lookup,AUTHORITATIVE_NAME,HIGH_EXACT,exact_identifier_based,50749,halofantrine,,IN,ENG,100.0,HIGH_EXACT,success,
DRUG_000979,CONFIRMED_INTEGRATED_ENTITY,dantrolene,rxnav_drugbank_id_lookup,AUTHORITATIVE_NAME,HIGH_EXACT,exact_identifier_based,3105,dantrolene,,IN,ENG,100.0,HIGH_EXACT,success,
DRUG_000980,CONFIRMED_INTEGRATED_ENTITY,rifaximin,rxnav_drugbank_id_lookup,AUTHORITATIVE_NAME,HIGH_EXACT,exact_identifier_based,35619,rifaximin,,IN,ENG,100.0,HIGH_EXACT,success,
DRUG_000981,CONFIRMED_INTEGRATED_ENTITY,ketamine,rxnav_drugbank_id_lookup,AUTHORITATIVE_NAME,HIGH_EXACT,exact_identifier_based,6130,ketamine,,IN,ENG,100.0,HIGH_EXACT,success,
DRUG_000982,CONFIRMED_INTEGRATED_ENTITY,budesonide,rxnav_drugbank_id_lookup,AUTHORITATIVE_NAME,HIGH_EXACT,exact_identifier_based,19831,budesonide,,IN,ENG,100.0,HIGH_EXACT,success,
DRUG_000983,CONFIRMED_INTEGRATED_ENTITY,aminophylline,rxnav_drugbank_id_lookup,AUTHORITATIVE_NAME,HIGH_EXACT,exact_identifier_based,689,aminophylline,,IN,ENG,100.0,HIGH_EXACT,success,
DRUG_000984,CONFIRMED_INTEGRATED_ENTITY,quetiapine,rxnav_drugbank_id_lookup,AUTHORITATIVE_NAME,HIGH_EXACT,exact_identifier_based,51272,quetiapine,,IN,ENG,100.0,HIGH_EXACT,success,
DRUG_000985,CONFIRMED_INTEGRATED_ENTITY,mivacurium,rxnav_drugbank_id_lookup,AUTHORITATIVE_NAME,HIGH_EXACT,exact_identifier_based,30077,mivacurium,,IN,ENG,100.0,HIGH_EXACT,success,
DRUG_000986,CONFIRMED_INTEGRATED_ENTITY,levomethadyl,rxnav_drugbank_id_lookup,AUTHORITATIVE_NAME,HIGH_EXACT,exact_identifier_based,237005,levomethadyl,,IN,ENG,100.0,HIGH_EXACT,success,
DRUG_000987,CONFIRMED_INTEGRATED_ENTITY,encainide,rxnav_drugbank_id_lookup,AUTHORITATIVE_NAME,HIGH_EXACT,exact_identifier_based,42368,encainide,,IN,ENG,100.0,HIGH_EXACT,success,
DRUG_000988,CONFIRMED_INTEGRATED_ENTITY,"4,10-Bis(acetyloxy)-13-((3-benzamido-2-hydroxy-3-phenylpropanoyl)oxy)-1,7-dihydroxy-9-oxo-5,20-epoxytax-11-en-2-yl benzoate",pubchem_cid_lookup,PUBCHEM_TITLE_CANDIDATE,HIGH_EXACT,exact_identifier_based,486610,paclitaxel protein-bound,,PIN,ENG,100.0,HIGH_EXACT,success,
DRUG_000989,CONFIRMED_INTEGRATED_ENTITY,saquinavir,rxnav_drugbank_id_lookup,AUTHORITATIVE_NAME,HIGH_EXACT,exact_identifier_based,83395,saquinavir,,IN,ENG,100.0,HIGH_EXACT,success,
DRUG_000990,CONFIRMED_INTEGRATED_ENTITY,metoclopramide,rxnav_drugbank_id_lookup,AUTHORITATIVE_NAME,HIGH_EXACT,exact_identifier_based,6915,metoclopramide,,IN,ENG,100.0,HIGH_EXACT,success,
DRUG_000991,CONFIRMED_INTEGRATED_ENTITY,levodopa,rxnav_drugbank_id_lookup,AUTHORITATIVE_NAME,HIGH_EXACT,exact_identifier_based,6375,levodopa,,IN,ENG,100.0,HIGH_EXACT,success,
DRUG_000992,CONFIRMED_INTEGRATED_ENTITY,sevoflurane,rxnav_drugbank_id_lookup,AUTHORITATIVE_NAME,HIGH_EXACT,exact_identifier_based,36453,sevoflurane,,IN,ENG,100.0,HIGH_EXACT,success,
DRUG_000993,CONFIRMED_INTEGRATED_ENTITY,aripiprazole,rxnav_drugbank_id_lookup,AUTHORITATIVE_NAME,HIGH_EXACT,exact_identifier_based,89013,aripiprazole,,IN,ENG,100.0,HIGH_EXACT,success,
DRUG_000994,CONFIRMED_INTEGRATED_ENTITY,chlorprothixene,rxnav_drugbank_id_lookup,AUTHORITATIVE_NAME,HIGH_EXACT,exact_identifier_based,2406,chlorprothixene,,IN,ENG,100.0,HIGH_EXACT,success,
DRUG_000995,CONFIRMED_INTEGRATED_ENTITY,epoprostenol,rxnav_drugbank_id_lookup,AUTHORITATIVE_NAME,HIGH_EXACT,exact_identifier_based,8814,epoprostenol,,IN,ENG,100.0,HIGH_EXACT,success,
DRUG_000996,CONFIRMED_INTEGRATED_ENTITY,gemfibrozil,rxnav_drugbank_id_lookup,AUTHORITATIVE_NAME,HIGH_EXACT,exact_identifier_based,4719,gemfibrozil,,IN,ENG,100.0,HIGH_EXACT,success,
DRUG_000997,CONFIRMED_INTEGRATED_ENTITY,clomipramine,rxnav_drugbank_id_lookup,AUTHORITATIVE_NAME,HIGH_EXACT,exact_identifier_based,2597,clomipramine,,IN,ENG,100.0,HIGH_EXACT,success,
DRUG_000998,CONFIRMED_INTEGRATED_ENTITY,chloroxine,rxnav_drugbank_id_lookup,AUTHORITATIVE_NAME,HIGH_EXACT,exact_identifier_based,20875,chloroxine,,IN,ENG,100.0,HIGH_EXACT,success,
DRUG_000999,CONFIRMED_INTEGRATED_ENTITY,bepridil,rxnav_drugbank_id_lookup,AUTHORITATIVE_NAME,HIGH_EXACT,exact_identifier_based,1436,bepridil,,IN,ENG,100.0,HIGH_EXACT,success,
DRUG_001000,CONFIRMED_INTEGRATED_ENTITY,Decamethonium,pubchem_inchikey_lookup,PUBCHEM_TITLE_CANDIDATE,NO_MATCH,none,,,,,,0.0,NO_MATCH,success,
DRUG_001001,CONFIRMED_INTEGRATED_ENTITY,trimeprazine,rxnav_drugbank_id_lookup,AUTHORITATIVE_NAME,HIGH_EXACT,exact_identifier_based,10825,trimeprazine,alimemazine,IN,ENG,100.0,HIGH_EXACT,success,
DRUG_001002,CONFIRMED_INTEGRATED_ENTITY,isocarboxazid,rxnav_drugbank_id_lookup,AUTHORITATIVE_NAME,HIGH_EXACT,exact_identifier_based,6011,isocarboxazid,,IN,ENG,100.0,HIGH_EXACT,success,
DRUG_001003,CONFIRMED_INTEGRATED_ENTITY,Docetaxol,pubchem_cid_lookup,PUBCHEM_TITLE_CANDIDATE,HIGH_EXACT,exact_identifier_based,1299922,docetaxel anhydrous,,PIN,ENG,100.0,HIGH_EXACT,success,
DRUG_001004,CONFIRMED_INTEGRATED_ENTITY,iodixanol,rxnav_drugbank_id_lookup,AUTHORITATIVE_NAME,HIGH_EXACT,exact_identifier_based,27729,iodixanol,,IN,ENG,100.0,HIGH_EXACT,success,
DRUG_001005,CONFIRMED_INTEGRATED_ENTITY,olsalazine,rxnav_drugbank_id_lookup,AUTHORITATIVE_NAME,HIGH_EXACT,exact_identifier_based,32385,olsalazine,,IN,ENG,100.0,HIGH_EXACT,success,
DRUG_001006,CONFIRMED_INTEGRATED_ENTITY,gliquidone,rxnav_drugbank_id_lookup,AUTHORITATIVE_NAME,HIGH_EXACT,exact_identifier_based,25793,gliquidone,,IN,ENG,100.0,HIGH_EXACT,success,
DRUG_001007,CONFIRMED_INTEGRATED_ENTITY,Mitiglinide,pubchem_inchikey_lookup,PUBCHEM_TITLE_CANDIDATE,NO_MATCH,none,,,,,,0.0,NO_MATCH,success,
DRUG_001008,CONFIRMED_INTEGRATED_ENTITY,ergonovine,rxnav_drugbank_id_lookup,AUTHORITATIVE_NAME,HIGH_EXACT,exact_identifier_based,4021,ergonovine,ergometrine,IN,ENG,100.0,HIGH_EXACT,success,
DRUG_001009,CONFIRMED_INTEGRATED_ENTITY,Dasatinib,pubchem_cid_lookup,PUBCHEM_TITLE_CANDIDATE,AMBIGUOUS_CLINICAL_MAPPING,conflict_resolution,,,,,,0.0,AMBIGUOUS_CLINICAL_MAPPING,success,"Conflict: mapped to multiple different RxCUIs: ['475342', '1546019']"
DRUG_001010,CONFIRMED_INTEGRATED_ENTITY,lisdexamfetamine,rxnav_drugbank_id_lookup,AUTHORITATIVE_NAME,HIGH_EXACT,exact_identifier_based,700810,lisdexamfetamine,,IN,ENG,100.0,HIGH_EXACT,success,
DRUG_001011,CONFIRMED_INTEGRATED_ENTITY,retapamulin,rxnav_drugbank_id_lookup,AUTHORITATIVE_NAME,HIGH_EXACT,exact_identifier_based,642274,retapamulin,,IN,ENG,100.0,HIGH_EXACT,success,
DRUG_001012,CONFIRMED_INTEGRATED_ENTITY,lapatinib,rxnav_drugbank_id_lookup,AUTHORITATIVE_NAME,HIGH_EXACT,exact_identifier_based,480167,lapatinib,,IN,ENG,100.0,HIGH_EXACT,success,
DRUG_001013,CONFIRMED_INTEGRATED_ENTITY,desonide,rxnav_drugbank_id_lookup,AUTHORITATIVE_NAME,HIGH_EXACT,exact_identifier_based,3254,desonide,,IN,ENG,100.0,HIGH_EXACT,success,
DRUG_001014,CONFIRMED_INTEGRATED_ENTITY,sitagliptin,rxnav_drugbank_id_lookup,AUTHORITATIVE_NAME,HIGH_EXACT,exact_identifier_based,593411,sitagliptin,,IN,ENG,100.0,HIGH_EXACT,success,
DRUG_001015,CONFIRMED_INTEGRATED_ENTITY,decitabine,rxnav_drugbank_id_lookup,AUTHORITATIVE_NAME,HIGH_EXACT,exact_identifier_based,15657,decitabine,,IN,ENG,100.0,HIGH_EXACT,success,
DRUG_001016,CONFIRMED_INTEGRATED_ENTITY,posaconazole,rxnav_drugbank_id_lookup,AUTHORITATIVE_NAME,HIGH_EXACT,exact_identifier_based,282446,posaconazole,,IN,ENG,100.0,HIGH_EXACT,success,
DRUG_001017,CONFIRMED_INTEGRATED_ENTITY,darunavir,rxnav_drugbank_id_lookup,AUTHORITATIVE_NAME,HIGH_EXACT,exact_identifier_based,460132,darunavir,,IN,ENG,100.0,HIGH_EXACT,success,
DRUG_001018,CONFIRMED_INTEGRATED_ENTITY,paliperidone,rxnav_drugbank_id_lookup,AUTHORITATIVE_NAME,HIGH_EXACT,exact_identifier_based,679314,paliperidone,,IN,ENG,100.0,HIGH_EXACT,success,
DRUG_001019,CONFIRMED_INTEGRATED_ENTITY,sunitinib,rxnav_drugbank_id_lookup,AUTHORITATIVE_NAME,HIGH_EXACT,exact_identifier_based,357977,sunitinib,,IN,ENG,100.0,HIGH_EXACT,success,
DRUG_001020,CONFIRMED_INTEGRATED_ENTITY,varenicline,rxnav_drugbank_id_lookup,AUTHORITATIVE_NAME,HIGH_EXACT,exact_identifier_based,591622,varenicline,,IN,ENG,100.0,HIGH_EXACT,success,
DRUG_001021,CONFIRMED_INTEGRATED_ENTITY,hydralazine,rxnav_drugbank_id_lookup,AUTHORITATIVE_NAME,HIGH_EXACT,exact_identifier_based,5470,hydralazine,,IN,ENG,100.0,HIGH_EXACT,success,
DRUG_001022,CONFIRMED_INTEGRATED_ENTITY,nelarabine,rxnav_drugbank_id_lookup,AUTHORITATIVE_NAME,HIGH_EXACT,exact_identifier_based,274771,nelarabine,,IN,ENG,100.0,HIGH_EXACT,success,
DRUG_001023,CONFIRMED_INTEGRATED_ENTITY,Carbetocin,pubchem_inchikey_lookup,PUBCHEM_TITLE_CANDIDATE,NO_MATCH,none,,,,,,0.0,NO_MATCH,success,
DRUG_001024,CONFIRMED_INTEGRATED_ENTITY,Lumiracoxib,pubchem_inchikey_lookup,PUBCHEM_TITLE_CANDIDATE,NO_MATCH,none,,,,,,0.0,NO_MATCH,success,
DRUG_001025,CONFIRMED_INTEGRATED_ENTITY,cosyntropin,rxnav_drugbank_id_lookup,AUTHORITATIVE_NAME,HIGH_EXACT,exact_identifier_based,2890,cosyntropin,tetracosactide,IN,ENG,100.0,HIGH_EXACT,success,
DRUG_001026,CONFIRMED_INTEGRATED_ENTITY,fenoterol,rxnav_drugbank_id_lookup,AUTHORITATIVE_NAME,HIGH_EXACT,exact_identifier_based,4333,fenoterol,,IN,ENG,100.0,HIGH_EXACT,success,
DRUG_001027,CONFIRMED_INTEGRATED_ENTITY,Glisoxepide,pubchem_inchikey_lookup,PUBCHEM_TITLE_CANDIDATE,NO_MATCH,none,,,,,,0.0,NO_MATCH,success,
DRUG_001028,CONFIRMED_INTEGRATED_ENTITY,pirbuterol,rxnav_drugbank_id_lookup,AUTHORITATIVE_NAME,HIGH_EXACT,exact_identifier_based,33767,pirbuterol,,IN,ENG,100.0,HIGH_EXACT,success,
DRUG_001029,CONFIRMED_INTEGRATED_ENTITY,bismuth subsalicylate,rxnav_drugbank_id_lookup,AUTHORITATIVE_NAME,HIGH_EXACT,exact_identifier_based,19478,bismuth subsalicylate,,IN,ENG,100.0,HIGH_EXACT,success,
DRUG_001030,CONFIRMED_INTEGRATED_ENTITY,Bevantolol,pubchem_inchikey_lookup,PUBCHEM_TITLE_CANDIDATE,NO_MATCH,none,,,,,,0.0,NO_MATCH,success,
DRUG_001031,CONFIRMED_INTEGRATED_ENTITY,glucosamine,rxnav_drugbank_id_lookup,AUTHORITATIVE_NAME,HIGH_EXACT,exact_identifier_based,4845,glucosamine,,IN,ENG,100.0,HIGH_EXACT,success,
DRUG_001032,CONFIRMED_INTEGRATED_ENTITY,practolol,rxnav_drugbank_id_lookup,AUTHORITATIVE_NAME,HIGH_EXACT,exact_identifier_based,8620,practolol,,IN,ENG,100.0,HIGH_EXACT,success,
DRUG_001033,CONFIRMED_INTEGRATED_ENTITY,sulfacytine,rxnav_drugbank_id_lookup,AUTHORITATIVE_NAME,HIGH_EXACT,exact_identifier_based,78902,sulfacytine,,IN,ENG,100.0,HIGH_EXACT,success,
DRUG_001034,CONFIRMED_INTEGRATED_ENTITY,sulfadoxine,rxnav_drugbank_id_lookup,AUTHORITATIVE_NAME,HIGH_EXACT,exact_identifier_based,10173,sulfadoxine,,IN,ENG,100.0,HIGH_EXACT,success,
DRUG_001035,CONFIRMED_INTEGRATED_ENTITY,rolitetracycline,rxnav_drugbank_id_lookup,AUTHORITATIVE_NAME,HIGH_EXACT,exact_identifier_based,9462,rolitetracycline,,IN,ENG,100.0,HIGH_EXACT,success,
DRUG_001036,CONFIRMED_INTEGRATED_ENTITY,oxtriphylline,rxnav_drugbank_id_lookup,AUTHORITATIVE_NAME,HIGH_EXACT,exact_identifier_based,20976,oxtriphylline,choline theophyllinate,IN,ENG,100.0,HIGH_EXACT,success,
DRUG_001037,CONFIRMED_INTEGRATED_ENTITY,fosamprenavir,rxnav_drugbank_id_lookup,AUTHORITATIVE_NAME,HIGH_EXACT,exact_identifier_based,358262,fosamprenavir,,IN,ENG,100.0,HIGH_EXACT,success,
DRUG_001038,CONFIRMED_INTEGRATED_ENTITY,fosphenytoin,rxnav_drugbank_id_lookup,AUTHORITATIVE_NAME,HIGH_EXACT,exact_identifier_based,72236,fosphenytoin,,IN,ENG,100.0,HIGH_EXACT,success,
DRUG_001039,CONFIRMED_INTEGRATED_ENTITY,josamycin,rxnav_drugbank_id_lookup,AUTHORITATIVE_NAME,HIGH_EXACT,exact_identifier_based,6084,josamycin,,IN,ENG,100.0,HIGH_EXACT,success,
DRUG_001040,CONFIRMED_INTEGRATED_ENTITY,polythiazide,rxnav_drugbank_id_lookup,AUTHORITATIVE_NAME,HIGH_EXACT,exact_identifier_based,8565,polythiazide,,IN,ENG,100.0,HIGH_EXACT,success,
DRUG_001041,CONFIRMED_INTEGRATED_ENTITY,quinethazone,rxnav_drugbank_id_lookup,AUTHORITATIVE_NAME,HIGH_EXACT,exact_identifier_based,59743,quinethazone,,IN,ENG,100.0,HIGH_EXACT,success,
DRUG_001042,CONFIRMED_INTEGRATED_ENTITY,cefamandole,rxnav_drugbank_id_lookup,AUTHORITATIVE_NAME,HIGH_EXACT,exact_identifier_based,2178,cefamandole,,IN,ENG,100.0,HIGH_EXACT,success,
DRUG_001043,CONFIRMED_INTEGRATED_ENTITY,cefazolin,rxnav_drugbank_id_lookup,AUTHORITATIVE_NAME,HIGH_EXACT,exact_identifier_based,2180,cefazolin,,IN,ENG,100.0,HIGH_EXACT,success,
DRUG_001044,CONFIRMED_INTEGRATED_ENTITY,cefonicid,rxnav_drugbank_id_lookup,AUTHORITATIVE_NAME,HIGH_EXACT,exact_identifier_based,2183,cefonicid,,IN,ENG,100.0,HIGH_EXACT,success,
DRUG_001045,CONFIRMED_INTEGRATED_ENTITY,cefoperazone,rxnav_drugbank_id_lookup,AUTHORITATIVE_NAME,HIGH_EXACT,exact_identifier_based,2184,cefoperazone,,IN,ENG,100.0,HIGH_EXACT,success,
DRUG_001046,CONFIRMED_INTEGRATED_ENTITY,cefotetan,rxnav_drugbank_id_lookup,AUTHORITATIVE_NAME,HIGH_EXACT,exact_identifier_based,2187,cefotetan,,IN,ENG,100.0,HIGH_EXACT,success,
DRUG_001047,CONFIRMED_INTEGRATED_ENTITY,cefoxitin,rxnav_drugbank_id_lookup,AUTHORITATIVE_NAME,HIGH_EXACT,exact_identifier_based,2189,cefoxitin,,IN,ENG,100.0,HIGH_EXACT,success,
DRUG_001048,CONFIRMED_INTEGRATED_ENTITY,ceftizoxime,rxnav_drugbank_id_lookup,AUTHORITATIVE_NAME,HIGH_EXACT,exact_identifier_based,2192,ceftizoxime,,IN,ENG,100.0,HIGH_EXACT,success,
DRUG_001049,CONFIRMED_INTEGRATED_ENTITY,cephradine,rxnav_drugbank_id_lookup,AUTHORITATIVE_NAME,HIGH_EXACT,exact_identifier_based,2239,cephradine,cefradine,IN,ENG,100.0,HIGH_EXACT,success,
DRUG_001050,CONFIRMED_INTEGRATED_ENTITY,metocurine,rxnav_drugbank_id_lookup,AUTHORITATIVE_NAME,HIGH_EXACT,exact_identifier_based,29950,metocurine,,IN,ENG,100.0,HIGH_EXACT,success,
DRUG_001051,CONFIRMED_INTEGRATED_ENTITY,pancuronium,rxnav_drugbank_id_lookup,AUTHORITATIVE_NAME,HIGH_EXACT,exact_identifier_based,7883,pancuronium,,IN,ENG,100.0,HIGH_EXACT,success,
DRUG_001052,CONFIRMED_INTEGRATED_ENTITY,pipecuronium,rxnav_drugbank_id_lookup,AUTHORITATIVE_NAME,HIGH_EXACT,exact_identifier_based,33742,pipecuronium,,IN,ENG,100.0,HIGH_EXACT,success,
DRUG_001053,CONFIRMED_INTEGRATED_ENTITY,Vecuronium,pubchem_cid_lookup,PUBCHEM_TITLE_CANDIDATE,AMBIGUOUS_CLINICAL_MAPPING,conflict_resolution,,,,,,0.0,AMBIGUOUS_CLINICAL_MAPPING,success,"Conflict: mapped to multiple different RxCUIs: ['71535', '1546399']"
DRUG_001054,CONFIRMED_INTEGRATED_ENTITY,cilazapril,rxnav_drugbank_id_lookup,AUTHORITATIVE_NAME,HIGH_EXACT,exact_identifier_based,21102,cilazapril,,IN,ENG,100.0,HIGH_EXACT,success,
DRUG_001055,CONFIRMED_INTEGRATED_ENTITY,Potassium Cation,pubchem_inchikey_lookup,PUBCHEM_TITLE_CANDIDATE,HIGH_EXACT,exact_identifier_based,1318915,potassium ion,,IN,ENG,100.0,HIGH_EXACT,success,
DRUG_001056,CONFIRMED_INTEGRATED_ENTITY,spirapril,rxnav_drugbank_id_lookup,AUTHORITATIVE_NAME,HIGH_EXACT,exact_identifier_based,36908,spirapril,,IN,ENG,100.0,HIGH_EXACT,success,
DRUG_001057,CONFIRMED_INTEGRATED_ENTITY,Tasosartan,pubchem_inchikey_lookup,PUBCHEM_TITLE_CANDIDATE,NO_MATCH,none,,,,,,0.0,NO_MATCH,success,
DRUG_001058,CONFIRMED_INTEGRATED_ENTITY,amobarbital,rxnav_drugbank_id_lookup,AUTHORITATIVE_NAME,HIGH_EXACT,exact_identifier_based,719,amobarbital,,IN,ENG,100.0,HIGH_EXACT,success,
DRUG_001059,CONFIRMED_INTEGRATED_ENTITY,butobarbital,rxnav_drugbank_id_lookup,AUTHORITATIVE_NAME,HIGH_EXACT,exact_identifier_based,19874,butobarbital,butobarbitone,IN,ENG,100.0,HIGH_EXACT,success,
DRUG_001060,CONFIRMED_INTEGRATED_ENTITY,Hexobarbital,pubchem_inchikey_lookup,PUBCHEM_TITLE_CANDIDATE,NO_MATCH,none,,,,,,0.0,NO_MATCH,success,
DRUG_001061,CONFIRMED_INTEGRATED_ENTITY,Lithium ion,pubchem_inchikey_lookup,PUBCHEM_TITLE_CANDIDATE,HIGH_EXACT,exact_identifier_based,1546265,lithium cation,,IN,ENG,100.0,HIGH_EXACT,success,
DRUG_001062,CONFIRMED_INTEGRATED_ENTITY,mestranol,rxnav_drugbank_id_lookup,AUTHORITATIVE_NAME,HIGH_EXACT,exact_identifier_based,6782,mestranol,,IN,ENG,100.0,HIGH_EXACT,success,
DRUG_001063,CONFIRMED_INTEGRATED_ENTITY,penbutolol,rxnav_drugbank_id_lookup,AUTHORITATIVE_NAME,HIGH_EXACT,exact_identifier_based,7973,penbutolol,,IN,ENG,100.0,HIGH_EXACT,success,
DRUG_001064,CONFIRMED_INTEGRATED_ENTITY,iohexol,rxnav_drugbank_id_lookup,AUTHORITATIVE_NAME,HIGH_EXACT,exact_identifier_based,5956,iohexol,,IN,ENG,100.0,HIGH_EXACT,success,
DRUG_001065,CONFIRMED_INTEGRATED_ENTITY,ephedrine,rxnav_drugbank_id_lookup,AUTHORITATIVE_NAME,HIGH_EXACT,exact_identifier_based,3966,ephedrine,,IN,ENG,100.0,HIGH_EXACT,success,
DRUG_001066,CONFIRMED_INTEGRATED_ENTITY,mephentermine,rxnav_drugbank_id_lookup,AUTHORITATIVE_NAME,HIGH_EXACT,exact_identifier_based,6756,mephentermine,,IN,ENG,100.0,HIGH_EXACT,success,
DRUG_001067,CONFIRMED_INTEGRATED_ENTITY,procaterol,rxnav_drugbank_id_lookup,AUTHORITATIVE_NAME,HIGH_EXACT,exact_identifier_based,34530,procaterol,,IN,ENG,100.0,HIGH_EXACT,success,
DRUG_001068,CONFIRMED_INTEGRATED_ENTITY,rasagiline,rxnav_drugbank_id_lookup,AUTHORITATIVE_NAME,HIGH_EXACT,exact_identifier_based,134748,rasagiline,,IN,ENG,100.0,HIGH_EXACT,success,
DRUG_001069,CONFIRMED_INTEGRATED_ENTITY,quinupristin,rxnav_drugbank_id_lookup,AUTHORITATIVE_NAME,HIGH_EXACT,exact_identifier_based,229367,quinupristin,,IN,ENG,100.0,HIGH_EXACT,success,
DRUG_001070,CONFIRMED_INTEGRATED_ENTITY,aluminum,rxnav_drugbank_id_lookup,AUTHORITATIVE_NAME,HIGH_EXACT,exact_identifier_based,1311504,aluminum,,IN,ENG,100.0,HIGH_EXACT,success,
DRUG_001071,CONFIRMED_INTEGRATED_ENTITY,magnesium oxide,rxnav_drugbank_id_lookup,AUTHORITATIVE_NAME,HIGH_EXACT,exact_identifier_based,6582,magnesium oxide,,IN,ENG,100.0,HIGH_EXACT,success,
DRUG_001072,CONFIRMED_INTEGRATED_ENTITY,magnesium cation,rxnav_drugbank_id_lookup,AUTHORITATIVE_NAME,HIGH_EXACT,exact_identifier_based,1426853,magnesium cation,Mn 2+,IN,ENG,100.0,HIGH_EXACT,success,
DRUG_001073,CONFIRMED_INTEGRATED_ENTITY,cortisone acetate,rxnav_drugbank_id_lookup,AUTHORITATIVE_NAME,HIGH_EXACT,exact_identifier_based,21655,cortisone acetate,,PIN,ENG,100.0,HIGH_EXACT,success,
DRUG_001074,CONFIRMED_INTEGRATED_ENTITY,Paramethasone,pubchem_inchikey_lookup,PUBCHEM_TITLE_CANDIDATE,NO_MATCH,none,,,,,,0.0,NO_MATCH,success,
DRUG_001075,CONFIRMED_INTEGRATED_ENTITY,sodium bicarbonate,rxnav_drugbank_id_lookup,AUTHORITATIVE_NAME,HIGH_EXACT,exact_identifier_based,36676,sodium bicarbonate,,IN,ENG,100.0,HIGH_EXACT,success,
DRUG_001076,CONFIRMED_INTEGRATED_ENTITY,yohimbine,rxnav_drugbank_id_lookup,AUTHORITATIVE_NAME,HIGH_EXACT,exact_identifier_based,220982,yohimbine,,IN,ENG,100.0,HIGH_EXACT,success,
DRUG_001077,CONFIRMED_INTEGRATED_ENTITY,bezafibrate,rxnav_drugbank_id_lookup,AUTHORITATIVE_NAME,HIGH_EXACT,exact_identifier_based,1525,bezafibrate,,IN,ENG,100.0,HIGH_EXACT,success,
DRUG_001078,CONFIRMED_INTEGRATED_ENTITY,colchicine,rxnav_drugbank_id_lookup,AUTHORITATIVE_NAME,HIGH_EXACT,exact_identifier_based,2683,colchicine,,IN,ENG,100.0,HIGH_EXACT,success,
DRUG_001079,CONFIRMED_INTEGRATED_ENTITY,drospirenone,rxnav_drugbank_id_lookup,AUTHORITATIVE_NAME,HIGH_EXACT,exact_identifier_based,11636,drospirenone,,IN,ENG,100.0,HIGH_EXACT,success,
DRUG_001080,CONFIRMED_INTEGRATED_ENTITY,digitoxin,rxnav_drugbank_id_lookup,AUTHORITATIVE_NAME,HIGH_EXACT,exact_identifier_based,3403,digitoxin,,IN,ENG,100.0,HIGH_EXACT,success,
DRUG_001081,CONFIRMED_INTEGRATED_ENTITY,magnesium salicylate,rxnav_drugbank_id_lookup,AUTHORITATIVE_NAME,HIGH_EXACT,exact_identifier_based,52364,magnesium salicylate,,IN,ENG,100.0,HIGH_EXACT,success,
DRUG_001082,CONFIRMED_INTEGRATED_ENTITY,salsalate,rxnav_drugbank_id_lookup,AUTHORITATIVE_NAME,HIGH_EXACT,exact_identifier_based,36108,salsalate,,IN,ENG,100.0,HIGH_EXACT,success,
DRUG_001083,CONFIRMED_INTEGRATED_ENTITY,neostigmine,rxnav_drugbank_id_lookup,AUTHORITATIVE_NAME,HIGH_EXACT,exact_identifier_based,7315,neostigmine,,IN,ENG,100.0,HIGH_EXACT,success,
DRUG_001084,CONFIRMED_INTEGRATED_ENTITY,choline magnesium trisalicylate,rxnav_drugbank_id_lookup,AUTHORITATIVE_NAME,HIGH_EXACT,exact_identifier_based,215799,choline magnesium trisalicylate,,IN,ENG,100.0,HIGH_EXACT,success,
DRUG_001085,CONFIRMED_INTEGRATED_ENTITY,methotrimeprazine,rxnav_drugbank_id_lookup,AUTHORITATIVE_NAME,HIGH_EXACT,exact_identifier_based,6852,methotrimeprazine,levomepromazine,IN,ENG,100.0,HIGH_EXACT,success,
DRUG_001086,CONFIRMED_INTEGRATED_ENTITY,danazol,rxnav_drugbank_id_lookup,AUTHORITATIVE_NAME,HIGH_EXACT,exact_identifier_based,3102,danazol,,IN,ENG,100.0,HIGH_EXACT,success,
DRUG_001087,CONFIRMED_INTEGRATED_ENTITY,clenbuterol,rxnav_drugbank_id_lookup,AUTHORITATIVE_NAME,HIGH_EXACT,exact_identifier_based,2580,clenbuterol,,IN,ENG,100.0,HIGH_EXACT,success,
DRUG_001088,CONFIRMED_INTEGRATED_ENTITY,bambuterol,rxnav_drugbank_id_lookup,AUTHORITATIVE_NAME,HIGH_EXACT,exact_identifier_based,18751,bambuterol,,IN,ENG,100.0,HIGH_EXACT,success,
DRUG_001089,CONFIRMED_INTEGRATED_ENTITY,tiotropium,rxnav_drugbank_id_lookup,AUTHORITATIVE_NAME,HIGH_EXACT,exact_identifier_based,69120,tiotropium,,IN,ENG,100.0,HIGH_EXACT,success,
DRUG_001090,CONFIRMED_INTEGRATED_ENTITY,ciclesonide,rxnav_drugbank_id_lookup,AUTHORITATIVE_NAME,HIGH_EXACT,exact_identifier_based,274964,ciclesonide,,IN,ENG,100.0,HIGH_EXACT,success,
DRUG_001091,CONFIRMED_INTEGRATED_ENTITY,Pranlukast,pubchem_inchikey_lookup,PUBCHEM_TITLE_CANDIDATE,NO_MATCH,none,,,,,,0.0,NO_MATCH,success,
DRUG_001092,CONFIRMED_INTEGRATED_ENTITY,theobromine,rxnav_drugbank_id_lookup,AUTHORITATIVE_NAME,HIGH_EXACT,exact_identifier_based,10437,theobromine,,IN,ENG,100.0,HIGH_EXACT,success,
DRUG_001093,CONFIRMED_INTEGRATED_ENTITY,cefepime,rxnav_drugbank_id_lookup,AUTHORITATIVE_NAME,HIGH_EXACT,exact_identifier_based,20481,cefepime,,IN,ENG,100.0,HIGH_EXACT,success,
DRUG_001094,CONFIRMED_INTEGRATED_ENTITY,Cefacetrile,pubchem_inchikey_lookup,PUBCHEM_TITLE_CANDIDATE,NO_MATCH,none,,,,,,0.0,NO_MATCH,success,
DRUG_001095,CONFIRMED_INTEGRATED_ENTITY,ceftibuten,rxnav_drugbank_id_lookup,AUTHORITATIVE_NAME,HIGH_EXACT,exact_identifier_based,20492,ceftibuten,,IN,ENG,100.0,HIGH_EXACT,success,
DRUG_001096,CONFIRMED_INTEGRATED_ENTITY,cefpodoxime,rxnav_drugbank_id_lookup,AUTHORITATIVE_NAME,HIGH_EXACT,exact_identifier_based,20489,cefpodoxime,,IN,ENG,100.0,HIGH_EXACT,success,
DRUG_001097,CONFIRMED_INTEGRATED_ENTITY,acenocoumarol,rxnav_drugbank_id_lookup,AUTHORITATIVE_NAME,HIGH_EXACT,exact_identifier_based,154,acenocoumarol,,IN,ENG,100.0,HIGH_EXACT,success,
DRUG_001098,CONFIRMED_INTEGRATED_ENTITY,testosterone propionate,rxnav_drugbank_id_lookup,AUTHORITATIVE_NAME,HIGH_EXACT,exact_identifier_based,10382,testosterone propionate,,PIN,ENG,100.0,HIGH_EXACT,success,
DRUG_001099,CONFIRMED_INTEGRATED_ENTITY,paromomycin,rxnav_drugbank_id_lookup,AUTHORITATIVE_NAME,HIGH_EXACT,exact_identifier_based,7934,paromomycin,,IN,ENG,100.0,HIGH_EXACT,success,
DRUG_001100,CONFIRMED_INTEGRATED_ENTITY,Nitroxoline,pubchem_inchikey_lookup,PUBCHEM_TITLE_CANDIDATE,NO_MATCH,none,,,,,,0.0,NO_MATCH,success,
DRUG_001101,CONFIRMED_INTEGRATED_ENTITY,Stepronin,pubchem_inchikey_lookup,PUBCHEM_TITLE_CANDIDATE,NO_MATCH,none,,,,,,0.0,NO_MATCH,success,
DRUG_001102,CONFIRMED_INTEGRATED_ENTITY,aminopyrine,rxnav_drugbank_id_lookup,AUTHORITATIVE_NAME,HIGH_EXACT,exact_identifier_based,695,aminopyrine,aminophenazone,IN,ENG,100.0,HIGH_EXACT,success,
DRUG_001103,CONFIRMED_INTEGRATED_ENTITY,ajmaline,rxnav_drugbank_id_lookup,AUTHORITATIVE_NAME,HIGH_EXACT,exact_identifier_based,423,ajmaline,,IN,ENG,100.0,HIGH_EXACT,success,
DRUG_001104,CONFIRMED_INTEGRATED_ENTITY,inamrinone,rxnav_drugbank_id_lookup,AUTHORITATIVE_NAME,HIGH_EXACT,exact_identifier_based,738,inamrinone,amrinone,IN,ENG,100.0,HIGH_EXACT,success,
DRUG_001105,CONFIRMED_INTEGRATED_ENTITY,Aprindine,pubchem_inchikey_lookup,PUBCHEM_TITLE_CANDIDATE,NO_MATCH,none,,,,,,0.0,NO_MATCH,success,
DRUG_001106,CONFIRMED_INTEGRATED_ENTITY,allylestrenol,rxnav_drugbank_id_lookup,AUTHORITATIVE_NAME,HIGH_EXACT,exact_identifier_based,525,allylestrenol,,IN,ENG,100.0,HIGH_EXACT,success,
DRUG_001107,CONFIRMED_INTEGRATED_ENTITY,methadyl acetate,rxnav_drugbank_id_lookup,AUTHORITATIVE_NAME,HIGH_EXACT,exact_identifier_based,6814,methadyl acetate,,IN,ENG,100.0,HIGH_EXACT,success,
DRUG_001108,CONFIRMED_INTEGRATED_ENTITY,antipyrine,rxnav_drugbank_id_lookup,AUTHORITATIVE_NAME,HIGH_EXACT,exact_identifier_based,1001,antipyrine,phenazone,IN,ENG,100.0,HIGH_EXACT,success,
DRUG_001109,CONFIRMED_INTEGRATED_ENTITY,alfacalcidol,rxnav_drugbank_id_lookup,AUTHORITATIVE_NAME,HIGH_EXACT,exact_identifier_based,12062,alfacalcidol,,IN,ENG,100.0,HIGH_EXACT,success,
DRUG_001110,CONFIRMED_INTEGRATED_ENTITY,glutethimide,rxnav_drugbank_id_lookup,AUTHORITATIVE_NAME,HIGH_EXACT,exact_identifier_based,4903,glutethimide,,IN,ENG,100.0,HIGH_EXACT,success,
DRUG_001111,CONFIRMED_INTEGRATED_ENTITY,phenazopyridine,rxnav_drugbank_id_lookup,AUTHORITATIVE_NAME,HIGH_EXACT,exact_identifier_based,8120,phenazopyridine,,IN,ENG,100.0,HIGH_EXACT,success,
DRUG_001112,CONFIRMED_INTEGRATED_ENTITY,4-Hydroxybutyric Acid,pubchem_inchikey_lookup,PUBCHEM_TITLE_CANDIDATE,HIGH_EXACT,exact_identifier_based,1546380,4-hydroxybutyric acid,,PIN,ENG,100.0,HIGH_EXACT,success,
DRUG_001113,CONFIRMED_INTEGRATED_ENTITY,heroin,rxnav_drugbank_id_lookup,AUTHORITATIVE_NAME,HIGH_EXACT,exact_identifier_based,3304,heroin,diamorphine,IN,ENG,100.0,HIGH_EXACT,success,
DRUG_001114,CONFIRMED_INTEGRATED_ENTITY,Fencamfamine,pubchem_inchikey_lookup,PUBCHEM_TITLE_CANDIDATE,NO_MATCH,none,,,,,,0.0,NO_MATCH,success,
DRUG_001115,CONFIRMED_INTEGRATED_ENTITY,ethylmorphine,rxnav_drugbank_id_lookup,AUTHORITATIVE_NAME,HIGH_EXACT,exact_identifier_based,4166,ethylmorphine,,IN,ENG,100.0,HIGH_EXACT,success,
DRUG_001116,CONFIRMED_INTEGRATED_ENTITY,Camazepam,pubchem_inchikey_lookup,PUBCHEM_TITLE_CANDIDATE,NO_MATCH,none,,,,,,0.0,NO_MATCH,success,
DRUG_001117,CONFIRMED_INTEGRATED_ENTITY,difenoxin,rxnav_drugbank_id_lookup,AUTHORITATIVE_NAME,HIGH_EXACT,exact_identifier_based,23024,difenoxin,,IN,ENG,100.0,HIGH_EXACT,success,
DRUG_001118,CONFIRMED_INTEGRATED_ENTITY,Delorazepam,pubchem_inchikey_lookup,PUBCHEM_TITLE_CANDIDATE,NO_MATCH,none,,,,,,0.0,NO_MATCH,success,
DRUG_001119,CONFIRMED_INTEGRATED_ENTITY,flunitrazepam,rxnav_drugbank_id_lookup,AUTHORITATIVE_NAME,HIGH_EXACT,exact_identifier_based,4460,flunitrazepam,,IN,ENG,100.0,HIGH_EXACT,success,
DRUG_001120,CONFIRMED_INTEGRATED_ENTITY,ethyl loflazepate,rxnav_drugbank_id_lookup,AUTHORITATIVE_NAME,HIGH_EXACT,exact_identifier_based,24524,ethyl loflazepate,,IN,ENG,100.0,HIGH_EXACT,success,
DRUG_001121,CONFIRMED_INTEGRATED_ENTITY,dihydrocodeine,rxnav_drugbank_id_lookup,AUTHORITATIVE_NAME,HIGH_EXACT,exact_identifier_based,23088,dihydrocodeine,,IN,ENG,100.0,HIGH_EXACT,success,
DRUG_001122,CONFIRMED_INTEGRATED_ENTITY,Cloxazolam,pubchem_inchikey_lookup,PUBCHEM_TITLE_CANDIDATE,NO_MATCH,none,,,,,,0.0,NO_MATCH,success,
DRUG_001123,CONFIRMED_INTEGRATED_ENTITY,bromazepam,rxnav_drugbank_id_lookup,AUTHORITATIVE_NAME,HIGH_EXACT,exact_identifier_based,1749,bromazepam,,IN,ENG,100.0,HIGH_EXACT,success,
DRUG_001124,CONFIRMED_INTEGRATED_ENTITY,clotiazepam,rxnav_drugbank_id_lookup,AUTHORITATIVE_NAME,HIGH_EXACT,exact_identifier_based,2622,clotiazepam,,IN,ENG,100.0,HIGH_EXACT,success,
DRUG_001125,CONFIRMED_INTEGRATED_ENTITY,chloral hydrate,rxnav_drugbank_id_lookup,AUTHORITATIVE_NAME,HIGH_EXACT,exact_identifier_based,2344,chloral hydrate,,PIN,ENG,100.0,HIGH_EXACT,success,
DRUG_001126,CONFIRMED_INTEGRATED_ENTITY,Fludiazepam,pubchem_inchikey_lookup,PUBCHEM_TITLE_CANDIDATE,NO_MATCH,none,,,,,,0.0,NO_MATCH,success,
DRUG_001127,CONFIRMED_INTEGRATED_ENTITY,Kaolin,pubchem_inchikey_lookup,PUBCHEM_TITLE_CANDIDATE,HIGH_EXACT,exact_identifier_based,104100,kaolin light,,PIN,ENG,100.0,HIGH_EXACT,success,
DRUG_001128,CONFIRMED_INTEGRATED_ENTITY,methamphetamine,rxnav_drugbank_id_lookup,AUTHORITATIVE_NAME,HIGH_EXACT,exact_identifier_based,6816,methamphetamine,metamfetamine,IN,ENG,100.0,HIGH_EXACT,success,
DRUG_001129,CONFIRMED_INTEGRATED_ENTITY,"3-Acetamido-2,4,6-triiodo-5-(N-methylacetamido)-N-((2R,3R,4S,5R)-3,4,5,6-tetrahydroxy-1-oxohexan-2-YL)benzamide",pubchem_inchikey_lookup,PUBCHEM_TITLE_CANDIDATE,NO_MATCH,none,,,,,,0.0,NO_MATCH,success,
DRUG_001130,CONFIRMED_INTEGRATED_ENTITY,phendimetrazine,rxnav_drugbank_id_lookup,AUTHORITATIVE_NAME,HIGH_EXACT,exact_identifier_based,33272,phendimetrazine,,IN,ENG,100.0,HIGH_EXACT,success,
DRUG_001131,CONFIRMED_INTEGRATED_ENTITY,oxprenolol,rxnav_drugbank_id_lookup,AUTHORITATIVE_NAME,HIGH_EXACT,exact_identifier_based,7801,oxprenolol,,IN,ENG,100.0,HIGH_EXACT,success,
DRUG_001132,CONFIRMED_INTEGRATED_ENTITY,sulfamerazine,rxnav_drugbank_id_lookup,AUTHORITATIVE_NAME,HIGH_EXACT,exact_identifier_based,10176,sulfamerazine,,IN,ENG,100.0,HIGH_EXACT,success,
DRUG_001133,CONFIRMED_INTEGRATED_ENTITY,sulfamethazine,rxnav_drugbank_id_lookup,AUTHORITATIVE_NAME,HIGH_EXACT,exact_identifier_based,10178,sulfamethazine,sulfadimidine,IN,ENG,100.0,HIGH_EXACT,success,
DRUG_001134,CONFIRMED_INTEGRATED_ENTITY,Liotrix,pubchem_inchikey_lookup,PUBCHEM_TITLE_CANDIDATE,NO_MATCH,none,,,,,,0.0,NO_MATCH,success,
DRUG_001135,AMBIGUOUS_MAPPING_COMPONENT,Ursodeoxycholic Acid,pubchem_inchikey_lookup,PUBCHEM_TITLE_CANDIDATE,HIGH_EXACT,exact_identifier_based,11065,ursodiol,,PIN,ENG,100.0,HIGH_EXACT,success,
DRUG_001136,AMBIGUOUS_MAPPING_COMPONENT,Chenodeoxycholic Acid,pubchem_inchikey_lookup,PUBCHEM_TITLE_CANDIDATE,HIGH_EXACT,exact_identifier_based,2323,chenodeoxycholic acid,,PIN,ENG,100.0,HIGH_EXACT,success,
DRUG_001137,AMBIGUOUS_MAPPING_COMPONENT,"4-{4,7-dihydroxy-9a,11a-dimethyl-hexadecahydro-1H-cyclopenta[a]phenanthren-1-yl}pentanoic acid",pubchem_cid_lookup,PUBCHEM_TITLE_CANDIDATE,NO_MATCH,none,,,,,,0.0,NO_MATCH,success,
DRUG_001138,CONFIRMED_INTEGRATED_ENTITY,ketazolam,rxnav_drugbank_id_lookup,AUTHORITATIVE_NAME,HIGH_EXACT,exact_identifier_based,28181,ketazolam,,IN,ENG,100.0,HIGH_EXACT,success,
DRUG_001139,CONFIRMED_INTEGRATED_ENTITY,prazepam,rxnav_drugbank_id_lookup,AUTHORITATIVE_NAME,HIGH_EXACT,exact_identifier_based,8627,prazepam,,IN,ENG,100.0,HIGH_EXACT,success,
DRUG_001140,CONFIRMED_INTEGRATED_ENTITY,quazepam,rxnav_drugbank_id_lookup,AUTHORITATIVE_NAME,HIGH_EXACT,exact_identifier_based,35185,quazepam,,IN,ENG,100.0,HIGH_EXACT,success,
DRUG_001141,CONFIRMED_INTEGRATED_ENTITY,everolimus,rxnav_drugbank_id_lookup,AUTHORITATIVE_NAME,HIGH_EXACT,exact_identifier_based,141704,everolimus,,IN,ENG,100.0,HIGH_EXACT,success,
DRUG_001142,CONFIRMED_INTEGRATED_ENTITY,solifenacin,rxnav_drugbank_id_lookup,AUTHORITATIVE_NAME,HIGH_EXACT,exact_identifier_based,322167,solifenacin,,IN,ENG,100.0,HIGH_EXACT,success,
DRUG_001143,CONFIRMED_INTEGRATED_ENTITY,Iron,pubchem_inchikey_lookup,PUBCHEM_TITLE_CANDIDATE,HIGH_EXACT,exact_identifier_based,262150,iron carbonyl,,IN,ENG,100.0,HIGH_EXACT,success,
DRUG_001144,CONFIRMED_INTEGRATED_ENTITY,nitrazepam,rxnav_drugbank_id_lookup,AUTHORITATIVE_NAME,HIGH_EXACT,exact_identifier_based,7440,nitrazepam,,IN,ENG,100.0,HIGH_EXACT,success,
DRUG_001145,CONFIRMED_INTEGRATED_ENTITY,cilastatin,rxnav_drugbank_id_lookup,AUTHORITATIVE_NAME,HIGH_EXACT,exact_identifier_based,2540,cilastatin,,IN,ENG,100.0,HIGH_EXACT,success,
DRUG_001146,CONFIRMED_INTEGRATED_ENTITY,Imipenem,pubchem_inchikey_lookup,PUBCHEM_TITLE_CANDIDATE,HIGH_EXACT,exact_identifier_based,1545986,imipenem anhydrous,,PIN,ENG,100.0,HIGH_EXACT,success,
DRUG_001147,CONFIRMED_INTEGRATED_ENTITY,probucol,rxnav_drugbank_id_lookup,AUTHORITATIVE_NAME,HIGH_EXACT,exact_identifier_based,8699,probucol,,IN,ENG,100.0,HIGH_EXACT,success,
DRUG_001148,CONFIRMED_INTEGRATED_ENTITY,tiaprofenic acid,rxnav_drugbank_id_lookup,AUTHORITATIVE_NAME,HIGH_EXACT,exact_identifier_based,38253,tiaprofenic acid,,PIN,ENG,100.0,HIGH_EXACT,success,
DRUG_001149,CONFIRMED_INTEGRATED_ENTITY,lopinavir,rxnav_drugbank_id_lookup,AUTHORITATIVE_NAME,HIGH_EXACT,exact_identifier_based,195088,lopinavir,,IN,ENG,100.0,HIGH_EXACT,success,
DRUG_001150,CONFIRMED_INTEGRATED_ENTITY,bacampicillin,rxnav_drugbank_id_lookup,AUTHORITATIVE_NAME,HIGH_EXACT,exact_identifier_based,18687,bacampicillin,,IN,ENG,100.0,HIGH_EXACT,success,
DRUG_001151,CONFIRMED_INTEGRATED_ENTITY,methicillin,rxnav_drugbank_id_lookup,AUTHORITATIVE_NAME,HIGH_EXACT,exact_identifier_based,2181306,methicillin,,IN,ENG,100.0,HIGH_EXACT,success,
DRUG_001152,CONFIRMED_INTEGRATED_ENTITY,pivampicillin,rxnav_drugbank_id_lookup,AUTHORITATIVE_NAME,HIGH_EXACT,exact_identifier_based,8372,pivampicillin,,IN,ENG,100.0,HIGH_EXACT,success,
DRUG_001153,CONFIRMED_INTEGRATED_ENTITY,amdinocillin pivoxil,rxnav_drugbank_id_lookup,AUTHORITATIVE_NAME,HIGH_EXACT,exact_identifier_based,627,amdinocillin pivoxil,pivmecillinam,IN,ENG,100.0,HIGH_EXACT,success,
DRUG_001154,CONFIRMED_INTEGRATED_ENTITY,tazobactam,rxnav_drugbank_id_lookup,AUTHORITATIVE_NAME,HIGH_EXACT,exact_identifier_based,37617,tazobactam,,IN,ENG,100.0,HIGH_EXACT,success,
DRUG_001155,CONFIRMED_INTEGRATED_ENTITY,ticarcillin,rxnav_drugbank_id_lookup,AUTHORITATIVE_NAME,HIGH_EXACT,exact_identifier_based,10591,ticarcillin,,IN,ENG,100.0,HIGH_EXACT,success,
DRUG_001156,CONFIRMED_INTEGRATED_ENTITY,periciazine,rxnav_drugbank_id_lookup,AUTHORITATIVE_NAME,HIGH_EXACT,exact_identifier_based,8766,periciazine,,IN,ENG,100.0,HIGH_EXACT,success,
DRUG_001157,CONFIRMED_INTEGRATED_ENTITY,deferasirox,rxnav_drugbank_id_lookup,AUTHORITATIVE_NAME,HIGH_EXACT,exact_identifier_based,614373,deferasirox,,IN,ENG,100.0,HIGH_EXACT,success,
DRUG_001158,CONFIRMED_INTEGRATED_ENTITY,valganciclovir,rxnav_drugbank_id_lookup,AUTHORITATIVE_NAME,HIGH_EXACT,exact_identifier_based,275891,valganciclovir,,IN,ENG,100.0,HIGH_EXACT,success,
DRUG_001159,CONFIRMED_INTEGRATED_ENTITY,hydroxychloroquine,rxnav_drugbank_id_lookup,AUTHORITATIVE_NAME,HIGH_EXACT,exact_identifier_based,5521,hydroxychloroquine,,IN,ENG,100.0,HIGH_EXACT,success,
DRUG_001160,CONFIRMED_INTEGRATED_ENTITY,amyl nitrite,rxnav_drugbank_id_lookup,AUTHORITATIVE_NAME,HIGH_EXACT,exact_identifier_based,742,amyl nitrite,,IN,ENG,100.0,HIGH_EXACT,success,
DRUG_001161,CONFIRMED_INTEGRATED_ENTITY,erythrityl tetranitrate,rxnav_drugbank_id_lookup,AUTHORITATIVE_NAME,HIGH_EXACT,exact_identifier_based,4040,erythrityl tetranitrate,eritrityl tetranitrate,IN,ENG,100.0,HIGH_EXACT,success,
DRUG_001162,CONFIRMED_INTEGRATED_ENTITY,acepromazine,rxnav_drugbank_id_lookup,AUTHORITATIVE_NAME,HIGH_EXACT,exact_identifier_based,155,acepromazine,,IN,ENG,100.0,HIGH_EXACT,success,
DRUG_001163,CONFIRMED_INTEGRATED_ENTITY,Aceprometazine,pubchem_inchikey_lookup,PUBCHEM_TITLE_CANDIDATE,NO_MATCH,none,,,,,,0.0,NO_MATCH,success,
DRUG_001164,CONFIRMED_INTEGRATED_ENTITY,molindone,rxnav_drugbank_id_lookup,AUTHORITATIVE_NAME,HIGH_EXACT,exact_identifier_based,7019,molindone,,IN,ENG,100.0,HIGH_EXACT,success,
DRUG_001165,CONFIRMED_INTEGRATED_ENTITY,phenindamine,rxnav_drugbank_id_lookup,AUTHORITATIVE_NAME,HIGH_EXACT,exact_identifier_based,33283,phenindamine,,IN,ENG,100.0,HIGH_EXACT,success,
DRUG_001166,CONFIRMED_INTEGRATED_ENTITY,pheniramine,rxnav_drugbank_id_lookup,AUTHORITATIVE_NAME,HIGH_EXACT,exact_identifier_based,8132,pheniramine,,IN,ENG,100.0,HIGH_EXACT,success,
DRUG_001167,CONFIRMED_INTEGRATED_ENTITY,pipothiazine,rxnav_drugbank_id_lookup,AUTHORITATIVE_NAME,HIGH_EXACT,exact_identifier_based,8348,pipothiazine,pipotiazine,IN,ENG,100.0,HIGH_EXACT,success,
DRUG_001168,CONFIRMED_INTEGRATED_ENTITY,thioproperazine,rxnav_drugbank_id_lookup,AUTHORITATIVE_NAME,HIGH_EXACT,exact_identifier_based,10498,thioproperazine,,IN,ENG,100.0,HIGH_EXACT,success,
DRUG_001169,CONFIRMED_INTEGRATED_ENTITY,thiothixene,rxnav_drugbank_id_lookup,AUTHORITATIVE_NAME,HIGH_EXACT,exact_identifier_based,10510,thiothixene,tiotixene,IN,ENG,100.0,HIGH_EXACT,success,
DRUG_001170,CONFIRMED_INTEGRATED_ENTITY,zuclopenthixol,rxnav_drugbank_id_lookup,AUTHORITATIVE_NAME,HIGH_EXACT,exact_identifier_based,114176,zuclopenthixol,,IN,ENG,100.0,HIGH_EXACT,success,
DRUG_001171,CONFIRMED_INTEGRATED_ENTITY,pargyline,rxnav_drugbank_id_lookup,AUTHORITATIVE_NAME,HIGH_EXACT,exact_identifier_based,7930,pargyline,,IN,ENG,100.0,HIGH_EXACT,success,
DRUG_001172,CONFIRMED_INTEGRATED_ENTITY,lincomycin,rxnav_drugbank_id_lookup,AUTHORITATIVE_NAME,HIGH_EXACT,exact_identifier_based,6398,lincomycin,,IN,ENG,100.0,HIGH_EXACT,success,
DRUG_001173,CONFIRMED_INTEGRATED_ENTITY,etoricoxib,rxnav_drugbank_id_lookup,AUTHORITATIVE_NAME,HIGH_EXACT,exact_identifier_based,307296,etoricoxib,,IN,ENG,100.0,HIGH_EXACT,success,
DRUG_001174,CONFIRMED_INTEGRATED_ENTITY,roflumilast,rxnav_drugbank_id_lookup,AUTHORITATIVE_NAME,HIGH_EXACT,exact_identifier_based,1091836,roflumilast,,IN,ENG,100.0,HIGH_EXACT,success,
DRUG_001175,CONFIRMED_INTEGRATED_ENTITY,Topiroxostat,pubchem_inchikey_lookup,PUBCHEM_TITLE_CANDIDATE,NO_MATCH,none,,,,,,0.0,NO_MATCH,success,
DRUG_001176,CONFIRMED_INTEGRATED_ENTITY,prasterone,rxnav_drugbank_id_lookup,AUTHORITATIVE_NAME,HIGH_EXACT,exact_identifier_based,3143,prasterone,,IN,ENG,100.0,HIGH_EXACT,success,
DRUG_001177,CONFIRMED_INTEGRATED_ENTITY,dalfopristin,rxnav_drugbank_id_lookup,AUTHORITATIVE_NAME,HIGH_EXACT,exact_identifier_based,229369,dalfopristin,,IN,ENG,100.0,HIGH_EXACT,success,
DRUG_001178,CONFIRMED_INTEGRATED_ENTITY,benzophenone,rxnav_drugbank_id_lookup,AUTHORITATIVE_NAME,HIGH_EXACT,exact_identifier_based,18997,benzophenone,,IN,ENG,100.0,HIGH_EXACT,success,
DRUG_001179,CONFIRMED_INTEGRATED_ENTITY,Equilin,pubchem_inchikey_lookup,PUBCHEM_TITLE_CANDIDATE,NO_MATCH,none,,,,,,0.0,NO_MATCH,success,
DRUG_001180,CONFIRMED_INTEGRATED_ENTITY,calcipotriene,rxnav_drugbank_id_lookup,AUTHORITATIVE_NAME,HIGH_EXACT,exact_identifier_based,29365,calcipotriene,,IN,ENG,100.0,HIGH_EXACT,success,
DRUG_001181,CONFIRMED_INTEGRATED_ENTITY,thymol,rxnav_drugbank_id_lookup,AUTHORITATIVE_NAME,HIGH_EXACT,exact_identifier_based,10553,thymol,,IN,ENG,100.0,HIGH_EXACT,success,
DRUG_001182,CONFIRMED_INTEGRATED_ENTITY,vorinostat,rxnav_drugbank_id_lookup,AUTHORITATIVE_NAME,HIGH_EXACT,exact_identifier_based,194337,vorinostat,,IN,ENG,100.0,HIGH_EXACT,success,
DRUG_001183,CONFIRMED_INTEGRATED_ENTITY,terlipressin,rxnav_drugbank_id_lookup,AUTHORITATIVE_NAME,HIGH_EXACT,exact_identifier_based,57048,terlipressin,,IN,ENG,100.0,HIGH_EXACT,success,
DRUG_001184,CONFIRMED_INTEGRATED_ENTITY,cholic acid,rxnav_drugbank_id_lookup,AUTHORITATIVE_NAME,HIGH_EXACT,exact_identifier_based,1440856,cholic acid,,IN,ENG,100.0,HIGH_EXACT,success,
DRUG_001185,CONFIRMED_INTEGRATED_ENTITY,niacinamide,rxnav_drugbank_id_lookup,AUTHORITATIVE_NAME,HIGH_EXACT,exact_identifier_based,7405,niacinamide,,IN,ENG,100.0,HIGH_EXACT,success,
DRUG_001186,CONFIRMED_INTEGRATED_ENTITY,Fusidic Acid,pubchem_inchikey_lookup,PUBCHEM_TITLE_CANDIDATE,HIGH_EXACT,exact_identifier_based,113608,fusidate,,IN,ENG,100.0,HIGH_EXACT,success,
DRUG_001187,CONFIRMED_INTEGRATED_ENTITY,resveratrol,rxnav_drugbank_id_lookup,AUTHORITATIVE_NAME,HIGH_EXACT,exact_identifier_based,1000492,resveratrol,,IN,ENG,100.0,HIGH_EXACT,success,
DRUG_001188,CONFIRMED_INTEGRATED_ENTITY,5-hydroxytryptophan,rxnav_drugbank_id_lookup,AUTHORITATIVE_NAME,HIGH_EXACT,exact_identifier_based,94,5-hydroxytryptophan,oxitriptan,IN,ENG,100.0,HIGH_EXACT,success,
DRUG_001189,CONFIRMED_INTEGRATED_ENTITY,acetylcholine,rxnav_drugbank_id_lookup,AUTHORITATIVE_NAME,HIGH_EXACT,exact_identifier_based,194,acetylcholine,,IN,ENG,100.0,HIGH_EXACT,success,
DRUG_001190,CONFIRMED_INTEGRATED_ENTITY,oxyphenbutazone,rxnav_drugbank_id_lookup,AUTHORITATIVE_NAME,HIGH_EXACT,exact_identifier_based,7816,oxyphenbutazone,,IN,ENG,100.0,HIGH_EXACT,success,
DRUG_001191,CONFIRMED_INTEGRATED_ENTITY,Ribostamycin,pubchem_inchikey_lookup,PUBCHEM_TITLE_CANDIDATE,NO_MATCH,none,,,,,,0.0,NO_MATCH,success,
DRUG_001192,CONFIRMED_INTEGRATED_ENTITY,Deoxycholic Acid,pubchem_inchikey_lookup,PUBCHEM_TITLE_CANDIDATE,HIGH_EXACT,exact_identifier_based,3194,deoxycholic acid,,PIN,ENG,100.0,HIGH_EXACT,success,
DRUG_001193,CONFIRMED_INTEGRATED_ENTITY,tromethamine,rxnav_drugbank_id_lookup,AUTHORITATIVE_NAME,HIGH_EXACT,exact_identifier_based,10865,tromethamine,trometamol,IN,ENG,100.0,HIGH_EXACT,success,
DRUG_001194,CONFIRMED_INTEGRATED_ENTITY,Doconexent,pubchem_inchikey_lookup,PUBCHEM_TITLE_CANDIDATE,HIGH_EXACT,exact_identifier_based,1006469,doconexent,,IN,ENG,100.0,HIGH_EXACT,success,
DRUG_001195,CONFIRMED_INTEGRATED_ENTITY,benzoic acid,rxnav_drugbank_id_lookup,AUTHORITATIVE_NAME,HIGH_EXACT,exact_identifier_based,18989,benzoic acid,,PIN,ENG,100.0,HIGH_EXACT,success,
DRUG_001196,CONFIRMED_INTEGRATED_ENTITY,Palmitic Acid,pubchem_inchikey_lookup,PUBCHEM_TITLE_CANDIDATE,HIGH_EXACT,exact_identifier_based,1370621,palmitate,,IN,ENG,100.0,HIGH_EXACT,success,
DRUG_001197,CONFIRMED_INTEGRATED_ENTITY,Citric Acid,pubchem_inchikey_lookup,PUBCHEM_TITLE_CANDIDATE,HIGH_EXACT,exact_identifier_based,114200,citrate,,IN,ENG,100.0,HIGH_EXACT,success,
DRUG_001198,CONFIRMED_INTEGRATED_ENTITY,carbocysteine,rxnav_drugbank_id_lookup,AUTHORITATIVE_NAME,HIGH_EXACT,exact_identifier_based,2023,carbocysteine,carbocisteine,IN,ENG,100.0,HIGH_EXACT,success,
DRUG_001199,CONFIRMED_INTEGRATED_ENTITY,Lactic Acid,pubchem_inchikey_lookup,PUBCHEM_TITLE_CANDIDATE,HIGH_EXACT,exact_identifier_based,114202,lactate,,IN,ENG,100.0,HIGH_EXACT,success,
DRUG_001200,CONFIRMED_INTEGRATED_ENTITY,niflumic acid,rxnav_drugbank_id_lookup,AUTHORITATIVE_NAME,HIGH_EXACT,exact_identifier_based,7418,niflumic acid,,IN,ENG,100.0,HIGH_EXACT,success,
DRUG_001201,CONFIRMED_INTEGRATED_ENTITY,moxalactam,rxnav_drugbank_id_lookup,AUTHORITATIVE_NAME,HIGH_EXACT,exact_identifier_based,7069,moxalactam,latamoxef,IN,ENG,100.0,HIGH_EXACT,success,
DRUG_001202,CONFIRMED_INTEGRATED_ENTITY,trioxsalen,rxnav_drugbank_id_lookup,AUTHORITATIVE_NAME,HIGH_EXACT,exact_identifier_based,10844,trioxsalen,trioxysalen,IN,ENG,100.0,HIGH_EXACT,success,
DRUG_001203,CONFIRMED_INTEGRATED_ENTITY,thiotepa,rxnav_drugbank_id_lookup,AUTHORITATIVE_NAME,HIGH_EXACT,exact_identifier_based,10473,thiotepa,,IN,ENG,100.0,HIGH_EXACT,success,
DRUG_001204,CONFIRMED_INTEGRATED_ENTITY,estriol,rxnav_drugbank_id_lookup,AUTHORITATIVE_NAME,HIGH_EXACT,exact_identifier_based,4094,estriol,,IN,ENG,100.0,HIGH_EXACT,success,
DRUG_001205,CONFIRMED_INTEGRATED_ENTITY,Estrone Sulfate,pubchem_inchikey_lookup,PUBCHEM_TITLE_CANDIDATE,NO_MATCH,none,,,,,,0.0,NO_MATCH,success,
DRUG_001206,CONFIRMED_INTEGRATED_ENTITY,quinestrol,rxnav_drugbank_id_lookup,AUTHORITATIVE_NAME,HIGH_EXACT,exact_identifier_based,9066,quinestrol,,IN,ENG,100.0,HIGH_EXACT,success,
DRUG_001207,CONFIRMED_INTEGRATED_ENTITY,Fleroxacin,pubchem_inchikey_lookup,PUBCHEM_TITLE_CANDIDATE,NO_MATCH,none,,,,,,0.0,NO_MATCH,success,
DRUG_001208,CONFIRMED_INTEGRATED_ENTITY,iodipamide,rxnav_drugbank_id_lookup,AUTHORITATIVE_NAME,HIGH_EXACT,exact_identifier_based,5936,iodipamide,adipiodone,IN,ENG,100.0,HIGH_EXACT,success,
DRUG_001209,CONFIRMED_INTEGRATED_ENTITY,nimesulide,rxnav_drugbank_id_lookup,AUTHORITATIVE_NAME,HIGH_EXACT,exact_identifier_based,53694,nimesulide,,IN,ENG,100.0,HIGH_EXACT,success,
DRUG_001210,CONFIRMED_INTEGRATED_ENTITY,suramin,rxnav_drugbank_id_lookup,AUTHORITATIVE_NAME,HIGH_EXACT,exact_identifier_based,10256,suramin,,IN,ENG,100.0,HIGH_EXACT,success,
DRUG_001211,CONFIRMED_INTEGRATED_ENTITY,bifonazole,rxnav_drugbank_id_lookup,AUTHORITATIVE_NAME,HIGH_EXACT,exact_identifier_based,19295,bifonazole,,IN,ENG,100.0,HIGH_EXACT,success,
DRUG_001212,CONFIRMED_INTEGRATED_ENTITY,maraviroc,rxnav_drugbank_id_lookup,AUTHORITATIVE_NAME,HIGH_EXACT,exact_identifier_based,620216,maraviroc,,IN,ENG,100.0,HIGH_EXACT,success,
DRUG_001213,CONFIRMED_INTEGRATED_ENTITY,cyproterone acetate,rxnav_drugbank_id_lookup,AUTHORITATIVE_NAME,HIGH_EXACT,exact_identifier_based,22054,cyproterone acetate,,PIN,ENG,100.0,HIGH_EXACT,success,
DRUG_001214,CONFIRMED_INTEGRATED_ENTITY,debrisoquin,rxnav_drugbank_id_lookup,AUTHORITATIVE_NAME,HIGH_EXACT,exact_identifier_based,3118,debrisoquin,debrisoquine,IN,ENG,100.0,HIGH_EXACT,success,
DRUG_001215,CONFIRMED_INTEGRATED_ENTITY,flunarizine,rxnav_drugbank_id_lookup,AUTHORITATIVE_NAME,HIGH_EXACT,exact_identifier_based,4459,flunarizine,,IN,ENG,100.0,HIGH_EXACT,success,
DRUG_001216,CONFIRMED_INTEGRATED_ENTITY,fluspirilene,rxnav_drugbank_id_lookup,AUTHORITATIVE_NAME,HIGH_EXACT,exact_identifier_based,4507,fluspirilene,,IN,ENG,100.0,HIGH_EXACT,success,
DRUG_001217,CONFIRMED_INTEGRATED_ENTITY,tetrabenazine,rxnav_drugbank_id_lookup,AUTHORITATIVE_NAME,HIGH_EXACT,exact_identifier_based,10390,tetrabenazine,,IN,ENG,100.0,HIGH_EXACT,success,
DRUG_001218,CONFIRMED_INTEGRATED_ENTITY,ixabepilone,rxnav_drugbank_id_lookup,AUTHORITATIVE_NAME,HIGH_EXACT,exact_identifier_based,337523,ixabepilone,,IN,ENG,100.0,HIGH_EXACT,success,
DRUG_001219,CONFIRMED_INTEGRATED_ENTITY,celiprolol,rxnav_drugbank_id_lookup,AUTHORITATIVE_NAME,HIGH_EXACT,exact_identifier_based,20498,celiprolol,,IN,ENG,100.0,HIGH_EXACT,success,
DRUG_001220,CONFIRMED_INTEGRATED_ENTITY,febuxostat,rxnav_drugbank_id_lookup,AUTHORITATIVE_NAME,HIGH_EXACT,exact_identifier_based,73689,febuxostat,,IN,ENG,100.0,HIGH_EXACT,success,
DRUG_001221,CONFIRMED_INTEGRATED_ENTITY,dronedarone,rxnav_drugbank_id_lookup,AUTHORITATIVE_NAME,HIGH_EXACT,exact_identifier_based,233698,dronedarone,,IN,ENG,100.0,HIGH_EXACT,success,
DRUG_001222,CONFIRMED_INTEGRATED_ENTITY,nebivolol,rxnav_drugbank_id_lookup,AUTHORITATIVE_NAME,HIGH_EXACT,exact_identifier_based,31555,nebivolol,,IN,ENG,100.0,HIGH_EXACT,success,
DRUG_001223,CONFIRMED_INTEGRATED_ENTITY,omacetaxine mepesuccinate,rxnav_drugbank_id_lookup,AUTHORITATIVE_NAME,HIGH_EXACT,exact_identifier_based,27100,omacetaxine mepesuccinate,,IN,ENG,100.0,HIGH_EXACT,success,
DRUG_001224,CONFIRMED_INTEGRATED_ENTITY,nilotinib,rxnav_drugbank_id_lookup,AUTHORITATIVE_NAME,HIGH_EXACT,exact_identifier_based,662281,nilotinib,,IN,ENG,100.0,HIGH_EXACT,success,
DRUG_001225,CONFIRMED_INTEGRATED_ENTITY,lorcaserin,rxnav_drugbank_id_lookup,AUTHORITATIVE_NAME,HIGH_EXACT,exact_identifier_based,1300701,lorcaserin,,IN,ENG,100.0,HIGH_EXACT,success,
DRUG_001226,CONFIRMED_INTEGRATED_ENTITY,vildagliptin,rxnav_drugbank_id_lookup,AUTHORITATIVE_NAME,HIGH_EXACT,exact_identifier_based,596554,vildagliptin,,IN,ENG,100.0,HIGH_EXACT,success,
DRUG_001227,CONFIRMED_INTEGRATED_ENTITY,Voglibose,pubchem_inchikey_lookup,PUBCHEM_TITLE_CANDIDATE,NO_MATCH,none,,,,,,0.0,NO_MATCH,success,
DRUG_001228,CONFIRMED_INTEGRATED_ENTITY,Vapreotide,pubchem_inchikey_lookup,PUBCHEM_TITLE_CANDIDATE,NO_MATCH,none,,,,,,0.0,NO_MATCH,success,
DRUG_001229,CONFIRMED_INTEGRATED_ENTITY,milnacipran,rxnav_drugbank_id_lookup,AUTHORITATIVE_NAME,HIGH_EXACT,exact_identifier_based,588250,milnacipran,,IN,ENG,100.0,HIGH_EXACT,success,
DRUG_001230,CONFIRMED_INTEGRATED_ENTITY,Ximelagatran [MI],pubchem_inchikey_lookup,PUBCHEM_TITLE_CANDIDATE,NO_MATCH,none,,,,,,0.0,NO_MATCH,success,
DRUG_001231,CONFIRMED_INTEGRATED_ENTITY,flibanserin,rxnav_drugbank_id_lookup,AUTHORITATIVE_NAME,HIGH_EXACT,exact_identifier_based,1665509,flibanserin,,IN,ENG,100.0,HIGH_EXACT,success,
DRUG_001232,CONFIRMED_INTEGRATED_ENTITY,oritavancin,rxnav_drugbank_id_lookup,AUTHORITATIVE_NAME,HIGH_EXACT,exact_identifier_based,1547611,oritavancin,,IN,ENG,100.0,HIGH_EXACT,success,
DRUG_001233,CONFIRMED_INTEGRATED_ENTITY,ceftobiprole,rxnav_drugbank_id_lookup,AUTHORITATIVE_NAME,HIGH_EXACT,exact_identifier_based,2691333,ceftobiprole,,IN,ENG,100.0,HIGH_EXACT,success,
DRUG_001234,CONFIRMED_INTEGRATED_ENTITY,"3,5-Pyridinedicarboxylic acid, 4-(2,3-dichlorophenyl)-1,4-dihydro-2,6-dimethyl-, 3-methyl 5-((1-oxobutoxy)methyl) ester",pubchem_inchikey_lookup,PUBCHEM_TITLE_CANDIDATE,HIGH_EXACT,exact_identifier_based,233603,clevidipine,,IN,ENG,100.0,HIGH_EXACT,success,
DRUG_001235,CONFIRMED_INTEGRATED_ENTITY,permethrin,rxnav_drugbank_id_lookup,AUTHORITATIVE_NAME,HIGH_EXACT,exact_identifier_based,33199,permethrin,,IN,ENG,100.0,HIGH_EXACT,success,
DRUG_001236,CONFIRMED_INTEGRATED_ENTITY,ospemifene,rxnav_drugbank_id_lookup,AUTHORITATIVE_NAME,HIGH_EXACT,exact_identifier_based,1370971,ospemifene,,IN,ENG,100.0,HIGH_EXACT,success,
DRUG_001237,CONFIRMED_INTEGRATED_ENTITY,iloperidone,rxnav_drugbank_id_lookup,AUTHORITATIVE_NAME,HIGH_EXACT,exact_identifier_based,73178,iloperidone,,IN,ENG,100.0,HIGH_EXACT,success,
DRUG_001238,CONFIRMED_INTEGRATED_ENTITY,lofexidine,rxnav_drugbank_id_lookup,AUTHORITATIVE_NAME,HIGH_EXACT,exact_identifier_based,28863,lofexidine,,IN,ENG,100.0,HIGH_EXACT,success,
DRUG_001239,CONFIRMED_INTEGRATED_ENTITY,pirfenidone,rxnav_drugbank_id_lookup,AUTHORITATIVE_NAME,HIGH_EXACT,exact_identifier_based,1592254,pirfenidone,,IN,ENG,100.0,HIGH_EXACT,success,
DRUG_001240,CONFIRMED_INTEGRATED_ENTITY,ezogabine,rxnav_drugbank_id_lookup,AUTHORITATIVE_NAME,HIGH_EXACT,exact_identifier_based,1112990,ezogabine,retigabine,IN,ENG,100.0,HIGH_EXACT,success,
DRUG_001241,CONFIRMED_INTEGRATED_ENTITY,Lucanthone,pubchem_inchikey_lookup,PUBCHEM_TITLE_CANDIDATE,NO_MATCH,none,,,,,,0.0,NO_MATCH,success,
DRUG_001242,CONFIRMED_INTEGRATED_ENTITY,belinostat,rxnav_drugbank_id_lookup,AUTHORITATIVE_NAME,HIGH_EXACT,exact_identifier_based,1543543,belinostat,,IN,ENG,100.0,HIGH_EXACT,success,
DRUG_001243,CONFIRMED_INTEGRATED_ENTITY,indacaterol,rxnav_drugbank_id_lookup,AUTHORITATIVE_NAME,HIGH_EXACT,exact_identifier_based,1114326,indacaterol,,IN,ENG,100.0,HIGH_EXACT,success,
DRUG_001244,CONFIRMED_INTEGRATED_ENTITY,trabectedin,rxnav_drugbank_id_lookup,AUTHORITATIVE_NAME,HIGH_EXACT,exact_identifier_based,1716278,trabectedin,,IN,ENG,100.0,HIGH_EXACT,success,
DRUG_001245,CONFIRMED_INTEGRATED_ENTITY,crisaborole,rxnav_drugbank_id_lookup,AUTHORITATIVE_NAME,HIGH_EXACT,exact_identifier_based,1865953,crisaborole,,IN,ENG,100.0,HIGH_EXACT,success,
DRUG_001246,CONFIRMED_INTEGRATED_ENTITY,cobimetinib,rxnav_drugbank_id_lookup,AUTHORITATIVE_NAME,HIGH_EXACT,exact_identifier_based,1722365,cobimetinib,,IN,ENG,100.0,HIGH_EXACT,success,
DRUG_001247,CONFIRMED_INTEGRATED_ENTITY,silver sulfadiazine,rxnav_drugbank_id_lookup,AUTHORITATIVE_NAME,HIGH_EXACT,exact_identifier_based,9793,silver sulfadiazine,,IN,ENG,100.0,HIGH_EXACT,success,
DRUG_001248,CONFIRMED_INTEGRATED_ENTITY,methsuximide,rxnav_drugbank_id_lookup,AUTHORITATIVE_NAME,HIGH_EXACT,exact_identifier_based,47858,methsuximide,mesuximide,IN,ENG,100.0,HIGH_EXACT,success,
DRUG_001249,CONFIRMED_INTEGRATED_ENTITY,gallium nitrate,rxnav_drugbank_id_lookup,AUTHORITATIVE_NAME,HIGH_EXACT,exact_identifier_based,25544,gallium nitrate,,PIN,ENG,100.0,HIGH_EXACT,success,
DRUG_001250,CONFIRMED_INTEGRATED_ENTITY,Ecabet,pubchem_inchikey_lookup,PUBCHEM_TITLE_CANDIDATE,NO_MATCH,none,,,,,,0.0,NO_MATCH,success,
DRUG_001251,CONFIRMED_INTEGRATED_ENTITY,Ibudilast,pubchem_inchikey_lookup,PUBCHEM_TITLE_CANDIDATE,NO_MATCH,none,,,,,,0.0,NO_MATCH,success,
DRUG_001252,CONFIRMED_INTEGRATED_ENTITY,rotigotine,rxnav_drugbank_id_lookup,AUTHORITATIVE_NAME,HIGH_EXACT,exact_identifier_based,616739,rotigotine,,IN,ENG,100.0,HIGH_EXACT,success,
DRUG_001253,CONFIRMED_INTEGRATED_ENTITY,vandetanib,rxnav_drugbank_id_lookup,AUTHORITATIVE_NAME,HIGH_EXACT,exact_identifier_based,1098413,vandetanib,,IN,ENG,100.0,HIGH_EXACT,success,
DRUG_001254,CONFIRMED_INTEGRATED_ENTITY,pimavanserin,rxnav_drugbank_id_lookup,AUTHORITATIVE_NAME,HIGH_EXACT,exact_identifier_based,1791685,pimavanserin,,IN,ENG,100.0,HIGH_EXACT,success,
DRUG_001255,CONFIRMED_INTEGRATED_ENTITY,histamine,rxnav_drugbank_id_lookup,AUTHORITATIVE_NAME,HIGH_EXACT,exact_identifier_based,5333,histamine,,IN,ENG,100.0,HIGH_EXACT,success,
DRUG_001256,CONFIRMED_INTEGRATED_ENTITY,telaprevir,rxnav_drugbank_id_lookup,AUTHORITATIVE_NAME,HIGH_EXACT,exact_identifier_based,1102261,telaprevir,,IN,ENG,100.0,HIGH_EXACT,success,
DRUG_001257,CONFIRMED_INTEGRATED_ENTITY,mipomersen,rxnav_drugbank_id_lookup,AUTHORITATIVE_NAME,HIGH_EXACT,exact_identifier_based,1367839,mipomersen,,IN,ENG,100.0,HIGH_EXACT,success,
DRUG_001258,CONFIRMED_INTEGRATED_ENTITY,brivaracetam,rxnav_drugbank_id_lookup,AUTHORITATIVE_NAME,HIGH_EXACT,exact_identifier_based,1739745,brivaracetam,,IN,ENG,100.0,HIGH_EXACT,success,
DRUG_001259,CONFIRMED_INTEGRATED_ENTITY,sodium stibogluconate,rxnav_drugbank_id_lookup,AUTHORITATIVE_NAME,HIGH_EXACT,exact_identifier_based,8010,sodium stibogluconate,,IN,ENG,100.0,HIGH_EXACT,success,
DRUG_001260,CONFIRMED_INTEGRATED_ENTITY,apremilast,rxnav_drugbank_id_lookup,AUTHORITATIVE_NAME,HIGH_EXACT,exact_identifier_based,1492727,apremilast,,IN,ENG,100.0,HIGH_EXACT,success,
DRUG_001261,CONFIRMED_INTEGRATED_ENTITY,abiraterone,rxnav_drugbank_id_lookup,AUTHORITATIVE_NAME,HIGH_EXACT,exact_identifier_based,1100072,abiraterone,,IN,ENG,100.0,HIGH_EXACT,success,
DRUG_001262,CONFIRMED_INTEGRATED_ENTITY,obeticholic acid,rxnav_drugbank_id_lookup,AUTHORITATIVE_NAME,HIGH_EXACT,exact_identifier_based,1798288,obeticholic acid,,IN,ENG,100.0,HIGH_EXACT,success,
DRUG_001263,CONFIRMED_INTEGRATED_ENTITY,cariprazine,rxnav_drugbank_id_lookup,AUTHORITATIVE_NAME,HIGH_EXACT,exact_identifier_based,1667655,cariprazine,,IN,ENG,100.0,HIGH_EXACT,success,
DRUG_001264,CONFIRMED_INTEGRATED_ENTITY,sertindole,rxnav_drugbank_id_lookup,AUTHORITATIVE_NAME,HIGH_EXACT,exact_identifier_based,41996,sertindole,,IN,ENG,100.0,HIGH_EXACT,success,
DRUG_001265,CONFIRMED_INTEGRATED_ENTITY,spiramycin,rxnav_drugbank_id_lookup,AUTHORITATIVE_NAME,HIGH_EXACT,exact_identifier_based,9991,spiramycin,,IN,ENG,100.0,HIGH_EXACT,success,
DRUG_001266,CONFIRMED_INTEGRATED_ENTITY,sulfathiazole,rxnav_drugbank_id_lookup,AUTHORITATIVE_NAME,HIGH_EXACT,exact_identifier_based,10193,sulfathiazole,,IN,ENG,100.0,HIGH_EXACT,success,
DRUG_001267,CONFIRMED_INTEGRATED_ENTITY,mianserin,rxnav_drugbank_id_lookup,AUTHORITATIVE_NAME,HIGH_EXACT,exact_identifier_based,6929,mianserin,,IN,ENG,100.0,HIGH_EXACT,success,
DRUG_001268,CONFIRMED_INTEGRATED_ENTITY,sulfadimethoxine,rxnav_drugbank_id_lookup,AUTHORITATIVE_NAME,HIGH_EXACT,exact_identifier_based,10172,sulfadimethoxine,,IN,ENG,100.0,HIGH_EXACT,success,
DRUG_001269,CONFIRMED_INTEGRATED_ENTITY,nylidrin,rxnav_drugbank_id_lookup,AUTHORITATIVE_NAME,HIGH_EXACT,exact_identifier_based,7595,nylidrin,buphenine,IN,ENG,100.0,HIGH_EXACT,success,
DRUG_001270,CONFIRMED_INTEGRATED_ENTITY,pizotyline,rxnav_drugbank_id_lookup,AUTHORITATIVE_NAME,HIGH_EXACT,exact_identifier_based,8373,pizotyline,pizotifen,IN,ENG,100.0,HIGH_EXACT,success,
DRUG_001271,CONFIRMED_INTEGRATED_ENTITY,pentaerythritol tetranitrate,rxnav_drugbank_id_lookup,AUTHORITATIVE_NAME,HIGH_EXACT,exact_identifier_based,7992,pentaerythritol tetranitrate,pentaerithrityl tetranitrate,PIN,ENG,100.0,HIGH_EXACT,success,
DRUG_001272,CONFIRMED_INTEGRATED_ENTITY,Rimonabant,pubchem_inchikey_lookup,PUBCHEM_TITLE_CANDIDATE,NO_MATCH,none,,,,,,0.0,NO_MATCH,success,
DRUG_001273,CONFIRMED_INTEGRATED_ENTITY,romidepsin,rxnav_drugbank_id_lookup,AUTHORITATIVE_NAME,HIGH_EXACT,exact_identifier_based,877510,romidepsin,,IN,ENG,100.0,HIGH_EXACT,success,
DRUG_001274,CONFIRMED_INTEGRATED_ENTITY,Pixantrone,pubchem_inchikey_lookup,PUBCHEM_TITLE_CANDIDATE,NO_MATCH,none,,,,,,0.0,NO_MATCH,success,
DRUG_001275,CONFIRMED_INTEGRATED_ENTITY,icatibant,rxnav_drugbank_id_lookup,AUTHORITATIVE_NAME,HIGH_EXACT,exact_identifier_based,1148138,icatibant,,IN,ENG,100.0,HIGH_EXACT,success,
DRUG_001276,CONFIRMED_INTEGRATED_ENTITY,rufinamide,rxnav_drugbank_id_lookup,AUTHORITATIVE_NAME,HIGH_EXACT,exact_identifier_based,69036,rufinamide,,IN,ENG,100.0,HIGH_EXACT,success,
DRUG_001277,CONFIRMED_INTEGRATED_ENTITY,Lasofoxifene,pubchem_inchikey_lookup,PUBCHEM_TITLE_CANDIDATE,NO_MATCH,none,,,,,,0.0,NO_MATCH,success,
DRUG_001278,CONFIRMED_INTEGRATED_ENTITY,alogliptin,rxnav_drugbank_id_lookup,AUTHORITATIVE_NAME,HIGH_EXACT,exact_identifier_based,1368001,alogliptin,,IN,ENG,100.0,HIGH_EXACT,success,
DRUG_001279,CONFIRMED_INTEGRATED_ENTITY,tapentadol,rxnav_drugbank_id_lookup,AUTHORITATIVE_NAME,HIGH_EXACT,exact_identifier_based,787390,tapentadol,,IN,ENG,100.0,HIGH_EXACT,success,
DRUG_001280,CONFIRMED_INTEGRATED_ENTITY,sugammadex,rxnav_drugbank_id_lookup,AUTHORITATIVE_NAME,HIGH_EXACT,exact_identifier_based,1726988,sugammadex,,IN,ENG,100.0,HIGH_EXACT,success,
DRUG_001281,CONFIRMED_INTEGRATED_ENTITY,silodosin,rxnav_drugbank_id_lookup,AUTHORITATIVE_NAME,HIGH_EXACT,exact_identifier_based,720825,silodosin,,IN,ENG,100.0,HIGH_EXACT,success,
DRUG_001282,CONFIRMED_INTEGRATED_ENTITY,prasugrel,rxnav_drugbank_id_lookup,AUTHORITATIVE_NAME,HIGH_EXACT,exact_identifier_based,613391,prasugrel,,IN,ENG,100.0,HIGH_EXACT,success,
DRUG_001283,CONFIRMED_INTEGRATED_ENTITY,eltrombopag,rxnav_drugbank_id_lookup,AUTHORITATIVE_NAME,HIGH_EXACT,exact_identifier_based,711942,eltrombopag,,IN,ENG,100.0,HIGH_EXACT,success,
DRUG_001284,CONFIRMED_INTEGRATED_ENTITY,doripenem,rxnav_drugbank_id_lookup,AUTHORITATIVE_NAME,HIGH_EXACT,exact_identifier_based,119771,doripenem,,IN,ENG,100.0,HIGH_EXACT,success,
DRUG_001285,CONFIRMED_INTEGRATED_ENTITY,tolvaptan,rxnav_drugbank_id_lookup,AUTHORITATIVE_NAME,HIGH_EXACT,exact_identifier_based,358257,tolvaptan,,IN,ENG,100.0,HIGH_EXACT,success,
DRUG_001286,CONFIRMED_INTEGRATED_ENTITY,Regadenoson,pubchem_inchikey_lookup,PUBCHEM_TITLE_CANDIDATE,HIGH_EXACT,exact_identifier_based,1546015,regadenoson anhydrous,,PIN,ENG,100.0,HIGH_EXACT,success,
DRUG_001287,CONFIRMED_INTEGRATED_ENTITY,asenapine,rxnav_drugbank_id_lookup,AUTHORITATIVE_NAME,HIGH_EXACT,exact_identifier_based,784649,asenapine,,IN,ENG,100.0,HIGH_EXACT,success,
DRUG_001288,CONFIRMED_INTEGRATED_ENTITY,Vernakalant,pubchem_inchikey_lookup,PUBCHEM_TITLE_CANDIDATE,NO_MATCH,none,,,,,,0.0,NO_MATCH,success,
DRUG_001289,CONFIRMED_INTEGRATED_ENTITY,lacosamide,rxnav_drugbank_id_lookup,AUTHORITATIVE_NAME,HIGH_EXACT,exact_identifier_based,623400,lacosamide,,IN,ENG,100.0,HIGH_EXACT,success,
DRUG_001290,CONFIRMED_INTEGRATED_ENTITY,rivaroxaban,rxnav_drugbank_id_lookup,AUTHORITATIVE_NAME,HIGH_EXACT,exact_identifier_based,1114195,rivaroxaban,,IN,ENG,100.0,HIGH_EXACT,success,
DRUG_001291,CONFIRMED_INTEGRATED_ENTITY,avanafil,rxnav_drugbank_id_lookup,AUTHORITATIVE_NAME,HIGH_EXACT,exact_identifier_based,1291301,avanafil,,IN,ENG,100.0,HIGH_EXACT,success,
DRUG_001292,CONFIRMED_INTEGRATED_ENTITY,eflornithine,rxnav_drugbank_id_lookup,AUTHORITATIVE_NAME,HIGH_EXACT,exact_identifier_based,569,eflornithine,,IN,ENG,100.0,HIGH_EXACT,success,
DRUG_001293,CONFIRMED_INTEGRATED_ENTITY,hexyl 5-aminolevulinate,rxnav_drugbank_id_lookup,AUTHORITATIVE_NAME,HIGH_EXACT,exact_identifier_based,1426872,hexyl 5-aminolevulinate,hexaminolevulinate,IN,ENG,100.0,HIGH_EXACT,success,
DRUG_001294,CONFIRMED_INTEGRATED_ENTITY,droxidopa,rxnav_drugbank_id_lookup,AUTHORITATIVE_NAME,HIGH_EXACT,exact_identifier_based,1489913,droxidopa,,IN,ENG,100.0,HIGH_EXACT,success,
DRUG_001295,CONFIRMED_INTEGRATED_ENTITY,Amrubicin,pubchem_inchikey_lookup,PUBCHEM_TITLE_CANDIDATE,NO_MATCH,none,,,,,,0.0,NO_MATCH,success,
DRUG_001296,CONFIRMED_INTEGRATED_ENTITY,tolperisone,rxnav_drugbank_id_lookup,AUTHORITATIVE_NAME,HIGH_EXACT,exact_identifier_based,10639,tolperisone,,IN,ENG,100.0,HIGH_EXACT,success,
DRUG_001297,CONFIRMED_INTEGRATED_ENTITY,NO_NAME_CANDIDATE,none,NO_NAME_CANDIDATE,NO_MATCH,none,,,,,,0.0,NO_MATCH,success,
DRUG_001298,CONFIRMED_INTEGRATED_ENTITY,Sitaxentan,pubchem_inchikey_lookup,PUBCHEM_TITLE_CANDIDATE,NO_MATCH,none,,,,,,0.0,NO_MATCH,success,
DRUG_001299,CONFIRMED_INTEGRATED_ENTITY,Alvimopan,pubchem_inchikey_lookup,PUBCHEM_TITLE_CANDIDATE,HIGH_EXACT,exact_identifier_based,1516803,alvimopan anhydrous,,PIN,ENG,100.0,HIGH_EXACT,success,
DRUG_001300,CONFIRMED_INTEGRATED_ENTITY,temsirolimus,rxnav_drugbank_id_lookup,AUTHORITATIVE_NAME,HIGH_EXACT,exact_identifier_based,657797,temsirolimus,,IN,ENG,100.0,HIGH_EXACT,success,
DRUG_001301,CONFIRMED_INTEGRATED_ENTITY,amisulpride,rxnav_drugbank_id_lookup,AUTHORITATIVE_NAME,HIGH_EXACT,exact_identifier_based,46303,amisulpride,,IN,ENG,100.0,HIGH_EXACT,success,
DRUG_001302,CONFIRMED_INTEGRATED_ENTITY,simeprevir,rxnav_drugbank_id_lookup,AUTHORITATIVE_NAME,HIGH_EXACT,exact_identifier_based,1482790,simeprevir,,IN,ENG,100.0,HIGH_EXACT,success,
DRUG_001303,CONFIRMED_INTEGRATED_ENTITY,dapagliflozin,rxnav_drugbank_id_lookup,AUTHORITATIVE_NAME,HIGH_EXACT,exact_identifier_based,1488564,dapagliflozin,,IN,ENG,100.0,HIGH_EXACT,success,
DRUG_001304,CONFIRMED_INTEGRATED_ENTITY,Saxagliptin,pubchem_inchikey_lookup,PUBCHEM_TITLE_CANDIDATE,HIGH_EXACT,exact_identifier_based,1546030,saxagliptin anhydrous,,PIN,ENG,100.0,HIGH_EXACT,success,
DRUG_001305,CONFIRMED_INTEGRATED_ENTITY,bazedoxifene,rxnav_drugbank_id_lookup,AUTHORITATIVE_NAME,HIGH_EXACT,exact_identifier_based,1441386,bazedoxifene,,IN,ENG,100.0,HIGH_EXACT,success,
DRUG_001306,CONFIRMED_INTEGRATED_ENTITY,telavancin,rxnav_drugbank_id_lookup,AUTHORITATIVE_NAME,HIGH_EXACT,exact_identifier_based,473837,telavancin,,IN,ENG,100.0,HIGH_EXACT,success,
DRUG_001307,CONFIRMED_INTEGRATED_ENTITY,ambrisentan,rxnav_drugbank_id_lookup,AUTHORITATIVE_NAME,HIGH_EXACT,exact_identifier_based,358274,ambrisentan,,IN,ENG,100.0,HIGH_EXACT,success,
DRUG_001308,CONFIRMED_INTEGRATED_ENTITY,doxercalciferol,rxnav_drugbank_id_lookup,AUTHORITATIVE_NAME,HIGH_EXACT,exact_identifier_based,11516,doxercalciferol,,IN,ENG,100.0,HIGH_EXACT,success,
DRUG_001309,CONFIRMED_INTEGRATED_ENTITY,oxymetholone,rxnav_drugbank_id_lookup,AUTHORITATIVE_NAME,HIGH_EXACT,exact_identifier_based,7813,oxymetholone,,IN,ENG,100.0,HIGH_EXACT,success,
DRUG_001310,CONFIRMED_INTEGRATED_ENTITY,etravirine,rxnav_drugbank_id_lookup,AUTHORITATIVE_NAME,HIGH_EXACT,exact_identifier_based,475969,etravirine,,IN,ENG,100.0,HIGH_EXACT,success,
DRUG_001311,CONFIRMED_INTEGRATED_ENTITY,cangrelor,rxnav_drugbank_id_lookup,AUTHORITATIVE_NAME,HIGH_EXACT,exact_identifier_based,1656052,cangrelor,,IN,ENG,100.0,HIGH_EXACT,success,
DRUG_001312,CONFIRMED_INTEGRATED_ENTITY,prucalopride,rxnav_drugbank_id_lookup,AUTHORITATIVE_NAME,HIGH_EXACT,exact_identifier_based,2107310,prucalopride,,IN,ENG,100.0,HIGH_EXACT,success,
DRUG_001313,CONFIRMED_INTEGRATED_ENTITY,pazopanib,rxnav_drugbank_id_lookup,AUTHORITATIVE_NAME,HIGH_EXACT,exact_identifier_based,714438,pazopanib,,IN,ENG,100.0,HIGH_EXACT,success,
DRUG_001314,CONFIRMED_INTEGRATED_ENTITY,Agomelatine,pubchem_inchikey_lookup,PUBCHEM_TITLE_CANDIDATE,NO_MATCH,none,,,,,,0.0,NO_MATCH,success,
DRUG_001315,CONFIRMED_INTEGRATED_ENTITY,midostaurin,rxnav_drugbank_id_lookup,AUTHORITATIVE_NAME,HIGH_EXACT,exact_identifier_based,1919083,midostaurin,,IN,ENG,100.0,HIGH_EXACT,success,
DRUG_001316,CONFIRMED_INTEGRATED_ENTITY,panobinostat,rxnav_drugbank_id_lookup,AUTHORITATIVE_NAME,HIGH_EXACT,exact_identifier_based,1603350,panobinostat,,IN,ENG,100.0,HIGH_EXACT,success,
DRUG_001317,CONFIRMED_INTEGRATED_ENTITY,apixaban,rxnav_drugbank_id_lookup,AUTHORITATIVE_NAME,HIGH_EXACT,exact_identifier_based,1364430,apixaban,,IN,ENG,100.0,HIGH_EXACT,success,
DRUG_001318,CONFIRMED_INTEGRATED_ENTITY,bosutinib,rxnav_drugbank_id_lookup,AUTHORITATIVE_NAME,HIGH_EXACT,exact_identifier_based,1307619,bosutinib,,IN,ENG,100.0,HIGH_EXACT,success,
DRUG_001319,CONFIRMED_INTEGRATED_ENTITY,axitinib,rxnav_drugbank_id_lookup,AUTHORITATIVE_NAME,HIGH_EXACT,exact_identifier_based,1242999,axitinib,,IN,ENG,100.0,HIGH_EXACT,success,
DRUG_001320,CONFIRMED_INTEGRATED_ENTITY,isavuconazonium,rxnav_drugbank_id_lookup,AUTHORITATIVE_NAME,HIGH_EXACT,exact_identifier_based,1608322,isavuconazonium,,IN,ENG,100.0,HIGH_EXACT,success,
DRUG_001321,CONFIRMED_INTEGRATED_ENTITY,dalfampridine,rxnav_drugbank_id_lookup,AUTHORITATIVE_NAME,HIGH_EXACT,exact_identifier_based,897018,dalfampridine,fampridine,IN,ENG,100.0,HIGH_EXACT,success,
DRUG_001322,CONFIRMED_INTEGRATED_ENTITY,safinamide,rxnav_drugbank_id_lookup,AUTHORITATIVE_NAME,HIGH_EXACT,exact_identifier_based,1922448,safinamide,,IN,ENG,100.0,HIGH_EXACT,success,
DRUG_001323,CONFIRMED_INTEGRATED_ENTITY,pasireotide,rxnav_drugbank_id_lookup,AUTHORITATIVE_NAME,HIGH_EXACT,exact_identifier_based,1364105,pasireotide,,IN,ENG,100.0,HIGH_EXACT,success,
DRUG_001324,CONFIRMED_INTEGRATED_ENTITY,vilazodone,rxnav_drugbank_id_lookup,AUTHORITATIVE_NAME,HIGH_EXACT,exact_identifier_based,1086769,vilazodone,,IN,ENG,100.0,HIGH_EXACT,success,
DRUG_001325,CONFIRMED_INTEGRATED_ENTITY,Monoethanolamine Oleate,pubchem_inchikey_lookup,PUBCHEM_TITLE_CANDIDATE,HIGH_EXACT,exact_identifier_based,224898,Ethamolin,,BN,ENG,100.0,HIGH_EXACT,success,
DRUG_001326,CONFIRMED_INTEGRATED_ENTITY,nitrous oxide,rxnav_drugbank_id_lookup,AUTHORITATIVE_NAME,HIGH_EXACT,exact_identifier_based,7486,nitrous oxide,,IN,ENG,100.0,HIGH_EXACT,success,
DRUG_001327,CONFIRMED_INTEGRATED_ENTITY,pyrilamine,rxnav_drugbank_id_lookup,AUTHORITATIVE_NAME,HIGH_EXACT,exact_identifier_based,9009,pyrilamine,,IN,ENG,100.0,HIGH_EXACT,success,
DRUG_001328,CONFIRMED_INTEGRATED_ENTITY,xylometazoline,rxnav_drugbank_id_lookup,AUTHORITATIVE_NAME,HIGH_EXACT,exact_identifier_based,39841,xylometazoline,,IN,ENG,100.0,HIGH_EXACT,success,
DRUG_001329,CONFIRMED_INTEGRATED_ENTITY,dabigatran etexilate,rxnav_drugbank_id_lookup,AUTHORITATIVE_NAME,HIGH_EXACT,exact_identifier_based,1037042,dabigatran etexilate,,IN,ENG,100.0,HIGH_EXACT,success,
DRUG_001330,CONFIRMED_INTEGRATED_ENTITY,arbekacin,rxnav_drugbank_id_lookup,AUTHORITATIVE_NAME,HIGH_EXACT,exact_identifier_based,26397,arbekacin,,IN,ENG,100.0,HIGH_EXACT,success,
DRUG_001331,CONFIRMED_INTEGRATED_ENTITY,artemether,rxnav_drugbank_id_lookup,AUTHORITATIVE_NAME,HIGH_EXACT,exact_identifier_based,18343,artemether,,IN,ENG,100.0,HIGH_EXACT,success,
DRUG_001332,CONFIRMED_INTEGRATED_ENTITY,betahistine,rxnav_drugbank_id_lookup,AUTHORITATIVE_NAME,HIGH_EXACT,exact_identifier_based,1511,betahistine,,IN,ENG,100.0,HIGH_EXACT,success,
DRUG_001333,CONFIRMED_INTEGRATED_ENTITY,degarelix,rxnav_drugbank_id_lookup,AUTHORITATIVE_NAME,HIGH_EXACT,exact_identifier_based,475230,degarelix,,IN,ENG,100.0,HIGH_EXACT,success,
DRUG_001334,CONFIRMED_INTEGRATED_ENTITY,desvenlafaxine,rxnav_drugbank_id_lookup,AUTHORITATIVE_NAME,HIGH_EXACT,exact_identifier_based,734064,desvenlafaxine,O-desmethylvenlafaxine,IN,ENG,100.0,HIGH_EXACT,success,
DRUG_001335,CONFIRMED_INTEGRATED_ENTITY,fesoterodine,rxnav_drugbank_id_lookup,AUTHORITATIVE_NAME,HIGH_EXACT,exact_identifier_based,797195,fesoterodine,,IN,ENG,100.0,HIGH_EXACT,success,
DRUG_001336,CONFIRMED_INTEGRATED_ENTITY,3-iodobenzylguanidine,rxnav_drugbank_id_lookup,AUTHORITATIVE_NAME,HIGH_EXACT,exact_identifier_based,14448,3-iodobenzylguanidine,,IN,ENG,100.0,HIGH_EXACT,success,
DRUG_001337,CONFIRMED_INTEGRATED_ENTITY,isometheptene,rxnav_drugbank_id_lookup,AUTHORITATIVE_NAME,HIGH_EXACT,exact_identifier_based,27946,isometheptene,,IN,ENG,100.0,HIGH_EXACT,success,
DRUG_001338,CONFIRMED_INTEGRATED_ENTITY,levonordefrin,rxnav_drugbank_id_lookup,AUTHORITATIVE_NAME,HIGH_EXACT,exact_identifier_based,132889,levonordefrin,corbadrine,IN,ENG,100.0,HIGH_EXACT,success,
DRUG_001339,CONFIRMED_INTEGRATED_ENTITY,lumefantrine,rxnav_drugbank_id_lookup,AUTHORITATIVE_NAME,HIGH_EXACT,exact_identifier_based,847728,lumefantrine,,IN,ENG,100.0,HIGH_EXACT,success,
DRUG_001340,CONFIRMED_INTEGRATED_ENTITY,methacholine,rxnav_drugbank_id_lookup,AUTHORITATIVE_NAME,HIGH_EXACT,exact_identifier_based,155080,methacholine,,IN,ENG,100.0,HIGH_EXACT,success,
DRUG_001341,CONFIRMED_INTEGRATED_ENTITY,methyltestosterone,rxnav_drugbank_id_lookup,AUTHORITATIVE_NAME,HIGH_EXACT,exact_identifier_based,6904,methyltestosterone,,IN,ENG,100.0,HIGH_EXACT,success,
DRUG_001342,CONFIRMED_INTEGRATED_ENTITY,naphazoline,rxnav_drugbank_id_lookup,AUTHORITATIVE_NAME,HIGH_EXACT,exact_identifier_based,7247,naphazoline,,IN,ENG,100.0,HIGH_EXACT,success,
DRUG_001343,CONFIRMED_INTEGRATED_ENTITY,nilvadipine,rxnav_drugbank_id_lookup,AUTHORITATIVE_NAME,HIGH_EXACT,exact_identifier_based,53692,nilvadipine,,IN,ENG,100.0,HIGH_EXACT,success,
DRUG_001344,CONFIRMED_INTEGRATED_ENTITY,norelgestromin,rxnav_drugbank_id_lookup,AUTHORITATIVE_NAME,HIGH_EXACT,exact_identifier_based,326374,norelgestromin,,IN,ENG,100.0,HIGH_EXACT,success,
DRUG_001345,CONFIRMED_INTEGRATED_ENTITY,potassium iodide,rxnav_drugbank_id_lookup,AUTHORITATIVE_NAME,HIGH_EXACT,exact_identifier_based,8597,potassium iodide,,IN,ENG,100.0,HIGH_EXACT,success,
DRUG_001346,CONFIRMED_INTEGRATED_ENTITY,fospropofol,rxnav_drugbank_id_lookup,AUTHORITATIVE_NAME,HIGH_EXACT,exact_identifier_based,828682,fospropofol,,IN,ENG,100.0,HIGH_EXACT,success,
DRUG_001347,CONFIRMED_INTEGRATED_ENTITY,fosaprepitant,rxnav_drugbank_id_lookup,AUTHORITATIVE_NAME,HIGH_EXACT,exact_identifier_based,1731071,fosaprepitant,,IN,ENG,100.0,HIGH_EXACT,success,
DRUG_001348,CONFIRMED_INTEGRATED_ENTITY,stanozolol,rxnav_drugbank_id_lookup,AUTHORITATIVE_NAME,HIGH_EXACT,exact_identifier_based,10032,stanozolol,,IN,ENG,100.0,HIGH_EXACT,success,
DRUG_001349,CONFIRMED_INTEGRATED_ENTITY,Aluminum Hydroxide,pubchem_inchikey_lookup,PUBCHEM_TITLE_CANDIDATE,HIGH_EXACT,exact_identifier_based,612,aluminum hydroxide,aluminium hydroxide,IN,ENG,100.0,HIGH_EXACT,success,
DRUG_001350,CONFIRMED_INTEGRATED_ENTITY,Calcium Carbonate,pubchem_inchikey_lookup,PUBCHEM_TITLE_CANDIDATE,HIGH_EXACT,exact_identifier_based,1897,calcium carbonate,calcite,IN,ENG,100.0,HIGH_EXACT,success,
DRUG_001351,CONFIRMED_INTEGRATED_ENTITY,lornoxicam,rxnav_drugbank_id_lookup,AUTHORITATIVE_NAME,HIGH_EXACT,exact_identifier_based,20890,lornoxicam,,IN,ENG,100.0,HIGH_EXACT,success,
DRUG_001352,CONFIRMED_INTEGRATED_ENTITY,Sulfaphenazole,pubchem_inchikey_lookup,PUBCHEM_TITLE_CANDIDATE,NO_MATCH,none,,,,,,0.0,NO_MATCH,success,
DRUG_001353,CONFIRMED_INTEGRATED_ENTITY,gestodene,rxnav_drugbank_id_lookup,AUTHORITATIVE_NAME,HIGH_EXACT,exact_identifier_based,25734,gestodene,,IN,ENG,100.0,HIGH_EXACT,success,
DRUG_001354,CONFIRMED_INTEGRATED_ENTITY,aceclofenac,rxnav_drugbank_id_lookup,AUTHORITATIVE_NAME,HIGH_EXACT,exact_identifier_based,16689,aceclofenac,,IN,ENG,100.0,HIGH_EXACT,success,
DRUG_001355,CONFIRMED_INTEGRATED_ENTITY,Zaltoprofen,pubchem_inchikey_lookup,PUBCHEM_TITLE_CANDIDATE,NO_MATCH,none,,,,,,0.0,NO_MATCH,success,
DRUG_001356,CONFIRMED_INTEGRATED_ENTITY,Ketobemidone,pubchem_inchikey_lookup,PUBCHEM_TITLE_CANDIDATE,NO_MATCH,none,,,,,,0.0,NO_MATCH,success,
DRUG_001357,CONFIRMED_INTEGRATED_ENTITY,Seratrodast,pubchem_inchikey_lookup,PUBCHEM_TITLE_CANDIDATE,NO_MATCH,none,,,,,,0.0,NO_MATCH,success,
DRUG_001358,CONFIRMED_INTEGRATED_ENTITY,ambroxol,rxnav_drugbank_id_lookup,AUTHORITATIVE_NAME,HIGH_EXACT,exact_identifier_based,625,ambroxol,,IN,ENG,100.0,HIGH_EXACT,success,
DRUG_001359,CONFIRMED_INTEGRATED_ENTITY,tetrahydrozoline,rxnav_drugbank_id_lookup,AUTHORITATIVE_NAME,HIGH_EXACT,exact_identifier_based,37935,tetrahydrozoline,,IN,ENG,100.0,HIGH_EXACT,success,
DRUG_001360,CONFIRMED_INTEGRATED_ENTITY,alcaftadine,rxnav_drugbank_id_lookup,AUTHORITATIVE_NAME,HIGH_EXACT,exact_identifier_based,1000082,alcaftadine,,IN,ENG,100.0,HIGH_EXACT,success,
DRUG_001361,CONFIRMED_INTEGRATED_ENTITY,ammonium chloride,rxnav_drugbank_id_lookup,AUTHORITATIVE_NAME,HIGH_EXACT,exact_identifier_based,712,ammonium chloride,,IN,ENG,100.0,HIGH_EXACT,success,
DRUG_001362,CONFIRMED_INTEGRATED_ENTITY,bendamustine,rxnav_drugbank_id_lookup,AUTHORITATIVE_NAME,HIGH_EXACT,exact_identifier_based,134547,bendamustine,,IN,ENG,100.0,HIGH_EXACT,success,
DRUG_001363,CONFIRMED_INTEGRATED_ENTITY,benzyl alcohol,rxnav_drugbank_id_lookup,AUTHORITATIVE_NAME,HIGH_EXACT,exact_identifier_based,1426,benzyl alcohol,,IN,ENG,100.0,HIGH_EXACT,success,
DRUG_001364,CONFIRMED_INTEGRATED_ENTITY,besifloxacin,rxnav_drugbank_id_lookup,AUTHORITATIVE_NAME,HIGH_EXACT,exact_identifier_based,819911,besifloxacin,,IN,ENG,100.0,HIGH_EXACT,success,
DRUG_001365,CONFIRMED_INTEGRATED_ENTITY,cabazitaxel,rxnav_drugbank_id_lookup,AUTHORITATIVE_NAME,HIGH_EXACT,exact_identifier_based,996051,cabazitaxel,,IN,ENG,100.0,HIGH_EXACT,success,
DRUG_001366,CONFIRMED_INTEGRATED_ENTITY,capsaicin,rxnav_drugbank_id_lookup,AUTHORITATIVE_NAME,HIGH_EXACT,exact_identifier_based,1992,capsaicin,,IN,ENG,100.0,HIGH_EXACT,success,
DRUG_001367,CONFIRMED_INTEGRATED_ENTITY,difluprednate,rxnav_drugbank_id_lookup,AUTHORITATIVE_NAME,HIGH_EXACT,exact_identifier_based,23043,difluprednate,,IN,ENG,100.0,HIGH_EXACT,success,
DRUG_001368,CONFIRMED_INTEGRATED_ENTITY,dimercaprol,rxnav_drugbank_id_lookup,AUTHORITATIVE_NAME,HIGH_EXACT,exact_identifier_based,3445,dimercaprol,,IN,ENG,100.0,HIGH_EXACT,success,
DRUG_001369,CONFIRMED_INTEGRATED_ENTITY,halcinonide,rxnav_drugbank_id_lookup,AUTHORITATIVE_NAME,HIGH_EXACT,exact_identifier_based,5084,halcinonide,,IN,ENG,100.0,HIGH_EXACT,success,
DRUG_001370,CONFIRMED_INTEGRATED_ENTITY,histrelin,rxnav_drugbank_id_lookup,AUTHORITATIVE_NAME,HIGH_EXACT,exact_identifier_based,50975,histrelin,,IN,ENG,100.0,HIGH_EXACT,success,
DRUG_001371,CONFIRMED_INTEGRATED_ENTITY,hydroxyprogesterone caproate (USP),rxnav_drugbank_id_lookup,AUTHORITATIVE_NAME,HIGH_EXACT,exact_identifier_based,12488,hydroxyprogesterone caproate (USP),,PIN,ENG,100.0,HIGH_EXACT,success,
DRUG_001372,CONFIRMED_INTEGRATED_ENTITY,lanreotide,rxnav_drugbank_id_lookup,AUTHORITATIVE_NAME,HIGH_EXACT,exact_identifier_based,68092,lanreotide,,IN,ENG,100.0,HIGH_EXACT,success,
DRUG_001373,CONFIRMED_INTEGRATED_ENTITY,lanthanum carbonate,rxnav_drugbank_id_lookup,AUTHORITATIVE_NAME,HIGH_EXACT,exact_identifier_based,234416,lanthanum carbonate,,IN,ENG,100.0,HIGH_EXACT,success,
DRUG_001374,CONFIRMED_INTEGRATED_ENTITY,lodoxamide,rxnav_drugbank_id_lookup,AUTHORITATIVE_NAME,HIGH_EXACT,exact_identifier_based,52151,lodoxamide,,IN,ENG,100.0,HIGH_EXACT,success,
DRUG_001375,CONFIRMED_INTEGRATED_ENTITY,mafenide,rxnav_drugbank_id_lookup,AUTHORITATIVE_NAME,HIGH_EXACT,exact_identifier_based,6572,mafenide,,IN,ENG,100.0,HIGH_EXACT,success,
DRUG_001376,CONFIRMED_INTEGRATED_ENTITY,methenamine,rxnav_drugbank_id_lookup,AUTHORITATIVE_NAME,HIGH_EXACT,exact_identifier_based,6832,methenamine,,IN,ENG,100.0,HIGH_EXACT,success,
DRUG_001377,CONFIRMED_INTEGRATED_ENTITY,methylnaltrexone,rxnav_drugbank_id_lookup,AUTHORITATIVE_NAME,HIGH_EXACT,exact_identifier_based,29899,methylnaltrexone,,IN,ENG,100.0,HIGH_EXACT,success,
DRUG_001378,CONFIRMED_INTEGRATED_ENTITY,nepafenac,rxnav_drugbank_id_lookup,AUTHORITATIVE_NAME,HIGH_EXACT,exact_identifier_based,298665,nepafenac,,IN,ENG,100.0,HIGH_EXACT,success,
DRUG_001379,CONFIRMED_INTEGRATED_ENTITY,niclosamide,rxnav_drugbank_id_lookup,AUTHORITATIVE_NAME,HIGH_EXACT,exact_identifier_based,7402,niclosamide,,IN,ENG,100.0,HIGH_EXACT,success,
DRUG_001380,CONFIRMED_INTEGRATED_ENTITY,nonoxynol-9,rxnav_drugbank_id_lookup,AUTHORITATIVE_NAME,HIGH_EXACT,exact_identifier_based,53750,nonoxynol-9,,IN,ENG,100.0,HIGH_EXACT,success,
DRUG_001381,CONFIRMED_INTEGRATED_ENTITY,plicamycin,rxnav_drugbank_id_lookup,AUTHORITATIVE_NAME,HIGH_EXACT,exact_identifier_based,6995,plicamycin,,IN,ENG,100.0,HIGH_EXACT,success,
DRUG_001382,CONFIRMED_INTEGRATED_ENTITY,pralatrexate,rxnav_drugbank_id_lookup,AUTHORITATIVE_NAME,HIGH_EXACT,exact_identifier_based,662019,pralatrexate,,IN,ENG,100.0,HIGH_EXACT,success,
DRUG_001383,CONFIRMED_INTEGRATED_ENTITY,pyrvinium,rxnav_drugbank_id_lookup,AUTHORITATIVE_NAME,HIGH_EXACT,exact_identifier_based,35163,pyrvinium,,IN,ENG,100.0,HIGH_EXACT,success,
DRUG_001384,CONFIRMED_INTEGRATED_ENTITY,raltegravir,rxnav_drugbank_id_lookup,AUTHORITATIVE_NAME,HIGH_EXACT,exact_identifier_based,719872,raltegravir,,IN,ENG,100.0,HIGH_EXACT,success,
DRUG_001385,CONFIRMED_INTEGRATED_ENTITY,4-Phenylbutyric Acid,pubchem_inchikey_lookup,PUBCHEM_TITLE_CANDIDATE,HIGH_EXACT,exact_identifier_based,1546447,4-phenylbutyric acid,,PIN,ENG,100.0,HIGH_EXACT,success,
DRUG_001386,CONFIRMED_INTEGRATED_ENTITY,sulconazole,rxnav_drugbank_id_lookup,AUTHORITATIVE_NAME,HIGH_EXACT,exact_identifier_based,37319,sulconazole,,IN,ENG,100.0,HIGH_EXACT,success,
DRUG_001387,CONFIRMED_INTEGRATED_ENTITY,trientine,rxnav_drugbank_id_lookup,AUTHORITATIVE_NAME,HIGH_EXACT,exact_identifier_based,10798,trientine,,IN,ENG,100.0,HIGH_EXACT,success,
DRUG_001388,CONFIRMED_INTEGRATED_ENTITY,triptorelin,rxnav_drugbank_id_lookup,AUTHORITATIVE_NAME,HIGH_EXACT,exact_identifier_based,38782,triptorelin,,IN,ENG,100.0,HIGH_EXACT,success,
DRUG_001389,CONFIRMED_INTEGRATED_ENTITY,unoprostone,rxnav_drugbank_id_lookup,AUTHORITATIVE_NAME,HIGH_EXACT,exact_identifier_based,1546408,unoprostone,,IN,ENG,100.0,HIGH_EXACT,success,
DRUG_001390,CONFIRMED_INTEGRATED_ENTITY,"(S)-3,6-Diamino-N-((3S,9S,12S,15S,Z)-3-((4R,6S)-2-amino-6-hydroxy-3,4,5,6-tetrahydropyrimidin-4-yl)-9,12-bis(hydroxymethyl)-2,5,8,11,14-pentaoxo-6-(ureidomethylene)-1,4,7,10,13-pentaazacyclohexadecan-15-yl)hexanamide",pubchem_inchikey_lookup,PUBCHEM_TITLE_CANDIDATE,NO_MATCH,none,,,,,,0.0,NO_MATCH,success,
DRUG_001391,CONFIRMED_INTEGRATED_ENTITY,tranilast,rxnav_drugbank_id_lookup,AUTHORITATIVE_NAME,HIGH_EXACT,exact_identifier_based,57330,tranilast,,IN,ENG,100.0,HIGH_EXACT,success,
DRUG_001392,CONFIRMED_INTEGRATED_ENTITY,parecoxib,rxnav_drugbank_id_lookup,AUTHORITATIVE_NAME,HIGH_EXACT,exact_identifier_based,279950,parecoxib,,IN,ENG,100.0,HIGH_EXACT,success,
DRUG_001393,CONFIRMED_INTEGRATED_ENTITY,Azidocillin,pubchem_inchikey_lookup,PUBCHEM_TITLE_CANDIDATE,NO_MATCH,none,,,,,,0.0,NO_MATCH,success,
DRUG_001394,CONFIRMED_INTEGRATED_ENTITY,pipazethate,rxnav_drugbank_id_lookup,AUTHORITATIVE_NAME,HIGH_EXACT,exact_identifier_based,33740,pipazethate,pipazetate,IN,ENG,100.0,HIGH_EXACT,success,
DRUG_001395,CONFIRMED_INTEGRATED_ENTITY,salicylamide,rxnav_drugbank_id_lookup,AUTHORITATIVE_NAME,HIGH_EXACT,exact_identifier_based,9518,salicylamide,,IN,ENG,100.0,HIGH_EXACT,success,
DRUG_001396,CONFIRMED_INTEGRATED_ENTITY,Sulfamoxole,pubchem_inchikey_lookup,PUBCHEM_TITLE_CANDIDATE,NO_MATCH,none,,,,,,0.0,NO_MATCH,success,
DRUG_001397,CONFIRMED_INTEGRATED_ENTITY,antazoline,rxnav_drugbank_id_lookup,AUTHORITATIVE_NAME,HIGH_EXACT,exact_identifier_based,865,antazoline,,IN,ENG,100.0,HIGH_EXACT,success,
DRUG_001398,CONFIRMED_INTEGRATED_ENTITY,chloropyramine,rxnav_drugbank_id_lookup,AUTHORITATIVE_NAME,HIGH_EXACT,exact_identifier_based,20861,chloropyramine,,IN,ENG,100.0,HIGH_EXACT,success,
DRUG_001399,CONFIRMED_INTEGRATED_ENTITY,dimethindene,rxnav_drugbank_id_lookup,AUTHORITATIVE_NAME,HIGH_EXACT,exact_identifier_based,3449,dimethindene,dimetindene,IN,ENG,100.0,HIGH_EXACT,success,
DRUG_001400,CONFIRMED_INTEGRATED_ENTITY,isothipendyl,rxnav_drugbank_id_lookup,AUTHORITATIVE_NAME,HIGH_EXACT,exact_identifier_based,28012,isothipendyl,,IN,ENG,100.0,HIGH_EXACT,success,
DRUG_001401,CONFIRMED_INTEGRATED_ENTITY,nandrolone decanoate,rxnav_drugbank_id_lookup,AUTHORITATIVE_NAME,HIGH_EXACT,exact_identifier_based,31494,nandrolone decanoate,,PIN,ENG,100.0,HIGH_EXACT,success,
DRUG_001402,CONFIRMED_INTEGRATED_ENTITY,roxatidine acetate,rxnav_drugbank_id_lookup,AUTHORITATIVE_NAME,HIGH_EXACT,exact_identifier_based,35803,roxatidine acetate,,PIN,ENG,100.0,HIGH_EXACT,success,
DRUG_001403,CONFIRMED_INTEGRATED_ENTITY,Bopindolol,pubchem_inchikey_lookup,PUBCHEM_TITLE_CANDIDATE,NO_MATCH,none,,,,,,0.0,NO_MATCH,success,
DRUG_001404,CONFIRMED_INTEGRATED_ENTITY,Bupranolol,pubchem_inchikey_lookup,PUBCHEM_TITLE_CANDIDATE,NO_MATCH,none,,,,,,0.0,NO_MATCH,success,
DRUG_001405,CONFIRMED_INTEGRATED_ENTITY,tofisopam,rxnav_drugbank_id_lookup,AUTHORITATIVE_NAME,HIGH_EXACT,exact_identifier_based,38365,tofisopam,,IN,ENG,100.0,HIGH_EXACT,success,
DRUG_001406,CONFIRMED_INTEGRATED_ENTITY,triflusal,rxnav_drugbank_id_lookup,AUTHORITATIVE_NAME,HIGH_EXACT,exact_identifier_based,38655,triflusal,,IN,ENG,100.0,HIGH_EXACT,success,
DRUG_001407,CONFIRMED_INTEGRATED_ENTITY,lurasidone,rxnav_drugbank_id_lookup,AUTHORITATIVE_NAME,HIGH_EXACT,exact_identifier_based,1040028,lurasidone,,IN,ENG,100.0,HIGH_EXACT,success,
DRUG_001408,CONFIRMED_INTEGRATED_ENTITY,ticagrelor,rxnav_drugbank_id_lookup,AUTHORITATIVE_NAME,HIGH_EXACT,exact_identifier_based,1116632,ticagrelor,,IN,ENG,100.0,HIGH_EXACT,success,
DRUG_001409,CONFIRMED_INTEGRATED_ENTITY,tafluprost,rxnav_drugbank_id_lookup,AUTHORITATIVE_NAME,HIGH_EXACT,exact_identifier_based,1244607,tafluprost,,IN,ENG,100.0,HIGH_EXACT,success,
DRUG_001410,CONFIRMED_INTEGRATED_ENTITY,ivacaftor,rxnav_drugbank_id_lookup,AUTHORITATIVE_NAME,HIGH_EXACT,exact_identifier_based,1243041,ivacaftor,,IN,ENG,100.0,HIGH_EXACT,success,
DRUG_001411,CONFIRMED_INTEGRATED_ENTITY,azilsartan medoxomil,rxnav_drugbank_id_lookup,AUTHORITATIVE_NAME,HIGH_EXACT,exact_identifier_based,1091642,azilsartan medoxomil,,PIN,ENG,100.0,HIGH_EXACT,success,
DRUG_001412,CONFIRMED_INTEGRATED_ENTITY,ioflupane I-123,rxnav_drugbank_id_lookup,AUTHORITATIVE_NAME,HIGH_EXACT,exact_identifier_based,1426874,ioflupane I-123,iodine ioflupane,PIN,ENG,100.0,HIGH_EXACT,success,
DRUG_001413,CONFIRMED_INTEGRATED_ENTITY,deferiprone,rxnav_drugbank_id_lookup,AUTHORITATIVE_NAME,HIGH_EXACT,exact_identifier_based,11645,deferiprone,,IN,ENG,100.0,HIGH_EXACT,success,
DRUG_001414,CONFIRMED_INTEGRATED_ENTITY,lomitapide,rxnav_drugbank_id_lookup,AUTHORITATIVE_NAME,HIGH_EXACT,exact_identifier_based,1364479,lomitapide,,IN,ENG,100.0,HIGH_EXACT,success,
DRUG_001415,CONFIRMED_INTEGRATED_ENTITY,vismodegib,rxnav_drugbank_id_lookup,AUTHORITATIVE_NAME,HIGH_EXACT,exact_identifier_based,1242987,vismodegib,,IN,ENG,100.0,HIGH_EXACT,success,
DRUG_001416,CONFIRMED_INTEGRATED_ENTITY,pitavastatin,rxnav_drugbank_id_lookup,AUTHORITATIVE_NAME,HIGH_EXACT,exact_identifier_based,861634,pitavastatin,,IN,ENG,100.0,HIGH_EXACT,success,
DRUG_001417,CONFIRMED_INTEGRATED_ENTITY,rilpivirine,rxnav_drugbank_id_lookup,AUTHORITATIVE_NAME,HIGH_EXACT,exact_identifier_based,1102270,rilpivirine,,IN,ENG,100.0,HIGH_EXACT,success,
DRUG_001418,CONFIRMED_INTEGRATED_ENTITY,crizotinib,rxnav_drugbank_id_lookup,AUTHORITATIVE_NAME,HIGH_EXACT,exact_identifier_based,1148495,crizotinib,,IN,ENG,100.0,HIGH_EXACT,success,
DRUG_001419,CONFIRMED_INTEGRATED_ENTITY,ulipristal,rxnav_drugbank_id_lookup,AUTHORITATIVE_NAME,HIGH_EXACT,exact_identifier_based,1005921,ulipristal,,IN,ENG,100.0,HIGH_EXACT,success,
DRUG_001420,CONFIRMED_INTEGRATED_ENTITY,fingolimod,rxnav_drugbank_id_lookup,AUTHORITATIVE_NAME,HIGH_EXACT,exact_identifier_based,1012892,fingolimod,,IN,ENG,100.0,HIGH_EXACT,success,
DRUG_001421,CONFIRMED_INTEGRATED_ENTITY,tesamorelin,rxnav_drugbank_id_lookup,AUTHORITATIVE_NAME,HIGH_EXACT,exact_identifier_based,1044584,tesamorelin,,IN,ENG,100.0,HIGH_EXACT,success,
DRUG_001422,CONFIRMED_INTEGRATED_ENTITY,eribulin,rxnav_drugbank_id_lookup,AUTHORITATIVE_NAME,HIGH_EXACT,exact_identifier_based,1045453,eribulin,,IN,ENG,100.0,HIGH_EXACT,success,
DRUG_001423,CONFIRMED_INTEGRATED_ENTITY,gabapentin enacarbil,rxnav_drugbank_id_lookup,AUTHORITATIVE_NAME,HIGH_EXACT,exact_identifier_based,1101333,gabapentin enacarbil,,PIN,ENG,100.0,HIGH_EXACT,success,
DRUG_001424,CONFIRMED_INTEGRATED_ENTITY,boceprevir,rxnav_drugbank_id_lookup,AUTHORITATIVE_NAME,HIGH_EXACT,exact_identifier_based,1102129,boceprevir,,IN,ENG,100.0,HIGH_EXACT,success,
DRUG_001425,CONFIRMED_INTEGRATED_ENTITY,fidaxomicin,rxnav_drugbank_id_lookup,AUTHORITATIVE_NAME,HIGH_EXACT,exact_identifier_based,1111103,fidaxomicin,,IN,ENG,100.0,HIGH_EXACT,success,
DRUG_001426,CONFIRMED_INTEGRATED_ENTITY,cabozantinib,rxnav_drugbank_id_lookup,AUTHORITATIVE_NAME,HIGH_EXACT,exact_identifier_based,1363268,cabozantinib,,IN,ENG,100.0,HIGH_EXACT,success,
DRUG_001427,CONFIRMED_INTEGRATED_ENTITY,ruxolitinib,rxnav_drugbank_id_lookup,AUTHORITATIVE_NAME,HIGH_EXACT,exact_identifier_based,1193326,ruxolitinib,,IN,ENG,100.0,HIGH_EXACT,success,
DRUG_001428,CONFIRMED_INTEGRATED_ENTITY,teriflunomide,rxnav_drugbank_id_lookup,AUTHORITATIVE_NAME,HIGH_EXACT,exact_identifier_based,1310520,teriflunomide,,IN,ENG,100.0,HIGH_EXACT,success,
DRUG_001429,CONFIRMED_INTEGRATED_ENTITY,vemurafenib,rxnav_drugbank_id_lookup,AUTHORITATIVE_NAME,HIGH_EXACT,exact_identifier_based,1147220,vemurafenib,,IN,ENG,100.0,HIGH_EXACT,success,
DRUG_001430,CONFIRMED_INTEGRATED_ENTITY,linagliptin,rxnav_drugbank_id_lookup,AUTHORITATIVE_NAME,HIGH_EXACT,exact_identifier_based,1100699,linagliptin,,IN,ENG,100.0,HIGH_EXACT,success,
DRUG_001431,CONFIRMED_INTEGRATED_ENTITY,perampanel,rxnav_drugbank_id_lookup,AUTHORITATIVE_NAME,HIGH_EXACT,exact_identifier_based,1356552,perampanel,,IN,ENG,100.0,HIGH_EXACT,success,
DRUG_001432,CONFIRMED_INTEGRATED_ENTITY,gadoxetate,rxnav_drugbank_id_lookup,AUTHORITATIVE_NAME,HIGH_EXACT,exact_identifier_based,802624,gadoxetate,,IN,ENG,100.0,HIGH_EXACT,success,
DRUG_001433,CONFIRMED_INTEGRATED_ENTITY,icosapent ethyl,rxnav_drugbank_id_lookup,AUTHORITATIVE_NAME,HIGH_EXACT,exact_identifier_based,1304974,icosapent ethyl,,IN,ENG,100.0,HIGH_EXACT,success,
DRUG_001434,CONFIRMED_INTEGRATED_ENTITY,carfilzomib,rxnav_drugbank_id_lookup,AUTHORITATIVE_NAME,HIGH_EXACT,exact_identifier_based,1302966,carfilzomib,,IN,ENG,100.0,HIGH_EXACT,success,
DRUG_001435,CONFIRMED_INTEGRATED_ENTITY,mirabegron,rxnav_drugbank_id_lookup,AUTHORITATIVE_NAME,HIGH_EXACT,exact_identifier_based,1300786,mirabegron,,IN,ENG,100.0,HIGH_EXACT,success,
DRUG_001436,CONFIRMED_INTEGRATED_ENTITY,tofacitinib,rxnav_drugbank_id_lookup,AUTHORITATIVE_NAME,HIGH_EXACT,exact_identifier_based,1357536,tofacitinib,,IN,ENG,100.0,HIGH_EXACT,success,
DRUG_001437,CONFIRMED_INTEGRATED_ENTITY,regorafenib,rxnav_drugbank_id_lookup,AUTHORITATIVE_NAME,HIGH_EXACT,exact_identifier_based,1312397,regorafenib,,IN,ENG,100.0,HIGH_EXACT,success,
DRUG_001438,CONFIRMED_INTEGRATED_ENTITY,aclidinium,rxnav_drugbank_id_lookup,AUTHORITATIVE_NAME,HIGH_EXACT,exact_identifier_based,1303098,aclidinium,,IN,ENG,100.0,HIGH_EXACT,success,
DRUG_001439,CONFIRMED_INTEGRATED_ENTITY,enzalutamide,rxnav_drugbank_id_lookup,AUTHORITATIVE_NAME,HIGH_EXACT,exact_identifier_based,1307298,enzalutamide,,IN,ENG,100.0,HIGH_EXACT,success,
DRUG_001440,CONFIRMED_INTEGRATED_ENTITY,ponatinib,rxnav_drugbank_id_lookup,AUTHORITATIVE_NAME,HIGH_EXACT,exact_identifier_based,1364347,ponatinib,,IN,ENG,100.0,HIGH_EXACT,success,
DRUG_001441,CONFIRMED_INTEGRATED_ENTITY,bedaquiline,rxnav_drugbank_id_lookup,AUTHORITATIVE_NAME,HIGH_EXACT,exact_identifier_based,1364504,bedaquiline,,IN,ENG,100.0,HIGH_EXACT,success,
DRUG_001442,CONFIRMED_INTEGRATED_ENTITY,formestane,rxnav_drugbank_id_lookup,AUTHORITATIVE_NAME,HIGH_EXACT,exact_identifier_based,15070,formestane,,IN,ENG,100.0,HIGH_EXACT,success,
DRUG_001443,CONFIRMED_INTEGRATED_ENTITY,fluticasone furoate,rxnav_drugbank_id_lookup,AUTHORITATIVE_NAME,HIGH_EXACT,exact_identifier_based,705022,fluticasone furoate,,PIN,ENG,100.0,HIGH_EXACT,success,
DRUG_001444,CONFIRMED_INTEGRATED_ENTITY,Canagliflozin,pubchem_inchikey_lookup,PUBCHEM_TITLE_CANDIDATE,HIGH_EXACT,exact_identifier_based,1373458,canagliflozin,,IN,ENG,100.0,HIGH_EXACT,success,
DRUG_001445,CONFIRMED_INTEGRATED_ENTITY,dimethyl fumarate,rxnav_drugbank_id_lookup,AUTHORITATIVE_NAME,HIGH_EXACT,exact_identifier_based,1373478,dimethyl fumarate,,IN,ENG,100.0,HIGH_EXACT,success,
DRUG_001446,CONFIRMED_INTEGRATED_ENTITY,glycerol phenylbutyrate,rxnav_drugbank_id_lookup,AUTHORITATIVE_NAME,HIGH_EXACT,exact_identifier_based,1368451,glycerol phenylbutyrate,,IN,ENG,100.0,HIGH_EXACT,success,
DRUG_001447,CONFIRMED_INTEGRATED_ENTITY,pomalidomide,rxnav_drugbank_id_lookup,AUTHORITATIVE_NAME,HIGH_EXACT,exact_identifier_based,1369713,pomalidomide,,IN,ENG,100.0,HIGH_EXACT,success,
DRUG_001448,CONFIRMED_INTEGRATED_ENTITY,trametinib,rxnav_drugbank_id_lookup,AUTHORITATIVE_NAME,HIGH_EXACT,exact_identifier_based,1425099,trametinib,,IN,ENG,100.0,HIGH_EXACT,success,
DRUG_001449,CONFIRMED_INTEGRATED_ENTITY,dabrafenib,rxnav_drugbank_id_lookup,AUTHORITATIVE_NAME,HIGH_EXACT,exact_identifier_based,1424911,dabrafenib,,IN,ENG,100.0,HIGH_EXACT,success,
DRUG_001450,CONFIRMED_INTEGRATED_ENTITY,radium chloride Ra-223,rxnav_drugbank_id_lookup,AUTHORITATIVE_NAME,HIGH_EXACT,exact_identifier_based,1424174,radium chloride Ra-223,,PIN,ENG,100.0,HIGH_EXACT,success,
DRUG_001451,CONFIRMED_INTEGRATED_ENTITY,afatinib,rxnav_drugbank_id_lookup,AUTHORITATIVE_NAME,HIGH_EXACT,exact_identifier_based,1430438,afatinib,,IN,ENG,100.0,HIGH_EXACT,success,
DRUG_001452,CONFIRMED_INTEGRATED_ENTITY,levomilnacipran,rxnav_drugbank_id_lookup,AUTHORITATIVE_NAME,HIGH_EXACT,exact_identifier_based,1433212,levomilnacipran,,IN,ENG,100.0,HIGH_EXACT,success,
DRUG_001453,CONFIRMED_INTEGRATED_ENTITY,Perospirone,pubchem_inchikey_lookup,PUBCHEM_TITLE_CANDIDATE,NO_MATCH,none,,,,,,0.0,NO_MATCH,success,
DRUG_001454,CONFIRMED_INTEGRATED_ENTITY,dolutegravir,rxnav_drugbank_id_lookup,AUTHORITATIVE_NAME,HIGH_EXACT,exact_identifier_based,1433868,dolutegravir,,IN,ENG,100.0,HIGH_EXACT,success,
DRUG_001455,CONFIRMED_INTEGRATED_ENTITY,riociguat,rxnav_drugbank_id_lookup,AUTHORITATIVE_NAME,HIGH_EXACT,exact_identifier_based,1439816,riociguat,,IN,ENG,100.0,HIGH_EXACT,success,
DRUG_001456,CONFIRMED_INTEGRATED_ENTITY,macitentan,rxnav_drugbank_id_lookup,AUTHORITATIVE_NAME,HIGH_EXACT,exact_identifier_based,1442132,macitentan,,IN,ENG,100.0,HIGH_EXACT,success,
DRUG_001457,CONFIRMED_INTEGRATED_ENTITY,luliconazole,rxnav_drugbank_id_lookup,AUTHORITATIVE_NAME,HIGH_EXACT,exact_identifier_based,1482680,luliconazole,,IN,ENG,100.0,HIGH_EXACT,success,
DRUG_001458,CONFIRMED_INTEGRATED_ENTITY,sofosbuvir,rxnav_drugbank_id_lookup,AUTHORITATIVE_NAME,HIGH_EXACT,exact_identifier_based,1484911,sofosbuvir,,IN,ENG,100.0,HIGH_EXACT,success,
DRUG_001459,CONFIRMED_INTEGRATED_ENTITY,magaldrate,rxnav_drugbank_id_lookup,AUTHORITATIVE_NAME,HIGH_EXACT,exact_identifier_based,29151,magaldrate,,IN,ENG,100.0,HIGH_EXACT,success,
DRUG_001460,CONFIRMED_INTEGRATED_ENTITY,isoxsuprine,rxnav_drugbank_id_lookup,AUTHORITATIVE_NAME,HIGH_EXACT,exact_identifier_based,6066,isoxsuprine,,IN,ENG,100.0,HIGH_EXACT,success,
DRUG_001461,CONFIRMED_INTEGRATED_ENTITY,isoconazole,rxnav_drugbank_id_lookup,AUTHORITATIVE_NAME,HIGH_EXACT,exact_identifier_based,27901,isoconazole,,IN,ENG,100.0,HIGH_EXACT,success,
DRUG_001462,CONFIRMED_INTEGRATED_ENTITY,iopamidol,rxnav_drugbank_id_lookup,AUTHORITATIVE_NAME,HIGH_EXACT,exact_identifier_based,5966,iopamidol,,IN,ENG,100.0,HIGH_EXACT,success,
DRUG_001463,CONFIRMED_INTEGRATED_ENTITY,ifenprodil,rxnav_drugbank_id_lookup,AUTHORITATIVE_NAME,HIGH_EXACT,exact_identifier_based,27403,ifenprodil,,IN,ENG,100.0,HIGH_EXACT,success,
DRUG_001464,CONFIRMED_INTEGRATED_ENTITY,hexoprenaline,rxnav_drugbank_id_lookup,AUTHORITATIVE_NAME,HIGH_EXACT,exact_identifier_based,5307,hexoprenaline,,IN,ENG,100.0,HIGH_EXACT,success,
DRUG_001465,CONFIRMED_INTEGRATED_ENTITY,hexetidine,rxnav_drugbank_id_lookup,AUTHORITATIVE_NAME,HIGH_EXACT,exact_identifier_based,5301,hexetidine,,IN,ENG,100.0,HIGH_EXACT,success,
DRUG_001466,CONFIRMED_INTEGRATED_ENTITY,gemeprost,rxnav_drugbank_id_lookup,AUTHORITATIVE_NAME,HIGH_EXACT,exact_identifier_based,12449,gemeprost,,IN,ENG,100.0,HIGH_EXACT,success,
DRUG_001467,CONFIRMED_INTEGRATED_ENTITY,fusafungin,rxnav_drugbank_id_lookup,AUTHORITATIVE_NAME,HIGH_EXACT,exact_identifier_based,25437,fusafungin,fusafungine,IN,ENG,100.0,HIGH_EXACT,success,
DRUG_001468,CONFIRMED_INTEGRATED_ENTITY,fonazine,rxnav_drugbank_id_lookup,AUTHORITATIVE_NAME,HIGH_EXACT,exact_identifier_based,50138,fonazine,dimetotiazine,IN,ENG,100.0,HIGH_EXACT,success,
DRUG_001469,CONFIRMED_INTEGRATED_ENTITY,Fluprednidene,pubchem_inchikey_lookup,PUBCHEM_TITLE_CANDIDATE,NO_MATCH,none,,,,,,0.0,NO_MATCH,success,
DRUG_001470,CONFIRMED_INTEGRATED_ENTITY,fluocortolone,rxnav_drugbank_id_lookup,AUTHORITATIVE_NAME,HIGH_EXACT,exact_identifier_based,4463,fluocortolone,,IN,ENG,100.0,HIGH_EXACT,success,
DRUG_001471,CONFIRMED_INTEGRATED_ENTITY,flubendazole,rxnav_drugbank_id_lookup,AUTHORITATIVE_NAME,HIGH_EXACT,exact_identifier_based,25096,flubendazole,,IN,ENG,100.0,HIGH_EXACT,success,
DRUG_001472,CONFIRMED_INTEGRATED_ENTITY,floctafenine,rxnav_drugbank_id_lookup,AUTHORITATIVE_NAME,HIGH_EXACT,exact_identifier_based,4444,floctafenine,,IN,ENG,100.0,HIGH_EXACT,success,
DRUG_001473,CONFIRMED_INTEGRATED_ENTITY,fenbufen,rxnav_drugbank_id_lookup,AUTHORITATIVE_NAME,HIGH_EXACT,exact_identifier_based,24830,fenbufen,,IN,ENG,100.0,HIGH_EXACT,success,
DRUG_001474,CONFIRMED_INTEGRATED_ENTITY,Etofibrate,pubchem_inchikey_lookup,PUBCHEM_TITLE_CANDIDATE,NO_MATCH,none,,,,,,0.0,NO_MATCH,success,
DRUG_001475,CONFIRMED_INTEGRATED_ENTITY,etofenamate,rxnav_drugbank_id_lookup,AUTHORITATIVE_NAME,HIGH_EXACT,exact_identifier_based,24608,etofenamate,,IN,ENG,100.0,HIGH_EXACT,success,
DRUG_001476,CONFIRMED_INTEGRATED_ENTITY,etidocaine,rxnav_drugbank_id_lookup,AUTHORITATIVE_NAME,HIGH_EXACT,exact_identifier_based,4171,etidocaine,,IN,ENG,100.0,HIGH_EXACT,success,
DRUG_001477,CONFIRMED_INTEGRATED_ENTITY,Epirizole,pubchem_inchikey_lookup,PUBCHEM_TITLE_CANDIDATE,NO_MATCH,none,,,,,,0.0,NO_MATCH,success,
DRUG_001478,CONFIRMED_INTEGRATED_ENTITY,Eperisone,pubchem_inchikey_lookup,PUBCHEM_TITLE_CANDIDATE,NO_MATCH,none,,,,,,0.0,NO_MATCH,success,
DRUG_001479,CONFIRMED_INTEGRATED_ENTITY,"(3R,4R)-3,6-diamino-N-[(3S,6Z,9S,12S,15S)-3-[(6R)-2-amino-1,4,5,6-tetrahydropyrimidin-6-yl]-6-[(carbamoylamino)methylidene]-9,12-bis(hydroxymethyl)-2,5,8,11,14-pentaoxo-1,4,7,10,13-pentazacyclohexadec-15-yl]-4-hydroxyhexanamide",pubchem_inchikey_lookup,PUBCHEM_TITLE_CANDIDATE,NO_MATCH,none,,,,,,0.0,NO_MATCH,success,
DRUG_001480,CONFIRMED_INTEGRATED_ENTITY,Ditazole,pubchem_inchikey_lookup,PUBCHEM_TITLE_CANDIDATE,NO_MATCH,none,,,,,,0.0,NO_MATCH,success,
DRUG_001481,CONFIRMED_INTEGRATED_ENTITY,Dimetacrine,pubchem_inchikey_lookup,PUBCHEM_TITLE_CANDIDATE,NO_MATCH,none,,,,,,0.0,NO_MATCH,success,
DRUG_001482,CONFIRMED_INTEGRATED_ENTITY,Cyamemazine,pubchem_inchikey_lookup,PUBCHEM_TITLE_CANDIDATE,NO_MATCH,none,,,,,,0.0,NO_MATCH,success,
DRUG_001483,CONFIRMED_INTEGRATED_ENTITY,cephaloridine,rxnav_drugbank_id_lookup,AUTHORITATIVE_NAME,HIGH_EXACT,exact_identifier_based,2233,cephaloridine,cefaloridine,IN,ENG,100.0,HIGH_EXACT,success,
DRUG_001484,CONFIRMED_INTEGRATED_ENTITY,articaine,rxnav_drugbank_id_lookup,AUTHORITATIVE_NAME,HIGH_EXACT,exact_identifier_based,592464,articaine,,IN,ENG,100.0,HIGH_EXACT,success,
DRUG_001485,CONFIRMED_INTEGRATED_ENTITY,Captodiame,pubchem_inchikey_lookup,PUBCHEM_TITLE_CANDIDATE,NO_MATCH,none,,,,,,0.0,NO_MATCH,success,
DRUG_001486,CONFIRMED_INTEGRATED_ENTITY,Canrenoic Acid,pubchem_inchikey_lookup,PUBCHEM_TITLE_CANDIDATE,HIGH_EXACT,exact_identifier_based,618970,canrenoate,,IN,ENG,100.0,HIGH_EXACT,success,
DRUG_001487,CONFIRMED_INTEGRATED_ENTITY,brotizolam,rxnav_drugbank_id_lookup,AUTHORITATIVE_NAME,HIGH_EXACT,exact_identifier_based,19790,brotizolam,,IN,ENG,100.0,HIGH_EXACT,success,
DRUG_001488,CONFIRMED_INTEGRATED_ENTITY,bromopride,rxnav_drugbank_id_lookup,AUTHORITATIVE_NAME,HIGH_EXACT,exact_identifier_based,19768,bromopride,,IN,ENG,100.0,HIGH_EXACT,success,
DRUG_001489,CONFIRMED_INTEGRATED_ENTITY,bisacodyl,rxnav_drugbank_id_lookup,AUTHORITATIVE_NAME,HIGH_EXACT,exact_identifier_based,1596,bisacodyl,,IN,ENG,100.0,HIGH_EXACT,success,
DRUG_001490,CONFIRMED_INTEGRATED_ENTITY,Benzoctamine,pubchem_inchikey_lookup,PUBCHEM_TITLE_CANDIDATE,NO_MATCH,none,,,,,,0.0,NO_MATCH,success,
DRUG_001491,CONFIRMED_INTEGRATED_ENTITY,aliskiren,rxnav_drugbank_id_lookup,AUTHORITATIVE_NAME,HIGH_EXACT,exact_identifier_based,325646,aliskiren,,IN,ENG,100.0,HIGH_EXACT,success,
DRUG_001492,CONFIRMED_INTEGRATED_ENTITY,ledipasvir,rxnav_drugbank_id_lookup,AUTHORITATIVE_NAME,HIGH_EXACT,exact_identifier_based,1591922,ledipasvir,,IN,ENG,100.0,HIGH_EXACT,success,
DRUG_001493,CONFIRMED_INTEGRATED_ENTITY,vorapaxar,rxnav_drugbank_id_lookup,AUTHORITATIVE_NAME,HIGH_EXACT,exact_identifier_based,1537034,vorapaxar,,IN,ENG,100.0,HIGH_EXACT,success,
DRUG_001494,CONFIRMED_INTEGRATED_ENTITY,miltefosine,rxnav_drugbank_id_lookup,AUTHORITATIVE_NAME,HIGH_EXACT,exact_identifier_based,1494066,miltefosine,,IN,ENG,100.0,HIGH_EXACT,success,
DRUG_001495,CONFIRMED_INTEGRATED_ENTITY,suvorexant,rxnav_drugbank_id_lookup,AUTHORITATIVE_NAME,HIGH_EXACT,exact_identifier_based,1547099,suvorexant,,IN,ENG,100.0,HIGH_EXACT,success,
DRUG_001496,CONFIRMED_INTEGRATED_ENTITY,empagliflozin,rxnav_drugbank_id_lookup,AUTHORITATIVE_NAME,HIGH_EXACT,exact_identifier_based,1545653,empagliflozin,,IN,ENG,100.0,HIGH_EXACT,success,
DRUG_001497,CONFIRMED_INTEGRATED_ENTITY,eliglustat,rxnav_drugbank_id_lookup,AUTHORITATIVE_NAME,HIGH_EXACT,exact_identifier_based,1547220,eliglustat,,IN,ENG,100.0,HIGH_EXACT,success,
DRUG_001498,CONFIRMED_INTEGRATED_ENTITY,efinaconazole,rxnav_drugbank_id_lookup,AUTHORITATIVE_NAME,HIGH_EXACT,exact_identifier_based,1539753,efinaconazole,,IN,ENG,100.0,HIGH_EXACT,success,
DRUG_001499,CONFIRMED_INTEGRATED_ENTITY,tavaborole,rxnav_drugbank_id_lookup,AUTHORITATIVE_NAME,HIGH_EXACT,exact_identifier_based,1543173,tavaborole,,IN,ENG,100.0,HIGH_EXACT,success,
DRUG_001500,CONFIRMED_INTEGRATED_ENTITY,tedizolid phosphate,rxnav_drugbank_id_lookup,AUTHORITATIVE_NAME,HIGH_EXACT,exact_identifier_based,1540824,tedizolid phosphate,,PIN,ENG,100.0,HIGH_EXACT,success,
DRUG_001501,CONFIRMED_INTEGRATED_ENTITY,finafloxacin,rxnav_drugbank_id_lookup,AUTHORITATIVE_NAME,HIGH_EXACT,exact_identifier_based,1598641,finafloxacin,,IN,ENG,100.0,HIGH_EXACT,success,
DRUG_001502,CONFIRMED_INTEGRATED_ENTITY,netupitant,rxnav_drugbank_id_lookup,AUTHORITATIVE_NAME,HIGH_EXACT,exact_identifier_based,1552337,netupitant,,IN,ENG,100.0,HIGH_EXACT,success,
DRUG_001503,CONFIRMED_INTEGRATED_ENTITY,naloxegol,rxnav_drugbank_id_lookup,AUTHORITATIVE_NAME,HIGH_EXACT,exact_identifier_based,1551777,naloxegol,,IN,ENG,100.0,HIGH_EXACT,success,
DRUG_001504,CONFIRMED_INTEGRATED_ENTITY,ibrutinib,rxnav_drugbank_id_lookup,AUTHORITATIVE_NAME,HIGH_EXACT,exact_identifier_based,1442981,ibrutinib,,IN,ENG,100.0,HIGH_EXACT,success,
DRUG_001505,CONFIRMED_INTEGRATED_ENTITY,idelalisib,rxnav_drugbank_id_lookup,AUTHORITATIVE_NAME,HIGH_EXACT,exact_identifier_based,1544460,idelalisib,,IN,ENG,100.0,HIGH_EXACT,success,
DRUG_001506,CONFIRMED_INTEGRATED_ENTITY,acipimox,rxnav_drugbank_id_lookup,AUTHORITATIVE_NAME,HIGH_EXACT,exact_identifier_based,16817,acipimox,,IN,ENG,100.0,HIGH_EXACT,success,
DRUG_001507,CONFIRMED_INTEGRATED_ENTITY,avibactam,rxnav_drugbank_id_lookup,AUTHORITATIVE_NAME,HIGH_EXACT,exact_identifier_based,1603834,avibactam,,IN,ENG,100.0,HIGH_EXACT,success,
DRUG_001508,CONFIRMED_INTEGRATED_ENTITY,cannabidiol,rxnav_drugbank_id_lookup,AUTHORITATIVE_NAME,HIGH_EXACT,exact_identifier_based,2045371,cannabidiol,,IN,ENG,100.0,HIGH_EXACT,success,
DRUG_001509,CONFIRMED_INTEGRATED_ENTITY,ceritinib,rxnav_drugbank_id_lookup,AUTHORITATIVE_NAME,HIGH_EXACT,exact_identifier_based,1535457,ceritinib,,IN,ENG,100.0,HIGH_EXACT,success,
DRUG_001510,CONFIRMED_INTEGRATED_ENTITY,cobicistat,rxnav_drugbank_id_lookup,AUTHORITATIVE_NAME,HIGH_EXACT,exact_identifier_based,1306284,cobicistat,,IN,ENG,100.0,HIGH_EXACT,success,
DRUG_001511,CONFIRMED_INTEGRATED_ENTITY,Corticorelin Ovine Triflutate,pubchem_inchikey_lookup,PUBCHEM_TITLE_CANDIDATE,HIGH_EXACT,exact_identifier_based,74670,corticorelin ovine triflutate,,PIN,ENG,100.0,HIGH_EXACT,success,
DRUG_001512,CONFIRMED_INTEGRATED_ENTITY,vortioxetine,rxnav_drugbank_id_lookup,AUTHORITATIVE_NAME,HIGH_EXACT,exact_identifier_based,1455099,vortioxetine,,IN,ENG,100.0,HIGH_EXACT,success,
DRUG_001513,CONFIRMED_INTEGRATED_ENTITY,trimetazidine,rxnav_drugbank_id_lookup,AUTHORITATIVE_NAME,HIGH_EXACT,exact_identifier_based,10826,trimetazidine,,IN,ENG,100.0,HIGH_EXACT,success,
DRUG_001514,CONFIRMED_INTEGRATED_ENTITY,tibolone,rxnav_drugbank_id_lookup,AUTHORITATIVE_NAME,HIGH_EXACT,exact_identifier_based,38260,tibolone,,IN,ENG,100.0,HIGH_EXACT,success,
DRUG_001515,CONFIRMED_INTEGRATED_ENTITY,tasimelteon,rxnav_drugbank_id_lookup,AUTHORITATIVE_NAME,HIGH_EXACT,exact_identifier_based,1490468,tasimelteon,,IN,ENG,100.0,HIGH_EXACT,success,
DRUG_001516,CONFIRMED_INTEGRATED_ENTITY,sodium oxybate,rxnav_drugbank_id_lookup,AUTHORITATIVE_NAME,HIGH_EXACT,exact_identifier_based,9899,sodium oxybate,,PIN,ENG,100.0,HIGH_EXACT,success,
DRUG_001517,CONFIRMED_INTEGRATED_ENTITY,palbociclib,rxnav_drugbank_id_lookup,AUTHORITATIVE_NAME,HIGH_EXACT,exact_identifier_based,1601374,palbociclib,,IN,ENG,100.0,HIGH_EXACT,success,
DRUG_001518,CONFIRMED_INTEGRATED_ENTITY,olaparib,rxnav_drugbank_id_lookup,AUTHORITATIVE_NAME,HIGH_EXACT,exact_identifier_based,1597582,olaparib,,IN,ENG,100.0,HIGH_EXACT,success,
DRUG_001519,CONFIRMED_INTEGRATED_ENTITY,edoxaban,rxnav_drugbank_id_lookup,AUTHORITATIVE_NAME,HIGH_EXACT,exact_identifier_based,1599538,edoxaban,,IN,ENG,100.0,HIGH_EXACT,success,
DRUG_001520,CONFIRMED_INTEGRATED_ENTITY,umeclidinium,rxnav_drugbank_id_lookup,AUTHORITATIVE_NAME,HIGH_EXACT,exact_identifier_based,1487514,umeclidinium,,IN,ENG,100.0,HIGH_EXACT,success,
DRUG_001521,CONFIRMED_INTEGRATED_ENTITY,lenvatinib,rxnav_drugbank_id_lookup,AUTHORITATIVE_NAME,HIGH_EXACT,exact_identifier_based,1603296,lenvatinib,,IN,ENG,100.0,HIGH_EXACT,success,
DRUG_001522,CONFIRMED_INTEGRATED_ENTITY,nintedanib,rxnav_drugbank_id_lookup,AUTHORITATIVE_NAME,HIGH_EXACT,exact_identifier_based,1592737,nintedanib,,IN,ENG,100.0,HIGH_EXACT,success,
DRUG_001523,CONFIRMED_INTEGRATED_ENTITY,olodaterol,rxnav_drugbank_id_lookup,AUTHORITATIVE_NAME,HIGH_EXACT,exact_identifier_based,1546059,olodaterol,,IN,ENG,100.0,HIGH_EXACT,success,
DRUG_001524,CONFIRMED_INTEGRATED_ENTITY,vilanterol,rxnav_drugbank_id_lookup,AUTHORITATIVE_NAME,HIGH_EXACT,exact_identifier_based,1424884,vilanterol,,IN,ENG,100.0,HIGH_EXACT,success,
DRUG_001525,CONFIRMED_INTEGRATED_ENTITY,ivabradine,rxnav_drugbank_id_lookup,AUTHORITATIVE_NAME,HIGH_EXACT,exact_identifier_based,1649480,ivabradine,,IN,ENG,100.0,HIGH_EXACT,success,
DRUG_001526,CONFIRMED_INTEGRATED_ENTITY,benzydamine,rxnav_drugbank_id_lookup,AUTHORITATIVE_NAME,HIGH_EXACT,exact_identifier_based,1425,benzydamine,,IN,ENG,100.0,HIGH_EXACT,success,
DRUG_001527,CONFIRMED_INTEGRATED_ENTITY,Tetracaine,pubchem_inchikey_lookup,PUBCHEM_TITLE_CANDIDATE,HIGH_EXACT,exact_identifier_based,10391,tetracaine,,IN,ENG,100.0,HIGH_EXACT,success,
DRUG_001528,CONFIRMED_INTEGRATED_ENTITY,Potassium Alum,pubchem_inchikey_lookup,PUBCHEM_TITLE_CANDIDATE,HIGH_EXACT,exact_identifier_based,221456,"alum, potassium",potassium alum,IN,ENG,100.0,HIGH_EXACT,success,
DRUG_001529,CONFIRMED_INTEGRATED_ENTITY,pinaverium,rxnav_drugbank_id_lookup,AUTHORITATIVE_NAME,HIGH_EXACT,exact_identifier_based,33724,pinaverium,,IN,ENG,100.0,HIGH_EXACT,success,
DRUG_001530,CONFIRMED_INTEGRATED_ENTITY,tixocortol,rxnav_drugbank_id_lookup,AUTHORITATIVE_NAME,HIGH_EXACT,exact_identifier_based,57257,tixocortol,,IN,ENG,100.0,HIGH_EXACT,success,
DRUG_001531,CONFIRMED_INTEGRATED_ENTITY,chlortetracycline,rxnav_drugbank_id_lookup,AUTHORITATIVE_NAME,HIGH_EXACT,exact_identifier_based,2408,chlortetracycline,,IN,ENG,100.0,HIGH_EXACT,success,
DRUG_001532,CONFIRMED_INTEGRATED_ENTITY,podophyllin,rxnav_drugbank_id_lookup,AUTHORITATIVE_NAME,HIGH_EXACT,exact_identifier_based,8462,podophyllin,podophyllum resin,IN,ENG,100.0,HIGH_EXACT,success,
DRUG_001533,CONFIRMED_INTEGRATED_ENTITY,diflucortolone,rxnav_drugbank_id_lookup,AUTHORITATIVE_NAME,HIGH_EXACT,exact_identifier_based,3392,diflucortolone,,IN,ENG,100.0,HIGH_EXACT,success,
DRUG_001534,CONFIRMED_INTEGRATED_ENTITY,benzoyl peroxide,rxnav_drugbank_id_lookup,AUTHORITATIVE_NAME,HIGH_EXACT,exact_identifier_based,1418,benzoyl peroxide,,IN,ENG,100.0,HIGH_EXACT,success,
DRUG_001535,CONFIRMED_INTEGRATED_ENTITY,quinagolide,rxnav_drugbank_id_lookup,AUTHORITATIVE_NAME,HIGH_EXACT,exact_identifier_based,76887,quinagolide,,IN,ENG,100.0,HIGH_EXACT,success,
DRUG_001536,CONFIRMED_INTEGRATED_ENTITY,somatostatin,rxnav_drugbank_id_lookup,AUTHORITATIVE_NAME,HIGH_EXACT,exact_identifier_based,9939,somatostatin,,IN,ENG,100.0,HIGH_EXACT,success,
DRUG_001537,CONFIRMED_INTEGRATED_ENTITY,elvitegravir,rxnav_drugbank_id_lookup,AUTHORITATIVE_NAME,HIGH_EXACT,exact_identifier_based,1306286,elvitegravir,,IN,ENG,100.0,HIGH_EXACT,success,
DRUG_001538,CONFIRMED_INTEGRATED_ENTITY,daclatasvir,rxnav_drugbank_id_lookup,AUTHORITATIVE_NAME,HIGH_EXACT,exact_identifier_based,1606218,daclatasvir,,IN,ENG,100.0,HIGH_EXACT,success,
DRUG_001539,CONFIRMED_INTEGRATED_ENTITY,Mint-O-Mag,pubchem_inchikey_lookup,PUBCHEM_TITLE_CANDIDATE,HIGH_EXACT,exact_identifier_based,243353,magnesium hydroxide Oral Suspension,,SCDF,ENG,100.0,HIGH_EXACT,success,
DRUG_001540,CONFIRMED_INTEGRATED_ENTITY,Nitrous Acid,pubchem_inchikey_lookup,PUBCHEM_TITLE_CANDIDATE,NO_MATCH,none,,,,,,0.0,NO_MATCH,success,
DRUG_001541,CONFIRMED_INTEGRATED_ENTITY,paraldehyde,rxnav_drugbank_id_lookup,AUTHORITATIVE_NAME,HIGH_EXACT,exact_identifier_based,7909,paraldehyde,,IN,ENG,100.0,HIGH_EXACT,success,
DRUG_001542,CONFIRMED_INTEGRATED_ENTITY,stiripentol,rxnav_drugbank_id_lookup,AUTHORITATIVE_NAME,HIGH_EXACT,exact_identifier_based,2054968,stiripentol,,IN,ENG,100.0,HIGH_EXACT,success,
DRUG_001543,CONFIRMED_INTEGRATED_ENTITY,eslicarbazepine acetate,rxnav_drugbank_id_lookup,AUTHORITATIVE_NAME,HIGH_EXACT,exact_identifier_based,1482501,eslicarbazepine acetate,,PIN,ENG,100.0,HIGH_EXACT,success,
DRUG_001544,CONFIRMED_INTEGRATED_ENTITY,Zucapsaicin,pubchem_inchikey_lookup,PUBCHEM_TITLE_CANDIDATE,NO_MATCH,none,,,,,,0.0,NO_MATCH,success,
DRUG_001545,CONFIRMED_INTEGRATED_ENTITY,dienogest,rxnav_drugbank_id_lookup,AUTHORITATIVE_NAME,HIGH_EXACT,exact_identifier_based,22968,dienogest,,IN,ENG,100.0,HIGH_EXACT,success,
DRUG_001546,CONFIRMED_INTEGRATED_ENTITY,medrogestone,rxnav_drugbank_id_lookup,AUTHORITATIVE_NAME,HIGH_EXACT,exact_identifier_based,6690,medrogestone,,IN,ENG,100.0,HIGH_EXACT,success,
DRUG_001547,CONFIRMED_INTEGRATED_ENTITY,Tripotassium citrate,pubchem_inchikey_lookup,PUBCHEM_TITLE_CANDIDATE,HIGH_EXACT,exact_identifier_based,1374802,potassium citrate anhydrous,,PIN,ENG,100.0,HIGH_EXACT,success,
DRUG_001548,CONFIRMED_INTEGRATED_ENTITY,brexpiprazole,rxnav_drugbank_id_lookup,AUTHORITATIVE_NAME,HIGH_EXACT,exact_identifier_based,1658314,brexpiprazole,,IN,ENG,100.0,HIGH_EXACT,success,
DRUG_001549,CONFIRMED_INTEGRATED_ENTITY,copper,rxnav_drugbank_id_lookup,AUTHORITATIVE_NAME,HIGH_EXACT,exact_identifier_based,2837,copper,,IN,ENG,100.0,HIGH_EXACT,success,
DRUG_001550,CONFIRMED_INTEGRATED_ENTITY,ioversol,rxnav_drugbank_id_lookup,AUTHORITATIVE_NAME,HIGH_EXACT,exact_identifier_based,27792,ioversol,,IN,ENG,100.0,HIGH_EXACT,success,
DRUG_001551,CONFIRMED_INTEGRATED_ENTITY,ioxilan,rxnav_drugbank_id_lookup,AUTHORITATIVE_NAME,HIGH_EXACT,exact_identifier_based,27793,ioxilan,,IN,ENG,100.0,HIGH_EXACT,success,
DRUG_001552,CONFIRMED_INTEGRATED_ENTITY,Choletec,pubchem_inchikey_lookup,PUBCHEM_TITLE_CANDIDATE,NO_MATCH,none,,,,,,0.0,NO_MATCH,success,
DRUG_001553,CONFIRMED_INTEGRATED_ENTITY,Technetium (99Mtc) Medronic Acid,pubchem_inchikey_lookup,PUBCHEM_TITLE_CANDIDATE,HIGH_EXACT,exact_identifier_based,1358207,medronate,,IN,ENG,100.0,HIGH_EXACT,success,
DRUG_001554,CONFIRMED_INTEGRATED_ENTITY,sonidegib,rxnav_drugbank_id_lookup,AUTHORITATIVE_NAME,HIGH_EXACT,exact_identifier_based,1659191,sonidegib,,IN,ENG,100.0,HIGH_EXACT,success,
DRUG_001555,CONFIRMED_INTEGRATED_ENTITY,Succharated ferric oxide,pubchem_inchikey_lookup,PUBCHEM_TITLE_CANDIDATE,HIGH_EXACT,exact_identifier_based,1484283,sucroferric oxyhydroxide,,IN,ENG,100.0,HIGH_EXACT,success,
DRUG_001556,CONFIRMED_INTEGRATED_ENTITY,ferric pyrophosphate,rxnav_drugbank_id_lookup,AUTHORITATIVE_NAME,HIGH_EXACT,exact_identifier_based,1607976,ferric pyrophosphate,,IN,ENG,100.0,HIGH_EXACT,success,
DRUG_001557,CONFIRMED_INTEGRATED_ENTITY,sodium chloride,rxnav_drugbank_id_lookup,AUTHORITATIVE_NAME,HIGH_EXACT,exact_identifier_based,9863,sodium chloride,,IN,ENG,100.0,HIGH_EXACT,success,
DRUG_001558,CONFIRMED_INTEGRATED_ENTITY,Trisodium citrate,pubchem_inchikey_lookup,PUBCHEM_TITLE_CANDIDATE,HIGH_EXACT,exact_identifier_based,1310549,trisodium citrate anhydrous,,PIN,ENG,100.0,HIGH_EXACT,success,
DRUG_001559,CONFIRMED_INTEGRATED_ENTITY,iopromide,rxnav_drugbank_id_lookup,AUTHORITATIVE_NAME,HIGH_EXACT,exact_identifier_based,27781,iopromide,,IN,ENG,100.0,HIGH_EXACT,success,
DRUG_001560,CONFIRMED_INTEGRATED_ENTITY,technetium Tc 99m sestamibi,rxnav_drugbank_id_lookup,AUTHORITATIVE_NAME,HIGH_EXACT,exact_identifier_based,1482913,technetium Tc 99m sestamibi,technetium (99mTc) sestamibi,PIN,ENG,100.0,HIGH_EXACT,success,
DRUG_001561,CONFIRMED_INTEGRATED_ENTITY,Ferric citrate,pubchem_inchikey_lookup,PUBCHEM_TITLE_CANDIDATE,NO_MATCH,none,,,,,,0.0,NO_MATCH,success,
DRUG_001562,CONFIRMED_INTEGRATED_ENTITY,Etizolam,pubchem_inchikey_lookup,PUBCHEM_TITLE_CANDIDATE,NO_MATCH,none,,,,,,0.0,NO_MATCH,success,
DRUG_001563,CONFIRMED_INTEGRATED_ENTITY,dothiepin,rxnav_drugbank_id_lookup,AUTHORITATIVE_NAME,HIGH_EXACT,exact_identifier_based,3634,dothiepin,dosulepin,IN,ENG,100.0,HIGH_EXACT,success,
DRUG_001564,CONFIRMED_INTEGRATED_ENTITY,dasabuvir,rxnav_drugbank_id_lookup,AUTHORITATIVE_NAME,HIGH_EXACT,exact_identifier_based,1597381,dasabuvir,,IN,ENG,100.0,HIGH_EXACT,success,
DRUG_001565,CONFIRMED_INTEGRATED_ENTITY,viloxazine,rxnav_drugbank_id_lookup,AUTHORITATIVE_NAME,HIGH_EXACT,exact_identifier_based,11196,viloxazine,,IN,ENG,100.0,HIGH_EXACT,success,
DRUG_001566,CONFIRMED_INTEGRATED_ENTITY,Lobeglitazone,pubchem_inchikey_lookup,PUBCHEM_TITLE_CANDIDATE,NO_MATCH,none,,,,,,0.0,NO_MATCH,success,
DRUG_001567,CONFIRMED_INTEGRATED_ENTITY,Arotinolol,pubchem_inchikey_lookup,PUBCHEM_TITLE_CANDIDATE,NO_MATCH,none,,,,,,0.0,NO_MATCH,success,
DRUG_001568,CONFIRMED_INTEGRATED_ENTITY,pholcodine,rxnav_drugbank_id_lookup,AUTHORITATIVE_NAME,HIGH_EXACT,exact_identifier_based,33431,pholcodine,,IN,ENG,100.0,HIGH_EXACT,success,
DRUG_001569,CONFIRMED_INTEGRATED_ENTITY,piracetam,rxnav_drugbank_id_lookup,AUTHORITATIVE_NAME,HIGH_EXACT,exact_identifier_based,8351,piracetam,,IN,ENG,100.0,HIGH_EXACT,success,
DRUG_001570,CONFIRMED_INTEGRATED_ENTITY,Limaprost,pubchem_inchikey_lookup,PUBCHEM_TITLE_CANDIDATE,NO_MATCH,none,,,,,,0.0,NO_MATCH,success,
DRUG_001571,CONFIRMED_INTEGRATED_ENTITY,loxoprofen,rxnav_drugbank_id_lookup,AUTHORITATIVE_NAME,HIGH_EXACT,exact_identifier_based,28908,loxoprofen,,IN,ENG,100.0,HIGH_EXACT,success,
DRUG_001572,CONFIRMED_INTEGRATED_ENTITY,droxicam,rxnav_drugbank_id_lookup,AUTHORITATIVE_NAME,HIGH_EXACT,exact_identifier_based,23687,droxicam,,IN,ENG,100.0,HIGH_EXACT,success,
DRUG_001573,CONFIRMED_INTEGRATED_ENTITY,tolfenamic acid,rxnav_drugbank_id_lookup,AUTHORITATIVE_NAME,HIGH_EXACT,exact_identifier_based,38377,tolfenamic acid,,IN,ENG,100.0,HIGH_EXACT,success,
DRUG_001574,CONFIRMED_INTEGRATED_ENTITY,clonixin,rxnav_drugbank_id_lookup,AUTHORITATIVE_NAME,HIGH_EXACT,exact_identifier_based,2601,clonixin,,IN,ENG,100.0,HIGH_EXACT,success,
DRUG_001575,CONFIRMED_INTEGRATED_ENTITY,nicorandil,rxnav_drugbank_id_lookup,AUTHORITATIVE_NAME,HIGH_EXACT,exact_identifier_based,31748,nicorandil,,IN,ENG,100.0,HIGH_EXACT,success,
DRUG_001576,CONFIRMED_INTEGRATED_ENTITY,polaprezinc,rxnav_drugbank_id_lookup,AUTHORITATIVE_NAME,HIGH_EXACT,exact_identifier_based,2179843,polaprezinc,,IN,ENG,100.0,HIGH_EXACT,success,
DRUG_001577,CONFIRMED_INTEGRATED_ENTITY,Blonanserin,pubchem_inchikey_lookup,PUBCHEM_TITLE_CANDIDATE,NO_MATCH,none,,,,,,0.0,NO_MATCH,success,
DRUG_001578,CONFIRMED_INTEGRATED_ENTITY,metylperon,rxnav_drugbank_id_lookup,AUTHORITATIVE_NAME,HIGH_EXACT,exact_identifier_based,29961,metylperon,melperone,IN,ENG,100.0,HIGH_EXACT,success,
DRUG_001579,CONFIRMED_INTEGRATED_ENTITY,zotepine,rxnav_drugbank_id_lookup,AUTHORITATIVE_NAME,HIGH_EXACT,exact_identifier_based,40003,zotepine,,IN,ENG,100.0,HIGH_EXACT,success,
DRUG_001580,CONFIRMED_INTEGRATED_ENTITY,mepirodipine,rxnav_drugbank_id_lookup,AUTHORITATIVE_NAME,HIGH_EXACT,exact_identifier_based,39879,mepirodipine,barnidipine,IN,ENG,100.0,HIGH_EXACT,success,
DRUG_001581,CONFIRMED_INTEGRATED_ENTITY,Azelnidipine,pubchem_inchikey_lookup,PUBCHEM_TITLE_CANDIDATE,NO_MATCH,none,,,,,,0.0,NO_MATCH,success,
DRUG_001582,CONFIRMED_INTEGRATED_ENTITY,Benidipine,pubchem_inchikey_lookup,PUBCHEM_TITLE_CANDIDATE,NO_MATCH,none,,,,,,0.0,NO_MATCH,success,
DRUG_001583,CONFIRMED_INTEGRATED_ENTITY,Cilnidipine,pubchem_inchikey_lookup,PUBCHEM_TITLE_CANDIDATE,NO_MATCH,none,,,,,,0.0,NO_MATCH,success,
DRUG_001584,CONFIRMED_INTEGRATED_ENTITY,Efonidipine,pubchem_inchikey_lookup,PUBCHEM_TITLE_CANDIDATE,NO_MATCH,none,,,,,,0.0,NO_MATCH,success,
DRUG_001585,CONFIRMED_INTEGRATED_ENTITY,lacidipine,rxnav_drugbank_id_lookup,AUTHORITATIVE_NAME,HIGH_EXACT,exact_identifier_based,28382,lacidipine,,IN,ENG,100.0,HIGH_EXACT,success,
DRUG_001586,CONFIRMED_INTEGRATED_ENTITY,manidipine,rxnav_drugbank_id_lookup,AUTHORITATIVE_NAME,HIGH_EXACT,exact_identifier_based,29275,manidipine,,IN,ENG,100.0,HIGH_EXACT,success,
DRUG_001587,CONFIRMED_INTEGRATED_ENTITY,Methylene Blue,pubchem_inchikey_lookup,PUBCHEM_TITLE_CANDIDATE,HIGH_EXACT,exact_identifier_based,2198975,methylene blue anhydrous,,PIN,ENG,100.0,HIGH_EXACT,success,
DRUG_001588,CONFIRMED_INTEGRATED_ENTITY,moxonidine,rxnav_drugbank_id_lookup,AUTHORITATIVE_NAME,HIGH_EXACT,exact_identifier_based,30257,moxonidine,,IN,ENG,100.0,HIGH_EXACT,success,
DRUG_001589,CONFIRMED_INTEGRATED_ENTITY,Pirlindole,pubchem_inchikey_lookup,PUBCHEM_TITLE_CANDIDATE,NO_MATCH,none,,,,,,0.0,NO_MATCH,success,
DRUG_001590,CONFIRMED_INTEGRATED_ENTITY,Toloxatone,pubchem_inchikey_lookup,PUBCHEM_TITLE_CANDIDATE,NO_MATCH,none,,,,,,0.0,NO_MATCH,success,
DRUG_001591,CONFIRMED_INTEGRATED_ENTITY,tegafur,rxnav_drugbank_id_lookup,AUTHORITATIVE_NAME,HIGH_EXACT,exact_identifier_based,4582,tegafur,,IN,ENG,100.0,HIGH_EXACT,success,
DRUG_001592,CONFIRMED_INTEGRATED_ENTITY,NO_NAME_CANDIDATE,none,NO_NAME_CANDIDATE,NO_MATCH,none,,,,,,0.0,NO_MATCH,success,
DRUG_001593,CONFIRMED_INTEGRATED_ENTITY,Imidafenacin,pubchem_inchikey_lookup,PUBCHEM_TITLE_CANDIDATE,NO_MATCH,none,,,,,,0.0,NO_MATCH,success,
DRUG_001594,CONFIRMED_INTEGRATED_ENTITY,lixisenatide,rxnav_drugbank_id_lookup,AUTHORITATIVE_NAME,HIGH_EXACT,exact_identifier_based,1440051,lixisenatide,,IN,ENG,100.0,HIGH_EXACT,success,
DRUG_001595,CONFIRMED_INTEGRATED_ENTITY,Strontium Ranelate,pubchem_inchikey_lookup,PUBCHEM_TITLE_CANDIDATE,NO_MATCH,none,,,,,,0.0,NO_MATCH,success,
DRUG_001596,CONFIRMED_INTEGRATED_ENTITY,picosulfuric acid,rxnav_drugbank_id_lookup,AUTHORITATIVE_NAME,HIGH_EXACT,exact_identifier_based,1546457,picosulfuric acid,,PIN,ENG,100.0,HIGH_EXACT,success,
DRUG_001597,CONFIRMED_INTEGRATED_ENTITY,phenylacetic acid,rxnav_drugbank_id_lookup,AUTHORITATIVE_NAME,HIGH_EXACT,exact_identifier_based,33332,phenylacetic acid,,PIN,ENG,100.0,HIGH_EXACT,success,
DRUG_001598,CONFIRMED_INTEGRATED_ENTITY,ubidecarenone,rxnav_drugbank_id_lookup,AUTHORITATIVE_NAME,HIGH_EXACT,exact_identifier_based,21406,ubidecarenone,,IN,ENG,100.0,HIGH_EXACT,success,
DRUG_001599,CONFIRMED_INTEGRATED_ENTITY,eluxadoline,rxnav_drugbank_id_lookup,AUTHORITATIVE_NAME,HIGH_EXACT,exact_identifier_based,1653781,eluxadoline,,IN,ENG,100.0,HIGH_EXACT,success,
DRUG_001600,CONFIRMED_INTEGRATED_ENTITY,Doxofylline,pubchem_inchikey_lookup,PUBCHEM_TITLE_CANDIDATE,NO_MATCH,none,,,,,,0.0,NO_MATCH,success,
DRUG_001601,CONFIRMED_INTEGRATED_ENTITY,artesunate,rxnav_drugbank_id_lookup,AUTHORITATIVE_NAME,HIGH_EXACT,exact_identifier_based,18346,artesunate,,IN,ENG,100.0,HIGH_EXACT,success,
DRUG_001602,CONFIRMED_INTEGRATED_ENTITY,bismuth subcitrate potassium,rxnav_drugbank_id_lookup,AUTHORITATIVE_NAME,HIGH_EXACT,exact_identifier_based,1294617,bismuth subcitrate potassium,,PIN,ENG,100.0,HIGH_EXACT,success,
DRUG_001603,CONFIRMED_INTEGRATED_ENTITY,gold sodium thiomalate,rxnav_drugbank_id_lookup,AUTHORITATIVE_NAME,HIGH_EXACT,exact_identifier_based,4981,gold sodium thiomalate,,PIN,ENG,100.0,HIGH_EXACT,success,
DRUG_001604,CONFIRMED_INTEGRATED_ENTITY,choline C-11,rxnav_drugbank_id_lookup,AUTHORITATIVE_NAME,HIGH_EXACT,exact_identifier_based,1425419,choline C-11,choline C 11,PIN,ENG,100.0,HIGH_EXACT,success,
DRUG_001605,CONFIRMED_INTEGRATED_ENTITY,activated charcoal,rxnav_drugbank_id_lookup,AUTHORITATIVE_NAME,HIGH_EXACT,exact_identifier_based,272,activated charcoal,,IN,ENG,100.0,HIGH_EXACT,success,
DRUG_001606,CONFIRMED_INTEGRATED_ENTITY,Fimasartan,pubchem_inchikey_lookup,PUBCHEM_TITLE_CANDIDATE,NO_MATCH,none,,,,,,0.0,NO_MATCH,success,
DRUG_001607,CONFIRMED_INTEGRATED_ENTITY,lumacaftor,rxnav_drugbank_id_lookup,AUTHORITATIVE_NAME,HIGH_EXACT,exact_identifier_based,1655922,lumacaftor,,IN,ENG,100.0,HIGH_EXACT,success,
DRUG_001608,CONFIRMED_INTEGRATED_ENTITY,magnesium trisilicate,rxnav_drugbank_id_lookup,AUTHORITATIVE_NAME,HIGH_EXACT,exact_identifier_based,29170,magnesium trisilicate,,IN,ENG,100.0,HIGH_EXACT,success,
DRUG_001609,CONFIRMED_INTEGRATED_ENTITY,molsidomine,rxnav_drugbank_id_lookup,AUTHORITATIVE_NAME,HIGH_EXACT,exact_identifier_based,7023,molsidomine,,IN,ENG,100.0,HIGH_EXACT,success,
DRUG_001610,CONFIRMED_INTEGRATED_ENTITY,Trapidil,pubchem_inchikey_lookup,PUBCHEM_TITLE_CANDIDATE,NO_MATCH,none,,,,,,0.0,NO_MATCH,success,
DRUG_001611,CONFIRMED_INTEGRATED_ENTITY,morniflumate,rxnav_drugbank_id_lookup,AUTHORITATIVE_NAME,HIGH_EXACT,exact_identifier_based,30225,morniflumate,,IN,ENG,100.0,HIGH_EXACT,success,
DRUG_001612,CONFIRMED_INTEGRATED_ENTITY,pipamperone,rxnav_drugbank_id_lookup,AUTHORITATIVE_NAME,HIGH_EXACT,exact_identifier_based,33739,pipamperone,,IN,ENG,100.0,HIGH_EXACT,success,
DRUG_001613,CONFIRMED_INTEGRATED_ENTITY,Propacetamol,pubchem_inchikey_lookup,PUBCHEM_TITLE_CANDIDATE,NO_MATCH,none,,,,,,0.0,NO_MATCH,success,
DRUG_001614,CONFIRMED_INTEGRATED_ENTITY,tianeptine,rxnav_drugbank_id_lookup,AUTHORITATIVE_NAME,HIGH_EXACT,exact_identifier_based,38252,tianeptine,,IN,ENG,100.0,HIGH_EXACT,success,
DRUG_001615,CONFIRMED_INTEGRATED_ENTITY,Ramosetron,pubchem_inchikey_lookup,PUBCHEM_TITLE_CANDIDATE,NO_MATCH,none,,,,,,0.0,NO_MATCH,success,
DRUG_001616,CONFIRMED_INTEGRATED_ENTITY,rolapitant,rxnav_drugbank_id_lookup,AUTHORITATIVE_NAME,HIGH_EXACT,exact_identifier_based,1665496,rolapitant,,IN,ENG,100.0,HIGH_EXACT,success,
DRUG_001617,CONFIRMED_INTEGRATED_ENTITY,sacubitril,rxnav_drugbank_id_lookup,AUTHORITATIVE_NAME,HIGH_EXACT,exact_identifier_based,1656328,sacubitril,,IN,ENG,100.0,HIGH_EXACT,success,
DRUG_001618,CONFIRMED_INTEGRATED_ENTITY,Iodide Ion I-131,pubchem_inchikey_lookup,PUBCHEM_TITLE_CANDIDATE,HIGH_EXACT,exact_identifier_based,1546394,iodine I-131,,PIN,ENG,100.0,HIGH_EXACT,success,
DRUG_001619,CONFIRMED_INTEGRATED_ENTITY,talniflumate,rxnav_drugbank_id_lookup,AUTHORITATIVE_NAME,HIGH_EXACT,exact_identifier_based,236770,talniflumate,,IN,ENG,100.0,HIGH_EXACT,success,
DRUG_001620,CONFIRMED_INTEGRATED_ENTITY,ombitasvir,rxnav_drugbank_id_lookup,AUTHORITATIVE_NAME,HIGH_EXACT,exact_identifier_based,1597371,ombitasvir,,IN,ENG,100.0,HIGH_EXACT,success,
DRUG_001621,CONFIRMED_INTEGRATED_ENTITY,paritaprevir,rxnav_drugbank_id_lookup,AUTHORITATIVE_NAME,HIGH_EXACT,exact_identifier_based,1597373,paritaprevir,,IN,ENG,100.0,HIGH_EXACT,success,
DRUG_001622,CONFIRMED_INTEGRATED_ENTITY,butylscopolamine,rxnav_drugbank_id_lookup,AUTHORITATIVE_NAME,HIGH_EXACT,exact_identifier_based,1085787,butylscopolamine,,IN,ENG,100.0,HIGH_EXACT,success,
DRUG_001623,CONFIRMED_INTEGRATED_ENTITY,penicillin G procaine,rxnav_drugbank_id_lookup,AUTHORITATIVE_NAME,HIGH_EXACT,exact_identifier_based,7983,penicillin G procaine,,PIN,ENG,100.0,HIGH_EXACT,success,
DRUG_001624,CONFIRMED_INTEGRATED_ENTITY,zinc oxide,rxnav_drugbank_id_lookup,AUTHORITATIVE_NAME,HIGH_EXACT,exact_identifier_based,11423,zinc oxide,,IN,ENG,100.0,HIGH_EXACT,success,
DRUG_001625,CONFIRMED_INTEGRATED_ENTITY,Zinc Sulfate,pubchem_inchikey_lookup,PUBCHEM_TITLE_CANDIDATE,HIGH_EXACT,exact_identifier_based,1299928,zinc sulfate anhydrous,,PIN,ENG,100.0,HIGH_EXACT,success,
DRUG_001626,CONFIRMED_INTEGRATED_ENTITY,Penicillin G benzathine (USP),pubchem_inchikey_lookup,PUBCHEM_TITLE_CANDIDATE,NO_MATCH,none,,,,,,0.0,NO_MATCH,success,
DRUG_001627,CONFIRMED_INTEGRATED_ENTITY,sulbactam,rxnav_drugbank_id_lookup,AUTHORITATIVE_NAME,HIGH_EXACT,exact_identifier_based,10167,sulbactam,,IN,ENG,100.0,HIGH_EXACT,success,
DRUG_001628,CONFIRMED_INTEGRATED_ENTITY,osimertinib,rxnav_drugbank_id_lookup,AUTHORITATIVE_NAME,HIGH_EXACT,exact_identifier_based,1721560,osimertinib,,IN,ENG,100.0,HIGH_EXACT,success,
DRUG_001629,CONFIRMED_INTEGRATED_ENTITY,Mersalyl Acid,pubchem_inchikey_lookup,PUBCHEM_TITLE_CANDIDATE,NO_MATCH,none,,,,,,0.0,NO_MATCH,success,
DRUG_001630,CONFIRMED_INTEGRATED_ENTITY,Propoxycaine,pubchem_inchikey_lookup,PUBCHEM_TITLE_CANDIDATE,NO_MATCH,none,,,,,,0.0,NO_MATCH,success,
DRUG_001631,CONFIRMED_INTEGRATED_ENTITY,tipiracil,rxnav_drugbank_id_lookup,AUTHORITATIVE_NAME,HIGH_EXACT,exact_identifier_based,1670304,tipiracil,,IN,ENG,100.0,HIGH_EXACT,success,
DRUG_001632,CONFIRMED_INTEGRATED_ENTITY,pramoxine,rxnav_drugbank_id_lookup,AUTHORITATIVE_NAME,HIGH_EXACT,exact_identifier_based,34347,pramoxine,,IN,ENG,100.0,HIGH_EXACT,success,
DRUG_001633,CONFIRMED_INTEGRATED_ENTITY,p-hydroxyamphetamine,rxnav_drugbank_id_lookup,AUTHORITATIVE_NAME,HIGH_EXACT,exact_identifier_based,7839,p-hydroxyamphetamine,hydroxyamphetamine,IN,ENG,100.0,HIGH_EXACT,success,
DRUG_001634,CONFIRMED_INTEGRATED_ENTITY,Darvon-N,pubchem_inchikey_lookup,PUBCHEM_TITLE_CANDIDATE,NO_MATCH,none,,,,,,0.0,NO_MATCH,success,
DRUG_001635,CONFIRMED_INTEGRATED_ENTITY,dibasic potassium phosphate,rxnav_drugbank_id_lookup,AUTHORITATIVE_NAME,HIGH_EXACT,exact_identifier_based,55018,dibasic potassium phosphate,,IN,ENG,100.0,HIGH_EXACT,success,
DRUG_001636,CONFIRMED_INTEGRATED_ENTITY,CID 24204,pubchem_inchikey_lookup,PUBCHEM_TITLE_CANDIDATE,HIGH_EXACT,exact_identifier_based,235496,"sodium phosphate, monobasic",,IN,ENG,100.0,HIGH_EXACT,success,
DRUG_001637,CONFIRMED_INTEGRATED_ENTITY,glycerin,rxnav_drugbank_id_lookup,AUTHORITATIVE_NAME,HIGH_EXACT,exact_identifier_based,4910,glycerin,,IN,ENG,100.0,HIGH_EXACT,success,
DRUG_001638,CONFIRMED_INTEGRATED_ENTITY,Enalaprilat,pubchem_inchikey_lookup,PUBCHEM_TITLE_CANDIDATE,HIGH_EXACT,exact_identifier_based,1545989,enalaprilat anhydrous,,PIN,ENG,100.0,HIGH_EXACT,success,
DRUG_001639,CONFIRMED_INTEGRATED_ENTITY,acrivastine,rxnav_drugbank_id_lookup,AUTHORITATIVE_NAME,HIGH_EXACT,exact_identifier_based,19959,acrivastine,,IN,ENG,100.0,HIGH_EXACT,success,
DRUG_001640,CONFIRMED_INTEGRATED_ENTITY,NO_NAME_CANDIDATE,none,NO_NAME_CANDIDATE,NO_MATCH,none,,,,,,0.0,NO_MATCH,success,
DRUG_001641,CONFIRMED_INTEGRATED_ENTITY,mequinol,rxnav_drugbank_id_lookup,AUTHORITATIVE_NAME,HIGH_EXACT,exact_identifier_based,15080,mequinol,,IN,ENG,100.0,HIGH_EXACT,success,
DRUG_001642,CONFIRMED_INTEGRATED_ENTITY,titanium dioxide,rxnav_drugbank_id_lookup,AUTHORITATIVE_NAME,HIGH_EXACT,exact_identifier_based,38323,titanium dioxide,,IN,ENG,100.0,HIGH_EXACT,success,
DRUG_001643,CONFIRMED_INTEGRATED_ENTITY,methyl salicylate,rxnav_drugbank_id_lookup,AUTHORITATIVE_NAME,HIGH_EXACT,exact_identifier_based,29787,methyl salicylate,,IN,ENG,100.0,HIGH_EXACT,success,
DRUG_001644,CONFIRMED_INTEGRATED_ENTITY,dexchlorpheniramine maleate,rxnav_drugbank_id_lookup,AUTHORITATIVE_NAME,HIGH_EXACT,exact_identifier_based,54828,dexchlorpheniramine maleate,,PIN,ENG,100.0,HIGH_EXACT,success,
DRUG_001645,CONFIRMED_INTEGRATED_ENTITY,Sodium Glycerophosphate,pubchem_inchikey_lookup,PUBCHEM_TITLE_CANDIDATE,HIGH_EXACT,exact_identifier_based,1423802,sodium glycerophosphate anhydrous,,PIN,ENG,100.0,HIGH_EXACT,success,
DRUG_001646,CONFIRMED_INTEGRATED_ENTITY,ixazomib,rxnav_drugbank_id_lookup,AUTHORITATIVE_NAME,HIGH_EXACT,exact_identifier_based,1723735,ixazomib,,IN,ENG,100.0,HIGH_EXACT,success,
DRUG_001647,CONFIRMED_INTEGRATED_ENTITY,trolamine salicylate,rxnav_drugbank_id_lookup,AUTHORITATIVE_NAME,HIGH_EXACT,exact_identifier_based,38866,trolamine salicylate,,IN,ENG,100.0,HIGH_EXACT,success,
DRUG_001648,CONFIRMED_INTEGRATED_ENTITY,calcium citrate,rxnav_drugbank_id_lookup,AUTHORITATIVE_NAME,HIGH_EXACT,exact_identifier_based,47613,calcium citrate,,IN,ENG,100.0,HIGH_EXACT,success,
DRUG_001649,CONFIRMED_INTEGRATED_ENTITY,Pamabrom,pubchem_inchikey_lookup,PUBCHEM_TITLE_CANDIDATE,NO_MATCH,none,,,,,,0.0,NO_MATCH,success,
DRUG_001650,CONFIRMED_INTEGRATED_ENTITY,chloroxylenol,rxnav_drugbank_id_lookup,AUTHORITATIVE_NAME,HIGH_EXACT,exact_identifier_based,20877,chloroxylenol,,IN,ENG,100.0,HIGH_EXACT,success,
DRUG_001651,CONFIRMED_INTEGRATED_ENTITY,calcium gluconate,rxnav_drugbank_id_lookup,AUTHORITATIVE_NAME,HIGH_EXACT,exact_identifier_based,1908,calcium gluconate,,IN,ENG,100.0,HIGH_EXACT,success,
DRUG_001652,CONFIRMED_INTEGRATED_ENTITY,selenium,rxnav_drugbank_id_lookup,AUTHORITATIVE_NAME,HIGH_EXACT,exact_identifier_based,9641,selenium,,IN,ENG,100.0,HIGH_EXACT,success,
DRUG_001653,CONFIRMED_INTEGRATED_ENTITY,chromium,rxnav_drugbank_id_lookup,AUTHORITATIVE_NAME,HIGH_EXACT,exact_identifier_based,2496,chromium,,IN,ENG,100.0,HIGH_EXACT,success,
DRUG_001654,CONFIRMED_INTEGRATED_ENTITY,butamben,rxnav_drugbank_id_lookup,AUTHORITATIVE_NAME,HIGH_EXACT,exact_identifier_based,19861,butamben,,IN,ENG,100.0,HIGH_EXACT,success,
DRUG_001655,CONFIRMED_INTEGRATED_ENTITY,pyrantel,rxnav_drugbank_id_lookup,AUTHORITATIVE_NAME,HIGH_EXACT,exact_identifier_based,8984,pyrantel,,IN,ENG,100.0,HIGH_EXACT,success,
DRUG_001656,CONFIRMED_INTEGRATED_ENTITY,lycopene,rxnav_drugbank_id_lookup,AUTHORITATIVE_NAME,HIGH_EXACT,exact_identifier_based,29008,lycopene,,IN,ENG,100.0,HIGH_EXACT,success,
DRUG_001657,CONFIRMED_INTEGRATED_ENTITY,thonzylamine,rxnav_drugbank_id_lookup,AUTHORITATIVE_NAME,HIGH_EXACT,exact_identifier_based,1360721,thonzylamine,,IN,ENG,100.0,HIGH_EXACT,success,
DRUG_001658,CONFIRMED_INTEGRATED_ENTITY,Aluminum Sulfate,pubchem_inchikey_lookup,PUBCHEM_TITLE_CANDIDATE,HIGH_EXACT,exact_identifier_based,1593147,aluminum sulfate anhydrous,,PIN,ENG,100.0,HIGH_EXACT,success,
DRUG_001659,CONFIRMED_INTEGRATED_ENTITY,hexylresorcinol,rxnav_drugbank_id_lookup,AUTHORITATIVE_NAME,HIGH_EXACT,exact_identifier_based,5321,hexylresorcinol,,IN,ENG,100.0,HIGH_EXACT,success,
DRUG_001660,CONFIRMED_INTEGRATED_ENTITY,NO_NAME_CANDIDATE,none,NO_NAME_CANDIDATE,HIGH_EXACT,exact_identifier_based,1025342,levomefolic acid,,PIN,ENG,100.0,HIGH_EXACT,success,
DRUG_001661,CONFIRMED_INTEGRATED_ENTITY,protocatechualdehyde,rxnav_drugbank_id_lookup,AUTHORITATIVE_NAME,HIGH_EXACT,exact_identifier_based,1362689,protocatechualdehyde,,IN,ENG,100.0,HIGH_EXACT,success,
DRUG_001662,CONFIRMED_INTEGRATED_ENTITY,methscopolamine,rxnav_drugbank_id_lookup,AUTHORITATIVE_NAME,HIGH_EXACT,exact_identifier_based,89785,methscopolamine,,IN,ENG,100.0,HIGH_EXACT,success,
DRUG_001663,CONFIRMED_INTEGRATED_ENTITY,aluminum oxide,rxnav_drugbank_id_lookup,AUTHORITATIVE_NAME,HIGH_EXACT,exact_identifier_based,615,aluminum oxide,aluminium oxide,IN,ENG,100.0,HIGH_EXACT,success,
DRUG_001664,CONFIRMED_INTEGRATED_ENTITY,calcium phosphate,rxnav_drugbank_id_lookup,AUTHORITATIVE_NAME,HIGH_EXACT,exact_identifier_based,1919,calcium phosphate,,IN,ENG,100.0,HIGH_EXACT,success,
DRUG_001665,CONFIRMED_INTEGRATED_ENTITY,selexipag,rxnav_drugbank_id_lookup,AUTHORITATIVE_NAME,HIGH_EXACT,exact_identifier_based,1729002,selexipag,,IN,ENG,100.0,HIGH_EXACT,success,
DRUG_001666,CONFIRMED_INTEGRATED_ENTITY,alectinib,rxnav_drugbank_id_lookup,AUTHORITATIVE_NAME,HIGH_EXACT,exact_identifier_based,1727455,alectinib,,IN,ENG,100.0,HIGH_EXACT,success,
DRUG_001667,CONFIRMED_INTEGRATED_ENTITY,lesinurad,rxnav_drugbank_id_lookup,AUTHORITATIVE_NAME,HIGH_EXACT,exact_identifier_based,1731031,lesinurad,,IN,ENG,100.0,HIGH_EXACT,success,
DRUG_001668,CONFIRMED_INTEGRATED_ENTITY,elbasvir,rxnav_drugbank_id_lookup,AUTHORITATIVE_NAME,HIGH_EXACT,exact_identifier_based,1734628,elbasvir,,IN,ENG,100.0,HIGH_EXACT,success,
DRUG_001669,CONFIRMED_INTEGRATED_ENTITY,Grazoprevir,pubchem_inchikey_lookup,PUBCHEM_TITLE_CANDIDATE,HIGH_EXACT,exact_identifier_based,1734630,grazoprevir,,IN,ENG,100.0,HIGH_EXACT,success,
DRUG_001670,CONFIRMED_INTEGRATED_ENTITY,venetoclax,rxnav_drugbank_id_lookup,AUTHORITATIVE_NAME,HIGH_EXACT,exact_identifier_based,1747556,venetoclax,,IN,ENG,100.0,HIGH_EXACT,success,
DRUG_001671,CONFIRMED_INTEGRATED_ENTITY,asunaprevir,rxnav_drugbank_id_lookup,AUTHORITATIVE_NAME,HIGH_EXACT,exact_identifier_based,1652103,asunaprevir,,IN,ENG,100.0,HIGH_EXACT,success,
DRUG_001672,CONFIRMED_INTEGRATED_ENTITY,levoleucovorin,rxnav_drugbank_id_lookup,AUTHORITATIVE_NAME,HIGH_EXACT,exact_identifier_based,877015,levoleucovorin,,IN,ENG,100.0,HIGH_EXACT,success,
DRUG_001673,CONFIRMED_INTEGRATED_ENTITY,normethadone,rxnav_drugbank_id_lookup,AUTHORITATIVE_NAME,HIGH_EXACT,exact_identifier_based,32009,normethadone,,IN,ENG,100.0,HIGH_EXACT,success,
DRUG_001674,CONFIRMED_INTEGRATED_ENTITY,oxilofrine,rxnav_drugbank_id_lookup,AUTHORITATIVE_NAME,HIGH_EXACT,exact_identifier_based,32639,oxilofrine,,IN,ENG,100.0,HIGH_EXACT,success,
DRUG_001675,CONFIRMED_INTEGRATED_ENTITY,velpatasvir,rxnav_drugbank_id_lookup,AUTHORITATIVE_NAME,HIGH_EXACT,exact_identifier_based,1799206,velpatasvir,,IN,ENG,100.0,HIGH_EXACT,success,
DRUG_001676,CONFIRMED_INTEGRATED_ENTITY,Rupatadine,pubchem_inchikey_lookup,PUBCHEM_TITLE_CANDIDATE,NO_MATCH,none,,,,,,0.0,NO_MATCH,success,
DRUG_001677,CONFIRMED_INTEGRATED_ENTITY,gestrinone,rxnav_drugbank_id_lookup,AUTHORITATIVE_NAME,HIGH_EXACT,exact_identifier_based,4792,gestrinone,,IN,ENG,100.0,HIGH_EXACT,success,
DRUG_001678,CONFIRMED_INTEGRATED_ENTITY,temoporfin,rxnav_drugbank_id_lookup,AUTHORITATIVE_NAME,HIGH_EXACT,exact_identifier_based,115243,temoporfin,,IN,ENG,100.0,HIGH_EXACT,success,
DRUG_001679,CONFIRMED_INTEGRATED_ENTITY,isavuconazole,rxnav_drugbank_id_lookup,AUTHORITATIVE_NAME,HIGH_EXACT,exact_identifier_based,1720882,isavuconazole,,IN,ENG,100.0,HIGH_EXACT,success,
DRUG_001680,CONFIRMED_INTEGRATED_ENTITY,nomegestrol,rxnav_drugbank_id_lookup,AUTHORITATIVE_NAME,HIGH_EXACT,exact_identifier_based,31930,nomegestrol,,IN,ENG,100.0,HIGH_EXACT,success,
DRUG_001681,CONFIRMED_INTEGRATED_ENTITY,"Aspidospermidine-3-carboxylic acid, 4-(acetyloxy)-6,7-didehydro-15-((2R,4R,6S,8S)-4-(1,1-difluoroethyl)-1,3,4,5,6,7,8,9-octahydro-8-(methoxycarbonyl)-2,6-methano-2H-azecino(4,3-b)indol-8-yl)-3-hydroxy-16-methoxy-1-methyl-, methyl ester, (2beta,3beta,4beta,5alpha,12R,19alpha)-",pubchem_inchikey_lookup,PUBCHEM_TITLE_CANDIDATE,NO_MATCH,none,,,,,,0.0,NO_MATCH,success,
DRUG_001682,CONFIRMED_INTEGRATED_ENTITY,latanoprostene bunod,rxnav_drugbank_id_lookup,AUTHORITATIVE_NAME,HIGH_EXACT,exact_identifier_based,1988390,latanoprostene bunod,,IN,ENG,100.0,HIGH_EXACT,success,
DRUG_001683,CONFIRMED_INTEGRATED_ENTITY,naldemedine,rxnav_drugbank_id_lookup,AUTHORITATIVE_NAME,HIGH_EXACT,exact_identifier_based,1876597,naldemedine,,IN,ENG,100.0,HIGH_EXACT,success,
DRUG_001684,CONFIRMED_INTEGRATED_ENTITY,tropisetron,rxnav_drugbank_id_lookup,AUTHORITATIVE_NAME,HIGH_EXACT,exact_identifier_based,27392,tropisetron,,IN,ENG,100.0,HIGH_EXACT,success,
DRUG_001685,CONFIRMED_INTEGRATED_ENTITY,ribociclib,rxnav_drugbank_id_lookup,AUTHORITATIVE_NAME,HIGH_EXACT,exact_identifier_based,1873916,ribociclib,,IN,ENG,100.0,HIGH_EXACT,success,
DRUG_001686,CONFIRMED_INTEGRATED_ENTITY,Icotinib,pubchem_inchikey_lookup,PUBCHEM_TITLE_CANDIDATE,NO_MATCH,none,,,,,,0.0,NO_MATCH,success,
DRUG_001687,CONFIRMED_INTEGRATED_ENTITY,niraparib,rxnav_drugbank_id_lookup,AUTHORITATIVE_NAME,HIGH_EXACT,exact_identifier_based,1918231,niraparib,,IN,ENG,100.0,HIGH_EXACT,success,
DRUG_001688,CONFIRMED_INTEGRATED_ENTITY,baricitinib,rxnav_drugbank_id_lookup,AUTHORITATIVE_NAME,HIGH_EXACT,exact_identifier_based,2047232,baricitinib,,IN,ENG,100.0,HIGH_EXACT,success,
DRUG_001689,CONFIRMED_INTEGRATED_ENTITY,neratinib,rxnav_drugbank_id_lookup,AUTHORITATIVE_NAME,HIGH_EXACT,exact_identifier_based,1940643,neratinib,,IN,ENG,100.0,HIGH_EXACT,success,
DRUG_001690,CONFIRMED_INTEGRATED_ENTITY,valbenazine,rxnav_drugbank_id_lookup,AUTHORITATIVE_NAME,HIGH_EXACT,exact_identifier_based,1918219,valbenazine,,IN,ENG,100.0,HIGH_EXACT,success,
DRUG_001691,CONFIRMED_INTEGRATED_ENTITY,deflazacort,rxnav_drugbank_id_lookup,AUTHORITATIVE_NAME,HIGH_EXACT,exact_identifier_based,22396,deflazacort,,IN,ENG,100.0,HIGH_EXACT,success,
DRUG_001692,CONFIRMED_INTEGRATED_ENTITY,delafloxacin,rxnav_drugbank_id_lookup,AUTHORITATIVE_NAME,HIGH_EXACT,exact_identifier_based,1927663,delafloxacin,,IN,ENG,100.0,HIGH_EXACT,success,
DRUG_001693,CONFIRMED_INTEGRATED_ENTITY,benznidazole,rxnav_drugbank_id_lookup,AUTHORITATIVE_NAME,HIGH_EXACT,exact_identifier_based,18994,benznidazole,,IN,ENG,100.0,HIGH_EXACT,success,
DRUG_001694,CONFIRMED_INTEGRATED_ENTITY,diacetylrhein,rxnav_drugbank_id_lookup,AUTHORITATIVE_NAME,HIGH_EXACT,exact_identifier_based,22759,diacetylrhein,diacerein,IN,ENG,100.0,HIGH_EXACT,success,
DRUG_001695,CONFIRMED_INTEGRATED_ENTITY,abemaciclib,rxnav_drugbank_id_lookup,AUTHORITATIVE_NAME,HIGH_EXACT,exact_identifier_based,1946825,abemaciclib,,IN,ENG,100.0,HIGH_EXACT,success,
DRUG_001696,CONFIRMED_INTEGRATED_ENTITY,voxilaprevir,rxnav_drugbank_id_lookup,AUTHORITATIVE_NAME,HIGH_EXACT,exact_identifier_based,1939323,voxilaprevir,,IN,ENG,100.0,HIGH_EXACT,success,
DRUG_001697,CONFIRMED_INTEGRATED_ENTITY,letermovir,rxnav_drugbank_id_lookup,AUTHORITATIVE_NAME,HIGH_EXACT,exact_identifier_based,1988648,letermovir,,IN,ENG,100.0,HIGH_EXACT,success,
DRUG_001698,CONFIRMED_INTEGRATED_ENTITY,deutetrabenazine,rxnav_drugbank_id_lookup,AUTHORITATIVE_NAME,HIGH_EXACT,exact_identifier_based,1876905,deutetrabenazine,,IN,ENG,100.0,HIGH_EXACT,success,
DRUG_001699,CONFIRMED_INTEGRATED_ENTITY,brigatinib,rxnav_drugbank_id_lookup,AUTHORITATIVE_NAME,HIGH_EXACT,exact_identifier_based,1921217,brigatinib,,IN,ENG,100.0,HIGH_EXACT,success,
DRUG_001700,CONFIRMED_INTEGRATED_ENTITY,propiverine,rxnav_drugbank_id_lookup,AUTHORITATIVE_NAME,HIGH_EXACT,exact_identifier_based,55175,propiverine,,IN,ENG,100.0,HIGH_EXACT,success,
DRUG_001701,CONFIRMED_INTEGRATED_ENTITY,rucaparib,rxnav_drugbank_id_lookup,AUTHORITATIVE_NAME,HIGH_EXACT,exact_identifier_based,1862579,rucaparib,,IN,ENG,100.0,HIGH_EXACT,success,
DRUG_001702,CONFIRMED_INTEGRATED_ENTITY,betrixaban,rxnav_drugbank_id_lookup,AUTHORITATIVE_NAME,HIGH_EXACT,exact_identifier_based,1927851,betrixaban,,IN,ENG,100.0,HIGH_EXACT,success,
DRUG_001703,CONFIRMED_INTEGRATED_ENTITY,copanlisib,rxnav_drugbank_id_lookup,AUTHORITATIVE_NAME,HIGH_EXACT,exact_identifier_based,1945077,copanlisib,,IN,ENG,100.0,HIGH_EXACT,success,
DRUG_001704,CONFIRMED_INTEGRATED_ENTITY,Oxethazaine,pubchem_inchikey_lookup,PUBCHEM_TITLE_CANDIDATE,NO_MATCH,none,,,,,,0.0,NO_MATCH,success,
DRUG_001705,CONFIRMED_INTEGRATED_ENTITY,Nafamostat,pubchem_inchikey_lookup,PUBCHEM_TITLE_CANDIDATE,NO_MATCH,none,,,,,,0.0,NO_MATCH,success,
DRUG_001706,CONFIRMED_INTEGRATED_ENTITY,ozenoxacin,rxnav_drugbank_id_lookup,AUTHORITATIVE_NAME,HIGH_EXACT,exact_identifier_based,1994739,ozenoxacin,,IN,ENG,100.0,HIGH_EXACT,success,
DRUG_001707,CONFIRMED_INTEGRATED_ENTITY,tiapride,rxnav_drugbank_id_lookup,AUTHORITATIVE_NAME,HIGH_EXACT,exact_identifier_based,10588,tiapride,,IN,ENG,100.0,HIGH_EXACT,success,
DRUG_001708,CONFIRMED_INTEGRATED_ENTITY,calcium glubionate,rxnav_drugbank_id_lookup,AUTHORITATIVE_NAME,HIGH_EXACT,exact_identifier_based,25806,calcium glubionate,,IN,ENG,100.0,HIGH_EXACT,success,
DRUG_001709,CONFIRMED_INTEGRATED_ENTITY,NO_NAME_CANDIDATE,none,NO_NAME_CANDIDATE,NO_MATCH,none,,,,,,0.0,NO_MATCH,success,
DRUG_001710,CONFIRMED_INTEGRATED_ENTITY,fluciclovine F-18,rxnav_drugbank_id_lookup,AUTHORITATIVE_NAME,HIGH_EXACT,exact_identifier_based,1796118,fluciclovine F-18,,PIN,ENG,100.0,HIGH_EXACT,success,
DRUG_001711,CONFIRMED_INTEGRATED_ENTITY,bisabolol,rxnav_drugbank_id_lookup,AUTHORITATIVE_NAME,HIGH_EXACT,exact_identifier_based,19461,bisabolol,,IN,ENG,100.0,HIGH_EXACT,success,
DRUG_001712,CONFIRMED_INTEGRATED_ENTITY,clobetasone,rxnav_drugbank_id_lookup,AUTHORITATIVE_NAME,HIGH_EXACT,exact_identifier_based,108074,clobetasone,,IN,ENG,100.0,HIGH_EXACT,success,
DRUG_001713,CONFIRMED_INTEGRATED_ENTITY,Alclofenac,pubchem_inchikey_lookup,PUBCHEM_TITLE_CANDIDATE,NO_MATCH,none,,,,,,0.0,NO_MATCH,success,
DRUG_001714,CONFIRMED_INTEGRATED_ENTITY,troleandomycin,rxnav_drugbank_id_lookup,AUTHORITATIVE_NAME,HIGH_EXACT,exact_identifier_based,10864,troleandomycin,oleandomycin triacetate,IN,ENG,100.0,HIGH_EXACT,success,
DRUG_001715,CONFIRMED_INTEGRATED_ENTITY,calcium lactate,rxnav_drugbank_id_lookup,AUTHORITATIVE_NAME,HIGH_EXACT,exact_identifier_based,47622,calcium lactate,calcium 2-hydroxypropanoate,IN,ENG,100.0,HIGH_EXACT,success,
DRUG_001716,CONFIRMED_INTEGRATED_ENTITY,trichloroethylene,rxnav_drugbank_id_lookup,AUTHORITATIVE_NAME,HIGH_EXACT,exact_identifier_based,2534464,trichloroethylene,,IN,ENG,100.0,HIGH_EXACT,success,
DRUG_001717,CONFIRMED_INTEGRATED_ENTITY,aluminum magnesium silicate,rxnav_drugbank_id_lookup,AUTHORITATIVE_NAME,HIGH_EXACT,exact_identifier_based,17614,aluminum magnesium silicate,almasilate,IN,ENG,100.0,HIGH_EXACT,success,
DRUG_001718,CONFIRMED_INTEGRATED_ENTITY,triethanolamine,rxnav_drugbank_id_lookup,AUTHORITATIVE_NAME,HIGH_EXACT,exact_identifier_based,38623,triethanolamine,trolamine,IN,ENG,100.0,HIGH_EXACT,success,
DRUG_001719,CONFIRMED_INTEGRATED_ENTITY,acemetacin,rxnav_drugbank_id_lookup,AUTHORITATIVE_NAME,HIGH_EXACT,exact_identifier_based,16695,acemetacin,,IN,ENG,100.0,HIGH_EXACT,success,
DRUG_001720,CONFIRMED_INTEGRATED_ENTITY,lormetazepam,rxnav_drugbank_id_lookup,AUTHORITATIVE_NAME,HIGH_EXACT,exact_identifier_based,28894,lormetazepam,,IN,ENG,100.0,HIGH_EXACT,success,
DRUG_001721,CONFIRMED_INTEGRATED_ENTITY,fenofibric acid,rxnav_drugbank_id_lookup,AUTHORITATIVE_NAME,HIGH_EXACT,exact_identifier_based,24852,fenofibric acid,,PIN,ENG,100.0,HIGH_EXACT,success,
DRUG_001722,CONFIRMED_INTEGRATED_ENTITY,enasidenib,rxnav_drugbank_id_lookup,AUTHORITATIVE_NAME,HIGH_EXACT,exact_identifier_based,1940332,enasidenib,,IN,ENG,100.0,HIGH_EXACT,success,
DRUG_001723,CONFIRMED_INTEGRATED_ENTITY,pibrentasvir,rxnav_drugbank_id_lookup,AUTHORITATIVE_NAME,HIGH_EXACT,exact_identifier_based,1940636,pibrentasvir,,IN,ENG,100.0,HIGH_EXACT,success,
DRUG_001724,CONFIRMED_INTEGRATED_ENTITY,glecaprevir,rxnav_drugbank_id_lookup,AUTHORITATIVE_NAME,HIGH_EXACT,exact_identifier_based,1940635,glecaprevir,,IN,ENG,100.0,HIGH_EXACT,success,
DRUG_001725,CONFIRMED_INTEGRATED_ENTITY,dotatate gallium ga-68,rxnav_drugbank_id_lookup,AUTHORITATIVE_NAME,HIGH_EXACT,exact_identifier_based,676679,dotatate gallium ga-68,,PIN,ENG,100.0,HIGH_EXACT,success,
DRUG_001726,CONFIRMED_INTEGRATED_ENTITY,"1-propanaminium, 3-carboxy-2-hydroxy-n,n,n-trimethyl-, inner salt",pubchem_cid_lookup,PUBCHEM_TITLE_CANDIDATE,NO_MATCH,none,,,,,,0.0,NO_MATCH,success,
DRUG_001727,CONFIRMED_INTEGRATED_ENTITY,Gamma-Aminobutyric Acid,pubchem_cid_lookup,PUBCHEM_TITLE_CANDIDATE,HIGH_EXACT,exact_name_lookup,4617,gamma-aminobutyric acid,,PIN,ENG,100.0,HIGH_EXACT,success,
DRUG_001728,CONFIRMED_INTEGRATED_ENTITY,Hexose,pubchem_cid_lookup,PUBCHEM_TITLE_CANDIDATE,NO_MATCH,none,,,,,,0.0,NO_MATCH,success,
DRUG_001729,CONFIRMED_INTEGRATED_ENTITY,Calcium Cation,pubchem_cid_lookup,PUBCHEM_TITLE_CANDIDATE,HIGH_EXACT,exact_name_lookup,1316581,calcium ion,Ca 2+,IN,ENG,100.0,HIGH_EXACT,success,
DRUG_001730,CONFIRMED_INTEGRATED_ENTITY,N-Acetyl-DL-cysteine,pubchem_cid_lookup,PUBCHEM_TITLE_CANDIDATE,NO_MATCH,none,,,,,,0.0,NO_MATCH,success,
DRUG_001731,CONFIRMED_INTEGRATED_ENTITY,Mercaptoethanesulfonic acid,pubchem_cid_lookup,PUBCHEM_TITLE_CANDIDATE,NO_MATCH,none,,,,,,0.0,NO_MATCH,success,
DRUG_001732,CONFIRMED_INTEGRATED_ENTITY,2-O-Sulfohexopyranuronosyl-(1->4)-2-deoxy-3-O-sulfo-2-(sulfoamino)hexopyranosyl-(1->4)-2-O-sulfohexopyranuronosyl-(1->4)-2-acetamido-2-deoxy-6-O-sulfohexopyranose,pubchem_cid_lookup,PUBCHEM_TITLE_CANDIDATE,NO_MATCH,none,,,,,,0.0,NO_MATCH,success,
DRUG_001733,CONFIRMED_INTEGRATED_ENTITY,Nicotinate,pubchem_cid_lookup,PUBCHEM_TITLE_CANDIDATE,NO_MATCH,none,,,,,,0.0,NO_MATCH,success,
DRUG_001734,CONFIRMED_INTEGRATED_ENTITY,Sulfate Ion,pubchem_cid_lookup,PUBCHEM_TITLE_CANDIDATE,HIGH_EXACT,exact_name_lookup,1426598,sulfate ion,,IN,ENG,100.0,HIGH_EXACT,success,
DRUG_001735,CONFIRMED_INTEGRATED_ENTITY,1-(2-Deoxypentofuranosyl)-4-hydroxy-5-methylpyrimidin-2(1H)-one,pubchem_cid_lookup,PUBCHEM_TITLE_CANDIDATE,NO_MATCH,none,,,,,,0.0,NO_MATCH,success,
DRUG_001736,CONFIRMED_INTEGRATED_ENTITY,Doxorubicin (Adriamycin) HCl,pubchem_cid_lookup,PUBCHEM_TITLE_CANDIDATE,NO_MATCH,none,,,,,,0.0,NO_MATCH,success,
DRUG_001737,CONFIRMED_INTEGRATED_ENTITY,"[2-[4-[(2-Butylbenzofuran-3-yl)carbonyl]-2,6-diiodophenoxy]ethyl]diethylaminium",pubchem_cid_lookup,PUBCHEM_TITLE_CANDIDATE,NO_MATCH,none,,,,,,0.0,NO_MATCH,success,
DRUG_001738,CONFIRMED_INTEGRATED_ENTITY,"6-{[Amino(phenyl)acetyl]amino}-3,3-dimethyl-7-oxo-4-thia-1-azabicyclo[3.2.0]heptane-2-carboxylate",pubchem_cid_lookup,PUBCHEM_TITLE_CANDIDATE,NO_MATCH,none,,,,,,0.0,NO_MATCH,success,
DRUG_001739,CONFIRMED_INTEGRATED_ENTITY,"1-[5-Carbamimidamido-2-(3-methyl-1,2,3,4-tetrahydroquinoline-8-sulfonamido)pentanoyl]-4-methylpiperidine-2-carboxylic acid",pubchem_cid_lookup,PUBCHEM_TITLE_CANDIDATE,NO_MATCH,none,,,,,,0.0,NO_MATCH,success,
DRUG_001740,CONFIRMED_INTEGRATED_ENTITY,"2-[[1-(2-Amino-1,3-thiazol-4-yl)-2-[(2-methyl-4-oxo-1-sulfoazetidin-3-yl)amino]-2-oxoethylidene]amino]oxy-2-methylpropanoic acid",pubchem_cid_lookup,PUBCHEM_TITLE_CANDIDATE,LOW_APPROXIMATE,approximate_lookup,1272,aztreonam,,IN,ENG,75.0,LOW_APPROXIMATE,success,
DRUG_001741,CONFIRMED_INTEGRATED_ENTITY,"4-[[2-[[2-(1-amino-2-methylbutyl)-4,5-dihydro-1,3-thiazole-4-carbonyl]amino]-4-methylpentanoyl]amino]-5-[[1-[4-[20-(2-amino-2-oxoethyl)-5-(3-aminopropyl)-11-benzyl-8-butan-2-yl-17-(carboxymethyl)-14-(1H-imidazol-5-ylmethyl)-3,6,9,12,15,18,21-heptaoxo-1,4,7,10,13,16,19-heptazacyclohenicos-2-yl]butylamino]-3-methyl-1-oxopentan-2-yl]amino]-5-oxopentanoic acid",pubchem_cid_lookup,PUBCHEM_TITLE_CANDIDATE,NO_MATCH,none,,,,,,0.0,NO_MATCH,success,
DRUG_001742,CONFIRMED_INTEGRATED_ENTITY,"9-Chloro-11,17,21-trihydroxy-16-methylpregna-1,4-diene-3,20-dione",pubchem_cid_lookup,PUBCHEM_TITLE_CANDIDATE,NO_MATCH,none,,,,,,0.0,NO_MATCH,success,
DRUG_001743,CONFIRMED_INTEGRATED_ENTITY,Candesartan,pubchem_cid_lookup,PUBCHEM_TITLE_CANDIDATE,HIGH_EXACT,exact_name_lookup,214354,candesartan,,IN,ENG,100.0,HIGH_EXACT,success,
DRUG_001744,CONFIRMED_INTEGRATED_ENTITY,"3-{[(5-methyl-1,3,4-thiadiazol-2-yl)sulfanyl]methyl}-8-oxo-7-[(1H-tetrazol-1-ylacetyl)amino]-5-thia-1-azabicyclo[4.2.0]oct-2-ene-2-carboxylate",pubchem_cid_lookup,PUBCHEM_TITLE_CANDIDATE,NO_MATCH,none,,,,,,0.0,NO_MATCH,success,
DRUG_001745,CONFIRMED_INTEGRATED_ENTITY,"3-(Acetyloxymethyl)-7-[[2-(2-amino-1,3-thiazol-4-yl)-2-methoxyiminoacetyl]amino]-8-oxo-5-thia-1-azabicyclo[4.2.0]oct-2-ene-2-carboxylate",pubchem_cid_lookup,PUBCHEM_TITLE_CANDIDATE,NO_MATCH,none,,,,,,0.0,NO_MATCH,success,
DRUG_001746,CONFIRMED_INTEGRATED_ENTITY,3-[(Carbamoyloxy)methyl]-7-methoxy-8-oxo-7-[(thiophen-2-ylacetyl)amino]-5-thia-1-azabicyclo[4.2.0]oct-2-ene-2-carboxylate,pubchem_cid_lookup,PUBCHEM_TITLE_CANDIDATE,NO_MATCH,none,,,,,,0.0,NO_MATCH,success,
DRUG_001747,CONFIRMED_INTEGRATED_ENTITY,"7-[[2-(2-Amino-1,3-thiazol-4-yl)-2-methoxyiminoacetyl]amino]-3-[(2-methyl-6-oxido-5-oxo-1,2,4-triazin-3-yl)sulfanylmethyl]-8-oxo-5-thia-1-azabicyclo[4.2.0]oct-2-ene-2-carboxylate",pubchem_cid_lookup,PUBCHEM_TITLE_CANDIDATE,NO_MATCH,none,,,,,,0.0,NO_MATCH,success,
DRUG_001748,CONFIRMED_INTEGRATED_ENTITY,3-(Carbamoyloxymethyl)-7-[[2-(furan-2-yl)-2-methoxyiminoacetyl]amino]-8-oxo-5-thia-1-azabicyclo[4.2.0]oct-2-ene-2-carboxylate,pubchem_cid_lookup,PUBCHEM_TITLE_CANDIDATE,NO_MATCH,none,,,,,,0.0,NO_MATCH,success,
DRUG_001749,CONFIRMED_INTEGRATED_ENTITY,"7-[4-(4-Fluorophenyl)-5-(methoxymethyl)-2,6-di(propan-2-yl)pyridin-3-yl]-3,5-dihydroxyhept-6-enoic acid",pubchem_cid_lookup,PUBCHEM_TITLE_CANDIDATE,NO_MATCH,none,,,,,,0.0,NO_MATCH,success,
DRUG_001750,CONFIRMED_INTEGRATED_ENTITY,"7-Chloro-2-(methylimino)-5-phenyl-2,3-dihydro-4H-1,4-benzodiazepin-4-ol",pubchem_cid_lookup,PUBCHEM_TITLE_CANDIDATE,NO_MATCH,none,,,,,,0.0,NO_MATCH,success,
DRUG_001751,CONFIRMED_INTEGRATED_ENTITY,Chlorohexidine,pubchem_cid_lookup,PUBCHEM_TITLE_CANDIDATE,NO_MATCH,none,,,,,,0.0,NO_MATCH,success,
DRUG_001752,CONFIRMED_INTEGRATED_ENTITY,NO_NAME_CANDIDATE,none,NO_NAME_CANDIDATE,NO_MATCH,none,,,,,,0.0,NO_MATCH,success,
DRUG_001753,CONFIRMED_INTEGRATED_ENTITY,"cobalt(2+);[5-(5,6-dimethylbenzimidazol-1-yl)-4-hydroxy-2-(hydroxymethyl)oxolan-3-yl] 1-[3-[2,13,18-tris(2-amino-2-oxoethyl)-7,12,17-tris(3-amino-3-oxopropyl)-3,5,8,8,13,15,18,19-octamethyl-2,7,12,17-tetrahydro-1H-corrin-21-id-3-yl]propanoylamino]propan-2-yl hydrogen phosphate;cyanide",pubchem_cid_lookup,PUBCHEM_TITLE_CANDIDATE,NO_MATCH,none,,,,,,0.0,NO_MATCH,success,
DRUG_001754,CONFIRMED_INTEGRATED_ENTITY,Dantrolene(1-),pubchem_cid_lookup,PUBCHEM_TITLE_CANDIDATE,NO_MATCH,none,,,,,,0.0,NO_MATCH,success,
DRUG_001755,CONFIRMED_INTEGRATED_ENTITY,Arthrotec,pubchem_cid_lookup,PUBCHEM_TITLE_CANDIDATE,HIGH_EXACT,exact_name_lookup,68373,Arthrotec,,BN,ENG,100.0,HIGH_EXACT,success,
DRUG_001756,CONFIRMED_INTEGRATED_ENTITY,"6-({[3-(2,6-Dichlorophenyl)-5-methyl-1,2-oxazol-4-yl]carbonyl}amino)-3,3-dimethyl-7-oxo-4-thia-1-azabicyclo[3.2.0]heptane-2-carboxylate",pubchem_cid_lookup,PUBCHEM_TITLE_CANDIDATE,NO_MATCH,none,,,,,,0.0,NO_MATCH,success,
DRUG_001757,CONFIRMED_INTEGRATED_ENTITY,"2-[3-Acetyloxy-2-(4-methoxyphenyl)-4-oxo-2,3-dihydro-1,5-benzothiazepin-5-yl]ethyl-dimethylazanium",pubchem_cid_lookup,PUBCHEM_TITLE_CANDIDATE,NO_MATCH,none,,,,,,0.0,NO_MATCH,success,
DRUG_001758,CONFIRMED_INTEGRATED_ENTITY,NO_NAME_CANDIDATE,none,NO_NAME_CANDIDATE,NO_MATCH,none,,,,,,0.0,NO_MATCH,success,
DRUG_001759,CONFIRMED_INTEGRATED_ENTITY,"[2,5-Bis(2,2,2-trifluoroethoxy)benzoyl]-(piperidin-2-ylmethyl)azanium",pubchem_cid_lookup,PUBCHEM_TITLE_CANDIDATE,NO_MATCH,none,,,,,,0.0,NO_MATCH,success,
DRUG_001760,CONFIRMED_INTEGRATED_ENTITY,Phosphonatoformate,pubchem_cid_lookup,PUBCHEM_TITLE_CANDIDATE,NO_MATCH,none,,,,,,0.0,NO_MATCH,success,
DRUG_001761,CONFIRMED_INTEGRATED_ENTITY,4-Cyclohexyl-1-[2-[(2-methyl-1-propanoyloxypropoxy)-(4-phenylbutyl)phosphoryl]acetyl]pyrrolidine-2-carboxylate,pubchem_cid_lookup,PUBCHEM_TITLE_CANDIDATE,NO_MATCH,none,,,,,,0.0,NO_MATCH,success,
DRUG_001762,CONFIRMED_INTEGRATED_ENTITY,Guaifenesin,pubchem_cid_lookup,PUBCHEM_TITLE_CANDIDATE,HIGH_EXACT,exact_name_lookup,5032,guaifenesin,,IN,ENG,100.0,HIGH_EXACT,success,
DRUG_001763,CONFIRMED_INTEGRATED_ENTITY,"[11-hydroxy-17-(2-hydroxyacetyl)-10,13-dimethyl-3-oxo-2,6,7,8,9,11,12,14,15,16-decahydro-1H-cyclopenta[a]phenanthren-17-yl] butanoate",pubchem_cid_lookup,PUBCHEM_TITLE_CANDIDATE,NO_MATCH,none,,,,,,0.0,NO_MATCH,success,
DRUG_001764,CONFIRMED_INTEGRATED_ENTITY,Leuprelin Acetate,pubchem_cid_lookup,PUBCHEM_TITLE_CANDIDATE,NO_MATCH,none,,,,,,0.0,NO_MATCH,success,
DRUG_001765,CONFIRMED_INTEGRATED_ENTITY,Loperamide(1+),pubchem_cid_lookup,PUBCHEM_TITLE_CANDIDATE,NO_MATCH,none,,,,,,0.0,NO_MATCH,success,
DRUG_001766,CONFIRMED_INTEGRATED_ENTITY,NO_NAME_CANDIDATE,none,NO_NAME_CANDIDATE,NO_MATCH,none,,,,,,0.0,NO_MATCH,success,
DRUG_001767,CONFIRMED_INTEGRATED_ENTITY,NO_NAME_CANDIDATE,none,NO_NAME_CANDIDATE,NO_MATCH,none,,,,,,0.0,NO_MATCH,success,
DRUG_001768,CONFIRMED_INTEGRATED_ENTITY,Minoxidil,pubchem_cid_lookup,PUBCHEM_TITLE_CANDIDATE,HIGH_EXACT,exact_name_lookup,6984,minoxidil,,IN,ENG,100.0,HIGH_EXACT,success,
DRUG_001769,CONFIRMED_INTEGRATED_ENTITY,"Benzyl-[2-[5-methoxycarbonyl-2,6-dimethyl-4-(3-nitrophenyl)-1,4-dihydropyridine-3-carbonyl]oxyethyl]-methylazanium",pubchem_cid_lookup,PUBCHEM_TITLE_CANDIDATE,NO_MATCH,none,,,,,,0.0,NO_MATCH,success,
DRUG_001770,CONFIRMED_INTEGRATED_ENTITY,NO_NAME_CANDIDATE,none,NO_NAME_CANDIDATE,NO_MATCH,none,,,,,,0.0,NO_MATCH,success,
DRUG_001771,CONFIRMED_INTEGRATED_ENTITY,"3,3-Dimethyl-6-{[(5-methyl-3-phenyl-1,2-oxazol-4-yl)carbonyl]amino}-7-oxo-4-thia-1-azabicyclo[3.2.0]heptane-2-carboxylate",pubchem_cid_lookup,PUBCHEM_TITLE_CANDIDATE,NO_MATCH,none,,,,,,0.0,NO_MATCH,success,
DRUG_001772,CONFIRMED_INTEGRATED_ENTITY,Oxaliplatin (Eloxatin),pubchem_cid_lookup,PUBCHEM_TITLE_CANDIDATE,NO_MATCH,none,,,,,,0.0,NO_MATCH,success,
DRUG_001773,CONFIRMED_INTEGRATED_ENTITY,NO_NAME_CANDIDATE,none,NO_NAME_CANDIDATE,NO_MATCH,none,,,,,,0.0,NO_MATCH,success,
DRUG_001774,CONFIRMED_INTEGRATED_ENTITY,Pemoline,pubchem_cid_lookup,PUBCHEM_TITLE_CANDIDATE,HIGH_EXACT,exact_name_lookup,7966,pemoline,,IN,ENG,100.0,HIGH_EXACT,success,
DRUG_001775,CONFIRMED_INTEGRATED_ENTITY,"3,3-Dimethyl-7-oxo-6-[(2-phenoxyacetyl)amino]-4-thia-1-azabicyclo[3.2.0]heptane-2-carboxylate",pubchem_cid_lookup,PUBCHEM_TITLE_CANDIDATE,NO_MATCH,none,,,,,,0.0,NO_MATCH,success,
DRUG_001776,CONFIRMED_INTEGRATED_ENTITY,2'-Deoxycoformycin,pubchem_cid_lookup,PUBCHEM_TITLE_CANDIDATE,NO_MATCH,none,,,,,,0.0,NO_MATCH,success,
DRUG_001777,CONFIRMED_INTEGRATED_ENTITY,"6-{[{[(4-Ethyl-2,3-dioxopiperazin-1-yl)carbonyl]amino}(phenyl)acetyl]amino}-3,3-dimethyl-7-oxo-4-thia-1-azabicyclo[3.2.0]heptane-2-carboxylate",pubchem_cid_lookup,PUBCHEM_TITLE_CANDIDATE,NO_MATCH,none,,,,,,0.0,NO_MATCH,success,
DRUG_001778,CONFIRMED_INTEGRATED_ENTITY,NO_NAME_CANDIDATE,none,NO_NAME_CANDIDATE,NO_MATCH,none,,,,,,0.0,NO_MATCH,success,
DRUG_001779,CONFIRMED_INTEGRATED_ENTITY,Rofecoxib,pubchem_cid_lookup,PUBCHEM_TITLE_CANDIDATE,HIGH_EXACT,exact_name_lookup,232158,rofecoxib,,IN,ENG,100.0,HIGH_EXACT,success,
DRUG_001780,CONFIRMED_INTEGRATED_ENTITY,Strept-omycin,pubchem_cid_lookup,PUBCHEM_TITLE_CANDIDATE,NO_MATCH,none,,,,,,0.0,NO_MATCH,success,
DRUG_001781,CONFIRMED_INTEGRATED_ENTITY,NO_NAME_CANDIDATE,none,NO_NAME_CANDIDATE,NO_MATCH,none,,,,,,0.0,NO_MATCH,success,
DRUG_001782,CONFIRMED_INTEGRATED_ENTITY,"3-acetamido-4-guanidino-2-(1,2,3-trihydroxypropyl)-3,4-dihydro-2H-pyran-6-carboxylic acid",pubchem_cid_lookup,PUBCHEM_TITLE_CANDIDATE,NO_MATCH,none,,,,,,0.0,NO_MATCH,success,
DRUG_001783,CONFIRMED_INTEGRATED_ENTITY,"1-(19-Amino-7-(2-Amino-2-Oxoethyl)-10-(3-Amino-3-Oxopropyl)-13-Butan-2-Yl-16-((4-Hydroxyphenyl)Methyl)-6,9,12,15,18-Pentaoxo-1,2-Dithia-5,8,11,14,17-Pentazacycloicosane-4-Carbonyl)-N-(1-((2-Amino-2-Oxoethyl)Amino)-4-Methyl-1-Oxopentan-2-Yl)Pyrrolidine-2-Carboxamide",pubchem_cid_lookup,PUBCHEM_TITLE_CANDIDATE,NO_MATCH,none,,,,,,0.0,NO_MATCH,success,
DRUG_001784,CONFIRMED_INTEGRATED_ENTITY,NO_NAME_CANDIDATE,none,NO_NAME_CANDIDATE,NO_MATCH,none,,,,,,0.0,NO_MATCH,success,
DRUG_001785,CONFIRMED_INTEGRATED_ENTITY,NO_NAME_CANDIDATE,none,NO_NAME_CANDIDATE,NO_MATCH,none,,,,,,0.0,NO_MATCH,success,
DRUG_001786,CONFIRMED_INTEGRATED_ENTITY,Medroxyprogesterone,pubchem_cid_lookup,PUBCHEM_TITLE_CANDIDATE,HIGH_EXACT,exact_name_lookup,6691,medroxyprogesterone,,IN,ENG,100.0,HIGH_EXACT,success,
DRUG_001787,CONFIRMED_INTEGRATED_ENTITY,Behenyl Alcohol,pubchem_cid_lookup,PUBCHEM_TITLE_CANDIDATE,HIGH_EXACT,exact_name_lookup,594680,docosanol,,IN,ENG,100.0,HIGH_EXACT,success,
DRUG_001788,CONFIRMED_INTEGRATED_ENTITY,Arsenic Trioxide,pubchem_cid_lookup,PUBCHEM_TITLE_CANDIDATE,HIGH_EXACT,exact_name_lookup,18330,arsenic trioxide,,IN,ENG,100.0,HIGH_EXACT,success,
DRUG_001789,CONFIRMED_INTEGRATED_ENTITY,Megestrol,pubchem_cid_lookup,PUBCHEM_TITLE_CANDIDATE,HIGH_EXACT,exact_name_lookup,6703,megestrol,,IN,ENG,100.0,HIGH_EXACT,success,
DRUG_001790,CONFIRMED_INTEGRATED_ENTITY,Selenium sulfide (SeS),pubchem_cid_lookup,PUBCHEM_TITLE_CANDIDATE,NO_MATCH,none,,,,,,0.0,NO_MATCH,success,
DRUG_001791,CONFIRMED_INTEGRATED_ENTITY,Calcium chloride 6-hydrate,pubchem_cid_lookup,PUBCHEM_TITLE_CANDIDATE,NO_MATCH,none,,,,,,0.0,NO_MATCH,success,
DRUG_001792,CONFIRMED_INTEGRATED_ENTITY,5-[(2R)-3-(2-carboxy-4-oxochromen-6-yl)oxy-2-hydroxypropoxy]-4-oxochromene-2-carboxylic acid,pubchem_cid_lookup,PUBCHEM_TITLE_CANDIDATE,NO_MATCH,none,,,,,,0.0,NO_MATCH,success,
DRUG_001793,CONFIRMED_INTEGRATED_ENTITY,dAVP,pubchem_cid_lookup,PUBCHEM_TITLE_CANDIDATE,NO_MATCH,none,,,,,,0.0,NO_MATCH,success,
DRUG_001794,CONFIRMED_INTEGRATED_ENTITY,Lithium aluminum hydride,pubchem_cid_lookup,PUBCHEM_TITLE_CANDIDATE,NO_MATCH,none,,,,,,0.0,NO_MATCH,success,
DRUG_001795,CONFIRMED_INTEGRATED_ENTITY,"(9R,17R)-17-(2-chloroacetyl)-9-fluoro-11,17-dihydroxy-10,13,16-trimethyl-6,7,8,11,12,14,15,16-octahydrocyclopenta[a]phenanthren-3-one",pubchem_cid_lookup,PUBCHEM_TITLE_CANDIDATE,NO_MATCH,none,,,,,,0.0,NO_MATCH,success,
DRUG_001796,CONFIRMED_INTEGRATED_ENTITY,"Azane;cyclobutane-1,1-dicarboxylic acid;platinum",pubchem_cid_lookup,PUBCHEM_TITLE_CANDIDATE,NO_MATCH,none,,,,,,0.0,NO_MATCH,success,
DRUG_001797,CONFIRMED_INTEGRATED_ENTITY,"(3R,4R,5S,6R)-5-(((2R,3R,4R,5S,6R)-5-(((2R,3R,4S,5S,6R)-3,4-dihydroxy-6-methyl-5-(((1S,4R,5S,6S)-4,5,6-trihydroxy-3-(hydroxymethyl)cyclohex-2-en-1-yl)amino)oxan-2-yl)oxy)-3,4-dihydroxy-6-(hydroxymethyl)oxan-2-yl)oxy)-6-(hydroxymethyl)oxane-2,3,4-triol",pubchem_cid_lookup,PUBCHEM_TITLE_CANDIDATE,NO_MATCH,none,,,,,,0.0,NO_MATCH,success,
DRUG_001798,CONFIRMED_INTEGRATED_ENTITY,"[(6S,9R,16S,17R)-17-(2-chloroacetyl)-6,9-difluoro-11-hydroxy-10,13,16-trimethyl-3-oxo-6,7,8,11,12,14,15,16-octahydrocyclopenta[a]phenanthren-17-yl] propanoate",pubchem_cid_lookup,PUBCHEM_TITLE_CANDIDATE,NO_MATCH,none,,,,,,0.0,NO_MATCH,success,
DRUG_001799,CONFIRMED_INTEGRATED_ENTITY,"chloromethyl (10R,11S,13S,17R)-17-ethoxycarbonyloxy-11-hydroxy-10,13-dimethyl-3-oxo-7,8,9,11,12,14,15,16-octahydro-6H-cyclopenta[a]phenanthrene-17-carboxylate",pubchem_cid_lookup,PUBCHEM_TITLE_CANDIDATE,NO_MATCH,none,,,,,,0.0,NO_MATCH,success,
DRUG_001800,CONFIRMED_INTEGRATED_ENTITY,Levomedetomidine,pubchem_cid_lookup,PUBCHEM_TITLE_CANDIDATE,NO_MATCH,none,,,,,,0.0,NO_MATCH,success,
DRUG_001801,CONFIRMED_INTEGRATED_ENTITY,Omniscan,pubchem_cid_lookup,PUBCHEM_TITLE_CANDIDATE,NO_MATCH,none,,,,,,0.0,NO_MATCH,success,
DRUG_001802,CONFIRMED_INTEGRATED_ENTITY,Milveterol+Fluticasone,pubchem_cid_lookup,PUBCHEM_TITLE_CANDIDATE,NO_MATCH,none,,,,,,0.0,NO_MATCH,success,
DRUG_001803,CONFIRMED_INTEGRATED_ENTITY,NO_NAME_CANDIDATE,none,NO_NAME_CANDIDATE,NO_MATCH,none,,,,,,0.0,NO_MATCH,success,
DRUG_001804,CONFIRMED_INTEGRATED_ENTITY,Acamprosate,pubchem_cid_lookup,PUBCHEM_TITLE_CANDIDATE,HIGH_EXACT,exact_name_lookup,82819,acamprosate,,IN,ENG,100.0,HIGH_EXACT,success,
DRUG_001805,CONFIRMED_INTEGRATED_ENTITY,"3-[[2-[2-[2-[[2-[[4-[[2-[[6-amino-2-[3-amino-1-[(2,3-diamino-3-oxopropyl)amino]-3-oxopropyl]-5-methylpyrimidine-4-carbonyl]amino]-3-[(2R,3S,4S,5S,6S)-3-[(2R,3S,4S,5R,6R)-4-carbamoyloxy-3,5-dihydroxy-6-(hydroxymethyl)oxan-2-yl]oxy-4,5-dihydroxy-6-(hydroxymethyl)oxan-2-yl]oxy-3-(1H-imidazol-5-yl)propanoyl]amino]-3-hydroxy-2-methylpentanoyl]amino]-3-hydroxybutanoyl]amino]ethyl]-1,3-thiazol-4-yl]-1,3-thiazole-4-carbonyl]amino]propyl-dimethylsulfanium",pubchem_cid_lookup,PUBCHEM_TITLE_CANDIDATE,NO_MATCH,none,,,,,,0.0,NO_MATCH,success,
DRUG_001806,CONFIRMED_INTEGRATED_ENTITY,"3-(4-(4-Chlorophenyl)cyclohexyl)-4-hydroxynaphthalene-1,2-dione",pubchem_cid_lookup,PUBCHEM_TITLE_CANDIDATE,NO_MATCH,none,,,,,,0.0,NO_MATCH,success,
DRUG_001807,CONFIRMED_INTEGRATED_ENTITY,NO_NAME_CANDIDATE,none,NO_NAME_CANDIDATE,NO_MATCH,none,,,,,,0.0,NO_MATCH,success,
DRUG_001808,CONFIRMED_INTEGRATED_ENTITY,Maltulose,pubchem_cid_lookup,PUBCHEM_TITLE_CANDIDATE,NO_MATCH,none,,,,,,0.0,NO_MATCH,success,
DRUG_001809,CONFIRMED_INTEGRATED_ENTITY,Valdecoxib,pubchem_cid_lookup,PUBCHEM_TITLE_CANDIDATE,HIGH_EXACT,exact_name_lookup,278567,valdecoxib,,IN,ENG,100.0,HIGH_EXACT,success,
DRUG_001810,CONFIRMED_INTEGRATED_ENTITY,Olmesartan Medoxomil,pubchem_cid_lookup,PUBCHEM_TITLE_CANDIDATE,HIGH_EXACT,exact_name_lookup,118463,olmesartan medoxomil,,PIN,ENG,100.0,HIGH_EXACT,success,
DRUG_001811,CONFIRMED_INTEGRATED_ENTITY,NO_NAME_CANDIDATE,none,NO_NAME_CANDIDATE,NO_MATCH,none,,,,,,0.0,NO_MATCH,success,
DRUG_001812,CONFIRMED_INTEGRATED_ENTITY,2-(chloromethyl)oxirane;prop-2-en-1-amine;N-prop-2-enyldecan-1-amine;trimethyl-[6-(prop-2-enylamino)hexyl]azanium;chloride;hydrochloride,pubchem_cid_lookup,PUBCHEM_TITLE_CANDIDATE,NO_MATCH,none,,,,,,0.0,NO_MATCH,success,
DRUG_001813,CONFIRMED_INTEGRATED_ENTITY,Lanthanum carbonate--water (2/3/1),pubchem_cid_lookup,PUBCHEM_TITLE_CANDIDATE,NO_MATCH,none,,,,,,0.0,NO_MATCH,success,
DRUG_001814,CONFIRMED_INTEGRATED_ENTITY,"(2R)-3-phenyl-2-[[(1S,3S)-3-propan-2-ylcyclohexanecarbonyl]amino]propanoic acid",pubchem_cid_lookup,PUBCHEM_TITLE_CANDIDATE,NO_MATCH,none,,,,,,0.0,NO_MATCH,success,
DRUG_001815,CONFIRMED_INTEGRATED_ENTITY,Gadoversetamide,pubchem_cid_lookup,PUBCHEM_TITLE_CANDIDATE,HIGH_EXACT,exact_name_lookup,228833,gadoversetamide,,IN,ENG,100.0,HIGH_EXACT,success,
DRUG_001816,CONFIRMED_INTEGRATED_ENTITY,"(2S,3S,4R,5R,6R)-5-amino-6-[(2R,3S,4R,5S)-5-[(1R,2S,3R,6R)-3-amino-6-[(1S,2R,3R,4R,5R)-2-amino-5-(aminomethyl)-3,4-dihydroxycyclohexyl]oxy-2-hydroxycyclohexyl]oxy-4-hydroxy-2-(hydroxymethyl)oxolan-3-yl]oxy-2-(aminomethyl)oxane-3,4-diol",pubchem_cid_lookup,PUBCHEM_TITLE_CANDIDATE,NO_MATCH,none,,,,,,0.0,NO_MATCH,success,
DRUG_001817,CONFIRMED_INTEGRATED_ENTITY,2-(4-hydroxy-6-methoxy-7-methyl-3-oxo-1H-isobenzofuran-5-yl)acetic acid,pubchem_cid_lookup,PUBCHEM_TITLE_CANDIDATE,NO_MATCH,none,,,,,,0.0,NO_MATCH,success,
DRUG_001818,CONFIRMED_INTEGRATED_ENTITY,Glatiramer (acetate),pubchem_cid_lookup,PUBCHEM_TITLE_CANDIDATE,NO_MATCH,none,,,,,,0.0,NO_MATCH,success,
DRUG_001819,CONFIRMED_INTEGRATED_ENTITY,"3-[18-(2-Carboxyethyl)-8-ethyl-13-(1-hydroxyethyl)-3,7,12,17-tetramethyl-22,23-dihydroporphyrin-2-yl]propanoic acid",pubchem_cid_lookup,PUBCHEM_TITLE_CANDIDATE,NO_MATCH,none,,,,,,0.0,NO_MATCH,success,
DRUG_001820,CONFIRMED_INTEGRATED_ENTITY,"20-[(3-Amino-3,6-dideoxyhexopyranosyl)oxy]-4,6,8,11,12,16,18,36-octahydroxy-35,37,38-trimethyl-2,14-dioxo-1-oxacyclooctatriaconta-21,23,25,27,31,33-hexaene-17-carboxylic acid",pubchem_cid_lookup,PUBCHEM_TITLE_CANDIDATE,NO_MATCH,none,,,,,,0.0,NO_MATCH,success,
DRUG_001821,CONFIRMED_INTEGRATED_ENTITY,Rosuvastatin EP Impurity L,pubchem_cid_lookup,PUBCHEM_TITLE_CANDIDATE,NO_MATCH,none,,,,,,0.0,NO_MATCH,success,
DRUG_001822,CONFIRMED_INTEGRATED_ENTITY,"cobalt;[5-(5,6-dimethylbenzimidazol-1-yl)-4-hydroxy-2-(hydroxymethyl)oxolan-3-yl] 1-[3-[2,13,18-tris(2-amino-2-oxoethyl)-7,12,17-tris(3-amino-3-oxopropyl)-3,5,8,8,13,15,18,19-octamethyl-2,7,12,17-tetrahydro-1H-corrin-21-id-3-yl]propanoylamino]propan-2-yl phosphate;hydrate",pubchem_cid_lookup,PUBCHEM_TITLE_CANDIDATE,NO_MATCH,none,,,,,,0.0,NO_MATCH,success,
DRUG_001823,CONFIRMED_INTEGRATED_ENTITY,NO_NAME_CANDIDATE,none,NO_NAME_CANDIDATE,NO_MATCH,none,,,,,,0.0,NO_MATCH,success,
DRUG_001824,CONFIRMED_INTEGRATED_ENTITY,NO_NAME_CANDIDATE,none,NO_NAME_CANDIDATE,NO_MATCH,none,,,,,,0.0,NO_MATCH,success,
DRUG_001825,CONFIRMED_INTEGRATED_ENTITY,Gaspofungin Impurity F,pubchem_cid_lookup,PUBCHEM_TITLE_CANDIDATE,NO_MATCH,none,,,,,,0.0,NO_MATCH,success,
DRUG_001826,CONFIRMED_INTEGRATED_ENTITY,Dichloromethanediamine,pubchem_cid_lookup,PUBCHEM_TITLE_CANDIDATE,NO_MATCH,none,,,,,,0.0,NO_MATCH,success,
DRUG_001827,CONFIRMED_INTEGRATED_ENTITY,deamino-Cys(1)-N(2)hArg-Gly-Asp-Trp-Pro-Cys(1)-(2),pubchem_cid_lookup,PUBCHEM_TITLE_CANDIDATE,NO_MATCH,none,,,,,,0.0,NO_MATCH,success,
DRUG_001828,CONFIRMED_INTEGRATED_ENTITY,2-[2-[(3R)-3-[3-[(E)-2-(7-chloroquinolin-2-yl)ethenyl]phenyl]-3-sulfanylpropyl]phenyl]propan-2-ol,pubchem_cid_lookup,PUBCHEM_TITLE_CANDIDATE,NO_MATCH,none,,,,,,0.0,NO_MATCH,success,
DRUG_001829,CONFIRMED_INTEGRATED_ENTITY,NO_NAME_CANDIDATE,none,NO_NAME_CANDIDATE,NO_MATCH,none,,,,,,0.0,NO_MATCH,success,
DRUG_001830,CONFIRMED_INTEGRATED_ENTITY,NO_NAME_CANDIDATE,none,NO_NAME_CANDIDATE,NO_MATCH,none,,,,,,0.0,NO_MATCH,success,
DRUG_001831,CONFIRMED_INTEGRATED_ENTITY,NO_NAME_CANDIDATE,none,NO_NAME_CANDIDATE,NO_MATCH,none,,,,,,0.0,NO_MATCH,success,
DRUG_001832,CONFIRMED_INTEGRATED_ENTITY,"2-Amino-3,5-dihydropurine-6-thione",pubchem_cid_lookup,PUBCHEM_TITLE_CANDIDATE,NO_MATCH,none,,,,,,0.0,NO_MATCH,success,
DRUG_001833,CONFIRMED_INTEGRATED_ENTITY,NO_NAME_CANDIDATE,none,NO_NAME_CANDIDATE,NO_MATCH,none,,,,,,0.0,NO_MATCH,success,
DRUG_001834,CONFIRMED_INTEGRATED_ENTITY,NO_NAME_CANDIDATE,none,NO_NAME_CANDIDATE,NO_MATCH,none,,,,,,0.0,NO_MATCH,success,
DRUG_001835,CONFIRMED_INTEGRATED_ENTITY,CID 6398525,pubchem_cid_lookup,PUBCHEM_TITLE_CANDIDATE,NO_MATCH,none,,,,,,0.0,NO_MATCH,success,
DRUG_001836,CONFIRMED_INTEGRATED_ENTITY,Ridauran,pubchem_cid_lookup,PUBCHEM_TITLE_CANDIDATE,NO_MATCH,none,,,,,,0.0,NO_MATCH,success,
