internal_drug_id,source_dataset,source_drug_id,rxcui,mapping_status
DRUG_000001,drugbank,DB00006,60819,HIGH_EXACT
DRUG_000002,drugbank,DB00014,50610,HIGH_EXACT
DRUG_000002,twosides,CID000047725,50610,HIGH_EXACT
DRUG_000003,drugbank,DB00027,5011,HIGH_EXACT
DRUG_000004,drugbank,DB00035,203658,HIGH_EXACT
DRUG_000005,drugbank,DB00080,22299,HIGH_EXACT
DRUG_000006,drugbank,DB00091,3008,HIGH_EXACT
DRUG_000006,twosides,CID000002909,3008,HIGH_EXACT
DRUG_000007,drugbank,DB00104,7617,HIGH_EXACT
DRUG_000007,twosides,CID000054374,7617,HIGH_EXACT
DRUG_000008,drugbank,DB00115,11248,HIGH_EXACT
DRUG_000009,drugbank,DB00120,8156,HIGH_EXACT
DRUG_000010,drugbank,DB00122,2449,HIGH_EXACT
DRUG_000011,drugbank,DB00126,1151,HIGH_EXACT
DRUG_000012,drugbank,DB00130,4885,HIGH_EXACT
DRUG_000013,drugbank,DB00134,6837,HIGH_EXACT
DRUG_000014,drugbank,DB00136,1894,HIGH_EXACT
DRUG_000014,twosides,CID000002524,1894,HIGH_EXACT
DRUG_000015,drugbank,DB00140,9346,HIGH_EXACT
DRUG_000016,drugbank,DB00142,25916,HIGH_EXACT
DRUG_000017,drugbank,DB00146,1855064,HIGH_EXACT
DRUG_000018,drugbank,DB00150,10898,HIGH_EXACT
DRUG_000019,drugbank,DB00152,10454,HIGH_EXACT
DRUG_000020,drugbank,DB00153,4018,HIGH_EXACT
DRUG_000020,twosides,CID000003249,4018,HIGH_EXACT
DRUG_000021,drugbank,DB00158,202634,HIGH_EXACT
DRUG_000021,twosides,CID000003405,,UNRESOLVED
DRUG_000022,drugbank,DB00162,11246,HIGH_EXACT
DRUG_000022,twosides,CID000001071,,UNRESOLVED
DRUG_000023,drugbank,DB00163,11256,HIGH_EXACT
DRUG_000024,drugbank,DB00165,42954,HIGH_EXACT
DRUG_000025,drugbank,DB00166,6417,HIGH_EXACT
DRUG_000026,drugbank,DB00169,2418,HIGH_EXACT
DRUG_000027,drugbank,DB00170,6728,HIGH_EXACT
DRUG_000028,drugbank,DB00175,42463,HIGH_EXACT
DRUG_000028,twosides,CID000004889,42463,HIGH_EXACT
DRUG_000029,drugbank,DB00176,42355,HIGH_EXACT
DRUG_000029,twosides,CID000003404,42355,HIGH_EXACT
DRUG_000030,drugbank,DB00177,69749,HIGH_EXACT
DRUG_000030,twosides,CID000005650,69749,HIGH_EXACT
DRUG_000031,drugbank,DB00178,35296,HIGH_EXACT
DRUG_000031,twosides,CID000005038,35296,HIGH_EXACT
DRUG_000032,drugbank,DB00179,227239,HIGH_EXACT
DRUG_000033,drugbank,DB00180,1546428,HIGH_EXACT
DRUG_000033,twosides,CID000003379,,UNRESOLVED
DRUG_000034,drugbank,DB00181,1292,HIGH_EXACT
DRUG_000034,twosides,CID000002284,1292,HIGH_EXACT
DRUG_000035,drugbank,DB00182,3288,HIGH_EXACT
DRUG_000036,drugbank,DB01576,3288,HIGH_EXACT
DRUG_000037,twosides,CID000003007,725,HIGH_EXACT
DRUG_000038,drugbank,DB00184,31765,HIGH_EXACT
DRUG_000038,twosides,CID000000942,,UNRESOLVED
DRUG_000039,drugbank,DB00185,44281,HIGH_EXACT
DRUG_000040,drugbank,DB00186,6470,HIGH_EXACT
DRUG_000040,twosides,CID000003958,6470,HIGH_EXACT
DRUG_000041,drugbank,DB00187,49737,HIGH_EXACT
DRUG_000042,drugbank,DB00188,358258,HIGH_EXACT
DRUG_000042,twosides,CID000093860,358258,HIGH_EXACT
DRUG_000043,drugbank,DB00189,4118,HIGH_EXACT
DRUG_000044,drugbank,DB00190,1545982,HIGH_EXACT
DRUG_000045,drugbank,DB00191,221138,HIGH_EXACT
DRUG_000045,twosides,CID000004771,8152,HIGH_EXACT
DRUG_000046,drugbank,DB00193,10689,HIGH_EXACT
DRUG_000046,twosides,CID000005523,10689,HIGH_EXACT
DRUG_000047,drugbank,DB00195,1520,HIGH_EXACT
DRUG_000047,twosides,CID000002369,1520,HIGH_EXACT
DRUG_000048,drugbank,DB00196,202813,HIGH_EXACT
DRUG_000048,twosides,CID000003365,4450,HIGH_EXACT
DRUG_000049,drugbank,DB00198,260101,HIGH_EXACT
DRUG_000049,twosides,CID000004603,260101,HIGH_EXACT
DRUG_000050,drugbank,DB00199,4053,HIGH_EXACT
DRUG_000050,twosides,CID000003255,4053,HIGH_EXACT
DRUG_000051,drugbank,DB00201,1886,HIGH_EXACT
DRUG_000051,twosides,CID000002519,1886,HIGH_EXACT
DRUG_000052,drugbank,DB00202,10154,HIGH_EXACT
DRUG_000053,drugbank,DB00203,136411,HIGH_EXACT
DRUG_000053,twosides,CID000005212,136411,HIGH_EXACT
DRUG_000054,drugbank,DB00204,49247,HIGH_EXACT
DRUG_000054,twosides,CID000071329,49247,HIGH_EXACT
DRUG_000055,drugbank,DB00205,9010,HIGH_EXACT
DRUG_000055,twosides,CID000004993,9010,HIGH_EXACT
DRUG_000056,drugbank,DB00206,9260,HIGH_EXACT
DRUG_000056,twosides,CID000005052,9260,HIGH_EXACT
DRUG_000057,drugbank,DB00207,18631,HIGH_EXACT
DRUG_000057,twosides,CID000002269,18631,HIGH_EXACT
DRUG_000058,drugbank,DB00208,10594,HIGH_EXACT
DRUG_000058,twosides,CID000005472,10594,HIGH_EXACT
DRUG_000059,drugbank,DB00209,236778,HIGH_EXACT
DRUG_000059,twosides,CID000005596,236778,HIGH_EXACT
DRUG_000060,drugbank,DB00210,60223,HIGH_EXACT
DRUG_000060,twosides,CID000060164,60223,HIGH_EXACT
DRUG_000061,drugbank,DB00211,6963,HIGH_EXACT
DRUG_000061,twosides,CID000004195,6963,HIGH_EXACT
DRUG_000062,drugbank,DB00212,,UNRESOLVED
DRUG_000063,drugbank,DB00213,40790,HIGH_EXACT
DRUG_000063,twosides,CID000004679,40790,HIGH_EXACT
DRUG_000064,drugbank,DB00214,38413,HIGH_EXACT
DRUG_000064,twosides,CID000041781,38413,HIGH_EXACT
DRUG_000065,drugbank,DB00215,2556,HIGH_EXACT
DRUG_000066,drugbank,DB01175,321988,HIGH_EXACT
DRUG_000067,twosides,CID000002771,2556,HIGH_EXACT
DRUG_000068,drugbank,DB00216,231049,HIGH_EXACT
DRUG_000068,twosides,CID000077993,231049,HIGH_EXACT
DRUG_000069,drugbank,DB00217,1523,HIGH_EXACT
DRUG_000070,drugbank,DB00218,139462,HIGH_EXACT
DRUG_000070,twosides,CID000004259,139462,HIGH_EXACT
DRUG_000071,drugbank,DB00219,7818,HIGH_EXACT
DRUG_000072,drugbank,DB00220,134527,HIGH_EXACT
DRUG_000072,twosides,CID000004451,134527,HIGH_EXACT
DRUG_000073,drugbank,DB00221,6023,HIGH_EXACT
DRUG_000074,drugbank,DB00222,25789,HIGH_EXACT
DRUG_000074,twosides,CID000003476,25789,HIGH_EXACT
DRUG_000075,drugbank,DB00223,91311,HIGH_EXACT
DRUG_000076,drugbank,DB00224,114289,HIGH_EXACT
DRUG_000076,twosides,CID000003706,,UNRESOLVED
DRUG_000077,drugbank,DB00226,26296,HIGH_EXACT
DRUG_000078,drugbank,DB00227,6472,HIGH_EXACT
DRUG_000078,twosides,CID000003962,6472,HIGH_EXACT
DRUG_000079,drugbank,DB00228,3920,HIGH_EXACT
DRUG_000080,drugbank,DB00229,2188,HIGH_EXACT
DRUG_000081,drugbank,DB00230,187832,HIGH_EXACT
DRUG_000081,twosides,CID000125889,187832,HIGH_EXACT
DRUG_000082,drugbank,DB00231,10355,HIGH_EXACT
DRUG_000082,twosides,CID000005391,10355,HIGH_EXACT
DRUG_000083,drugbank,DB00232,6860,HIGH_EXACT
DRUG_000084,drugbank,DB00233,7833,HIGH_EXACT
DRUG_000085,drugbank,DB00234,60842,HIGH_EXACT
DRUG_000086,drugbank,DB00235,52769,HIGH_EXACT
DRUG_000087,drugbank,DB00236,8347,HIGH_EXACT
DRUG_000088,drugbank,DB00237,477631,HIGH_EXACT
DRUG_000089,drugbank,DB00238,53654,HIGH_EXACT
DRUG_000089,twosides,CID000004463,53654,HIGH_EXACT
DRUG_000090,drugbank,DB00239,32638,HIGH_EXACT
DRUG_000091,drugbank,DB00240,108088,HIGH_EXACT
DRUG_000092,drugbank,DB00241,19860,HIGH_EXACT
DRUG_000093,drugbank,DB00242,44157,HIGH_EXACT
DRUG_000093,twosides,CID000001546,44157,HIGH_EXACT
DRUG_000094,drugbank,DB00243,35829,HIGH_EXACT
DRUG_000094,twosides,CID000056959,35829,HIGH_EXACT
DRUG_000095,drugbank,DB00244,52582,HIGH_EXACT
DRUG_000095,twosides,CID000004075,52582,HIGH_EXACT
DRUG_000096,drugbank,DB00245,1424,HIGH_EXACT
DRUG_000097,drugbank,DB00246,115698,HIGH_EXACT
DRUG_000097,twosides,CID000060854,115698,HIGH_EXACT
DRUG_000098,drugbank,DB00247,6911,HIGH_EXACT
DRUG_000099,drugbank,DB00248,47579,HIGH_EXACT
DRUG_000099,twosides,CID000002512,47579,HIGH_EXACT
DRUG_000100,drugbank,DB00250,3108,HIGH_EXACT
DRUG_000100,twosides,CID000002955,3108,HIGH_EXACT
DRUG_000101,drugbank,DB00251,37806,HIGH_EXACT
DRUG_000102,drugbank,DB00252,8183,HIGH_EXACT
DRUG_000102,twosides,CID000001775,8183,HIGH_EXACT
DRUG_000103,drugbank,DB00253,29439,HIGH_EXACT
DRUG_000104,drugbank,DB00254,1545992,HIGH_EXACT
DRUG_000105,drugbank,DB00255,3390,HIGH_EXACT
DRUG_000106,drugbank,DB00256,6513,HIGH_EXACT
DRUG_000107,drugbank,DB00257,2623,HIGH_EXACT
DRUG_000107,twosides,CID000002812,2623,HIGH_EXACT
DRUG_000108,drugbank,DB00258,214342,HIGH_EXACT
DRUG_000109,drugbank,DB00259,10184,HIGH_EXACT
DRUG_000110,drugbank,DB00260,3007,HIGH_EXACT
DRUG_000111,drugbank,DB00261,596724,HIGH_EXACT
DRUG_000111,twosides,CID000002182,596724,HIGH_EXACT
DRUG_000112,drugbank,DB00262,2105,HIGH_EXACT
DRUG_000112,twosides,CID000002578,2105,HIGH_EXACT
DRUG_000113,drugbank,DB00263,10207,HIGH_EXACT
DRUG_000114,drugbank,DB00264,6918,HIGH_EXACT
DRUG_000114,twosides,CID000004171,6918,HIGH_EXACT
DRUG_000115,drugbank,DB00266,1598,HIGH_EXACT
DRUG_000116,drugbank,DB00267,,UNRESOLVED
DRUG_000117,drugbank,DB00268,72302,HIGH_EXACT
DRUG_000117,twosides,CID000005095,72302,HIGH_EXACT
DRUG_000118,drugbank,DB00270,33910,HIGH_EXACT
DRUG_000118,twosides,CID000003784,33910,HIGH_EXACT
DRUG_000119,drugbank,DB00271,1546223,HIGH_EXACT
DRUG_000120,drugbank,DB00273,38404,HIGH_EXACT
DRUG_000120,twosides,CID000005514,38404,HIGH_EXACT
DRUG_000121,drugbank,DB00274,2182,HIGH_EXACT
DRUG_000122,drugbank,DB00275,321064,HIGH_EXACT
DRUG_000123,drugbank,DB00276,739,HIGH_EXACT
DRUG_000124,drugbank,DB00277,10438,HIGH_EXACT
DRUG_000124,twosides,CID000002153,10438,HIGH_EXACT
DRUG_000125,drugbank,DB00278,15202,HIGH_EXACT
DRUG_000126,drugbank,DB00279,10814,HIGH_EXACT
DRUG_000126,twosides,CID000000861,10814,HIGH_EXACT
DRUG_000127,drugbank,DB00280,3541,HIGH_EXACT
DRUG_000127,twosides,CID000003114,3541,HIGH_EXACT
DRUG_000128,drugbank,DB00281,6387,HIGH_EXACT
DRUG_000128,twosides,CID000003676,6387,HIGH_EXACT
DRUG_000129,drugbank,DB00282,11473,HIGH_EXACT
DRUG_000129,twosides,CID000004674,1546406,HIGH_EXACT
DRUG_000130,drugbank,DB00283,2578,HIGH_EXACT
DRUG_000131,drugbank,DB00284,16681,HIGH_EXACT
DRUG_000132,drugbank,DB00285,39786,HIGH_EXACT
DRUG_000132,twosides,CID000005656,39786,HIGH_EXACT
DRUG_000133,drugbank,DB00287,283809,HIGH_EXACT
DRUG_000133,twosides,CID005282226,283809,HIGH_EXACT
DRUG_000134,drugbank,DB00288,17652,HIGH_EXACT
DRUG_000135,drugbank,DB00289,38400,HIGH_EXACT
DRUG_000135,twosides,CID000054841,38400,HIGH_EXACT
DRUG_000136,drugbank,DB00290,1622,HIGH_EXACT
DRUG_000137,drugbank,DB00291,2346,HIGH_EXACT
DRUG_000137,twosides,CID000002708,2346,HIGH_EXACT
DRUG_000138,drugbank,DB00292,4177,HIGH_EXACT
DRUG_000138,twosides,CID000036339,4177,HIGH_EXACT
DRUG_000139,drugbank,DB00293,196239,HIGH_EXACT
DRUG_000140,drugbank,DB00294,14584,HIGH_EXACT
DRUG_000140,twosides,CID000040976,14584,HIGH_EXACT
DRUG_000141,drugbank,DB00295,32926,HIGH_EXACT
DRUG_000141,twosides,CID000004253,,UNRESOLVED
DRUG_000142,drugbank,DB00296,35780,HIGH_EXACT
DRUG_000142,twosides,CID000071273,35780,HIGH_EXACT
DRUG_000143,drugbank,DB00297,1815,HIGH_EXACT
DRUG_000144,drugbank,DB01002,1815,HIGH_EXACT
DRUG_000145,twosides,CID000002474,,UNRESOLVED
DRUG_000146,drugbank,DB00298,22298,HIGH_EXACT
DRUG_000147,drugbank,DB00300,300195,HIGH_EXACT
DRUG_000147,twosides,CID005481350,300195,HIGH_EXACT
DRUG_000148,drugbank,DB00301,4448,HIGH_EXACT
DRUG_000149,drugbank,DB00302,10691,HIGH_EXACT
DRUG_000150,drugbank,DB00303,325642,HIGH_EXACT
DRUG_000150,twosides,CID000150610,325642,HIGH_EXACT
DRUG_000151,drugbank,DB00304,22656,HIGH_EXACT
DRUG_000152,drugbank,DB00305,632,HIGH_EXACT
DRUG_000152,twosides,CID000005746,632,HIGH_EXACT
DRUG_000153,drugbank,DB00307,233272,HIGH_EXACT
DRUG_000153,twosides,CID000082146,233272,HIGH_EXACT
DRUG_000154,drugbank,DB00308,41289,HIGH_EXACT
DRUG_000155,drugbank,DB00309,11204,HIGH_EXACT
DRUG_000156,drugbank,DB00310,2409,HIGH_EXACT
DRUG_000156,twosides,CID000002732,2409,HIGH_EXACT
DRUG_000157,drugbank,DB00312,8004,HIGH_EXACT
DRUG_000158,drugbank,DB00313,11118,HIGH_EXACT
DRUG_000158,twosides,CID000003121,11118,HIGH_EXACT
DRUG_000159,drugbank,DB00314,78903,HIGH_EXACT
DRUG_000160,drugbank,DB00315,135775,HIGH_EXACT
DRUG_000160,twosides,CID000005731,135775,HIGH_EXACT
DRUG_000161,drugbank,DB00316,161,HIGH_EXACT
DRUG_000161,twosides,CID000001983,161,HIGH_EXACT
DRUG_000162,drugbank,DB00317,328134,HIGH_EXACT
DRUG_000162,twosides,CID000123631,328134,HIGH_EXACT
DRUG_000163,drugbank,DB00318,1545976,HIGH_EXACT
DRUG_000164,drugbank,DB00319,1546000,HIGH_EXACT
DRUG_000165,drugbank,DB00320,3418,HIGH_EXACT
DRUG_000165,twosides,CID000003066,3418,HIGH_EXACT
DRUG_000166,drugbank,DB00321,704,HIGH_EXACT
DRUG_000166,twosides,CID000002160,704,HIGH_EXACT
DRUG_000167,drugbank,DB00322,4488,HIGH_EXACT
DRUG_000168,drugbank,DB00323,72937,HIGH_EXACT
DRUG_000168,twosides,CID004659569,72937,HIGH_EXACT
DRUG_000169,drugbank,DB00324,4491,HIGH_EXACT
DRUG_000169,twosides,CID000003384,4491,HIGH_EXACT
DRUG_000170,drugbank,DB00325,7476,HIGH_EXACT
DRUG_000171,drugbank,DB00326,47618,HIGH_EXACT
DRUG_000172,drugbank,DB00327,3423,HIGH_EXACT
DRUG_000172,twosides,CID000003648,3423,HIGH_EXACT
DRUG_000173,drugbank,DB00328,5781,HIGH_EXACT
DRUG_000173,twosides,CID000003715,5781,HIGH_EXACT
DRUG_000174,drugbank,DB00330,4110,HIGH_EXACT
DRUG_000174,twosides,CID000003279,4110,HIGH_EXACT
DRUG_000175,drugbank,DB00331,6809,HIGH_EXACT
DRUG_000175,twosides,CID000004091,6809,HIGH_EXACT
DRUG_000176,drugbank,DB00332,1546373,HIGH_EXACT
DRUG_000176,twosides,CID000003746,,UNRESOLVED
DRUG_000177,drugbank,DB00333,6813,HIGH_EXACT
DRUG_000177,twosides,CID000004095,6813,HIGH_EXACT
DRUG_000178,drugbank,DB00334,61381,HIGH_EXACT
DRUG_000179,drugbank,DB00335,1202,HIGH_EXACT
DRUG_000179,twosides,CID000002249,1202,HIGH_EXACT
DRUG_000180,drugbank,DB00336,7455,HIGH_EXACT
DRUG_000181,drugbank,DB00337,321952,HIGH_EXACT
DRUG_000181,twosides,CID006447131,321952,HIGH_EXACT
DRUG_000182,drugbank,DB00338,7646,HIGH_EXACT
DRUG_000182,twosides,CID000004594,7646,HIGH_EXACT
DRUG_000183,drugbank,DB00339,8987,HIGH_EXACT
DRUG_000183,twosides,CID000001046,8987,HIGH_EXACT
DRUG_000184,drugbank,DB00340,29682,HIGH_EXACT
DRUG_000185,drugbank,DB00341,20610,HIGH_EXACT
DRUG_000186,drugbank,DB06282,356887,HIGH_EXACT
DRUG_000187,twosides,CID000002678,20610,HIGH_EXACT
DRUG_000188,drugbank,DB00343,3443,HIGH_EXACT
DRUG_000189,drugbank,DB00344,8886,HIGH_EXACT
DRUG_000190,drugbank,DB00345,42837,HIGH_EXACT
DRUG_000191,drugbank,DB00346,17300,HIGH_EXACT
DRUG_000191,twosides,CID000002092,17300,HIGH_EXACT
DRUG_000192,drugbank,DB00347,10827,HIGH_EXACT
DRUG_000193,drugbank,DB00349,21241,HIGH_EXACT
DRUG_000194,drugbank,DB00350,6984,HIGH_EXACT
DRUG_000195,drugbank,DB00351,29451,HIGH_EXACT
DRUG_000196,drugbank,DB00352,10485,HIGH_EXACT
DRUG_000197,drugbank,DB00353,6883,HIGH_EXACT
DRUG_000197,twosides,CID000004140,6883,HIGH_EXACT
DRUG_000198,drugbank,DB00354,59636,HIGH_EXACT
DRUG_000199,drugbank,DB00355,1272,HIGH_EXACT
DRUG_000200,drugbank,DB00356,2410,HIGH_EXACT
DRUG_000200,twosides,CID000002733,2410,HIGH_EXACT
DRUG_000201,drugbank,DB00357,677,HIGH_EXACT
DRUG_000202,drugbank,DB00358,6694,HIGH_EXACT
DRUG_000202,twosides,CID000004046,6694,HIGH_EXACT
DRUG_000203,drugbank,DB00359,10171,HIGH_EXACT
DRUG_000203,twosides,CID000005215,10171,HIGH_EXACT
DRUG_000204,drugbank,DB00360,753340,HIGH_EXACT
DRUG_000205,drugbank,DB00361,39541,HIGH_EXACT
DRUG_000205,twosides,CID000005672,39541,HIGH_EXACT
DRUG_000206,drugbank,DB00362,341018,HIGH_EXACT
DRUG_000207,drugbank,DB00363,2626,HIGH_EXACT
DRUG_000208,drugbank,DB00364,10156,HIGH_EXACT
DRUG_000209,drugbank,DB00366,3642,HIGH_EXACT
DRUG_000210,drugbank,DB00367,6373,HIGH_EXACT
DRUG_000211,drugbank,DB09389,7518,HIGH_EXACT
DRUG_000212,twosides,CID000004542,7518,HIGH_EXACT
DRUG_000213,drugbank,DB00368,7512,HIGH_EXACT
DRUG_000214,drugbank,DB00369,1546007,HIGH_EXACT
DRUG_000215,drugbank,DB00370,15996,HIGH_EXACT
DRUG_000215,twosides,CID000004205,15996,HIGH_EXACT
DRUG_000216,drugbank,DB00371,6760,HIGH_EXACT
DRUG_000216,twosides,CID000004064,6760,HIGH_EXACT
DRUG_000217,drugbank,DB00373,10600,HIGH_EXACT
DRUG_000217,twosides,CID000005478,,UNRESOLVED
DRUG_000218,drugbank,DB00374,343048,HIGH_EXACT
DRUG_000218,twosides,CID000054786,343048,HIGH_EXACT
DRUG_000219,drugbank,DB00376,10811,HIGH_EXACT
DRUG_000219,twosides,CID000005572,10811,HIGH_EXACT
DRUG_000220,drugbank,DB00377,70561,HIGH_EXACT
DRUG_000220,twosides,CID000148211,70561,HIGH_EXACT
DRUG_000221,drugbank,DB00378,3706,HIGH_EXACT
DRUG_000222,drugbank,DB00379,6926,HIGH_EXACT
DRUG_000222,twosides,CID000004178,6926,HIGH_EXACT
DRUG_000223,drugbank,DB00380,42736,HIGH_EXACT
DRUG_000224,drugbank,DB00381,17767,HIGH_EXACT
DRUG_000224,twosides,CID000002162,17767,HIGH_EXACT
DRUG_000225,drugbank,DB00384,10763,HIGH_EXACT
DRUG_000226,drugbank,DB00385,31435,HIGH_EXACT
DRUG_000227,drugbank,DB00387,8718,HIGH_EXACT
DRUG_000228,drugbank,DB00388,8163,HIGH_EXACT
DRUG_000229,drugbank,DB00389,2020,HIGH_EXACT
DRUG_000230,drugbank,DB00390,3407,HIGH_EXACT
DRUG_000230,twosides,CID000003062,3407,HIGH_EXACT
DRUG_000231,drugbank,DB00391,10239,HIGH_EXACT
DRUG_000232,drugbank,DB00392,4134,HIGH_EXACT
DRUG_000233,drugbank,DB00393,7426,HIGH_EXACT
DRUG_000233,twosides,CID000004497,7426,HIGH_EXACT
DRUG_000234,drugbank,DB00394,1348,HIGH_EXACT
DRUG_000235,drugbank,DB00395,2101,HIGH_EXACT
DRUG_000235,twosides,CID000002576,2101,HIGH_EXACT
DRUG_000236,drugbank,DB00396,8727,HIGH_EXACT
DRUG_000236,twosides,CID000004920,8727,HIGH_EXACT
DRUG_000237,drugbank,DB00397,8175,HIGH_EXACT
DRUG_000238,drugbank,DB00398,495881,HIGH_EXACT
DRUG_000238,twosides,CID000216239,495881,HIGH_EXACT
DRUG_000239,drugbank,DB00399,1546014,HIGH_EXACT
DRUG_000239,twosides,CID000068740,77655,HIGH_EXACT
DRUG_000240,drugbank,DB00400,5021,HIGH_EXACT
DRUG_000241,drugbank,DB00401,7435,HIGH_EXACT
DRUG_000241,twosides,CID000004499,7435,HIGH_EXACT
DRUG_000242,drugbank,DB00402,461016,HIGH_EXACT
DRUG_000243,drugbank,DB01198,40001,HIGH_EXACT
DRUG_000244,twosides,CID000005735,40001,HIGH_EXACT
DRUG_000245,drugbank,DB00404,596,HIGH_EXACT
DRUG_000245,twosides,CID000002118,596,HIGH_EXACT
DRUG_000246,drugbank,DB00405,1767,HIGH_EXACT
DRUG_000247,drugbank,DB00408,6475,HIGH_EXACT
DRUG_000247,twosides,CID000003964,6475,HIGH_EXACT
DRUG_000248,drugbank,DB00409,35350,HIGH_EXACT
DRUG_000249,drugbank,DB00410,42372,HIGH_EXACT
DRUG_000249,twosides,CID000004264,42372,HIGH_EXACT
DRUG_000250,drugbank,DB00411,1546387,HIGH_EXACT
DRUG_000250,twosides,CID000002551,1546387,HIGH_EXACT
DRUG_000251,drugbank,DB00412,84108,HIGH_EXACT
DRUG_000251,twosides,CID000077999,84108,HIGH_EXACT
DRUG_000252,drugbank,DB00413,746741,HIGH_EXACT
DRUG_000252,twosides,CID000004885,746741,HIGH_EXACT
DRUG_000253,drugbank,DB00415,221058,HIGH_EXACT
DRUG_000254,drugbank,DB00417,7984,HIGH_EXACT
DRUG_000255,drugbank,DB00418,9624,HIGH_EXACT
DRUG_000256,drugbank,DB00419,402316,HIGH_EXACT
DRUG_000256,twosides,CID000051634,402316,HIGH_EXACT
DRUG_000257,drugbank,DB00420,8742,HIGH_EXACT
DRUG_000258,drugbank,DB00421,9997,HIGH_EXACT
DRUG_000258,twosides,CID000005267,9997,HIGH_EXACT
DRUG_000259,drugbank,DB00422,6901,HIGH_EXACT
DRUG_000260,drugbank,DB06701,352372,HIGH_EXACT
DRUG_000261,twosides,CID000004158,6901,HIGH_EXACT
DRUG_000262,drugbank,DB00423,6845,HIGH_EXACT
DRUG_000262,twosides,CID000004107,6845,HIGH_EXACT
DRUG_000263,drugbank,DB00424,153970,HIGH_EXACT
DRUG_000264,drugbank,DB00572,1223,HIGH_EXACT
DRUG_000265,twosides,CID000003661,,UNRESOLVED
DRUG_000266,drugbank,DB00425,39993,HIGH_EXACT
DRUG_000266,twosides,CID000005732,39993,HIGH_EXACT
DRUG_000267,drugbank,DB00426,68099,HIGH_EXACT
DRUG_000267,twosides,CID000003324,68099,HIGH_EXACT
DRUG_000268,drugbank,DB00427,10849,HIGH_EXACT
DRUG_000269,drugbank,DB00428,10114,HIGH_EXACT
DRUG_000270,drugbank,DB00429,20259,HIGH_EXACT
DRUG_000271,drugbank,DB00430,,UNRESOLVED
DRUG_000272,drugbank,DB00432,10803,HIGH_EXACT
DRUG_000273,drugbank,DB00433,8704,HIGH_EXACT
DRUG_000273,twosides,CID000004917,8704,HIGH_EXACT
DRUG_000274,drugbank,DB00434,3013,HIGH_EXACT
DRUG_000275,drugbank,DB00435,7442,HIGH_EXACT
DRUG_000275,twosides,CID000145068,7442,HIGH_EXACT
DRUG_000276,drugbank,DB00436,1369,HIGH_EXACT
DRUG_000277,drugbank,DB00437,519,HIGH_EXACT
DRUG_000278,drugbank,DB00438,1545984,HIGH_EXACT
DRUG_000278,twosides,CID000002650,,UNRESOLVED
DRUG_000279,drugbank,DB00440,10829,HIGH_EXACT
DRUG_000279,twosides,CID000005578,10829,HIGH_EXACT
DRUG_000280,drugbank,DB00441,12574,HIGH_EXACT
DRUG_000280,twosides,CID000003461,12574,HIGH_EXACT
DRUG_000281,drugbank,DB00442,1546027,HIGH_EXACT
DRUG_000281,twosides,CID000153941,,UNRESOLVED
DRUG_000282,drugbank,DB00443,1514,HIGH_EXACT
DRUG_000283,drugbank,DB01234,3264,HIGH_EXACT
DRUG_000284,twosides,CID000003003,,UNRESOLVED
DRUG_000285,drugbank,DB00444,10362,HIGH_EXACT
DRUG_000286,drugbank,DB00445,3995,HIGH_EXACT
DRUG_000287,drugbank,DB00446,2348,HIGH_EXACT
DRUG_000287,twosides,CID000000298,2348,HIGH_EXACT
DRUG_000288,drugbank,DB00448,17128,HIGH_EXACT
DRUG_000289,drugbank,DB05351,816346,HIGH_EXACT
DRUG_000290,twosides,CID000003883,17128,HIGH_EXACT
DRUG_000291,drugbank,DB00449,23410,HIGH_EXACT
DRUG_000292,drugbank,DB00450,3648,HIGH_EXACT
DRUG_000292,twosides,CID000003168,3648,HIGH_EXACT
DRUG_000293,drugbank,DB00451,10582,HIGH_EXACT
DRUG_000293,twosides,CID000000853,10582,HIGH_EXACT
DRUG_000294,drugbank,DB00452,4556,HIGH_EXACT
DRUG_000295,drugbank,DB00453,,UNRESOLVED
DRUG_000296,drugbank,DB00454,6754,HIGH_EXACT
DRUG_000296,twosides,CID000004058,6754,HIGH_EXACT
DRUG_000297,drugbank,DB00455,28889,HIGH_EXACT
DRUG_000297,twosides,CID000003957,28889,HIGH_EXACT
DRUG_000298,drugbank,DB00456,2236,HIGH_EXACT
DRUG_000299,drugbank,DB00457,8629,HIGH_EXACT
DRUG_000299,twosides,CID000004893,8629,HIGH_EXACT
DRUG_000300,drugbank,DB00458,5691,HIGH_EXACT
DRUG_000300,twosides,CID000003696,5691,HIGH_EXACT
DRUG_000301,drugbank,DB00459,16818,HIGH_EXACT
DRUG_000301,twosides,CID000041317,16818,HIGH_EXACT
DRUG_000302,drugbank,DB00460,118886,HIGH_EXACT
DRUG_000302,twosides,CID005362420,118886,HIGH_EXACT
DRUG_000303,drugbank,DB00461,31448,HIGH_EXACT
DRUG_000303,twosides,CID000004409,31448,HIGH_EXACT
DRUG_000304,drugbank,DB00462,56092,HIGH_EXACT
DRUG_000305,drugbank,DB00465,35827,HIGH_EXACT
DRUG_000305,twosides,CID000003826,35827,HIGH_EXACT
DRUG_000306,drugbank,DB00467,3925,HIGH_EXACT
DRUG_000307,drugbank,DB00468,9071,HIGH_EXACT
DRUG_000308,drugbank,DB00908,9068,HIGH_EXACT
DRUG_000309,twosides,CID000001065,,UNRESOLVED
DRUG_000310,drugbank,DB00469,37790,HIGH_EXACT
DRUG_000311,drugbank,DB00470,10402,HIGH_EXACT
DRUG_000311,twosides,CID000002978,10402,HIGH_EXACT
DRUG_000312,drugbank,DB00471,88249,HIGH_EXACT
DRUG_000313,drugbank,DB00472,4493,HIGH_EXACT
DRUG_000313,twosides,CID000003386,4493,HIGH_EXACT
DRUG_000314,drugbank,DB00474,6847,HIGH_EXACT
DRUG_000315,drugbank,DB00475,2356,HIGH_EXACT
DRUG_000316,drugbank,DB00476,72625,HIGH_EXACT
DRUG_000316,twosides,CID000060835,72625,HIGH_EXACT
DRUG_000317,drugbank,DB00477,2403,HIGH_EXACT
DRUG_000317,twosides,CID000002726,2403,HIGH_EXACT
DRUG_000318,drugbank,DB00479,641,HIGH_EXACT
DRUG_000318,twosides,CID000002142,641,HIGH_EXACT
DRUG_000319,drugbank,DB00480,342369,HIGH_EXACT
DRUG_000319,twosides,CID000216326,342369,HIGH_EXACT
DRUG_000320,drugbank,DB00481,72143,HIGH_EXACT
DRUG_000320,twosides,CID000005035,72143,HIGH_EXACT
DRUG_000321,drugbank,DB00482,140587,HIGH_EXACT
DRUG_000321,twosides,CID000002662,140587,HIGH_EXACT
DRUG_000322,drugbank,DB00483,4639,HIGH_EXACT
DRUG_000323,drugbank,DB00484,134615,HIGH_EXACT
DRUG_000323,twosides,CID000002435,134615,HIGH_EXACT
DRUG_000324,drugbank,DB00485,3356,HIGH_EXACT
DRUG_000325,drugbank,DB00486,31447,HIGH_EXACT
DRUG_000325,twosides,CID000039860,31447,HIGH_EXACT
DRUG_000326,drugbank,DB00487,7960,HIGH_EXACT
DRUG_000327,drugbank,DB00488,5296,HIGH_EXACT
DRUG_000328,drugbank,DB00489,9947,HIGH_EXACT
DRUG_000328,twosides,CID000005253,9947,HIGH_EXACT
DRUG_000329,drugbank,DB00490,1827,HIGH_EXACT
DRUG_000329,twosides,CID000002477,1827,HIGH_EXACT
DRUG_000330,drugbank,DB00491,30009,HIGH_EXACT
DRUG_000331,drugbank,DB00492,50166,HIGH_EXACT
DRUG_000332,drugbank,DB00493,2186,HIGH_EXACT
DRUG_000333,drugbank,DB00494,60307,HIGH_EXACT
DRUG_000333,twosides,CID004659568,60307,HIGH_EXACT
DRUG_000334,drugbank,DB00495,11413,HIGH_EXACT
DRUG_000334,twosides,CID000005726,11413,HIGH_EXACT
DRUG_000335,drugbank,DB00496,136198,HIGH_EXACT
DRUG_000335,twosides,CID000072054,136198,HIGH_EXACT
DRUG_000336,drugbank,DB00497,7804,HIGH_EXACT
DRUG_000336,twosides,CID000004635,7804,HIGH_EXACT
DRUG_000337,drugbank,DB00498,8130,HIGH_EXACT
DRUG_000338,drugbank,DB00499,4508,HIGH_EXACT
DRUG_000338,twosides,CID000003397,4508,HIGH_EXACT
DRUG_000339,drugbank,DB00500,10636,HIGH_EXACT
DRUG_000340,drugbank,DB00501,2541,HIGH_EXACT
DRUG_000340,twosides,CID000002756,2541,HIGH_EXACT
DRUG_000341,drugbank,DB00502,5093,HIGH_EXACT
DRUG_000341,twosides,CID000003559,5093,HIGH_EXACT
DRUG_000342,drugbank,DB00503,85762,HIGH_EXACT
DRUG_000342,twosides,CID000005076,85762,HIGH_EXACT
DRUG_000343,drugbank,DB00504,6370,HIGH_EXACT
DRUG_000344,drugbank,DB00508,10805,HIGH_EXACT
DRUG_000345,drugbank,DB00511,132871,HIGH_EXACT
DRUG_000346,drugbank,DB00512,11124,HIGH_EXACT
DRUG_000346,twosides,CID000005651,11124,HIGH_EXACT
DRUG_000347,drugbank,DB00513,99,HIGH_EXACT
DRUG_000347,twosides,CID000000564,99,HIGH_EXACT
DRUG_000348,drugbank,DB00514,236146,HIGH_EXACT
DRUG_000348,twosides,CID000003008,,UNRESOLVED
DRUG_000349,drugbank,DB00515,2555,HIGH_EXACT
DRUG_000350,drugbank,DB00517,17945,HIGH_EXACT
DRUG_000351,drugbank,DB00518,430,HIGH_EXACT
DRUG_000352,drugbank,DB00519,38454,HIGH_EXACT
DRUG_000352,twosides,CID000005525,38454,HIGH_EXACT
DRUG_000353,drugbank,DB00520,140108,HIGH_EXACT
DRUG_000354,drugbank,DB00521,2116,HIGH_EXACT
DRUG_000355,drugbank,DB00523,81864,HIGH_EXACT
DRUG_000356,drugbank,DB00755,10753,HIGH_EXACT
DRUG_000357,drugbank,DB00982,6064,HIGH_EXACT
DRUG_000358,twosides,CID000005538,,UNRESOLVED
DRUG_000359,drugbank,DB00524,6916,HIGH_EXACT
DRUG_000359,twosides,CID000004170,6916,HIGH_EXACT
DRUG_000360,drugbank,DB00525,10637,HIGH_EXACT
DRUG_000361,drugbank,DB00526,32592,HIGH_EXACT
DRUG_000362,drugbank,DB00527,3339,HIGH_EXACT
DRUG_000363,drugbank,DB00528,135056,HIGH_EXACT
DRUG_000364,drugbank,DB00529,33562,HIGH_EXACT
DRUG_000365,drugbank,DB00530,337525,HIGH_EXACT
DRUG_000365,twosides,CID000176870,337525,HIGH_EXACT
DRUG_000366,drugbank,DB00531,1545988,HIGH_EXACT
DRUG_000366,twosides,CID000002907,3002,HIGH_EXACT
DRUG_000367,drugbank,DB00535,25037,HIGH_EXACT
DRUG_000367,twosides,CID006398970,25037,HIGH_EXACT
DRUG_000368,drugbank,DB00537,2551,HIGH_EXACT
DRUG_000368,twosides,CID000002764,2551,HIGH_EXACT
DRUG_000369,drugbank,DB00539,38409,HIGH_EXACT
DRUG_000370,drugbank,DB00540,7531,HIGH_EXACT
DRUG_000370,twosides,CID000004543,7531,HIGH_EXACT
DRUG_000371,drugbank,DB00541,11202,HIGH_EXACT
DRUG_000371,twosides,CID000005978,11202,HIGH_EXACT
DRUG_000372,drugbank,DB00542,18867,HIGH_EXACT
DRUG_000372,twosides,CID000002311,18867,HIGH_EXACT
DRUG_000373,drugbank,DB00543,722,HIGH_EXACT
DRUG_000373,twosides,CID000002170,722,HIGH_EXACT
DRUG_000374,drugbank,DB00544,4492,HIGH_EXACT
DRUG_000374,twosides,CID000003385,4492,HIGH_EXACT
DRUG_000375,drugbank,DB00545,9000,HIGH_EXACT
DRUG_000375,twosides,CID000004991,9000,HIGH_EXACT
DRUG_000376,drugbank,DB00546,,UNRESOLVED
DRUG_000377,drugbank,DB00547,3255,HIGH_EXACT
DRUG_000378,drugbank,DB00548,18602,HIGH_EXACT
DRUG_000378,twosides,CID000002266,18602,HIGH_EXACT
DRUG_000379,drugbank,DB00549,114970,HIGH_EXACT
DRUG_000379,twosides,CID000005717,114970,HIGH_EXACT
DRUG_000380,drugbank,DB00550,8794,HIGH_EXACT
DRUG_000380,twosides,CID000657298,8794,HIGH_EXACT
DRUG_000381,drugbank,DB00551,16728,HIGH_EXACT
DRUG_000382,drugbank,DB00552,8011,HIGH_EXACT
DRUG_000383,drugbank,DB00553,6854,HIGH_EXACT
DRUG_000384,drugbank,DB00554,68115,HIGH_EXACT
DRUG_000385,drugbank,DB00555,28439,HIGH_EXACT
DRUG_000385,twosides,CID000003878,28439,HIGH_EXACT
DRUG_000386,drugbank,DB00556,283753,HIGH_EXACT
DRUG_000387,drugbank,DB00557,5553,HIGH_EXACT
DRUG_000387,twosides,CID000003658,5553,HIGH_EXACT
DRUG_000388,drugbank,DB00559,1468845,HIGH_EXACT
DRUG_000388,twosides,CID000104865,75207,HIGH_EXACT
DRUG_000389,drugbank,DB00560,384455,HIGH_EXACT
DRUG_000390,drugbank,DB00561,3637,HIGH_EXACT
DRUG_000391,drugbank,DB00562,19008,HIGH_EXACT
DRUG_000392,drugbank,DB00563,6851,HIGH_EXACT
DRUG_000392,twosides,CID000004112,6851,HIGH_EXACT
DRUG_000393,drugbank,DB00564,2002,HIGH_EXACT
DRUG_000393,twosides,CID000002554,2002,HIGH_EXACT
DRUG_000394,drugbank,DB00565,319864,HIGH_EXACT
DRUG_000395,drugbank,DB00567,1299782,HIGH_EXACT
DRUG_000395,twosides,CID000002666,,UNRESOLVED
DRUG_000396,drugbank,DB00568,2549,HIGH_EXACT
DRUG_000397,drugbank,DB00569,321208,HIGH_EXACT
DRUG_000397,twosides,CID000163742,321208,HIGH_EXACT
DRUG_000398,drugbank,DB00570,11198,HIGH_EXACT
DRUG_000398,twosides,CID000013342,11198,HIGH_EXACT
DRUG_000399,drugbank,DB00571,8787,HIGH_EXACT
DRUG_000399,twosides,CID000004946,8787,HIGH_EXACT
DRUG_000400,drugbank,DB00573,4331,HIGH_EXACT
DRUG_000401,drugbank,DB00575,2599,HIGH_EXACT
DRUG_000401,twosides,CID000002803,2599,HIGH_EXACT
DRUG_000402,drugbank,DB00576,10179,HIGH_EXACT
DRUG_000403,drugbank,DB00577,73645,HIGH_EXACT
DRUG_000403,twosides,CID000005647,73645,HIGH_EXACT
DRUG_000404,drugbank,DB00578,2015,HIGH_EXACT
DRUG_000405,drugbank,DB00581,6218,HIGH_EXACT
DRUG_000406,drugbank,DB00582,121243,HIGH_EXACT
DRUG_000406,twosides,CID000071616,121243,HIGH_EXACT
DRUG_000407,drugbank,DB00583,42955,HIGH_EXACT
DRUG_000408,drugbank,DB00584,3827,HIGH_EXACT
DRUG_000408,twosides,CID000003222,3827,HIGH_EXACT
DRUG_000409,drugbank,DB00585,42319,HIGH_EXACT
DRUG_000409,twosides,CID000004513,42319,HIGH_EXACT
DRUG_000410,drugbank,DB00586,3355,HIGH_EXACT
DRUG_000411,drugbank,DB00588,50121,HIGH_EXACT
DRUG_000412,drugbank,DB00589,6446,HIGH_EXACT
DRUG_000413,drugbank,DB00590,49276,HIGH_EXACT
DRUG_000413,twosides,CID000003157,49276,HIGH_EXACT
DRUG_000414,drugbank,DB00591,4461,HIGH_EXACT
DRUG_000414,twosides,CID000003381,4461,HIGH_EXACT
DRUG_000415,drugbank,DB00592,8340,HIGH_EXACT
DRUG_000416,drugbank,DB00593,4135,HIGH_EXACT
DRUG_000416,twosides,CID000003291,4135,HIGH_EXACT
DRUG_000417,drugbank,DB00594,644,HIGH_EXACT
DRUG_000417,twosides,CID000016231,644,HIGH_EXACT
DRUG_000418,drugbank,DB00595,1545999,HIGH_EXACT
DRUG_000419,drugbank,DB00596,41208,HIGH_EXACT
DRUG_000420,drugbank,DB00598,6185,HIGH_EXACT
DRUG_000420,twosides,CID000003869,6185,HIGH_EXACT
DRUG_000421,drugbank,DB00599,10493,HIGH_EXACT
DRUG_000422,drugbank,DB00601,190376,HIGH_EXACT
DRUG_000422,twosides,CID000003929,190376,HIGH_EXACT
DRUG_000423,drugbank,DB00602,6069,HIGH_EXACT
DRUG_000423,twosides,CID006435110,6069,HIGH_EXACT
DRUG_000424,drugbank,DB00603,1000112,HIGH_EXACT
DRUG_000425,drugbank,DB00604,35255,HIGH_EXACT
DRUG_000426,drugbank,DB00605,10237,HIGH_EXACT
DRUG_000426,twosides,CID000005352,10237,HIGH_EXACT
DRUG_000427,drugbank,DB00606,22033,HIGH_EXACT
DRUG_000428,drugbank,DB00607,7233,HIGH_EXACT
DRUG_000429,drugbank,DB00608,2393,HIGH_EXACT
DRUG_000429,twosides,CID000002719,2393,HIGH_EXACT
DRUG_000430,drugbank,DB00609,4127,HIGH_EXACT
DRUG_000431,drugbank,DB00610,6805,HIGH_EXACT
DRUG_000432,drugbank,DB00611,1841,HIGH_EXACT
DRUG_000432,twosides,CID000002487,1841,HIGH_EXACT
DRUG_000433,drugbank,DB00612,19484,HIGH_EXACT
DRUG_000433,twosides,CID000002405,19484,HIGH_EXACT
DRUG_000434,drugbank,DB00613,720,HIGH_EXACT
DRUG_000435,drugbank,DB00614,4601,HIGH_EXACT
DRUG_000436,drugbank,DB00615,55672,HIGH_EXACT
DRUG_000437,drugbank,DB00617,32894,HIGH_EXACT
DRUG_000438,drugbank,DB00618,3154,HIGH_EXACT
DRUG_000439,drugbank,DB00619,282388,HIGH_EXACT
DRUG_000439,twosides,CID000005291,282388,HIGH_EXACT
DRUG_000440,drugbank,DB00620,10759,HIGH_EXACT
DRUG_000440,twosides,CID000005544,10759,HIGH_EXACT
DRUG_000441,drugbank,DB00621,7779,HIGH_EXACT
DRUG_000441,twosides,CID000005878,7779,HIGH_EXACT
DRUG_000442,drugbank,DB00622,7396,HIGH_EXACT
DRUG_000443,drugbank,DB00623,4496,HIGH_EXACT
DRUG_000443,twosides,CID000003372,4496,HIGH_EXACT
DRUG_000444,drugbank,DB00624,10379,HIGH_EXACT
DRUG_000444,twosides,CID000005408,10379,HIGH_EXACT
DRUG_000445,drugbank,DB00625,195085,HIGH_EXACT
DRUG_000445,twosides,CID000003203,195085,HIGH_EXACT
DRUG_000446,drugbank,DB00626,1291,HIGH_EXACT
DRUG_000447,drugbank,DB00627,7393,HIGH_EXACT
DRUG_000448,drugbank,DB00628,2353,HIGH_EXACT
DRUG_000449,drugbank,DB00629,5033,HIGH_EXACT
DRUG_000450,drugbank,DB00630,236083,HIGH_EXACT
DRUG_000450,twosides,CID000002088,236083,HIGH_EXACT
DRUG_000451,drugbank,DB00631,44151,HIGH_EXACT
DRUG_000451,twosides,CID000119182,44151,HIGH_EXACT
DRUG_000452,drugbank,DB00633,48937,HIGH_EXACT
DRUG_000453,drugbank,DB00634,10169,HIGH_EXACT
DRUG_000454,drugbank,DB00635,8640,HIGH_EXACT
DRUG_000454,twosides,CID000004900,8640,HIGH_EXACT
DRUG_000455,drugbank,DB00636,2594,HIGH_EXACT
DRUG_000456,drugbank,DB00637,42328,HIGH_EXACT
DRUG_000457,drugbank,DB00639,19884,HIGH_EXACT
DRUG_000458,drugbank,DB00640,296,HIGH_EXACT
DRUG_000458,twosides,CID000000191,296,HIGH_EXACT
DRUG_000459,drugbank,DB00641,36567,HIGH_EXACT
DRUG_000459,twosides,CID000054454,36567,HIGH_EXACT
DRUG_000460,drugbank,DB00642,68446,HIGH_EXACT
DRUG_000460,twosides,CID000060843,68446,HIGH_EXACT
DRUG_000461,drugbank,DB00643,6672,HIGH_EXACT
DRUG_000462,drugbank,DB00645,23744,HIGH_EXACT
DRUG_000463,drugbank,DB00646,7597,HIGH_EXACT
DRUG_000464,drugbank,DB00647,8785,HIGH_EXACT
DRUG_000465,drugbank,DB00648,7004,HIGH_EXACT
DRUG_000465,twosides,CID000004211,7004,HIGH_EXACT
DRUG_000466,drugbank,DB00649,59763,HIGH_EXACT
DRUG_000466,twosides,CID000005155,59763,HIGH_EXACT
DRUG_000467,drugbank,DB00650,6313,HIGH_EXACT
DRUG_000468,drugbank,DB00651,3714,HIGH_EXACT
DRUG_000469,drugbank,DB00652,8001,HIGH_EXACT
DRUG_000469,twosides,CID000004736,8001,HIGH_EXACT
DRUG_000470,drugbank,DB00653,1311625,HIGH_EXACT
DRUG_000471,drugbank,DB00654,43611,HIGH_EXACT
DRUG_000471,twosides,CID000003890,43611,HIGH_EXACT
DRUG_000472,drugbank,DB00655,4103,HIGH_EXACT
DRUG_000473,drugbank,DB00656,10737,HIGH_EXACT
DRUG_000473,twosides,CID000005533,10737,HIGH_EXACT
DRUG_000474,drugbank,DB00657,6673,HIGH_EXACT
DRUG_000475,drugbank,DB00658,214824,HIGH_EXACT
DRUG_000475,twosides,CID003085017,214824,HIGH_EXACT
DRUG_000476,drugbank,DB00660,59078,HIGH_EXACT
DRUG_000477,drugbank,DB00661,11170,HIGH_EXACT
DRUG_000477,twosides,CID000002520,11170,HIGH_EXACT
DRUG_000478,drugbank,DB00662,38685,HIGH_EXACT
DRUG_000479,drugbank,DB00663,4458,HIGH_EXACT
DRUG_000480,drugbank,DB00664,10175,HIGH_EXACT
DRUG_000481,drugbank,DB00665,31805,HIGH_EXACT
DRUG_000482,drugbank,DB00666,28656,HIGH_EXACT
DRUG_000483,drugbank,DB00668,3992,HIGH_EXACT
DRUG_000483,twosides,CID000000838,3992,HIGH_EXACT
DRUG_000484,drugbank,DB00669,37418,HIGH_EXACT
DRUG_000484,twosides,CID000005358,37418,HIGH_EXACT
DRUG_000485,drugbank,DB00670,8352,HIGH_EXACT
DRUG_000486,drugbank,DB00671,1546021,HIGH_EXACT
DRUG_000486,twosides,CID000002675,,UNRESOLVED
DRUG_000487,drugbank,DB00672,2404,HIGH_EXACT
DRUG_000487,twosides,CID000002727,2404,HIGH_EXACT
DRUG_000488,drugbank,DB00673,358255,HIGH_EXACT
DRUG_000489,drugbank,DB00674,4637,HIGH_EXACT
DRUG_000489,twosides,CID000003449,4637,HIGH_EXACT
DRUG_000490,drugbank,DB00675,10324,HIGH_EXACT
DRUG_000490,twosides,CID000005376,10324,HIGH_EXACT
DRUG_000491,drugbank,DB00677,6027,HIGH_EXACT
DRUG_000492,drugbank,DB00678,52175,HIGH_EXACT
DRUG_000492,twosides,CID000003961,52175,HIGH_EXACT
DRUG_000493,drugbank,DB00679,10502,HIGH_EXACT
DRUG_000494,drugbank,DB00680,40169,HIGH_EXACT
DRUG_000495,drugbank,DB00681,236594,HIGH_EXACT
DRUG_000495,twosides,CID000001972,,UNRESOLVED
DRUG_000496,drugbank,DB00682,11289,HIGH_EXACT
DRUG_000497,drugbank,DB00683,6960,HIGH_EXACT
DRUG_000497,twosides,CID000004192,6960,HIGH_EXACT
DRUG_000498,drugbank,DB00684,10627,HIGH_EXACT
DRUG_000498,twosides,CID000005496,10627,HIGH_EXACT
DRUG_000499,drugbank,DB00685,115552,HIGH_EXACT
DRUG_000500,drugbank,DB00686,155046,HIGH_EXACT
DRUG_000501,drugbank,DB00687,4452,HIGH_EXACT
DRUG_000502,drugbank,DB00688,68149,HIGH_EXACT
DRUG_000503,drugbank,DB00689,,UNRESOLVED
DRUG_000504,drugbank,DB00690,4501,HIGH_EXACT
DRUG_000504,twosides,CID000003393,4501,HIGH_EXACT
DRUG_000505,drugbank,DB00691,30131,HIGH_EXACT
DRUG_000505,twosides,CID000091270,30131,HIGH_EXACT
DRUG_000506,drugbank,DB00692,8153,HIGH_EXACT
DRUG_000507,drugbank,DB00694,214468,HIGH_EXACT
DRUG_000508,drugbank,DB00695,4603,HIGH_EXACT
DRUG_000508,twosides,CID000003440,4603,HIGH_EXACT
DRUG_000509,drugbank,DB00696,4025,HIGH_EXACT
DRUG_000510,drugbank,DB00697,57258,HIGH_EXACT
DRUG_000510,twosides,CID000005487,57258,HIGH_EXACT
DRUG_000511,drugbank,DB00698,235559,HIGH_EXACT
DRUG_000511,twosides,CID000004509,,UNRESOLVED
DRUG_000512,drugbank,DB00699,7398,HIGH_EXACT
DRUG_000513,drugbank,DB00700,298869,HIGH_EXACT
DRUG_000513,twosides,CID000150310,298869,HIGH_EXACT
DRUG_000514,drugbank,DB00701,228656,HIGH_EXACT
DRUG_000514,twosides,CID000002177,228656,HIGH_EXACT
DRUG_000515,drugbank,DB00703,6826,HIGH_EXACT
DRUG_000516,drugbank,DB00704,7243,HIGH_EXACT
DRUG_000516,twosides,CID000004428,7243,HIGH_EXACT
DRUG_000517,drugbank,DB00705,83816,HIGH_EXACT
DRUG_000518,drugbank,DB00706,77492,HIGH_EXACT
DRUG_000518,twosides,CID000060147,77492,HIGH_EXACT
DRUG_000519,drugbank,DB00708,56795,HIGH_EXACT
DRUG_000519,twosides,CID000041693,56795,HIGH_EXACT
DRUG_000520,drugbank,DB00709,68244,HIGH_EXACT
DRUG_000520,twosides,CID000003877,68244,HIGH_EXACT
DRUG_000521,drugbank,DB00710,115264,HIGH_EXACT
DRUG_000521,twosides,CID000060852,115264,HIGH_EXACT
DRUG_000522,drugbank,DB00711,3384,HIGH_EXACT
DRUG_000523,drugbank,DB00712,4502,HIGH_EXACT
DRUG_000523,twosides,CID000003394,4502,HIGH_EXACT
DRUG_000524,drugbank,DB00713,7773,HIGH_EXACT
DRUG_000525,drugbank,DB00714,1043,HIGH_EXACT
DRUG_000525,twosides,CID000002215,1043,HIGH_EXACT
DRUG_000526,drugbank,DB00715,32937,HIGH_EXACT
DRUG_000526,twosides,CID000004691,32937,HIGH_EXACT
DRUG_000527,drugbank,DB00717,7514,HIGH_EXACT
DRUG_000527,twosides,CID000004536,7514,HIGH_EXACT
DRUG_000528,drugbank,DB00718,141400,HIGH_EXACT
DRUG_000528,twosides,CID000060871,141400,HIGH_EXACT
DRUG_000529,drugbank,DB00719,18600,HIGH_EXACT
DRUG_000530,drugbank,DB00720,3350,HIGH_EXACT
DRUG_000531,drugbank,DB00721,8701,HIGH_EXACT
DRUG_000532,drugbank,DB00722,1546022,HIGH_EXACT
DRUG_000532,twosides,CID000003937,,UNRESOLVED
DRUG_000533,drugbank,DB00723,6853,HIGH_EXACT
DRUG_000534,drugbank,DB00724,59943,HIGH_EXACT
DRUG_000534,twosides,CID000057469,59943,HIGH_EXACT
DRUG_000535,drugbank,DB00726,10834,HIGH_EXACT
DRUG_000535,twosides,CID000005584,10834,HIGH_EXACT
DRUG_000536,drugbank,DB00727,4917,HIGH_EXACT
DRUG_000536,twosides,CID000004510,4917,HIGH_EXACT
DRUG_000537,drugbank,DB00728,68139,HIGH_EXACT
DRUG_000537,twosides,CID000060696,68139,HIGH_EXACT
DRUG_000538,drugbank,DB00730,10450,HIGH_EXACT
DRUG_000539,drugbank,DB00731,274332,HIGH_EXACT
DRUG_000540,drugbank,DB00732,1219,HIGH_EXACT
DRUG_000541,drugbank,DB13450,,UNRESOLVED
DRUG_000542,twosides,CID000047320,1219,HIGH_EXACT
DRUG_000543,drugbank,DB00734,35636,HIGH_EXACT
DRUG_000543,twosides,CID000005073,35636,HIGH_EXACT
DRUG_000544,drugbank,DB00735,31476,HIGH_EXACT
DRUG_000545,drugbank,DB00736,283742,HIGH_EXACT
DRUG_000546,drugbank,DB00737,6676,HIGH_EXACT
DRUG_000546,twosides,CID000004034,6676,HIGH_EXACT
DRUG_000547,drugbank,DB00738,7994,HIGH_EXACT
DRUG_000548,drugbank,DB00740,35623,HIGH_EXACT
DRUG_000548,twosides,CID000005070,35623,HIGH_EXACT
DRUG_000549,drugbank,DB00741,5492,HIGH_EXACT
DRUG_000549,twosides,CID000003640,5492,HIGH_EXACT
DRUG_000550,drugbank,DB00742,6628,HIGH_EXACT
DRUG_000550,twosides,CID000000453,6628,HIGH_EXACT
DRUG_000551,drugbank,DB00743,692620,HIGH_EXACT
DRUG_000552,drugbank,DB00744,40575,HIGH_EXACT
DRUG_000553,drugbank,DB00745,30125,HIGH_EXACT
DRUG_000554,drugbank,DB06413,30125,HIGH_EXACT
DRUG_000555,twosides,CID000004236,30125,HIGH_EXACT
DRUG_000556,drugbank,DB00746,3131,HIGH_EXACT
DRUG_000556,twosides,CID000002973,3131,HIGH_EXACT
DRUG_000557,drugbank,DB00747,9601,HIGH_EXACT
DRUG_000557,twosides,CID000005184,,UNRESOLVED
DRUG_000558,drugbank,DB00748,20220,HIGH_EXACT
DRUG_000559,drugbank,DB00749,24605,HIGH_EXACT
DRUG_000559,twosides,CID000003308,24605,HIGH_EXACT
DRUG_000560,drugbank,DB00750,8686,HIGH_EXACT
DRUG_000561,drugbank,DB00751,39684,HIGH_EXACT
DRUG_000562,drugbank,DB00752,10734,HIGH_EXACT
DRUG_000562,twosides,CID000005530,10734,HIGH_EXACT
DRUG_000563,drugbank,DB00753,6026,HIGH_EXACT
DRUG_000563,twosides,CID000003763,6026,HIGH_EXACT
DRUG_000564,drugbank,DB00754,4136,HIGH_EXACT
DRUG_000565,drugbank,DB00757,68091,HIGH_EXACT
DRUG_000565,twosides,CID000003148,68091,HIGH_EXACT
DRUG_000566,drugbank,DB00758,32968,HIGH_EXACT
DRUG_000566,twosides,CID000002806,32968,HIGH_EXACT
DRUG_000567,drugbank,DB00759,10395,HIGH_EXACT
DRUG_000568,drugbank,DB00760,1546029,HIGH_EXACT
DRUG_000569,drugbank,DB00761,8591,HIGH_EXACT
DRUG_000569,twosides,CID000004873,8591,HIGH_EXACT
DRUG_000570,drugbank,DB00762,51499,HIGH_EXACT
DRUG_000570,twosides,CID000003750,51499,HIGH_EXACT
DRUG_000571,drugbank,DB00763,6835,HIGH_EXACT
DRUG_000571,twosides,CID001349907,6835,HIGH_EXACT
DRUG_000572,drugbank,DB00764,108118,HIGH_EXACT
DRUG_000572,twosides,CID000123620,108118,HIGH_EXACT
DRUG_000573,drugbank,DB00765,266604,HIGH_EXACT
DRUG_000574,drugbank,DB00766,21216,HIGH_EXACT
DRUG_000575,drugbank,DB00768,135391,HIGH_EXACT
DRUG_000575,twosides,CID000060865,135391,HIGH_EXACT
DRUG_000576,drugbank,DB00769,,UNRESOLVED
DRUG_000577,drugbank,DB00770,598,HIGH_EXACT
DRUG_000577,twosides,CID000000214,598,HIGH_EXACT
DRUG_000578,drugbank,DB00771,21232,HIGH_EXACT
DRUG_000579,drugbank,DB00772,6606,HIGH_EXACT
DRUG_000580,drugbank,DB00773,4179,HIGH_EXACT
DRUG_000580,twosides,CID000003310,4179,HIGH_EXACT
DRUG_000581,drugbank,DB00774,5495,HIGH_EXACT
DRUG_000582,drugbank,DB00775,73137,HIGH_EXACT
DRUG_000582,twosides,CID000005486,73137,HIGH_EXACT
DRUG_000583,drugbank,DB00776,32624,HIGH_EXACT
DRUG_000583,twosides,CID000034312,32624,HIGH_EXACT
DRUG_000584,drugbank,DB00778,9478,HIGH_EXACT
DRUG_000585,drugbank,DB00779,7240,HIGH_EXACT
DRUG_000586,drugbank,DB00780,8123,HIGH_EXACT
DRUG_000586,twosides,CID000003675,8123,HIGH_EXACT
DRUG_000587,drugbank,DB00781,8536,HIGH_EXACT
DRUG_000588,drugbank,DB00782,8761,HIGH_EXACT
DRUG_000589,drugbank,DB00783,4083,HIGH_EXACT
DRUG_000589,twosides,CID000000450,4083,HIGH_EXACT
DRUG_000590,drugbank,DB00784,6693,HIGH_EXACT
DRUG_000590,twosides,CID000004044,6693,HIGH_EXACT
DRUG_000591,drugbank,DB00787,281,HIGH_EXACT
DRUG_000591,twosides,CID000002022,281,HIGH_EXACT
DRUG_000592,drugbank,DB00788,7258,HIGH_EXACT
DRUG_000592,twosides,CID000001302,7258,HIGH_EXACT
DRUG_000593,drugbank,DB00790,54552,HIGH_EXACT
DRUG_000593,twosides,CID000060184,54552,HIGH_EXACT
DRUG_000594,drugbank,DB00791,10996,HIGH_EXACT
DRUG_000595,drugbank,DB00792,10847,HIGH_EXACT
DRUG_000596,drugbank,DB00793,26422,HIGH_EXACT
DRUG_000597,drugbank,DB00794,8691,HIGH_EXACT
DRUG_000597,twosides,CID000004909,8691,HIGH_EXACT
DRUG_000598,drugbank,DB00795,9524,HIGH_EXACT
DRUG_000599,drugbank,DB00796,135481,HIGH_EXACT
DRUG_000600,drugbank,DB00797,10634,HIGH_EXACT
DRUG_000601,drugbank,DB00798,1596450,HIGH_EXACT
DRUG_000601,twosides,CID000003467,1596450,HIGH_EXACT
DRUG_000602,drugbank,DB00799,83947,HIGH_EXACT
DRUG_000602,twosides,CID000005381,83947,HIGH_EXACT
DRUG_000603,drugbank,DB00800,24853,HIGH_EXACT
DRUG_000604,drugbank,DB00801,26412,HIGH_EXACT
DRUG_000605,drugbank,DB00802,480,HIGH_EXACT
DRUG_000605,twosides,CID000051263,480,HIGH_EXACT
DRUG_000606,drugbank,DB00803,2709,HIGH_EXACT
DRUG_000607,drugbank,DB00804,3361,HIGH_EXACT
DRUG_000607,twosides,CID000003042,3361,HIGH_EXACT
DRUG_000608,drugbank,DB00805,30031,HIGH_EXACT
DRUG_000609,drugbank,DB00806,8013,HIGH_EXACT
DRUG_000609,twosides,CID000004740,8013,HIGH_EXACT
DRUG_000610,drugbank,DB00807,34905,HIGH_EXACT
DRUG_000611,drugbank,DB00808,5764,HIGH_EXACT
DRUG_000611,twosides,CID000003702,5764,HIGH_EXACT
DRUG_000612,drugbank,DB00809,10869,HIGH_EXACT
DRUG_000612,twosides,CID000005593,10869,HIGH_EXACT
DRUG_000613,drugbank,DB00810,1589,HIGH_EXACT
DRUG_000614,drugbank,DB00811,9344,HIGH_EXACT
DRUG_000614,twosides,CID000005064,9344,HIGH_EXACT
DRUG_000615,drugbank,DB00812,8160,HIGH_EXACT
DRUG_000616,drugbank,DB00813,4337,HIGH_EXACT
DRUG_000616,twosides,CID000003345,4337,HIGH_EXACT
DRUG_000617,drugbank,DB00814,41493,HIGH_EXACT
DRUG_000618,drugbank,DB00816,7688,HIGH_EXACT
DRUG_000619,drugbank,DB00817,35797,HIGH_EXACT
DRUG_000620,drugbank,DB00818,8782,HIGH_EXACT
DRUG_000620,twosides,CID000004943,8782,HIGH_EXACT
DRUG_000621,drugbank,DB00819,167,HIGH_EXACT
DRUG_000621,twosides,CID000001986,167,HIGH_EXACT
DRUG_000622,drugbank,DB00820,358263,HIGH_EXACT
DRUG_000622,twosides,CID000110635,358263,HIGH_EXACT
DRUG_000623,drugbank,DB00821,20343,HIGH_EXACT
DRUG_000624,drugbank,DB00822,3554,HIGH_EXACT
DRUG_000624,twosides,CID000003117,3554,HIGH_EXACT
DRUG_000625,drugbank,DB00823,4170,HIGH_EXACT
DRUG_000626,drugbank,DB00826,7268,HIGH_EXACT
DRUG_000627,drugbank,DB00827,2550,HIGH_EXACT
DRUG_000628,drugbank,DB00828,4550,HIGH_EXACT
DRUG_000629,drugbank,DB00829,3322,HIGH_EXACT
DRUG_000629,twosides,CID000003016,3322,HIGH_EXACT
DRUG_000630,drugbank,DB00830,8133,HIGH_EXACT
DRUG_000631,drugbank,DB00831,10800,HIGH_EXACT
DRUG_000632,drugbank,DB00832,33309,HIGH_EXACT
DRUG_000633,drugbank,DB00833,1450910,HIGH_EXACT
DRUG_000633,twosides,CID000002609,,UNRESOLVED
DRUG_000634,drugbank,DB00834,6964,HIGH_EXACT
DRUG_000635,drugbank,DB00835,1767,HIGH_EXACT
DRUG_000636,drugbank,DB00836,6468,HIGH_EXACT
DRUG_000637,drugbank,DB00837,,UNRESOLVED
DRUG_000638,drugbank,DB00838,21249,HIGH_EXACT
DRUG_000639,drugbank,DB00839,10633,HIGH_EXACT
DRUG_000640,drugbank,DB00841,3616,HIGH_EXACT
DRUG_000640,twosides,CID000036811,3616,HIGH_EXACT
DRUG_000641,drugbank,DB00842,7781,HIGH_EXACT
DRUG_000641,twosides,CID000004616,7781,HIGH_EXACT
DRUG_000642,drugbank,DB00843,135447,HIGH_EXACT
DRUG_000642,twosides,CID000003152,135447,HIGH_EXACT
DRUG_000643,drugbank,DB00844,7238,HIGH_EXACT
DRUG_000643,twosides,CID000004419,7238,HIGH_EXACT
DRUG_000644,drugbank,DB00845,2592,HIGH_EXACT
DRUG_000645,drugbank,DB00846,4500,HIGH_EXACT
DRUG_000646,drugbank,DB00847,3022,HIGH_EXACT
DRUG_000647,drugbank,DB00849,6758,HIGH_EXACT
DRUG_000648,drugbank,DB00850,8076,HIGH_EXACT
DRUG_000648,twosides,CID000004748,8076,HIGH_EXACT
DRUG_000649,drugbank,DB00851,3098,HIGH_EXACT
DRUG_000650,drugbank,DB00852,407885,HIGH_EXACT
DRUG_000651,drugbank,DB00853,37776,HIGH_EXACT
DRUG_000651,twosides,CID000005394,37776,HIGH_EXACT
DRUG_000652,drugbank,DB00854,6378,HIGH_EXACT
DRUG_000653,drugbank,DB00855,683,HIGH_EXACT
DRUG_000654,drugbank,DB00856,2399,HIGH_EXACT
DRUG_000655,drugbank,DB00857,37801,HIGH_EXACT
DRUG_000655,twosides,CID000005402,37801,HIGH_EXACT
DRUG_000656,drugbank,DB00859,7975,HIGH_EXACT
DRUG_000656,twosides,CID000004727,7975,HIGH_EXACT
DRUG_000657,drugbank,DB00860,8638,HIGH_EXACT
DRUG_000657,twosides,CID000004894,8638,HIGH_EXACT
DRUG_000658,drugbank,DB00861,3393,HIGH_EXACT
DRUG_000658,twosides,CID000003059,3393,HIGH_EXACT
DRUG_000659,drugbank,DB00862,306674,HIGH_EXACT
DRUG_000659,twosides,CID000110634,306674,HIGH_EXACT
DRUG_000660,drugbank,DB00863,9143,HIGH_EXACT
DRUG_000660,twosides,CID000005039,9143,HIGH_EXACT
DRUG_000661,drugbank,DB00864,235991,HIGH_EXACT
DRUG_000661,twosides,CID000005372,,UNRESOLVED
DRUG_000662,drugbank,DB00865,1422,HIGH_EXACT
DRUG_000663,drugbank,DB00866,597,HIGH_EXACT
DRUG_000664,drugbank,DB00867,9392,HIGH_EXACT
DRUG_000665,drugbank,DB00869,60207,HIGH_EXACT
DRUG_000665,twosides,CID000003154,60207,HIGH_EXACT
DRUG_000666,drugbank,DB00870,10255,HIGH_EXACT
DRUG_000667,drugbank,DB00871,10368,HIGH_EXACT
DRUG_000668,drugbank,DB00872,302285,HIGH_EXACT
DRUG_000669,drugbank,DB00873,237027,HIGH_EXACT
DRUG_000670,drugbank,DB00875,4495,HIGH_EXACT
DRUG_000671,drugbank,DB00876,83515,HIGH_EXACT
DRUG_000672,drugbank,DB00877,35302,HIGH_EXACT
DRUG_000672,twosides,CID000005040,35302,HIGH_EXACT
DRUG_000673,drugbank,DB00879,276237,HIGH_EXACT
DRUG_000673,twosides,CID000060877,276237,HIGH_EXACT
DRUG_000674,drugbank,DB00880,2396,HIGH_EXACT
DRUG_000674,twosides,CID000002720,2396,HIGH_EXACT
DRUG_000675,drugbank,DB00881,35208,HIGH_EXACT
DRUG_000675,twosides,CID000005005,35208,HIGH_EXACT
DRUG_000676,drugbank,DB00882,2596,HIGH_EXACT
DRUG_000676,twosides,CID000002800,2596,HIGH_EXACT
DRUG_000677,drugbank,DB00883,6058,HIGH_EXACT
DRUG_000677,twosides,CID000003780,6058,HIGH_EXACT
DRUG_000678,drugbank,DB00884,55685,HIGH_EXACT
DRUG_000678,twosides,CID000005245,73056,HIGH_EXACT
DRUG_000679,drugbank,DB00885,19551,HIGH_EXACT
DRUG_000680,drugbank,DB00887,1808,HIGH_EXACT
DRUG_000680,twosides,CID000002471,1808,HIGH_EXACT
DRUG_000681,drugbank,DB00888,6674,HIGH_EXACT
DRUG_000682,drugbank,DB00889,26237,HIGH_EXACT
DRUG_000682,twosides,CID000003510,26237,HIGH_EXACT
DRUG_000683,drugbank,DB00890,3368,HIGH_EXACT
DRUG_000684,drugbank,DB00891,10188,HIGH_EXACT
DRUG_000685,drugbank,DB00892,18889,HIGH_EXACT
DRUG_000686,drugbank,DB00894,10378,HIGH_EXACT
DRUG_000687,drugbank,DB00896,55681,HIGH_EXACT
DRUG_000688,drugbank,DB00897,10767,HIGH_EXACT
DRUG_000688,twosides,CID000005556,10767,HIGH_EXACT
DRUG_000689,drugbank,DB00898,1310469,HIGH_EXACT
DRUG_000690,drugbank,DB00899,73032,HIGH_EXACT
DRUG_000690,twosides,CID000060815,73032,HIGH_EXACT
DRUG_000691,drugbank,DB00900,3364,HIGH_EXACT
DRUG_000691,twosides,CID000003043,3364,HIGH_EXACT
DRUG_000692,drugbank,DB00903,4109,HIGH_EXACT
DRUG_000692,twosides,CID000003278,4109,HIGH_EXACT
DRUG_000693,drugbank,DB00904,26225,HIGH_EXACT
DRUG_000693,twosides,CID000004595,26225,HIGH_EXACT
DRUG_000694,drugbank,DB00905,283810,HIGH_EXACT
DRUG_000694,twosides,CID005311027,283810,HIGH_EXACT
DRUG_000695,drugbank,DB00906,31914,HIGH_EXACT
DRUG_000695,twosides,CID000005466,31914,HIGH_EXACT
DRUG_000696,drugbank,DB00907,2653,HIGH_EXACT
DRUG_000697,drugbank,DB00909,39998,HIGH_EXACT
DRUG_000697,twosides,CID000005734,39998,HIGH_EXACT
DRUG_000698,drugbank,DB00910,73710,HIGH_EXACT
DRUG_000698,twosides,CID005281104,73710,HIGH_EXACT
DRUG_000699,drugbank,DB00911,10612,HIGH_EXACT
DRUG_000700,drugbank,DB00912,73044,HIGH_EXACT
DRUG_000700,twosides,CID000004547,73044,HIGH_EXACT
DRUG_000701,drugbank,DB00914,8129,HIGH_EXACT
DRUG_000702,drugbank,DB00915,620,HIGH_EXACT
DRUG_000702,twosides,CID000002130,620,HIGH_EXACT
DRUG_000703,drugbank,DB00916,6922,HIGH_EXACT
DRUG_000703,twosides,CID000004173,6922,HIGH_EXACT
DRUG_000704,drugbank,DB00917,3478,HIGH_EXACT
DRUG_000704,twosides,CID000000158,3478,HIGH_EXACT
DRUG_000705,drugbank,DB00918,279645,HIGH_EXACT
DRUG_000705,twosides,CID000123606,279645,HIGH_EXACT
DRUG_000706,drugbank,DB00919,270,HIGH_EXACT
DRUG_000707,drugbank,DB00920,6146,HIGH_EXACT
DRUG_000707,twosides,CID000003827,6146,HIGH_EXACT
DRUG_000708,drugbank,DB00921,1819,HIGH_EXACT
DRUG_000708,twosides,CID000002476,1819,HIGH_EXACT
DRUG_000709,drugbank,DB00922,73107,HIGH_EXACT
DRUG_000710,drugbank,DB00923,20486,HIGH_EXACT
DRUG_000711,drugbank,DB00924,21949,HIGH_EXACT
DRUG_000711,twosides,CID000002895,21949,HIGH_EXACT
DRUG_000712,drugbank,DB00925,8149,HIGH_EXACT
DRUG_000713,drugbank,DB00927,4278,HIGH_EXACT
DRUG_000713,twosides,CID000003325,4278,HIGH_EXACT
DRUG_000714,drugbank,DB00928,1251,HIGH_EXACT
DRUG_000715,drugbank,DB00929,42331,HIGH_EXACT
DRUG_000715,twosides,CID004183806,42331,HIGH_EXACT
DRUG_000716,drugbank,DB00931,6812,HIGH_EXACT
DRUG_000717,drugbank,DB00932,190548,HIGH_EXACT
DRUG_000718,drugbank,DB00933,6779,HIGH_EXACT
DRUG_000719,drugbank,DB00934,6646,HIGH_EXACT
DRUG_000719,twosides,CID000004011,6646,HIGH_EXACT
DRUG_000720,drugbank,DB00935,7812,HIGH_EXACT
DRUG_000721,drugbank,DB00936,9525,HIGH_EXACT
DRUG_000722,drugbank,DB00937,3389,HIGH_EXACT
DRUG_000723,drugbank,DB00938,36117,HIGH_EXACT
DRUG_000723,twosides,CID000005152,36117,HIGH_EXACT
DRUG_000724,drugbank,DB00939,588003,HIGH_EXACT
DRUG_000725,drugbank,DB00940,6821,HIGH_EXACT
DRUG_000726,drugbank,DB00943,3363,HIGH_EXACT
DRUG_000727,drugbank,DB00944,107771,HIGH_EXACT
DRUG_000728,drugbank,DB00945,1191,HIGH_EXACT
DRUG_000728,twosides,CID000002244,1191,HIGH_EXACT
DRUG_000729,drugbank,DB00946,8150,HIGH_EXACT
DRUG_000730,drugbank,DB00947,282357,HIGH_EXACT
DRUG_000730,twosides,CID000104741,282357,HIGH_EXACT
DRUG_000731,drugbank,DB00948,6927,HIGH_EXACT
DRUG_000732,drugbank,DB00949,24812,HIGH_EXACT
DRUG_000733,drugbank,DB00950,87636,HIGH_EXACT
DRUG_000733,twosides,CID000003348,87636,HIGH_EXACT
DRUG_000734,drugbank,DB00951,6038,HIGH_EXACT
DRUG_000734,twosides,CID000003767,6038,HIGH_EXACT
DRUG_000735,drugbank,DB00952,141366,HIGH_EXACT
DRUG_000735,twosides,CID000004440,141366,HIGH_EXACT
DRUG_000736,drugbank,DB00953,88014,HIGH_EXACT
DRUG_000736,twosides,CID000005078,88014,HIGH_EXACT
DRUG_000737,drugbank,DB00954,23437,HIGH_EXACT
DRUG_000738,drugbank,DB00955,7337,HIGH_EXACT
DRUG_000739,drugbank,DB00956,221107,HIGH_EXACT
DRUG_000740,drugbank,DB00957,31994,HIGH_EXACT
DRUG_000741,drugbank,DB00958,40048,HIGH_EXACT
DRUG_000742,drugbank,DB00959,6902,HIGH_EXACT
DRUG_000742,twosides,CID000004159,6902,HIGH_EXACT
DRUG_000743,drugbank,DB00960,8332,HIGH_EXACT
DRUG_000743,twosides,CID000004828,8332,HIGH_EXACT
DRUG_000744,drugbank,DB00961,6759,HIGH_EXACT
DRUG_000745,drugbank,DB00962,74667,HIGH_EXACT
DRUG_000745,twosides,CID000005719,74667,HIGH_EXACT
DRUG_000746,drugbank,DB00963,19737,HIGH_EXACT
DRUG_000747,drugbank,DB00964,14845,HIGH_EXACT
DRUG_000748,drugbank,DB00966,73494,HIGH_EXACT
DRUG_000748,twosides,CID000065999,73494,HIGH_EXACT
DRUG_000749,drugbank,DB00967,275635,HIGH_EXACT
DRUG_000749,twosides,CID000124087,275635,HIGH_EXACT
DRUG_000750,drugbank,DB00968,1545996,HIGH_EXACT
DRUG_000750,twosides,CID000004138,,UNRESOLVED
DRUG_000751,drugbank,DB00969,85248,HIGH_EXACT
DRUG_000751,twosides,CID000002099,85248,HIGH_EXACT
DRUG_000752,drugbank,DB00970,3100,HIGH_EXACT
DRUG_000752,twosides,CID000002019,3100,HIGH_EXACT
DRUG_000753,drugbank,DB00972,18603,HIGH_EXACT
DRUG_000753,twosides,CID000002267,18603,HIGH_EXACT
DRUG_000754,drugbank,DB00973,341248,HIGH_EXACT
DRUG_000754,twosides,CID000150311,341248,HIGH_EXACT
DRUG_000755,drugbank,DB00974,1370600,HIGH_EXACT
DRUG_000756,drugbank,DB00975,3521,HIGH_EXACT
DRUG_000756,twosides,CID000003108,3521,HIGH_EXACT
DRUG_000757,drugbank,DB00976,274786,HIGH_EXACT
DRUG_000757,twosides,CID003002190,274786,HIGH_EXACT
DRUG_000758,drugbank,DB00977,4124,HIGH_EXACT
DRUG_000759,drugbank,DB00978,28872,HIGH_EXACT
DRUG_000760,drugbank,DB00979,3001,HIGH_EXACT
DRUG_000761,drugbank,DB00980,596205,HIGH_EXACT
DRUG_000762,drugbank,DB00981,8299,HIGH_EXACT
DRUG_000763,drugbank,DB00983,25255,HIGH_EXACT
DRUG_000764,drugbank,DB01274,304962,HIGH_EXACT
DRUG_000765,twosides,CID000003410,25255,HIGH_EXACT
DRUG_000766,drugbank,DB00985,3444,HIGH_EXACT
DRUG_000767,drugbank,DB00986,1546438,HIGH_EXACT
DRUG_000767,twosides,CID000003494,1546438,HIGH_EXACT
DRUG_000768,drugbank,DB00987,3041,HIGH_EXACT
DRUG_000768,twosides,CID000000596,,UNRESOLVED
DRUG_000769,drugbank,DB00988,3628,HIGH_EXACT
DRUG_000770,drugbank,DB00989,183379,HIGH_EXACT
DRUG_000770,twosides,CID000005077,183379,HIGH_EXACT
DRUG_000771,drugbank,DB00990,258494,HIGH_EXACT
DRUG_000771,twosides,CID000060198,258494,HIGH_EXACT
DRUG_000772,drugbank,DB00991,32613,HIGH_EXACT
DRUG_000772,twosides,CID000004614,32613,HIGH_EXACT
DRUG_000773,drugbank,DB00992,337068,HIGH_EXACT
DRUG_000774,drugbank,DB00993,1256,HIGH_EXACT
DRUG_000774,twosides,CID000002265,1256,HIGH_EXACT
DRUG_000775,drugbank,DB00996,25480,HIGH_EXACT
DRUG_000775,twosides,CID000003446,25480,HIGH_EXACT
DRUG_000776,drugbank,DB00997,142433,HIGH_EXACT
DRUG_000777,drugbank,DB00998,228783,HIGH_EXACT
DRUG_000777,twosides,CID000077992,228783,HIGH_EXACT
DRUG_000778,drugbank,DB00999,5487,HIGH_EXACT
DRUG_000778,twosides,CID000003639,5487,HIGH_EXACT
DRUG_000779,drugbank,DB01000,2968,HIGH_EXACT
DRUG_000780,drugbank,DB01001,435,HIGH_EXACT
DRUG_000781,drugbank,DB13139,237159,HIGH_EXACT
DRUG_000782,twosides,CID000002083,435,HIGH_EXACT
DRUG_000783,drugbank,DB01004,4678,HIGH_EXACT
DRUG_000783,twosides,CID000003454,4678,HIGH_EXACT
DRUG_000784,drugbank,DB01005,151871,HIGH_EXACT
DRUG_000784,twosides,CID000003657,5552,HIGH_EXACT
DRUG_000785,drugbank,DB01006,72965,HIGH_EXACT
DRUG_000785,twosides,CID000003902,72965,HIGH_EXACT
DRUG_000786,drugbank,DB01007,38298,HIGH_EXACT
DRUG_000786,twosides,CID000005482,38298,HIGH_EXACT
DRUG_000787,drugbank,DB01008,1828,HIGH_EXACT
DRUG_000787,twosides,CID000002478,1828,HIGH_EXACT
DRUG_000788,drugbank,DB01009,6142,HIGH_EXACT
DRUG_000789,drugbank,DB09214,237162,HIGH_EXACT
DRUG_000790,twosides,CID000003825,6142,HIGH_EXACT
DRUG_000791,drugbank,DB01010,1546421,HIGH_EXACT
DRUG_000792,drugbank,DB01011,6923,HIGH_EXACT
DRUG_000793,drugbank,DB01012,407990,HIGH_EXACT
DRUG_000793,twosides,CID000156419,407990,HIGH_EXACT
DRUG_000794,drugbank,DB01013,21245,HIGH_EXACT
DRUG_000795,drugbank,DB01014,18747,HIGH_EXACT
DRUG_000796,drugbank,DB01015,10180,HIGH_EXACT
DRUG_000797,drugbank,DB01016,4815,HIGH_EXACT
DRUG_000797,twosides,CID000003488,4815,HIGH_EXACT
DRUG_000798,drugbank,DB01017,6980,HIGH_EXACT
DRUG_000799,drugbank,DB01018,40114,HIGH_EXACT
DRUG_000800,drugbank,DB01019,19257,HIGH_EXACT
DRUG_000800,twosides,CID000002370,19257,HIGH_EXACT
DRUG_000801,drugbank,DB01020,28004,HIGH_EXACT
DRUG_000801,twosides,CID000027661,28004,HIGH_EXACT
DRUG_000802,drugbank,DB01021,10772,HIGH_EXACT
DRUG_000803,drugbank,DB01022,11258,HIGH_EXACT
DRUG_000803,twosides,CID000004812,,UNRESOLVED
DRUG_000804,drugbank,DB01023,4316,HIGH_EXACT
DRUG_000804,twosides,CID000003333,4316,HIGH_EXACT
DRUG_000805,drugbank,DB01024,265323,HIGH_EXACT
DRUG_000806,drugbank,DB01026,6135,HIGH_EXACT
DRUG_000806,twosides,CID000003823,6135,HIGH_EXACT
DRUG_000807,drugbank,DB01028,6857,HIGH_EXACT
DRUG_000808,drugbank,DB01029,83818,HIGH_EXACT
DRUG_000808,twosides,CID000003749,83818,HIGH_EXACT
DRUG_000809,drugbank,DB01030,57308,HIGH_EXACT
DRUG_000809,twosides,CID000005515,57308,HIGH_EXACT
DRUG_000810,drugbank,DB01032,8698,HIGH_EXACT
DRUG_000810,twosides,CID000004911,8698,HIGH_EXACT
DRUG_000811,drugbank,DB01033,103,HIGH_EXACT
DRUG_000811,twosides,CID000667490,103,HIGH_EXACT
DRUG_000812,drugbank,DB01034,,UNRESOLVED
DRUG_000813,drugbank,DB01035,8700,HIGH_EXACT
DRUG_000813,twosides,CID000004913,8700,HIGH_EXACT
DRUG_000814,drugbank,DB01036,119565,HIGH_EXACT
DRUG_000814,twosides,CID000005512,119565,HIGH_EXACT
DRUG_000815,drugbank,DB01037,9639,HIGH_EXACT
DRUG_000815,twosides,CID000005195,9639,HIGH_EXACT
DRUG_000816,drugbank,DB01039,8703,HIGH_EXACT
DRUG_000816,twosides,CID000003339,8703,HIGH_EXACT
DRUG_000817,drugbank,DB01041,10432,HIGH_EXACT
DRUG_000817,twosides,CID000005426,10432,HIGH_EXACT
DRUG_000818,drugbank,DB01042,6718,HIGH_EXACT
DRUG_000818,twosides,CID000004053,6718,HIGH_EXACT
DRUG_000819,drugbank,DB01043,6719,HIGH_EXACT
DRUG_000819,twosides,CID000004054,6719,HIGH_EXACT
DRUG_000820,drugbank,DB01044,1546025,HIGH_EXACT
DRUG_000820,twosides,CID000005379,228476,HIGH_EXACT
DRUG_000821,drugbank,DB01045,9384,HIGH_EXACT
DRUG_000822,drugbank,DB01046,623033,HIGH_EXACT
DRUG_000823,drugbank,DB01047,4462,HIGH_EXACT
DRUG_000823,twosides,CID000003382,4462,HIGH_EXACT
DRUG_000824,drugbank,DB01048,190521,HIGH_EXACT
DRUG_000824,twosides,CID000001971,190521,HIGH_EXACT
DRUG_000825,drugbank,DB01050,5640,HIGH_EXACT
DRUG_000825,twosides,CID000003672,5640,HIGH_EXACT
DRUG_000826,drugbank,DB01051,7538,HIGH_EXACT
DRUG_000827,drugbank,DB01053,7980,HIGH_EXACT
DRUG_000827,twosides,CID000002349,7980,HIGH_EXACT
DRUG_000828,drugbank,DB01054,7441,HIGH_EXACT
DRUG_000829,drugbank,DB01057,89778,HIGH_EXACT
DRUG_000830,drugbank,DB01058,8628,HIGH_EXACT
DRUG_000831,drugbank,DB01059,7517,HIGH_EXACT
DRUG_000831,twosides,CID000004539,7517,HIGH_EXACT
DRUG_000832,drugbank,DB01060,1297882,HIGH_EXACT
DRUG_000832,twosides,CID000002171,,UNRESOLVED
DRUG_000833,drugbank,DB01061,1266,HIGH_EXACT
DRUG_000834,drugbank,DB01062,32675,HIGH_EXACT
DRUG_000834,twosides,CID000004634,32675,HIGH_EXACT
DRUG_000835,drugbank,DB01063,16735,HIGH_EXACT
DRUG_000836,drugbank,DB01064,6054,HIGH_EXACT
DRUG_000837,drugbank,DB01065,6711,HIGH_EXACT
DRUG_000838,drugbank,DB01066,83682,HIGH_EXACT
DRUG_000838,twosides,CID009571074,83682,HIGH_EXACT
DRUG_000839,drugbank,DB01067,4821,HIGH_EXACT
DRUG_000839,twosides,CID000003478,4821,HIGH_EXACT
DRUG_000840,drugbank,DB01068,2598,HIGH_EXACT
DRUG_000840,twosides,CID000002802,2598,HIGH_EXACT
DRUG_000841,drugbank,DB01069,8745,HIGH_EXACT
DRUG_000841,twosides,CID000004927,8745,HIGH_EXACT
DRUG_000842,drugbank,DB01070,3429,HIGH_EXACT
DRUG_000843,drugbank,DB01071,29528,HIGH_EXACT
DRUG_000844,drugbank,DB01072,343047,HIGH_EXACT
DRUG_000844,twosides,CID000148192,343047,HIGH_EXACT
DRUG_000845,drugbank,DB01073,24698,HIGH_EXACT
DRUG_000845,twosides,CID000003367,24698,HIGH_EXACT
DRUG_000846,drugbank,DB01074,8050,HIGH_EXACT
DRUG_000847,drugbank,DB01075,3498,HIGH_EXACT
DRUG_000848,drugbank,DB01076,83367,HIGH_EXACT
DRUG_000848,twosides,CID000002250,83367,HIGH_EXACT
DRUG_000849,drugbank,DB01077,1356715,HIGH_EXACT
DRUG_000849,twosides,CID000003305,1356715,HIGH_EXACT
DRUG_000850,drugbank,DB01078,3248,HIGH_EXACT
DRUG_000851,drugbank,DB01080,14851,HIGH_EXACT
DRUG_000852,drugbank,DB01081,3500,HIGH_EXACT
DRUG_000853,drugbank,DB01082,10109,HIGH_EXACT
DRUG_000854,drugbank,DB01083,37925,HIGH_EXACT
DRUG_000854,twosides,CID000004599,37925,HIGH_EXACT
DRUG_000855,drugbank,DB01084,28144,HIGH_EXACT
DRUG_000856,drugbank,DB01085,8328,HIGH_EXACT
DRUG_000856,twosides,CID000004819,8328,HIGH_EXACT
DRUG_000857,drugbank,DB01086,1399,HIGH_EXACT
DRUG_000858,drugbank,DB01087,8687,HIGH_EXACT
DRUG_000859,drugbank,DB01088,40138,HIGH_EXACT
DRUG_000859,twosides,CID005311181,40138,HIGH_EXACT
DRUG_000860,drugbank,DB01089,62174,HIGH_EXACT
DRUG_000861,drugbank,DB01090,,UNRESOLVED
DRUG_000862,drugbank,DB01091,47461,HIGH_EXACT
DRUG_000863,drugbank,DB01092,7762,HIGH_EXACT
DRUG_000864,drugbank,DB01093,3455,HIGH_EXACT
DRUG_000865,drugbank,DB01094,1314255,HIGH_EXACT
DRUG_000866,drugbank,DB01095,41127,HIGH_EXACT
DRUG_000866,twosides,CID000003403,41127,HIGH_EXACT
DRUG_000867,drugbank,DB01096,7778,HIGH_EXACT
DRUG_000868,drugbank,DB01097,27169,HIGH_EXACT
DRUG_000868,twosides,CID000003899,27169,HIGH_EXACT
DRUG_000869,drugbank,DB01098,301542,HIGH_EXACT
DRUG_000870,drugbank,DB01099,4451,HIGH_EXACT
DRUG_000871,drugbank,DB01100,8331,HIGH_EXACT
DRUG_000872,drugbank,DB01101,194000,HIGH_EXACT
DRUG_000872,twosides,CID000060953,194000,HIGH_EXACT
DRUG_000873,drugbank,DB01102,61609,HIGH_EXACT
DRUG_000874,drugbank,DB01103,9061,HIGH_EXACT
DRUG_000875,drugbank,DB01104,36437,HIGH_EXACT
DRUG_000875,twosides,CID000005203,36437,HIGH_EXACT
DRUG_000876,drugbank,DB01105,36514,HIGH_EXACT
DRUG_000876,twosides,CID000005210,36514,HIGH_EXACT
DRUG_000877,drugbank,DB01106,28627,HIGH_EXACT
DRUG_000878,drugbank,DB01107,6910,HIGH_EXACT
DRUG_000879,drugbank,DB01108,38668,HIGH_EXACT
DRUG_000880,drugbank,DB01110,6932,HIGH_EXACT
DRUG_000880,twosides,CID000004189,6932,HIGH_EXACT
DRUG_000881,drugbank,DB01111,2708,HIGH_EXACT
DRUG_000882,drugbank,DB01112,2194,HIGH_EXACT
DRUG_000883,drugbank,DB01113,7895,HIGH_EXACT
DRUG_000884,drugbank,DB01114,221074,HIGH_EXACT
DRUG_000884,twosides,CID000002725,,UNRESOLVED
DRUG_000885,drugbank,DB01115,7417,HIGH_EXACT
DRUG_000885,twosides,CID000004485,7417,HIGH_EXACT
DRUG_000886,drugbank,DB01116,10828,HIGH_EXACT
DRUG_000887,drugbank,DB01117,60212,HIGH_EXACT
DRUG_000888,drugbank,DB01118,703,HIGH_EXACT
DRUG_000889,drugbank,DB01119,3327,HIGH_EXACT
DRUG_000890,drugbank,DB01120,4816,HIGH_EXACT
DRUG_000891,drugbank,DB01121,33253,HIGH_EXACT
DRUG_000892,drugbank,DB01122,623,HIGH_EXACT
DRUG_000893,drugbank,DB01124,10635,HIGH_EXACT
DRUG_000893,twosides,CID000005505,10635,HIGH_EXACT
DRUG_000894,drugbank,DB01126,228790,HIGH_EXACT
DRUG_000894,twosides,CID000152945,228790,HIGH_EXACT
DRUG_000895,drugbank,DB01127,3743,HIGH_EXACT
DRUG_000895,twosides,CID000003198,3743,HIGH_EXACT
DRUG_000896,drugbank,DB01128,83008,HIGH_EXACT
DRUG_000896,twosides,CID000002375,83008,HIGH_EXACT
DRUG_000897,drugbank,DB01129,114979,HIGH_EXACT
DRUG_000897,twosides,CID000005029,114979,HIGH_EXACT
DRUG_000898,drugbank,DB01130,34369,HIGH_EXACT
DRUG_000899,drugbank,DB01131,2382,HIGH_EXACT
DRUG_000900,drugbank,DB01132,33738,HIGH_EXACT
DRUG_000900,twosides,CID000004829,33738,HIGH_EXACT
DRUG_000901,drugbank,DB01133,11476,HIGH_EXACT
DRUG_000902,drugbank,DB01135,23651,HIGH_EXACT
DRUG_000903,drugbank,DB01136,20352,HIGH_EXACT
DRUG_000903,twosides,CID000002585,20352,HIGH_EXACT
DRUG_000904,drugbank,DB01137,1546009,HIGH_EXACT
DRUG_000905,drugbank,DB01165,7623,HIGH_EXACT
DRUG_000906,twosides,CID000004583,7623,HIGH_EXACT
DRUG_000907,drugbank,DB01138,10205,HIGH_EXACT
DRUG_000908,drugbank,DB01139,2238,HIGH_EXACT
DRUG_000909,drugbank,DB01140,1545975,HIGH_EXACT
DRUG_000909,twosides,CID000002610,,UNRESOLVED
DRUG_000910,drugbank,DB01141,325887,HIGH_EXACT
DRUG_000911,drugbank,DB01142,3638,HIGH_EXACT
DRUG_000911,twosides,CID000003158,3638,HIGH_EXACT
DRUG_000912,drugbank,DB01143,1545987,HIGH_EXACT
DRUG_000912,twosides,CID000002141,4126,HIGH_EXACT
DRUG_000913,drugbank,DB01144,3353,HIGH_EXACT
DRUG_000914,drugbank,DB01147,2625,HIGH_EXACT
DRUG_000915,drugbank,DB01149,31565,HIGH_EXACT
DRUG_000915,twosides,CID000004449,31565,HIGH_EXACT
DRUG_000916,drugbank,DB01150,1546020,HIGH_EXACT
DRUG_000916,twosides,CID000002646,,UNRESOLVED
DRUG_000917,drugbank,DB01151,3247,HIGH_EXACT
DRUG_000917,twosides,CID000002995,3247,HIGH_EXACT
DRUG_000918,drugbank,DB01153,36435,HIGH_EXACT
DRUG_000919,drugbank,DB01154,10464,HIGH_EXACT
DRUG_000920,drugbank,DB01155,138099,HIGH_EXACT
DRUG_000920,twosides,CID000072938,138099,HIGH_EXACT
DRUG_000921,drugbank,DB01156,42347,HIGH_EXACT
DRUG_000921,twosides,CID000000444,42347,HIGH_EXACT
DRUG_000922,drugbank,DB01157,42333,HIGH_EXACT
DRUG_000923,drugbank,DB01158,19685,HIGH_EXACT
DRUG_000924,drugbank,DB01159,5095,HIGH_EXACT
DRUG_000924,twosides,CID000003562,5095,HIGH_EXACT
DRUG_000925,drugbank,DB01160,23321,HIGH_EXACT
DRUG_000926,drugbank,DB01161,20859,HIGH_EXACT
DRUG_000927,drugbank,DB01162,37798,HIGH_EXACT
DRUG_000927,twosides,CID000005401,37798,HIGH_EXACT
DRUG_000928,drugbank,DB01164,1667640,HIGH_EXACT
DRUG_000929,drugbank,DB01166,21107,HIGH_EXACT
DRUG_000930,drugbank,DB01167,28031,HIGH_EXACT
DRUG_000930,twosides,CID000003793,28031,HIGH_EXACT
DRUG_000931,drugbank,DB01168,8702,HIGH_EXACT
DRUG_000932,drugbank,DB01169,18330,HIGH_EXACT
DRUG_000933,drugbank,DB01170,5036,HIGH_EXACT
DRUG_000934,drugbank,DB01171,30121,HIGH_EXACT
DRUG_000935,drugbank,DB01172,1727573,HIGH_EXACT
DRUG_000935,twosides,CID000000815,,UNRESOLVED
DRUG_000936,drugbank,DB01173,7715,HIGH_EXACT
DRUG_000936,twosides,CID000004601,7715,HIGH_EXACT
DRUG_000937,drugbank,DB01174,8134,HIGH_EXACT
DRUG_000938,drugbank,DB01176,2977,HIGH_EXACT
DRUG_000939,drugbank,DB01177,5650,HIGH_EXACT
DRUG_000940,drugbank,DB01178,2373,HIGH_EXACT
DRUG_000941,drugbank,DB01179,8463,HIGH_EXACT
DRUG_000942,drugbank,DB01180,9259,HIGH_EXACT
DRUG_000943,drugbank,DB01181,5657,HIGH_EXACT
DRUG_000943,twosides,CID000003690,5657,HIGH_EXACT
DRUG_000944,drugbank,DB01182,8754,HIGH_EXACT
DRUG_000944,twosides,CID000004932,8754,HIGH_EXACT
DRUG_000945,drugbank,DB01183,7242,HIGH_EXACT
DRUG_000945,twosides,CID000004425,7242,HIGH_EXACT
DRUG_000946,drugbank,DB01184,3626,HIGH_EXACT
DRUG_000947,drugbank,DB01185,4494,HIGH_EXACT
DRUG_000948,drugbank,DB01186,8047,HIGH_EXACT
DRUG_000948,twosides,CID000004745,8047,HIGH_EXACT
DRUG_000949,drugbank,DB01188,21090,HIGH_EXACT
DRUG_000949,twosides,CID000002749,21090,HIGH_EXACT
DRUG_000950,drugbank,DB01189,27340,HIGH_EXACT
DRUG_000950,twosides,CID000042113,27340,HIGH_EXACT
DRUG_000951,drugbank,DB01190,2582,HIGH_EXACT
DRUG_000951,twosides,CID000002786,2582,HIGH_EXACT
DRUG_000952,drugbank,DB01191,3268,HIGH_EXACT
DRUG_000953,drugbank,DB01192,7814,HIGH_EXACT
DRUG_000954,drugbank,DB01193,149,HIGH_EXACT
DRUG_000954,twosides,CID000001978,149,HIGH_EXACT
DRUG_000955,drugbank,DB01194,194881,HIGH_EXACT
DRUG_000955,twosides,CID000068844,194881,HIGH_EXACT
DRUG_000956,drugbank,DB01195,4441,HIGH_EXACT
DRUG_000957,drugbank,DB01196,4089,HIGH_EXACT
DRUG_000958,drugbank,DB01197,1998,HIGH_EXACT
DRUG_000958,twosides,CID000002550,1998,HIGH_EXACT
DRUG_000959,drugbank,DB01199,10917,HIGH_EXACT
DRUG_000960,drugbank,DB01200,1760,HIGH_EXACT
DRUG_000961,drugbank,DB01201,35617,HIGH_EXACT
DRUG_000962,drugbank,DB01202,114477,HIGH_EXACT
DRUG_000962,twosides,CID000059708,114477,HIGH_EXACT
DRUG_000963,drugbank,DB01203,7226,HIGH_EXACT
DRUG_000963,twosides,CID000004411,7226,HIGH_EXACT
DRUG_000964,drugbank,DB01204,7005,HIGH_EXACT
DRUG_000964,twosides,CID000004212,7005,HIGH_EXACT
DRUG_000965,drugbank,DB01205,4457,HIGH_EXACT
DRUG_000965,twosides,CID000003373,4457,HIGH_EXACT
DRUG_000966,drugbank,DB01206,6466,HIGH_EXACT
DRUG_000967,drugbank,DB01207,,UNRESOLVED
DRUG_000968,drugbank,DB01208,18469,HIGH_EXACT
DRUG_000969,drugbank,DB01209,22713,HIGH_EXACT
DRUG_000970,drugbank,DB01210,1813,HIGH_EXACT
DRUG_000970,twosides,CID000003914,1813,HIGH_EXACT
DRUG_000971,drugbank,DB01211,21212,HIGH_EXACT
DRUG_000971,twosides,CID000054688,21212,HIGH_EXACT
DRUG_000972,drugbank,DB01212,2193,HIGH_EXACT
DRUG_000973,drugbank,DB01213,15226,HIGH_EXACT
DRUG_000974,drugbank,DB01214,10824,HIGH_EXACT
DRUG_000975,drugbank,DB01215,4077,HIGH_EXACT
DRUG_000975,twosides,CID000003261,4077,HIGH_EXACT
DRUG_000976,drugbank,DB01216,25025,HIGH_EXACT
DRUG_000976,twosides,CID000003350,25025,HIGH_EXACT
DRUG_000977,drugbank,DB01217,84857,HIGH_EXACT
DRUG_000977,twosides,CID000002187,84857,HIGH_EXACT
DRUG_000978,drugbank,DB01218,50749,HIGH_EXACT
DRUG_000979,drugbank,DB01219,3105,HIGH_EXACT
DRUG_000980,drugbank,DB01220,35619,HIGH_EXACT
DRUG_000980,twosides,CID006436173,35619,HIGH_EXACT
DRUG_000981,drugbank,DB01221,6130,HIGH_EXACT
DRUG_000981,twosides,CID000003821,6130,HIGH_EXACT
DRUG_000982,drugbank,DB01222,19831,HIGH_EXACT
DRUG_000982,twosides,CID000002462,19831,HIGH_EXACT
DRUG_000983,drugbank,DB01223,689,HIGH_EXACT
DRUG_000983,twosides,CID000009433,689,HIGH_EXACT
DRUG_000984,drugbank,DB01224,51272,HIGH_EXACT
DRUG_000984,twosides,CID000005002,51272,HIGH_EXACT
DRUG_000985,drugbank,DB01226,30077,HIGH_EXACT
DRUG_000986,drugbank,DB01227,237005,HIGH_EXACT
DRUG_000987,drugbank,DB01228,42368,HIGH_EXACT
DRUG_000988,drugbank,DB01229,486610,HIGH_EXACT
DRUG_000988,twosides,CID000004666,,UNRESOLVED
DRUG_000989,drugbank,DB01232,83395,HIGH_EXACT
DRUG_000989,twosides,CID000060787,83395,HIGH_EXACT
DRUG_000990,drugbank,DB01233,6915,HIGH_EXACT
DRUG_000990,twosides,CID000004168,6915,HIGH_EXACT
DRUG_000991,drugbank,DB01235,6375,HIGH_EXACT
DRUG_000992,drugbank,DB01236,36453,HIGH_EXACT
DRUG_000992,twosides,CID000005206,36453,HIGH_EXACT
DRUG_000993,drugbank,DB01238,89013,HIGH_EXACT
DRUG_000993,twosides,CID000060795,89013,HIGH_EXACT
DRUG_000994,drugbank,DB01239,2406,HIGH_EXACT
DRUG_000995,drugbank,DB01240,8814,HIGH_EXACT
DRUG_000995,twosides,CID000000159,8814,HIGH_EXACT
DRUG_000996,drugbank,DB01241,4719,HIGH_EXACT
DRUG_000996,twosides,CID000003463,4719,HIGH_EXACT
DRUG_000997,drugbank,DB01242,2597,HIGH_EXACT
DRUG_000997,twosides,CID000002801,2597,HIGH_EXACT
DRUG_000998,drugbank,DB01243,20875,HIGH_EXACT
DRUG_000999,drugbank,DB01244,1436,HIGH_EXACT
DRUG_001000,drugbank,DB01245,,UNRESOLVED
DRUG_001001,drugbank,DB01246,10825,HIGH_EXACT
DRUG_001002,drugbank,DB01247,6011,HIGH_EXACT
DRUG_001003,drugbank,DB01248,1299922,HIGH_EXACT
DRUG_001003,twosides,CID000003143,,UNRESOLVED
DRUG_001004,drugbank,DB01249,27729,HIGH_EXACT
DRUG_001004,twosides,CID000003724,27729,HIGH_EXACT
DRUG_001005,drugbank,DB01250,32385,HIGH_EXACT
DRUG_001006,drugbank,DB01251,25793,HIGH_EXACT
DRUG_001007,drugbank,DB01252,,UNRESOLVED
DRUG_001008,drugbank,DB01253,4021,HIGH_EXACT
DRUG_001009,drugbank,DB01254,1546019,HIGH_EXACT
DRUG_001009,twosides,CID003062316,475342,HIGH_EXACT
DRUG_001010,drugbank,DB01255,700810,HIGH_EXACT
DRUG_001011,drugbank,DB01256,642274,HIGH_EXACT
DRUG_001012,drugbank,DB01259,480167,HIGH_EXACT
DRUG_001013,drugbank,DB01260,3254,HIGH_EXACT
DRUG_001013,twosides,CID000012536,3254,HIGH_EXACT
DRUG_001014,drugbank,DB01261,593411,HIGH_EXACT
DRUG_001015,drugbank,DB01262,15657,HIGH_EXACT
DRUG_001016,drugbank,DB01263,282446,HIGH_EXACT
DRUG_001016,twosides,CID000147912,282446,HIGH_EXACT
DRUG_001017,drugbank,DB01264,460132,HIGH_EXACT
DRUG_001017,twosides,CID000213039,460132,HIGH_EXACT
DRUG_001018,drugbank,DB01267,679314,HIGH_EXACT
DRUG_001018,twosides,CID000115237,679314,HIGH_EXACT
DRUG_001019,drugbank,DB01268,357977,HIGH_EXACT
DRUG_001019,twosides,CID005329102,357977,HIGH_EXACT
DRUG_001020,drugbank,DB01273,591622,HIGH_EXACT
DRUG_001020,twosides,CID000170361,591622,HIGH_EXACT
DRUG_001021,drugbank,DB01275,5470,HIGH_EXACT
DRUG_001021,twosides,CID000003637,5470,HIGH_EXACT
DRUG_001022,drugbank,DB01280,274771,HIGH_EXACT
DRUG_001023,drugbank,DB01282,,UNRESOLVED
DRUG_001024,drugbank,DB01283,,UNRESOLVED
DRUG_001025,drugbank,DB01284,2890,HIGH_EXACT
DRUG_001026,drugbank,DB01288,4333,HIGH_EXACT
DRUG_001027,drugbank,DB01289,,UNRESOLVED
DRUG_001028,drugbank,DB01291,33767,HIGH_EXACT
DRUG_001028,twosides,CID000004845,33767,HIGH_EXACT
DRUG_001029,drugbank,DB01294,19478,HIGH_EXACT
DRUG_001030,drugbank,DB01295,,UNRESOLVED
DRUG_001031,drugbank,DB01296,4845,HIGH_EXACT
DRUG_001032,drugbank,DB01297,8620,HIGH_EXACT
DRUG_001033,drugbank,DB01298,78902,HIGH_EXACT
DRUG_001034,drugbank,DB01299,10173,HIGH_EXACT
DRUG_001035,drugbank,DB01301,9462,HIGH_EXACT
DRUG_001036,drugbank,DB01303,20976,HIGH_EXACT
DRUG_001037,drugbank,DB01319,358262,HIGH_EXACT
DRUG_001037,twosides,CID000131536,358262,HIGH_EXACT
DRUG_001038,drugbank,DB01320,72236,HIGH_EXACT
DRUG_001038,twosides,CID000056339,72236,HIGH_EXACT
DRUG_001039,drugbank,DB01321,6084,HIGH_EXACT
DRUG_001040,drugbank,DB01324,8565,HIGH_EXACT
DRUG_001041,drugbank,DB01325,59743,HIGH_EXACT
DRUG_001042,drugbank,DB01326,2178,HIGH_EXACT
DRUG_001043,drugbank,DB01327,2180,HIGH_EXACT
DRUG_001044,drugbank,DB01328,2183,HIGH_EXACT
DRUG_001045,drugbank,DB01329,2184,HIGH_EXACT
DRUG_001046,drugbank,DB01330,2187,HIGH_EXACT
DRUG_001047,drugbank,DB01331,2189,HIGH_EXACT
DRUG_001048,drugbank,DB01332,2192,HIGH_EXACT
DRUG_001049,drugbank,DB01333,2239,HIGH_EXACT
DRUG_001049,twosides,CID000002673,2239,HIGH_EXACT
DRUG_001050,drugbank,DB01336,29950,HIGH_EXACT
DRUG_001051,drugbank,DB01337,7883,HIGH_EXACT
DRUG_001051,twosides,CID000004675,7883,HIGH_EXACT
DRUG_001052,drugbank,DB01338,33742,HIGH_EXACT
DRUG_001053,drugbank,DB01339,1546399,HIGH_EXACT
DRUG_001053,twosides,CID000039765,71535,HIGH_EXACT
DRUG_001054,drugbank,DB01340,21102,HIGH_EXACT
DRUG_001055,drugbank,DB01345,1318915,HIGH_EXACT
DRUG_001056,drugbank,DB01348,36908,HIGH_EXACT
DRUG_001057,drugbank,DB01349,,UNRESOLVED
DRUG_001058,drugbank,DB01351,719,HIGH_EXACT
DRUG_001059,drugbank,DB01353,19874,HIGH_EXACT
DRUG_001060,drugbank,DB01355,,UNRESOLVED
DRUG_001061,drugbank,DB01356,1546265,HIGH_EXACT
DRUG_001062,drugbank,DB01357,6782,HIGH_EXACT
DRUG_001063,drugbank,DB01359,7973,HIGH_EXACT
DRUG_001064,drugbank,DB01362,5956,HIGH_EXACT
DRUG_001064,twosides,CID000003730,5956,HIGH_EXACT
DRUG_001065,drugbank,DB01364,3966,HIGH_EXACT
DRUG_001066,drugbank,DB01365,6756,HIGH_EXACT
DRUG_001067,drugbank,DB01366,34530,HIGH_EXACT
DRUG_001068,drugbank,DB01367,134748,HIGH_EXACT
DRUG_001068,twosides,CID000122316,134748,HIGH_EXACT
DRUG_001069,drugbank,DB01369,229367,HIGH_EXACT
DRUG_001070,drugbank,DB01370,1311504,HIGH_EXACT
DRUG_001071,drugbank,DB01377,6582,HIGH_EXACT
DRUG_001072,drugbank,DB01378,1426853,HIGH_EXACT
DRUG_001073,drugbank,DB01380,21655,HIGH_EXACT
DRUG_001074,drugbank,DB01384,,UNRESOLVED
DRUG_001075,drugbank,DB01390,36676,HIGH_EXACT
DRUG_001075,twosides,CID000008953,36676,HIGH_EXACT
DRUG_001076,drugbank,DB01392,220982,HIGH_EXACT
DRUG_001077,drugbank,DB01393,1525,HIGH_EXACT
DRUG_001078,drugbank,DB01394,2683,HIGH_EXACT
DRUG_001079,drugbank,DB01395,11636,HIGH_EXACT
DRUG_001080,drugbank,DB01396,3403,HIGH_EXACT
DRUG_001081,drugbank,DB01397,52364,HIGH_EXACT
DRUG_001082,drugbank,DB01399,36108,HIGH_EXACT
DRUG_001083,drugbank,DB01400,7315,HIGH_EXACT
DRUG_001084,drugbank,DB01401,215799,HIGH_EXACT
DRUG_001085,drugbank,DB01403,6852,HIGH_EXACT
DRUG_001086,drugbank,DB01406,3102,HIGH_EXACT
DRUG_001086,twosides,CID000002949,3102,HIGH_EXACT
DRUG_001087,drugbank,DB01407,2580,HIGH_EXACT
DRUG_001088,drugbank,DB01408,18751,HIGH_EXACT
DRUG_001089,drugbank,DB01409,69120,HIGH_EXACT
DRUG_001089,twosides,CID000060831,69120,HIGH_EXACT
DRUG_001090,drugbank,DB01410,274964,HIGH_EXACT
DRUG_001090,twosides,CID000444033,274964,HIGH_EXACT
DRUG_001091,drugbank,DB01411,,UNRESOLVED
DRUG_001092,drugbank,DB01412,10437,HIGH_EXACT
DRUG_001093,drugbank,DB01413,20481,HIGH_EXACT
DRUG_001093,twosides,CID000002622,20481,HIGH_EXACT
DRUG_001094,drugbank,DB01414,,UNRESOLVED
DRUG_001095,drugbank,DB01415,20492,HIGH_EXACT
DRUG_001096,drugbank,DB01416,20489,HIGH_EXACT
DRUG_001096,twosides,CID000054547,20489,HIGH_EXACT
DRUG_001097,drugbank,DB01418,154,HIGH_EXACT
DRUG_001098,drugbank,DB01420,10382,HIGH_EXACT
DRUG_001099,drugbank,DB01421,7934,HIGH_EXACT
DRUG_001100,drugbank,DB01422,,UNRESOLVED
DRUG_001101,drugbank,DB01423,,UNRESOLVED
DRUG_001102,drugbank,DB01424,695,HIGH_EXACT
DRUG_001103,drugbank,DB01426,423,HIGH_EXACT
DRUG_001104,drugbank,DB01427,738,HIGH_EXACT
DRUG_001105,drugbank,DB01429,,UNRESOLVED
DRUG_001106,drugbank,DB01431,525,HIGH_EXACT
DRUG_001107,drugbank,DB01433,6814,HIGH_EXACT
DRUG_001108,drugbank,DB01435,1001,HIGH_EXACT
DRUG_001109,drugbank,DB01436,12062,HIGH_EXACT
DRUG_001110,drugbank,DB01437,4903,HIGH_EXACT
DRUG_001111,drugbank,DB01438,8120,HIGH_EXACT
DRUG_001112,drugbank,DB01440,1546380,HIGH_EXACT
DRUG_001113,drugbank,DB01452,3304,HIGH_EXACT
DRUG_001114,drugbank,DB01463,,UNRESOLVED
DRUG_001115,drugbank,DB01466,4166,HIGH_EXACT
DRUG_001116,drugbank,DB01489,,UNRESOLVED
DRUG_001117,drugbank,DB01501,23024,HIGH_EXACT
DRUG_001118,drugbank,DB01511,,UNRESOLVED
DRUG_001119,drugbank,DB01544,4460,HIGH_EXACT
DRUG_001120,drugbank,DB01545,24524,HIGH_EXACT
DRUG_001121,drugbank,DB01551,23088,HIGH_EXACT
DRUG_001122,drugbank,DB01553,,UNRESOLVED
DRUG_001123,drugbank,DB01558,1749,HIGH_EXACT
DRUG_001124,drugbank,DB01559,2622,HIGH_EXACT
DRUG_001125,drugbank,DB01563,2344,HIGH_EXACT
DRUG_001126,drugbank,DB01567,,UNRESOLVED
DRUG_001127,drugbank,DB01575,104100,HIGH_EXACT
DRUG_001128,drugbank,DB01577,6816,HIGH_EXACT
DRUG_001128,twosides,CID000001206,6816,HIGH_EXACT
DRUG_001129,drugbank,DB01578,,UNRESOLVED
DRUG_001130,drugbank,DB01579,33272,HIGH_EXACT
DRUG_001131,drugbank,DB01580,7801,HIGH_EXACT
DRUG_001132,drugbank,DB01581,10176,HIGH_EXACT
DRUG_001133,drugbank,DB01582,10178,HIGH_EXACT
DRUG_001134,drugbank,DB01583,,UNRESOLVED
DRUG_001135,drugbank,DB01586,11065,HIGH_EXACT
DRUG_001136,drugbank,DB06777,2323,HIGH_EXACT
DRUG_001137,twosides,CID000005645,,UNRESOLVED
DRUG_001138,drugbank,DB01587,28181,HIGH_EXACT
DRUG_001139,drugbank,DB01588,8627,HIGH_EXACT
DRUG_001140,drugbank,DB01589,35185,HIGH_EXACT
DRUG_001140,twosides,CID000004999,35185,HIGH_EXACT
DRUG_001141,drugbank,DB01590,141704,HIGH_EXACT
DRUG_001142,drugbank,DB01591,322167,HIGH_EXACT
DRUG_001142,twosides,CID000154059,322167,HIGH_EXACT
DRUG_001143,drugbank,DB01592,262150,HIGH_EXACT
DRUG_001144,drugbank,DB01595,7440,HIGH_EXACT
DRUG_001144,twosides,CID000004506,7440,HIGH_EXACT
DRUG_001145,drugbank,DB01597,2540,HIGH_EXACT
DRUG_001146,drugbank,DB01598,1545986,HIGH_EXACT
DRUG_001147,drugbank,DB01599,8699,HIGH_EXACT
DRUG_001148,drugbank,DB01600,38253,HIGH_EXACT
DRUG_001149,drugbank,DB01601,195088,HIGH_EXACT
DRUG_001150,drugbank,DB01602,18687,HIGH_EXACT
DRUG_001151,drugbank,DB01603,2181306,HIGH_EXACT
DRUG_001152,drugbank,DB01604,8372,HIGH_EXACT
DRUG_001153,drugbank,DB01605,627,HIGH_EXACT
DRUG_001154,drugbank,DB01606,37617,HIGH_EXACT
DRUG_001155,drugbank,DB01607,10591,HIGH_EXACT
DRUG_001156,drugbank,DB01608,8766,HIGH_EXACT
DRUG_001157,drugbank,DB01609,614373,HIGH_EXACT
DRUG_001158,drugbank,DB01610,275891,HIGH_EXACT
DRUG_001158,twosides,CID000064147,275891,HIGH_EXACT
DRUG_001159,drugbank,DB01611,5521,HIGH_EXACT
DRUG_001159,twosides,CID000003652,5521,HIGH_EXACT
DRUG_001160,drugbank,DB01612,742,HIGH_EXACT
DRUG_001161,drugbank,DB01613,4040,HIGH_EXACT
DRUG_001162,drugbank,DB01614,155,HIGH_EXACT
DRUG_001163,drugbank,DB01615,,UNRESOLVED
DRUG_001164,drugbank,DB01618,7019,HIGH_EXACT
DRUG_001165,drugbank,DB01619,33283,HIGH_EXACT
DRUG_001166,drugbank,DB01620,8132,HIGH_EXACT
DRUG_001167,drugbank,DB01621,8348,HIGH_EXACT
DRUG_001168,drugbank,DB01622,10498,HIGH_EXACT
DRUG_001169,drugbank,DB01623,10510,HIGH_EXACT
DRUG_001169,twosides,CID000005454,10510,HIGH_EXACT
DRUG_001170,drugbank,DB01624,114176,HIGH_EXACT
DRUG_001171,drugbank,DB01626,7930,HIGH_EXACT
DRUG_001172,drugbank,DB01627,6398,HIGH_EXACT
DRUG_001172,twosides,CID000003928,6398,HIGH_EXACT
DRUG_001173,drugbank,DB01628,307296,HIGH_EXACT
DRUG_001174,drugbank,DB01656,1091836,HIGH_EXACT
DRUG_001175,drugbank,DB01685,,UNRESOLVED
DRUG_001176,drugbank,DB01708,3143,HIGH_EXACT
DRUG_001177,drugbank,DB01764,229369,HIGH_EXACT
DRUG_001178,drugbank,DB01878,18997,HIGH_EXACT
DRUG_001179,drugbank,DB02187,,UNRESOLVED
DRUG_001180,drugbank,DB02300,29365,HIGH_EXACT
DRUG_001180,twosides,CID000002522,29365,HIGH_EXACT
DRUG_001181,drugbank,DB02513,10553,HIGH_EXACT
DRUG_001182,drugbank,DB02546,194337,HIGH_EXACT
DRUG_001183,drugbank,DB02638,57048,HIGH_EXACT
DRUG_001184,drugbank,DB02659,1440856,HIGH_EXACT
DRUG_001185,drugbank,DB02701,7405,HIGH_EXACT
DRUG_001186,drugbank,DB02703,113608,HIGH_EXACT
DRUG_001187,drugbank,DB02709,1000492,HIGH_EXACT
DRUG_001188,drugbank,DB02959,94,HIGH_EXACT
DRUG_001189,drugbank,DB03128,194,HIGH_EXACT
DRUG_001190,drugbank,DB03585,7816,HIGH_EXACT
DRUG_001191,drugbank,DB03615,,UNRESOLVED
DRUG_001192,drugbank,DB03619,3194,HIGH_EXACT
DRUG_001193,drugbank,DB03754,10865,HIGH_EXACT
DRUG_001194,drugbank,DB03756,1006469,HIGH_EXACT
DRUG_001195,drugbank,DB03793,18989,HIGH_EXACT
DRUG_001196,drugbank,DB03796,1370621,HIGH_EXACT
DRUG_001197,drugbank,DB04272,114200,HIGH_EXACT
DRUG_001198,drugbank,DB04339,2023,HIGH_EXACT
DRUG_001199,drugbank,DB04398,114202,HIGH_EXACT
DRUG_001200,drugbank,DB04552,7418,HIGH_EXACT
DRUG_001201,drugbank,DB04570,7069,HIGH_EXACT
DRUG_001202,drugbank,DB04571,10844,HIGH_EXACT
DRUG_001203,drugbank,DB04572,10473,HIGH_EXACT
DRUG_001203,twosides,CID000005453,10473,HIGH_EXACT
DRUG_001204,drugbank,DB04573,4094,HIGH_EXACT
DRUG_001205,drugbank,DB04574,,UNRESOLVED
DRUG_001206,drugbank,DB04575,9066,HIGH_EXACT
DRUG_001207,drugbank,DB04576,,UNRESOLVED
DRUG_001208,drugbank,DB04711,5936,HIGH_EXACT
DRUG_001209,drugbank,DB04743,53694,HIGH_EXACT
DRUG_001210,drugbank,DB04786,10256,HIGH_EXACT
DRUG_001211,drugbank,DB04794,19295,HIGH_EXACT
DRUG_001212,drugbank,DB04835,620216,HIGH_EXACT
DRUG_001213,drugbank,DB04839,22054,HIGH_EXACT
DRUG_001214,drugbank,DB04840,3118,HIGH_EXACT
DRUG_001215,drugbank,DB04841,4459,HIGH_EXACT
DRUG_001216,drugbank,DB04842,4507,HIGH_EXACT
DRUG_001217,drugbank,DB04844,10390,HIGH_EXACT
DRUG_001218,drugbank,DB04845,337523,HIGH_EXACT
DRUG_001219,drugbank,DB04846,20498,HIGH_EXACT
DRUG_001220,drugbank,DB04854,73689,HIGH_EXACT
DRUG_001221,drugbank,DB04855,233698,HIGH_EXACT
DRUG_001222,drugbank,DB04861,31555,HIGH_EXACT
DRUG_001223,drugbank,DB04865,27100,HIGH_EXACT
DRUG_001224,drugbank,DB04868,662281,HIGH_EXACT
DRUG_001225,drugbank,DB04871,1300701,HIGH_EXACT
DRUG_001226,drugbank,DB04876,596554,HIGH_EXACT
DRUG_001227,drugbank,DB04878,,UNRESOLVED
DRUG_001228,drugbank,DB04894,,UNRESOLVED
DRUG_001229,drugbank,DB04896,588250,HIGH_EXACT
DRUG_001230,drugbank,DB04898,,UNRESOLVED
DRUG_001231,drugbank,DB04908,1665509,HIGH_EXACT
DRUG_001232,drugbank,DB04911,1547611,HIGH_EXACT
DRUG_001233,drugbank,DB04918,2691333,HIGH_EXACT
DRUG_001234,drugbank,DB04920,233603,HIGH_EXACT
DRUG_001235,drugbank,DB04930,33199,HIGH_EXACT
DRUG_001236,drugbank,DB04938,1370971,HIGH_EXACT
DRUG_001237,drugbank,DB04946,73178,HIGH_EXACT
DRUG_001238,drugbank,DB04948,28863,HIGH_EXACT
DRUG_001239,drugbank,DB04951,1592254,HIGH_EXACT
DRUG_001240,drugbank,DB04953,1112990,HIGH_EXACT
DRUG_001241,drugbank,DB04967,,UNRESOLVED
DRUG_001242,drugbank,DB05015,1543543,HIGH_EXACT
DRUG_001243,drugbank,DB05039,1114326,HIGH_EXACT
DRUG_001244,drugbank,DB05109,1716278,HIGH_EXACT
DRUG_001245,drugbank,DB05219,1865953,HIGH_EXACT
DRUG_001246,drugbank,DB05239,1722365,HIGH_EXACT
DRUG_001247,drugbank,DB05245,9793,HIGH_EXACT
DRUG_001248,drugbank,DB05246,47858,HIGH_EXACT
DRUG_001249,drugbank,DB05260,25544,HIGH_EXACT
DRUG_001250,drugbank,DB05265,,UNRESOLVED
DRUG_001251,drugbank,DB05266,,UNRESOLVED
DRUG_001252,drugbank,DB05271,616739,HIGH_EXACT
DRUG_001252,twosides,CID000057537,616739,HIGH_EXACT
DRUG_001253,drugbank,DB05294,1098413,HIGH_EXACT
DRUG_001254,drugbank,DB05316,1791685,HIGH_EXACT
DRUG_001255,drugbank,DB05381,5333,HIGH_EXACT
DRUG_001256,drugbank,DB05521,1102261,HIGH_EXACT
DRUG_001257,drugbank,DB05528,1367839,HIGH_EXACT
DRUG_001258,drugbank,DB05541,1739745,HIGH_EXACT
DRUG_001259,drugbank,DB05630,8010,HIGH_EXACT
DRUG_001260,drugbank,DB05676,1492727,HIGH_EXACT
DRUG_001261,drugbank,DB05812,1100072,HIGH_EXACT
DRUG_001262,drugbank,DB05990,1798288,HIGH_EXACT
DRUG_001263,drugbank,DB06016,1667655,HIGH_EXACT
DRUG_001264,drugbank,DB06144,41996,HIGH_EXACT
DRUG_001265,drugbank,DB06145,9991,HIGH_EXACT
DRUG_001266,drugbank,DB06147,10193,HIGH_EXACT
DRUG_001267,drugbank,DB06148,6929,HIGH_EXACT
DRUG_001268,drugbank,DB06150,10172,HIGH_EXACT
DRUG_001269,drugbank,DB06152,7595,HIGH_EXACT
DRUG_001270,drugbank,DB06153,8373,HIGH_EXACT
DRUG_001271,drugbank,DB06154,7992,HIGH_EXACT
DRUG_001272,drugbank,DB06155,,UNRESOLVED
DRUG_001273,drugbank,DB06176,877510,HIGH_EXACT
DRUG_001274,drugbank,DB06193,,UNRESOLVED
DRUG_001275,drugbank,DB06196,1148138,HIGH_EXACT
DRUG_001276,drugbank,DB06201,69036,HIGH_EXACT
DRUG_001277,drugbank,DB06202,,UNRESOLVED
DRUG_001278,drugbank,DB06203,1368001,HIGH_EXACT
DRUG_001279,drugbank,DB06204,787390,HIGH_EXACT
DRUG_001280,drugbank,DB06206,1726988,HIGH_EXACT
DRUG_001281,drugbank,DB06207,720825,HIGH_EXACT
DRUG_001282,drugbank,DB06209,613391,HIGH_EXACT
DRUG_001283,drugbank,DB06210,711942,HIGH_EXACT
DRUG_001284,drugbank,DB06211,119771,HIGH_EXACT
DRUG_001285,drugbank,DB06212,358257,HIGH_EXACT
DRUG_001286,drugbank,DB06213,1546015,HIGH_EXACT
DRUG_001287,drugbank,DB06216,784649,HIGH_EXACT
DRUG_001288,drugbank,DB06217,,UNRESOLVED
DRUG_001289,drugbank,DB06218,623400,HIGH_EXACT
DRUG_001290,drugbank,DB06228,1114195,HIGH_EXACT
DRUG_001291,drugbank,DB06237,1291301,HIGH_EXACT
DRUG_001292,drugbank,DB06243,569,HIGH_EXACT
DRUG_001293,drugbank,DB06261,1426872,HIGH_EXACT
DRUG_001294,drugbank,DB06262,1489913,HIGH_EXACT
DRUG_001295,drugbank,DB06263,,UNRESOLVED
DRUG_001296,drugbank,DB06264,10639,HIGH_EXACT
DRUG_001297,drugbank,DB06267,,UNRESOLVED
DRUG_001298,drugbank,DB06268,,UNRESOLVED
DRUG_001299,drugbank,DB06274,1516803,HIGH_EXACT
DRUG_001300,drugbank,DB06287,657797,HIGH_EXACT
DRUG_001301,drugbank,DB06288,46303,HIGH_EXACT
DRUG_001302,drugbank,DB06290,1482790,HIGH_EXACT
DRUG_001303,drugbank,DB06292,1488564,HIGH_EXACT
DRUG_001304,drugbank,DB06335,1546030,HIGH_EXACT
DRUG_001305,drugbank,DB06401,1441386,HIGH_EXACT
DRUG_001306,drugbank,DB06402,473837,HIGH_EXACT
DRUG_001307,drugbank,DB06403,358274,HIGH_EXACT
DRUG_001307,twosides,CID000197712,358274,HIGH_EXACT
DRUG_001308,drugbank,DB06410,11516,HIGH_EXACT
DRUG_001309,drugbank,DB06412,7813,HIGH_EXACT
DRUG_001310,drugbank,DB06414,475969,HIGH_EXACT
DRUG_001311,drugbank,DB06441,1656052,HIGH_EXACT
DRUG_001312,drugbank,DB06480,2107310,HIGH_EXACT
DRUG_001313,drugbank,DB06589,714438,HIGH_EXACT
DRUG_001314,drugbank,DB06594,,UNRESOLVED
DRUG_001315,drugbank,DB06595,1919083,HIGH_EXACT
DRUG_001316,drugbank,DB06603,1603350,HIGH_EXACT
DRUG_001317,drugbank,DB06605,1364430,HIGH_EXACT
DRUG_001318,drugbank,DB06616,1307619,HIGH_EXACT
DRUG_001319,drugbank,DB06626,1242999,HIGH_EXACT
DRUG_001320,drugbank,DB06636,1608322,HIGH_EXACT
DRUG_001321,drugbank,DB06637,897018,HIGH_EXACT
DRUG_001322,drugbank,DB06654,1922448,HIGH_EXACT
DRUG_001323,drugbank,DB06663,1364105,HIGH_EXACT
DRUG_001324,drugbank,DB06684,1086769,HIGH_EXACT
DRUG_001325,drugbank,DB06689,224898,HIGH_EXACT
DRUG_001326,drugbank,DB06690,7486,HIGH_EXACT
DRUG_001327,drugbank,DB06691,9009,HIGH_EXACT
DRUG_001328,drugbank,DB06694,39841,HIGH_EXACT
DRUG_001329,drugbank,DB06695,1037042,HIGH_EXACT
DRUG_001330,drugbank,DB06696,26397,HIGH_EXACT
DRUG_001331,drugbank,DB06697,18343,HIGH_EXACT
DRUG_001332,drugbank,DB06698,1511,HIGH_EXACT
DRUG_001333,drugbank,DB06699,475230,HIGH_EXACT
DRUG_001334,drugbank,DB06700,734064,HIGH_EXACT
DRUG_001334,twosides,CID000125017,734064,HIGH_EXACT
DRUG_001335,drugbank,DB06702,797195,HIGH_EXACT
DRUG_001336,drugbank,DB06704,14448,HIGH_EXACT
DRUG_001337,drugbank,DB06706,27946,HIGH_EXACT
DRUG_001338,drugbank,DB06707,132889,HIGH_EXACT
DRUG_001339,drugbank,DB06708,847728,HIGH_EXACT
DRUG_001340,drugbank,DB06709,155080,HIGH_EXACT
DRUG_001341,drugbank,DB06710,6904,HIGH_EXACT
DRUG_001342,drugbank,DB06711,7247,HIGH_EXACT
DRUG_001343,drugbank,DB06712,53692,HIGH_EXACT
DRUG_001344,drugbank,DB06713,326374,HIGH_EXACT
DRUG_001345,drugbank,DB06715,8597,HIGH_EXACT
DRUG_001346,drugbank,DB06716,828682,HIGH_EXACT
DRUG_001347,drugbank,DB06717,1731071,HIGH_EXACT
DRUG_001348,drugbank,DB06718,10032,HIGH_EXACT
DRUG_001349,drugbank,DB06723,612,HIGH_EXACT
DRUG_001350,drugbank,DB06724,1897,HIGH_EXACT
DRUG_001351,drugbank,DB06725,20890,HIGH_EXACT
DRUG_001352,drugbank,DB06729,,UNRESOLVED
DRUG_001353,drugbank,DB06730,25734,HIGH_EXACT
DRUG_001354,drugbank,DB06736,16689,HIGH_EXACT
DRUG_001355,drugbank,DB06737,,UNRESOLVED
DRUG_001356,drugbank,DB06738,,UNRESOLVED
DRUG_001357,drugbank,DB06739,,UNRESOLVED
DRUG_001358,drugbank,DB06742,625,HIGH_EXACT
DRUG_001359,drugbank,DB06764,37935,HIGH_EXACT
DRUG_001360,drugbank,DB06766,1000082,HIGH_EXACT
DRUG_001361,drugbank,DB06767,712,HIGH_EXACT
DRUG_001362,drugbank,DB06769,134547,HIGH_EXACT
DRUG_001363,drugbank,DB06770,1426,HIGH_EXACT
DRUG_001364,drugbank,DB06771,819911,HIGH_EXACT
DRUG_001365,drugbank,DB06772,996051,HIGH_EXACT
DRUG_001366,drugbank,DB06774,1992,HIGH_EXACT
DRUG_001367,drugbank,DB06781,23043,HIGH_EXACT
DRUG_001368,drugbank,DB06782,3445,HIGH_EXACT
DRUG_001369,drugbank,DB06786,5084,HIGH_EXACT
DRUG_001370,drugbank,DB06788,50975,HIGH_EXACT
DRUG_001371,drugbank,DB06789,12488,HIGH_EXACT
DRUG_001372,drugbank,DB06791,68092,HIGH_EXACT
DRUG_001373,drugbank,DB06792,234416,HIGH_EXACT
DRUG_001374,drugbank,DB06794,52151,HIGH_EXACT
DRUG_001375,drugbank,DB06795,6572,HIGH_EXACT
DRUG_001376,drugbank,DB06799,6832,HIGH_EXACT
DRUG_001377,drugbank,DB06800,29899,HIGH_EXACT
DRUG_001378,drugbank,DB06802,298665,HIGH_EXACT
DRUG_001379,drugbank,DB06803,7402,HIGH_EXACT
DRUG_001380,drugbank,DB06804,53750,HIGH_EXACT
DRUG_001381,drugbank,DB06810,6995,HIGH_EXACT
DRUG_001382,drugbank,DB06813,662019,HIGH_EXACT
DRUG_001383,drugbank,DB06816,35163,HIGH_EXACT
DRUG_001384,drugbank,DB06817,719872,HIGH_EXACT
DRUG_001385,drugbank,DB06819,1546447,HIGH_EXACT
DRUG_001386,drugbank,DB06820,37319,HIGH_EXACT
DRUG_001387,drugbank,DB06824,10798,HIGH_EXACT
DRUG_001388,drugbank,DB06825,38782,HIGH_EXACT
DRUG_001389,drugbank,DB06826,1546408,HIGH_EXACT
DRUG_001390,drugbank,DB06827,,UNRESOLVED
DRUG_001391,drugbank,DB07615,57330,HIGH_EXACT
DRUG_001392,drugbank,DB08439,279950,HIGH_EXACT
DRUG_001393,drugbank,DB08795,,UNRESOLVED
DRUG_001394,drugbank,DB08796,33740,HIGH_EXACT
DRUG_001395,drugbank,DB08797,9518,HIGH_EXACT
DRUG_001396,drugbank,DB08798,,UNRESOLVED
DRUG_001397,drugbank,DB08799,865,HIGH_EXACT
DRUG_001398,drugbank,DB08800,20861,HIGH_EXACT
DRUG_001399,drugbank,DB08801,3449,HIGH_EXACT
DRUG_001400,drugbank,DB08802,28012,HIGH_EXACT
DRUG_001401,drugbank,DB08804,31494,HIGH_EXACT
DRUG_001402,drugbank,DB08806,35803,HIGH_EXACT
DRUG_001403,drugbank,DB08807,,UNRESOLVED
DRUG_001404,drugbank,DB08808,,UNRESOLVED
DRUG_001405,drugbank,DB08811,38365,HIGH_EXACT
DRUG_001406,drugbank,DB08814,38655,HIGH_EXACT
DRUG_001407,drugbank,DB08815,1040028,HIGH_EXACT
DRUG_001408,drugbank,DB08816,1116632,HIGH_EXACT
DRUG_001409,drugbank,DB08819,1244607,HIGH_EXACT
DRUG_001410,drugbank,DB08820,1243041,HIGH_EXACT
DRUG_001411,drugbank,DB08822,1091642,HIGH_EXACT
DRUG_001412,drugbank,DB08824,1426874,HIGH_EXACT
DRUG_001413,drugbank,DB08826,11645,HIGH_EXACT
DRUG_001414,drugbank,DB08827,1364479,HIGH_EXACT
DRUG_001415,drugbank,DB08828,1242987,HIGH_EXACT
DRUG_001416,drugbank,DB08860,861634,HIGH_EXACT
DRUG_001417,drugbank,DB08864,1102270,HIGH_EXACT
DRUG_001418,drugbank,DB08865,1148495,HIGH_EXACT
DRUG_001419,drugbank,DB08867,1005921,HIGH_EXACT
DRUG_001420,drugbank,DB08868,1012892,HIGH_EXACT
DRUG_001421,drugbank,DB08869,1044584,HIGH_EXACT
DRUG_001422,drugbank,DB08871,1045453,HIGH_EXACT
DRUG_001423,drugbank,DB08872,1101333,HIGH_EXACT
DRUG_001424,drugbank,DB08873,1102129,HIGH_EXACT
DRUG_001425,drugbank,DB08874,1111103,HIGH_EXACT
DRUG_001426,drugbank,DB08875,1363268,HIGH_EXACT
DRUG_001427,drugbank,DB08877,1193326,HIGH_EXACT
DRUG_001428,drugbank,DB08880,1310520,HIGH_EXACT
DRUG_001429,drugbank,DB08881,1147220,HIGH_EXACT
DRUG_001430,drugbank,DB08882,1100699,HIGH_EXACT
DRUG_001431,drugbank,DB08883,1356552,HIGH_EXACT
DRUG_001432,drugbank,DB08884,802624,HIGH_EXACT
DRUG_001433,drugbank,DB08887,1304974,HIGH_EXACT
DRUG_001434,drugbank,DB08889,1302966,HIGH_EXACT
DRUG_001435,drugbank,DB08893,1300786,HIGH_EXACT
DRUG_001436,drugbank,DB08895,1357536,HIGH_EXACT
DRUG_001437,drugbank,DB08896,1312397,HIGH_EXACT
DRUG_001438,drugbank,DB08897,1303098,HIGH_EXACT
DRUG_001439,drugbank,DB08899,1307298,HIGH_EXACT
DRUG_001440,drugbank,DB08901,1364347,HIGH_EXACT
DRUG_001441,drugbank,DB08903,1364504,HIGH_EXACT
DRUG_001442,drugbank,DB08905,15070,HIGH_EXACT
DRUG_001443,drugbank,DB08906,705022,HIGH_EXACT
DRUG_001444,drugbank,DB08907,1373458,HIGH_EXACT
DRUG_001445,drugbank,DB08908,1373478,HIGH_EXACT
DRUG_001446,drugbank,DB08909,1368451,HIGH_EXACT
DRUG_001447,drugbank,DB08910,1369713,HIGH_EXACT
DRUG_001448,drugbank,DB08911,1425099,HIGH_EXACT
DRUG_001449,drugbank,DB08912,1424911,HIGH_EXACT
DRUG_001450,drugbank,DB08913,1424174,HIGH_EXACT
DRUG_001451,drugbank,DB08916,1430438,HIGH_EXACT
DRUG_001452,drugbank,DB08918,1433212,HIGH_EXACT
DRUG_001453,drugbank,DB08922,,UNRESOLVED
DRUG_001454,drugbank,DB08930,1433868,HIGH_EXACT
DRUG_001455,drugbank,DB08931,1439816,HIGH_EXACT
DRUG_001456,drugbank,DB08932,1442132,HIGH_EXACT
DRUG_001457,drugbank,DB08933,1482680,HIGH_EXACT
DRUG_001458,drugbank,DB08934,1484911,HIGH_EXACT
DRUG_001459,drugbank,DB08938,29151,HIGH_EXACT
DRUG_001460,drugbank,DB08941,6066,HIGH_EXACT
DRUG_001461,drugbank,DB08943,27901,HIGH_EXACT
DRUG_001462,drugbank,DB08947,5966,HIGH_EXACT
DRUG_001462,twosides,CID000003734,5966,HIGH_EXACT
DRUG_001463,drugbank,DB08954,27403,HIGH_EXACT
DRUG_001464,drugbank,DB08957,5307,HIGH_EXACT
DRUG_001465,drugbank,DB08958,5301,HIGH_EXACT
DRUG_001466,drugbank,DB08964,12449,HIGH_EXACT
DRUG_001467,drugbank,DB08965,25437,HIGH_EXACT
DRUG_001468,drugbank,DB08967,50138,HIGH_EXACT
DRUG_001469,drugbank,DB08970,,UNRESOLVED
DRUG_001470,drugbank,DB08971,4463,HIGH_EXACT
DRUG_001471,drugbank,DB08974,25096,HIGH_EXACT
DRUG_001472,drugbank,DB08976,4444,HIGH_EXACT
DRUG_001473,drugbank,DB08981,24830,HIGH_EXACT
DRUG_001474,drugbank,DB08983,,UNRESOLVED
DRUG_001475,drugbank,DB08984,24608,HIGH_EXACT
DRUG_001476,drugbank,DB08987,4171,HIGH_EXACT
DRUG_001477,drugbank,DB08991,,UNRESOLVED
DRUG_001478,drugbank,DB08992,,UNRESOLVED
DRUG_001479,drugbank,DB08993,,UNRESOLVED
DRUG_001480,drugbank,DB08994,,UNRESOLVED
DRUG_001481,drugbank,DB08996,,UNRESOLVED
DRUG_001482,drugbank,DB09000,,UNRESOLVED
DRUG_001483,drugbank,DB09008,2233,HIGH_EXACT
DRUG_001484,drugbank,DB09009,592464,HIGH_EXACT
DRUG_001485,drugbank,DB09014,,UNRESOLVED
DRUG_001486,drugbank,DB09015,618970,HIGH_EXACT
DRUG_001487,drugbank,DB09017,19790,HIGH_EXACT
DRUG_001488,drugbank,DB09018,19768,HIGH_EXACT
DRUG_001489,drugbank,DB09020,1596,HIGH_EXACT
DRUG_001490,drugbank,DB09021,,UNRESOLVED
DRUG_001491,drugbank,DB09026,325646,HIGH_EXACT
DRUG_001491,twosides,CID005493444,325646,HIGH_EXACT
DRUG_001492,drugbank,DB09027,1591922,HIGH_EXACT
DRUG_001493,drugbank,DB09030,1537034,HIGH_EXACT
DRUG_001494,drugbank,DB09031,1494066,HIGH_EXACT
DRUG_001495,drugbank,DB09034,1547099,HIGH_EXACT
DRUG_001496,drugbank,DB09038,1545653,HIGH_EXACT
DRUG_001497,drugbank,DB09039,1547220,HIGH_EXACT
DRUG_001498,drugbank,DB09040,1539753,HIGH_EXACT
DRUG_001499,drugbank,DB09041,1543173,HIGH_EXACT
DRUG_001500,drugbank,DB09042,1540824,HIGH_EXACT
DRUG_001501,drugbank,DB09047,1598641,HIGH_EXACT
DRUG_001502,drugbank,DB09048,1552337,HIGH_EXACT
DRUG_001503,drugbank,DB09049,1551777,HIGH_EXACT
DRUG_001504,drugbank,DB09053,1442981,HIGH_EXACT
DRUG_001505,drugbank,DB09054,1544460,HIGH_EXACT
DRUG_001506,drugbank,DB09055,16817,HIGH_EXACT
DRUG_001507,drugbank,DB09060,1603834,HIGH_EXACT
DRUG_001508,drugbank,DB09061,2045371,HIGH_EXACT
DRUG_001509,drugbank,DB09063,1535457,HIGH_EXACT
DRUG_001510,drugbank,DB09065,1306284,HIGH_EXACT
DRUG_001511,drugbank,DB09067,74670,HIGH_EXACT
DRUG_001512,drugbank,DB09068,1455099,HIGH_EXACT
DRUG_001513,drugbank,DB09069,10826,HIGH_EXACT
DRUG_001514,drugbank,DB09070,38260,HIGH_EXACT
DRUG_001515,drugbank,DB09071,1490468,HIGH_EXACT
DRUG_001516,drugbank,DB09072,9899,HIGH_EXACT
DRUG_001517,drugbank,DB09073,1601374,HIGH_EXACT
DRUG_001518,drugbank,DB09074,1597582,HIGH_EXACT
DRUG_001519,drugbank,DB09075,1599538,HIGH_EXACT
DRUG_001520,drugbank,DB09076,1487514,HIGH_EXACT
DRUG_001521,drugbank,DB09078,1603296,HIGH_EXACT
DRUG_001522,drugbank,DB09079,1592737,HIGH_EXACT
DRUG_001523,drugbank,DB09080,1546059,HIGH_EXACT
DRUG_001524,drugbank,DB09082,1424884,HIGH_EXACT
DRUG_001525,drugbank,DB09083,1649480,HIGH_EXACT
DRUG_001526,drugbank,DB09084,1425,HIGH_EXACT
DRUG_001527,drugbank,DB09085,10391,HIGH_EXACT
DRUG_001528,drugbank,DB09087,221456,HIGH_EXACT
DRUG_001529,drugbank,DB09090,33724,HIGH_EXACT
DRUG_001530,drugbank,DB09091,57257,HIGH_EXACT
DRUG_001531,drugbank,DB09093,2408,HIGH_EXACT
DRUG_001532,drugbank,DB09094,8462,HIGH_EXACT
DRUG_001533,drugbank,DB09095,3392,HIGH_EXACT
DRUG_001534,drugbank,DB09096,1418,HIGH_EXACT
DRUG_001535,drugbank,DB09097,76887,HIGH_EXACT
DRUG_001536,drugbank,DB09099,9939,HIGH_EXACT
DRUG_001537,drugbank,DB09101,1306286,HIGH_EXACT
DRUG_001538,drugbank,DB09102,1606218,HIGH_EXACT
DRUG_001539,drugbank,DB09104,243353,HIGH_EXACT
DRUG_001540,drugbank,DB09112,,UNRESOLVED
DRUG_001541,drugbank,DB09117,7909,HIGH_EXACT
DRUG_001542,drugbank,DB09118,2054968,HIGH_EXACT
DRUG_001543,drugbank,DB09119,1482501,HIGH_EXACT
DRUG_001544,drugbank,DB09120,,UNRESOLVED
DRUG_001545,drugbank,DB09123,22968,HIGH_EXACT
DRUG_001546,drugbank,DB09124,6690,HIGH_EXACT
DRUG_001547,drugbank,DB09125,1374802,HIGH_EXACT
DRUG_001548,drugbank,DB09128,1658314,HIGH_EXACT
DRUG_001549,drugbank,DB09130,2837,HIGH_EXACT
DRUG_001550,drugbank,DB09134,27792,HIGH_EXACT
DRUG_001550,twosides,CID000003741,27792,HIGH_EXACT
DRUG_001551,drugbank,DB09135,27793,HIGH_EXACT
DRUG_001552,drugbank,DB09137,,UNRESOLVED
DRUG_001553,drugbank,DB09138,1358207,HIGH_EXACT
DRUG_001554,drugbank,DB09143,1659191,HIGH_EXACT
DRUG_001555,drugbank,DB09146,1484283,HIGH_EXACT
DRUG_001556,drugbank,DB09147,1607976,HIGH_EXACT
DRUG_001557,drugbank,DB09153,9863,HIGH_EXACT
DRUG_001557,twosides,CID000005234,9863,HIGH_EXACT
DRUG_001558,drugbank,DB09154,1310549,HIGH_EXACT
DRUG_001559,drugbank,DB09156,27781,HIGH_EXACT
DRUG_001559,twosides,CID000003736,27781,HIGH_EXACT
DRUG_001560,drugbank,DB09161,1482913,HIGH_EXACT
DRUG_001561,drugbank,DB09162,,UNRESOLVED
DRUG_001562,drugbank,DB09166,,UNRESOLVED
DRUG_001563,drugbank,DB09167,3634,HIGH_EXACT
DRUG_001564,drugbank,DB09183,1597381,HIGH_EXACT
DRUG_001565,drugbank,DB09185,11196,HIGH_EXACT
DRUG_001566,drugbank,DB09198,,UNRESOLVED
DRUG_001567,drugbank,DB09204,,UNRESOLVED
DRUG_001568,drugbank,DB09209,33431,HIGH_EXACT
DRUG_001569,drugbank,DB09210,8351,HIGH_EXACT
DRUG_001570,drugbank,DB09211,,UNRESOLVED
DRUG_001571,drugbank,DB09212,28908,HIGH_EXACT
DRUG_001572,drugbank,DB09215,23687,HIGH_EXACT
DRUG_001573,drugbank,DB09216,38377,HIGH_EXACT
DRUG_001574,drugbank,DB09218,2601,HIGH_EXACT
DRUG_001575,drugbank,DB09220,31748,HIGH_EXACT
DRUG_001576,drugbank,DB09221,2179843,HIGH_EXACT
DRUG_001577,drugbank,DB09223,,UNRESOLVED
DRUG_001578,drugbank,DB09224,29961,HIGH_EXACT
DRUG_001579,drugbank,DB09225,40003,HIGH_EXACT
DRUG_001580,drugbank,DB09227,39879,HIGH_EXACT
DRUG_001581,drugbank,DB09230,,UNRESOLVED
DRUG_001582,drugbank,DB09231,,UNRESOLVED
DRUG_001583,drugbank,DB09232,,UNRESOLVED
DRUG_001584,drugbank,DB09235,,UNRESOLVED
DRUG_001585,drugbank,DB09236,28382,HIGH_EXACT
DRUG_001586,drugbank,DB09238,29275,HIGH_EXACT
DRUG_001587,drugbank,DB09241,2198975,HIGH_EXACT
DRUG_001588,drugbank,DB09242,30257,HIGH_EXACT
DRUG_001589,drugbank,DB09244,,UNRESOLVED
DRUG_001590,drugbank,DB09245,,UNRESOLVED
DRUG_001591,drugbank,DB09256,4582,HIGH_EXACT
DRUG_001592,drugbank,DB09257,,UNRESOLVED
DRUG_001593,drugbank,DB09262,,UNRESOLVED
DRUG_001594,drugbank,DB09265,1440051,HIGH_EXACT
DRUG_001595,drugbank,DB09267,,UNRESOLVED
DRUG_001596,drugbank,DB09268,1546457,HIGH_EXACT
DRUG_001597,drugbank,DB09269,33332,HIGH_EXACT
DRUG_001598,drugbank,DB09270,21406,HIGH_EXACT
DRUG_001599,drugbank,DB09272,1653781,HIGH_EXACT
DRUG_001600,drugbank,DB09273,,UNRESOLVED
DRUG_001601,drugbank,DB09274,18346,HIGH_EXACT
DRUG_001602,drugbank,DB09275,1294617,HIGH_EXACT
DRUG_001603,drugbank,DB09276,4981,HIGH_EXACT
DRUG_001604,drugbank,DB09277,1425419,HIGH_EXACT
DRUG_001605,drugbank,DB09278,272,HIGH_EXACT
DRUG_001606,drugbank,DB09279,,UNRESOLVED
DRUG_001607,drugbank,DB09280,1655922,HIGH_EXACT
DRUG_001608,drugbank,DB09281,29170,HIGH_EXACT
DRUG_001609,drugbank,DB09282,7023,HIGH_EXACT
DRUG_001610,drugbank,DB09283,,UNRESOLVED
DRUG_001611,drugbank,DB09285,30225,HIGH_EXACT
DRUG_001612,drugbank,DB09286,33739,HIGH_EXACT
DRUG_001613,drugbank,DB09288,,UNRESOLVED
DRUG_001614,drugbank,DB09289,38252,HIGH_EXACT
DRUG_001615,drugbank,DB09290,,UNRESOLVED
DRUG_001616,drugbank,DB09291,1665496,HIGH_EXACT
DRUG_001617,drugbank,DB09292,1656328,HIGH_EXACT
DRUG_001618,drugbank,DB09293,1546394,HIGH_EXACT
DRUG_001619,drugbank,DB09295,236770,HIGH_EXACT
DRUG_001620,drugbank,DB09296,1597371,HIGH_EXACT
DRUG_001621,drugbank,DB09297,1597373,HIGH_EXACT
DRUG_001622,drugbank,DB09300,1085787,HIGH_EXACT
DRUG_001623,drugbank,DB09320,7983,HIGH_EXACT
DRUG_001624,drugbank,DB09321,11423,HIGH_EXACT
DRUG_001625,drugbank,DB09322,1299928,HIGH_EXACT
DRUG_001626,drugbank,DB09323,,UNRESOLVED
DRUG_001627,drugbank,DB09324,10167,HIGH_EXACT
DRUG_001628,drugbank,DB09330,1721560,HIGH_EXACT
DRUG_001629,drugbank,DB09338,,UNRESOLVED
DRUG_001630,drugbank,DB09342,,UNRESOLVED
DRUG_001631,drugbank,DB09343,1670304,HIGH_EXACT
DRUG_001632,drugbank,DB09345,34347,HIGH_EXACT
DRUG_001633,drugbank,DB09352,7839,HIGH_EXACT
DRUG_001634,drugbank,DB09396,,UNRESOLVED
DRUG_001635,drugbank,DB09414,55018,HIGH_EXACT
DRUG_001636,drugbank,DB09449,235496,HIGH_EXACT
DRUG_001637,drugbank,DB09462,4910,HIGH_EXACT
DRUG_001638,drugbank,DB09477,1545989,HIGH_EXACT
DRUG_001639,drugbank,DB09488,19959,HIGH_EXACT
DRUG_001640,drugbank,DB09499,,UNRESOLVED
DRUG_001641,drugbank,DB09516,15080,HIGH_EXACT
DRUG_001642,drugbank,DB09536,38323,HIGH_EXACT
DRUG_001643,drugbank,DB09543,29787,HIGH_EXACT
DRUG_001644,drugbank,DB09555,54828,HIGH_EXACT
DRUG_001645,drugbank,DB09561,1423802,HIGH_EXACT
DRUG_001646,drugbank,DB09570,1723735,HIGH_EXACT
DRUG_001647,drugbank,DB11079,38866,HIGH_EXACT
DRUG_001648,drugbank,DB11093,47613,HIGH_EXACT
DRUG_001649,drugbank,DB11106,,UNRESOLVED
DRUG_001650,drugbank,DB11121,20877,HIGH_EXACT
DRUG_001651,drugbank,DB11126,1908,HIGH_EXACT
DRUG_001652,drugbank,DB11135,9641,HIGH_EXACT
DRUG_001653,drugbank,DB11136,2496,HIGH_EXACT
DRUG_001654,drugbank,DB11148,19861,HIGH_EXACT
DRUG_001655,drugbank,DB11156,8984,HIGH_EXACT
DRUG_001656,drugbank,DB11231,29008,HIGH_EXACT
DRUG_001657,drugbank,DB11235,1360721,HIGH_EXACT
DRUG_001658,drugbank,DB11239,1593147,HIGH_EXACT
DRUG_001659,drugbank,DB11254,5321,HIGH_EXACT
DRUG_001660,drugbank,DB11256,1025342,HIGH_EXACT
DRUG_001661,drugbank,DB11268,1362689,HIGH_EXACT
DRUG_001662,drugbank,DB11315,89785,HIGH_EXACT
DRUG_001663,drugbank,DB11342,615,HIGH_EXACT
DRUG_001664,drugbank,DB11348,1919,HIGH_EXACT
DRUG_001665,drugbank,DB11362,1729002,HIGH_EXACT
DRUG_001666,drugbank,DB11363,1727455,HIGH_EXACT
DRUG_001667,drugbank,DB11560,1731031,HIGH_EXACT
DRUG_001668,drugbank,DB11574,1734628,HIGH_EXACT
DRUG_001669,drugbank,DB11575,1734630,HIGH_EXACT
DRUG_001670,drugbank,DB11581,1747556,HIGH_EXACT
DRUG_001671,drugbank,DB11586,1652103,HIGH_EXACT
DRUG_001672,drugbank,DB11596,877015,HIGH_EXACT
DRUG_001672,twosides,CID000000143,877015,HIGH_EXACT
DRUG_001673,drugbank,DB11609,32009,HIGH_EXACT
DRUG_001674,drugbank,DB11610,32639,HIGH_EXACT
DRUG_001675,drugbank,DB11613,1799206,HIGH_EXACT
DRUG_001676,drugbank,DB11614,,UNRESOLVED
DRUG_001677,drugbank,DB11619,4792,HIGH_EXACT
DRUG_001678,drugbank,DB11630,115243,HIGH_EXACT
DRUG_001679,drugbank,DB11633,1720882,HIGH_EXACT
DRUG_001680,drugbank,DB11636,31930,HIGH_EXACT
DRUG_001681,drugbank,DB11641,,UNRESOLVED
DRUG_001682,drugbank,DB11660,1988390,HIGH_EXACT
DRUG_001683,drugbank,DB11691,1876597,HIGH_EXACT
DRUG_001684,drugbank,DB11699,27392,HIGH_EXACT
DRUG_001685,drugbank,DB11730,1873916,HIGH_EXACT
DRUG_001686,drugbank,DB11737,,UNRESOLVED
DRUG_001687,drugbank,DB11793,1918231,HIGH_EXACT
DRUG_001688,drugbank,DB11817,2047232,HIGH_EXACT
DRUG_001689,drugbank,DB11828,1940643,HIGH_EXACT
DRUG_001690,drugbank,DB11915,1918219,HIGH_EXACT
DRUG_001691,drugbank,DB11921,22396,HIGH_EXACT
DRUG_001692,drugbank,DB11943,1927663,HIGH_EXACT
DRUG_001693,drugbank,DB11989,18994,HIGH_EXACT
DRUG_001694,drugbank,DB11994,22759,HIGH_EXACT
DRUG_001695,drugbank,DB12001,1946825,HIGH_EXACT
DRUG_001696,drugbank,DB12026,1939323,HIGH_EXACT
DRUG_001697,drugbank,DB12070,1988648,HIGH_EXACT
DRUG_001698,drugbank,DB12161,1876905,HIGH_EXACT
DRUG_001699,drugbank,DB12267,1921217,HIGH_EXACT
DRUG_001700,drugbank,DB12278,55175,HIGH_EXACT
DRUG_001701,drugbank,DB12332,1862579,HIGH_EXACT
DRUG_001702,drugbank,DB12364,1927851,HIGH_EXACT
DRUG_001703,drugbank,DB12483,1945077,HIGH_EXACT
DRUG_001704,drugbank,DB12532,,UNRESOLVED
DRUG_001705,drugbank,DB12598,,UNRESOLVED
DRUG_001706,drugbank,DB12924,1994739,HIGH_EXACT
DRUG_001707,drugbank,DB13025,10588,HIGH_EXACT
DRUG_001708,drugbank,DB13142,25806,HIGH_EXACT
DRUG_001709,drugbank,DB13145,,UNRESOLVED
DRUG_001710,drugbank,DB13146,1796118,HIGH_EXACT
DRUG_001711,drugbank,DB13153,19461,HIGH_EXACT
DRUG_001712,drugbank,DB13158,108074,HIGH_EXACT
DRUG_001713,drugbank,DB13167,,UNRESOLVED
DRUG_001714,drugbank,DB13179,10864,HIGH_EXACT
DRUG_001715,drugbank,DB13231,47622,HIGH_EXACT
DRUG_001716,drugbank,DB13323,2534464,HIGH_EXACT
DRUG_001717,drugbank,DB13595,17614,HIGH_EXACT
DRUG_001718,drugbank,DB13747,38623,HIGH_EXACT
DRUG_001719,drugbank,DB13783,16695,HIGH_EXACT
DRUG_001720,drugbank,DB13872,28894,HIGH_EXACT
DRUG_001721,drugbank,DB13873,24852,HIGH_EXACT
DRUG_001722,drugbank,DB13874,1940332,HIGH_EXACT
DRUG_001723,drugbank,DB13878,1940636,HIGH_EXACT
DRUG_001724,drugbank,DB13879,1940635,HIGH_EXACT
DRUG_001725,drugbank,DB13925,676679,HIGH_EXACT
DRUG_001726,twosides,CID000000085,,UNRESOLVED
DRUG_001727,twosides,CID000000119,4617,HIGH_EXACT
DRUG_001728,twosides,CID000000206,,UNRESOLVED
DRUG_001729,twosides,CID000000271,1316581,HIGH_EXACT
DRUG_001730,twosides,CID000000581,,UNRESOLVED
DRUG_001731,twosides,CID000000598,,UNRESOLVED
DRUG_001732,twosides,CID000000772,,UNRESOLVED
DRUG_001733,twosides,CID000000937,,UNRESOLVED
DRUG_001734,twosides,CID000001117,1426598,HIGH_EXACT
DRUG_001735,twosides,CID000001134,,UNRESOLVED
DRUG_001736,twosides,CID000001690,,UNRESOLVED
DRUG_001737,twosides,CID000002156,,UNRESOLVED
DRUG_001738,twosides,CID000002173,,UNRESOLVED
DRUG_001739,twosides,CID000002232,,UNRESOLVED
DRUG_001740,twosides,CID000002274,1272,LOW_APPROXIMATE
DRUG_001741,twosides,CID000002283,,UNRESOLVED
DRUG_001742,twosides,CID000002308,,UNRESOLVED
DRUG_001743,twosides,CID000002541,214354,HIGH_EXACT
DRUG_001744,twosides,CID000002617,,UNRESOLVED
DRUG_001745,twosides,CID000002631,,UNRESOLVED
DRUG_001746,twosides,CID000002637,,UNRESOLVED
DRUG_001747,twosides,CID000002656,,UNRESOLVED
DRUG_001748,twosides,CID000002658,,UNRESOLVED
DRUG_001749,twosides,CID000002676,,UNRESOLVED
DRUG_001750,twosides,CID000002712,,UNRESOLVED
DRUG_001751,twosides,CID000002713,,UNRESOLVED
DRUG_001752,twosides,CID000002818,,UNRESOLVED
DRUG_001753,twosides,CID000002891,,UNRESOLVED
DRUG_001754,twosides,CID000002951,,UNRESOLVED
DRUG_001755,twosides,CID000003032,68373,HIGH_EXACT
DRUG_001756,twosides,CID000003040,,UNRESOLVED
DRUG_001757,twosides,CID000003075,,UNRESOLVED
DRUG_001758,twosides,CID000003161,,UNRESOLVED
DRUG_001759,twosides,CID000003355,,UNRESOLVED
DRUG_001760,twosides,CID000003414,,UNRESOLVED
DRUG_001761,twosides,CID000003419,,UNRESOLVED
DRUG_001762,twosides,CID000003516,5032,HIGH_EXACT
DRUG_001763,twosides,CID000003642,,UNRESOLVED
DRUG_001764,twosides,CID000003911,,UNRESOLVED
DRUG_001765,twosides,CID000003954,,UNRESOLVED
DRUG_001766,twosides,CID000004052,,UNRESOLVED
DRUG_001767,twosides,CID000004200,,UNRESOLVED
DRUG_001768,twosides,CID000004201,6984,HIGH_EXACT
DRUG_001769,twosides,CID000004473,,UNRESOLVED
DRUG_001770,twosides,CID000004585,,UNRESOLVED
DRUG_001771,twosides,CID000004607,,UNRESOLVED
DRUG_001772,twosides,CID000004609,,UNRESOLVED
DRUG_001773,twosides,CID000004645,,UNRESOLVED
DRUG_001774,twosides,CID000004723,7966,HIGH_EXACT
DRUG_001775,twosides,CID000004730,,UNRESOLVED
DRUG_001776,twosides,CID000004739,,UNRESOLVED
DRUG_001777,twosides,CID000004834,,UNRESOLVED
DRUG_001778,twosides,CID000004856,,UNRESOLVED
DRUG_001779,twosides,CID000005090,232158,HIGH_EXACT
DRUG_001780,twosides,CID000005297,,UNRESOLVED
DRUG_001781,twosides,CID000005412,,UNRESOLVED
DRUG_001782,twosides,CID000005721,,UNRESOLVED
DRUG_001783,twosides,CID000005771,,UNRESOLVED
DRUG_001784,twosides,CID000006691,,UNRESOLVED
DRUG_001785,twosides,CID000009052,,UNRESOLVED
DRUG_001786,twosides,CID000010631,6691,HIGH_EXACT
DRUG_001787,twosides,CID000012620,594680,HIGH_EXACT
DRUG_001788,twosides,CID000014888,18330,HIGH_EXACT
DRUG_001789,twosides,CID000019090,6703,HIGH_EXACT
DRUG_001790,twosides,CID000024011,,UNRESOLVED
DRUG_001791,twosides,CID000024486,,UNRESOLVED
DRUG_001792,twosides,CID000027686,,UNRESOLVED
DRUG_001793,twosides,CID000027991,,UNRESOLVED
DRUG_001794,twosides,CID000028112,,UNRESOLVED
DRUG_001795,twosides,CID000032797,,UNRESOLVED
DRUG_001796,twosides,CID000038904,,UNRESOLVED
DRUG_001797,twosides,CID000041774,,UNRESOLVED
DRUG_001798,twosides,CID000048175,,UNRESOLVED
DRUG_001799,twosides,CID000054808,,UNRESOLVED
DRUG_001800,twosides,CID000060612,,UNRESOLVED
DRUG_001801,twosides,CID000060754,,UNRESOLVED
DRUG_001802,twosides,CID000062924,,UNRESOLVED
DRUG_001803,twosides,CID000065027,,UNRESOLVED
DRUG_001804,twosides,CID000071158,82819,HIGH_EXACT
DRUG_001805,twosides,CID000072467,,UNRESOLVED
DRUG_001806,twosides,CID000074989,,UNRESOLVED
DRUG_001807,twosides,CID000083786,,UNRESOLVED
DRUG_001808,twosides,CID000087177,,UNRESOLVED
DRUG_001809,twosides,CID000119607,278567,HIGH_EXACT
DRUG_001810,twosides,CID000130881,118463,HIGH_EXACT
DRUG_001811,twosides,CID000151165,,UNRESOLVED
DRUG_001812,twosides,CID000160051,,UNRESOLVED
DRUG_001813,twosides,CID000176168,,UNRESOLVED
DRUG_001814,twosides,CID000443871,,UNRESOLVED
DRUG_001815,twosides,CID000444013,228833,HIGH_EXACT
DRUG_001816,twosides,CID000504578,,UNRESOLVED
DRUG_001817,twosides,CID000508230,,UNRESOLVED
DRUG_001818,twosides,CID003081884,,UNRESOLVED
DRUG_001819,twosides,CID003086258,,UNRESOLVED
DRUG_001820,twosides,CID003468412,,UNRESOLVED
DRUG_001821,twosides,CID004475485,,UNRESOLVED
DRUG_001822,twosides,CID004479097,,UNRESOLVED
DRUG_001823,twosides,CID005281007,,UNRESOLVED
DRUG_001824,twosides,CID005282044,,UNRESOLVED
DRUG_001825,twosides,CID005311039,,UNRESOLVED
DRUG_001826,twosides,CID005311048,,UNRESOLVED
DRUG_001827,twosides,CID005311082,,UNRESOLVED
DRUG_001828,twosides,CID005311297,,UNRESOLVED
DRUG_001829,twosides,CID005353980,,UNRESOLVED
DRUG_001830,twosides,CID005362070,,UNRESOLVED
DRUG_001831,twosides,CID005381226,,UNRESOLVED
DRUG_001832,twosides,CID005473385,,UNRESOLVED
DRUG_001833,twosides,CID005487301,,UNRESOLVED
DRUG_001834,twosides,CID005493381,,UNRESOLVED
DRUG_001835,twosides,CID006398525,,UNRESOLVED
DRUG_001836,twosides,CID006918453,,UNRESOLVED
