drugbank_id,source_dataset,raw_smiles,canonical_smiles,isomeric_smiles,inchikey,structure_valid
DB04571,drugbank,CC1=CC2=CC3=C(OC(=O)C=C3C)C(C)=C2O1,Cc1cc2cc3c(C)cc(=O)oc3c(C)c2o1,Cc1cc2cc3c(C)cc(=O)oc3c(C)c2o1,FMHHVULEAZTJMA-UHFFFAOYSA-N,True
DB00855,drugbank,NCC(=O)CCC(O)=O,NCC(=O)CCC(=O)O,NCC(=O)CCC(=O)O,ZGXJTSGNIOSYLO-UHFFFAOYSA-N,True
DB09536,drugbank,O=[Ti]=O,O=[Ti]=O,O=[Ti]=O,GWEVSGVZZGPLCZ-UHFFFAOYSA-N,True
DB01600,drugbank,CC(C(O)=O)C1=CC=C(S1)C(=O)C1=CC=CC=C1,CC(C(=O)O)c1ccc(C(=O)c2ccccc2)s1,CC(C(=O)O)c1ccc(C(=O)c2ccccc2)s1,GUHPRPJDBZHYCJ-UHFFFAOYSA-N,True
DB09000,drugbank,CC(CN(C)C)CN1C2=CC=CC=C2SC2=C1C=C(C=C2)C#N,CC(CN(C)C)CN1c2ccccc2Sc2ccc(C#N)cc21,CC(CN(C)C)CN1c2ccccc2Sc2ccc(C#N)cc21,SLFGIOIONGJGRT-UHFFFAOYSA-N,True
DB11630,drugbank,OC1=CC=CC(=C1)C-1=C2\CCC(=N2)\C(=C2/N\C(\C=C2)=C(/C2=N/C(/C=C2)=C(\C2=CC=C\-1N2)C1=CC(O)=CC=C1)C1=CC(O)=CC=C1)\C1=CC(O)=CC=C1,,,,False
DB00553,drugbank,COC1=C2OC(=O)C=CC2=CC2=C1OC=C2,COc1c2occc2cc2ccc(=O)oc12,COc1c2occc2cc2ccc(=O)oc12,QXKHYNVANLEOEG-UHFFFAOYSA-N,True
DB06261,drugbank,[H]N([H])CC(=O)CCC(=O)OCCCCCC,CCCCCCOC(=O)CCC(=O)CN,CCCCCCOC(=O)CCC(=O)CN,RYQOILLJDKPETL-UHFFFAOYSA-N,True
DB01878,drugbank,O=C(C1=CC=CC=C1)C1=CC=CC=C1,O=C(c1ccccc1)c1ccccc1,O=C(c1ccccc1)c1ccccc1,RWCCWEUUXYIKHB-UHFFFAOYSA-N,True
DB00140,drugbank,CC1=C(C)C=C2N(C[C@H](O)[C@H](O)[C@H](O)CO)C3=NC(=O)NC(=O)C3=NC2=C1,Cc1cc2nc3c(=O)[nH]c(=O)nc-3n(CC(O)C(O)C(O)CO)c2cc1C,Cc1cc2nc3c(=O)[nH]c(=O)nc-3n(C[C@H](O)[C@H](O)[C@H](O)CO)c2cc1C,AUNGANRZJHBGPY-SCRDCRAPSA-N,True
DB00821,drugbank,CC(C(O)=O)C1=CC2=C(C=C1)C1=C(N2)C=CC(Cl)=C1,CC(C(=O)O)c1ccc2c(c1)[nH]c1ccc(Cl)cc12,CC(C(=O)O)c1ccc2c(c1)[nH]c1ccc(Cl)cc12,PUXBGTOOZJQSKH-UHFFFAOYSA-N,True
DB08897,drugbank,OC(C(=O)O[C@H]1C[N+]2(CCCOC3=CC=CC=C3)CCC1CC2)(C1=CC=CS1)C1=CC=CS1,O=C(OC1C[N+]2(CCCOc3ccccc3)CCC1CC2)C(O)(c1cccs1)c1cccs1,O=C(O[C@H]1C[N+]2(CCCOc3ccccc3)CCC1CC2)C(O)(c1cccs1)c1cccs1,ASMXXROZKSBQIH-VITNCHFBSA-N,True
DB00670,drugbank,CN1CCN(CC(=O)N2C3=CC=CC=C3C(=O)NC3=C2N=CC=C3)CC1,CN1CCN(CC(=O)N2c3ccccc3C(=O)Nc3cccnc32)CC1,CN1CCN(CC(=O)N2c3ccccc3C(=O)Nc3cccnc32)CC1,RMHMFHUVIITRHF-UHFFFAOYSA-N,True
DB01116,drugbank,O=C1N(CC2=CC=CC=C2)C2C[S+]3CCCC3C2N1CC1=CC=CC=C1,O=C1N(Cc2ccccc2)C2C[S+]3CCCC3C2N1Cc1ccccc1,O=C1N(Cc2ccccc2)C2C[S+]3CCCC3C2N1Cc1ccccc1,CHQOEHPMXSHGCL-UHFFFAOYSA-N,True
DB00391,drugbank,CCN1CCCC1CNC(=O)C1=C(OC)C=CC(=C1)S(N)(=O)=O,CCN1CCCC1CNC(=O)c1cc(S(N)(=O)=O)ccc1OC,CCN1CCCC1CNC(=O)c1cc(S(N)(=O)=O)ccc1OC,BGRJTUBHPOOWDU-UHFFFAOYSA-N,True
DB09076,drugbank,OC(C1=CC=CC=C1)(C1=CC=CC=C1)C12CC[N+](CCOCC3=CC=CC=C3)(CC1)CC2,OC(c1ccccc1)(c1ccccc1)C12CC[N+](CCOCc3ccccc3)(CC1)CC2,OC(c1ccccc1)(c1ccccc1)C12CC[N+](CCOCc3ccccc3)(CC1)CC2,FVTWTVQXNAJTQP-UHFFFAOYSA-N,True
DB01071,drugbank,C(C1CN2CCC1CC2)N1C2=CC=CC=C2SC2=CC=CC=C12,c1ccc2c(c1)Sc1ccccc1N2CC1CN2CCC1CC2,c1ccc2c(c1)Sc1ccccc1N2CC1CN2CCC1CC2,HOKDBMAJZXIPGC-UHFFFAOYSA-N,True
DB01409,drugbank,[H][C@]12O[C@@]1([H])[C@]1([H])C[C@@]([H])(C[C@@]2([H])[N+]1(C)C)OC(=O)C(O)(C1=CC=CS1)C1=CC=CS1,C[N+]1(C)C2CC(OC(=O)C(O)(c3cccs3)c3cccs3)CC1C1OC12,C[N+]1(C)[C@@H]2C[C@@H](OC(=O)C(O)(c3cccs3)c3cccs3)C[C@H]1[C@@H]1O[C@@H]12,LERNTVKEWCAPOY-DZZGSBJMSA-N,True
DB00986,drugbank,C[N+]1(C)CCC(C1)OC(=O)C(O)(C1CCCC1)C1=CC=CC=C1,C[N+]1(C)CCC(OC(=O)C(O)(c2ccccc2)C2CCCC2)C1,C[N+]1(C)CCC(OC(=O)C(O)(c2ccccc2)C2CCCC2)C1,ANGKOCUUWGHLCE-UHFFFAOYSA-N,True
DB00434,drugbank,CN1CCC(CC1)=C1C2=CC=CC=C2C=CC2=CC=CC=C12,CN1CCC(=C2c3ccccc3C=Cc3ccccc32)CC1,CN1CCC(=C2c3ccccc3C=Cc3ccccc32)CC1,JJCFRYNCJDLXIK-UHFFFAOYSA-N,True
DB06153,drugbank,CN1CCC(CC1)=C1C2=C(CCC3=CC=CC=C13)SC=C2,CN1CCC(=C2c3ccccc3CCc3sccc32)CC1,CN1CCC(=C2c3ccccc3CCc3sccc32)CC1,FIADGNVRKBPQEU-UHFFFAOYSA-N,True
DB00366,drugbank,CN(C)CCOC(C)(C1=CC=CC=C1)C1=CC=CC=N1,CN(C)CCOC(C)(c1ccccc1)c1ccccn1,CN(C)CCOC(C)(c1ccccc1)c1ccccn1,HCFDWZZGGLSKEP-UHFFFAOYSA-N,True
DB00517,drugbank,[Br-].CCCC(CCC)C(=O)O[C@H]1CC2CCC(C1)[N+]2(C)C,CCCC(CCC)C(=O)OC1CC2CCC(C1)[N+]2(C)C.[Br-],CCCC(CCC)C(=O)OC1CC2CCC(C1)[N+]2(C)C.[Br-],QSFKGMJOKUZAJM-UHFFFAOYSA-M,True
DB00283,drugbank,CN1CCC[C@@H]1CCO[C@](C)(C1=CC=CC=C1)C1=CC=C(Cl)C=C1,CN1CCCC1CCOC(C)(c1ccccc1)c1ccc(Cl)cc1,CN1CCC[C@@H]1CCO[C@](C)(c1ccccc1)c1ccc(Cl)cc1,YNNUSGIPVFPVBX-NHCUHLMSSA-N,True
DB00387,drugbank,OC(CCN1CCCC1)(C1CCCCC1)C1=CC=CC=C1,OC(CCN1CCCC1)(c1ccccc1)C1CCCCC1,OC(CCN1CCCC1)(c1ccccc1)C1CCCCC1,WYDUSKDSKCASEF-UHFFFAOYSA-N,True
DB00657,drugbank,CNC1(C)C2CCC(C2)C1(C)C,CNC1(C)C2CCC(C2)C1(C)C,CNC1(C)C2CCC(C2)C1(C)C,IMYZQPCYWPFTAG-UHFFFAOYSA-N,True
DB01591,drugbank,O=C(O[C@H]1CN2CCC1CC2)N1CCC2=CC=CC=C2[C@@H]1C1=CC=CC=C1,O=C(OC1CN2CCC1CC2)N1CCc2ccccc2C1c1ccccc1,O=C(O[C@H]1CN2CCC1CC2)N1CCc2ccccc2[C@@H]1c1ccccc1,FBOUYBDGKBSUES-VXKWHMMOSA-N,True
DB00782,drugbank,CC(C)[N+](C)(CCOC(=O)C1C2=CC=CC=C2OC2=CC=CC=C12)C(C)C,CC(C)[N+](C)(CCOC(=O)C1c2ccccc2Oc2ccccc21)C(C)C,CC(C)[N+](C)(CCOC(=O)C1c2ccccc2Oc2ccccc21)C(C)C,VVWYOYDLCMFIEM-UHFFFAOYSA-N,True
DB01090,drugbank,C[N+]1(CCCCC[N+]2(C)CCCC2)CCCC1,C[N+]1(CCCCC[N+]2(C)CCCC2)CCCC1,C[N+]1(CCCCC[N+]2(C)CCCC2)CCCC1,XSBSKEQEUFOSDD-UHFFFAOYSA-N,True
DB11315,drugbank,C[N+]1(C)[C@H]2C[C@@H](C[C@@H]1[C@H]1O[C@@H]21)OC(=O)[C@H](CO)C1=CC=CC=C1,C[N+]1(C)C2CC(OC(=O)C(CO)c3ccccc3)CC1C1OC12,C[N+]1(C)[C@@H]2C[C@@H](OC(=O)[C@H](CO)c3ccccc3)C[C@H]1[C@@H]1O[C@@H]12,LZCOQTDXKCNBEE-IKIFYQGPSA-N,True
DB00219,drugbank,CC[N+](C)(CC)CCOC(=O)C(O)(C1CCCCC1)C1=CC=CC=C1,CC[N+](C)(CC)CCOC(=O)C(O)(c1ccccc1)C1CCCCC1,CC[N+](C)(CC)CCOC(=O)C(O)(c1ccccc1)C1CCCCC1,GFRUPHOKLBPHTQ-UHFFFAOYSA-N,True
DB00424,drugbank,CN1[C@H]2CC[C@@H]1C[C@@H](C2)OC(=O)[C@H](CO)C1=CC=CC=C1,CN1C2CCC1CC(OC(=O)C(CO)c1ccccc1)C2,CN1[C@@H]2CC[C@H]1C[C@@H](OC(=O)[C@H](CO)c1ccccc1)C2,RKUNBYITZUJHSG-FXUDXRNXSA-N,True
DB00340,drugbank,CN1CCCC(CC2C3=CC=CC=C3SC3=CC=CC=C23)C1,CN1CCCC(CC2c3ccccc3Sc3ccccc32)C1,CN1CCCC(CC2c3ccccc3Sc3ccccc32)C1,MJFJKKXQDNNUJF-UHFFFAOYSA-N,True
DB12278,drugbank,CCCOC(C(=O)OC1CCN(C)CC1)(C1=CC=CC=C1)C1=CC=CC=C1,CCCOC(C(=O)OC1CCN(C)CC1)(c1ccccc1)c1ccccc1,CCCOC(C(=O)OC1CCN(C)CC1)(c1ccccc1)c1ccccc1,QPCVHQBVMYCJOM-UHFFFAOYSA-N,True
DB00376,drugbank,OC(CCN1CCCCC1)(C1CCCCC1)C1=CC=CC=C1,OC(CCN1CCCCC1)(c1ccccc1)C1CCCCC1,OC(CCN1CCCCC1)(c1ccccc1)C1CCCCC1,HWHLPVGTWGOCJO-UHFFFAOYSA-N,True
DB01339,drugbank,[H][C@@]12C[C@@H]([C@H](OC(C)=O)[C@@]1(C)CC[C@@]1([H])[C@@]2([H])CC[C@@]2([H])C[C@H](OC(C)=O)[C@H](C[C@]12C)N1CCCCC1)[N+]1(C)CCCCC1,CC(=O)OC1CC2CCC3C(CCC4(C)C3CC([N+]3(C)CCCCC3)C4OC(C)=O)C2(C)CC1N1CCCCC1,CC(=O)O[C@H]1C[C@@H]2CC[C@@H]3[C@H](CC[C@@]4(C)[C@H]3C[C@H]([N+]3(C)CCCCC3)[C@@H]4OC(C)=O)[C@@]2(C)C[C@@H]1N1CCCCC1,BGSZAXLLHYERSY-XQIGCQGXSA-N,True
DB01338,drugbank,[H][C@@]12C[C@@H]([C@H](OC(C)=O)[C@@]1(C)CC[C@@]1([H])[C@@]2([H])CC[C@@]2([H])C[C@H](OC(C)=O)[C@H](C[C@]12C)N1CC[N+](C)(C)CC1)N1CC[N+](C)(C)CC1,CC(=O)OC1CC2CCC3C(CCC4(C)C3CC(N3CC[N+](C)(C)CC3)C4OC(C)=O)C2(C)CC1N1CC[N+](C)(C)CC1,CC(=O)O[C@H]1C[C@@H]2CC[C@@H]3[C@H](CC[C@@]4(C)[C@H]3C[C@H](N3CC[N+](C)(C)CC3)[C@@H]4OC(C)=O)[C@@]2(C)C[C@@H]1N1CC[N+](C)(C)CC1,OWWLUIWOFHMHOQ-XGHATYIMSA-N,True
DB01173,drugbank,CN(C)CCOC(C1=CC=CC=C1)C1=CC=CC=C1C,Cc1ccccc1C(OCCN(C)C)c1ccccc1,Cc1ccccc1C(OCCN(C)C)c1ccccc1,QVYRGXJJSLMXQH-UHFFFAOYSA-N,True
DB00332,drugbank,[H][C@]12CC[C@]([H])(C[C@@H](C1)OC(=O)C(CO)C1=CC=CC=C1)[N+]2(C)C(C)C,CC(C)[N+]1(C)C2CCC1CC(OC(=O)C(CO)c1ccccc1)C2,CC(C)[N+]1(C)[C@@H]2CC[C@H]1C[C@@H](OC(=O)C(CO)c1ccccc1)C2,OEXHQOGQTVQTAT-BHIXFJMTSA-N,True
DB01337,drugbank,[H][C@@]12C[C@@H]([C@H](OC(C)=O)[C@@]1(C)CC[C@@]1([H])[C@@]2([H])CC[C@@]2([H])C[C@H](OC(C)=O)[C@H](C[C@]12C)[N+]1(C)CCCCC1)[N+]1(C)CCCCC1,CC(=O)OC1CC2CCC3C(CCC4(C)C3CC([N+]3(C)CCCCC3)C4OC(C)=O)C2(C)CC1[N+]1(C)CCCCC1,CC(=O)O[C@H]1C[C@@H]2CC[C@@H]3[C@H](CC[C@@]4(C)[C@H]3C[C@H]([N+]3(C)CCCCC3)[C@@H]4OC(C)=O)[C@@]2(C)C[C@@H]1[N+]1(C)CCCCC1,GVEAYVLWDAFXET-XGHATYIMSA-N,True
DB00809,drugbank,CCN(CC1=CC=NC=C1)C(=O)C(CO)C1=CC=CC=C1,CCN(Cc1ccncc1)C(=O)C(CO)c1ccccc1,CCN(Cc1ccncc1)C(=O)C(CO)c1ccccc1,BGDKAVGWHJFAGW-UHFFFAOYSA-N,True
DB01036,drugbank,CC(C)N(CC[C@H](C1=CC=CC=C1)C1=C(O)C=CC(C)=C1)C(C)C,Cc1ccc(O)c(C(CCN(C(C)C)C(C)C)c2ccccc2)c1,Cc1ccc(O)c([C@H](CCN(C(C)C)C(C)C)c2ccccc2)c1,OOGJQPCLVADCPB-HXUWFJFHSA-N,True
DB00245,drugbank,[H][C@]12CC[C@]([H])(C[C@@]([H])(C1)OC(C1=CC=CC=C1)C1=CC=CC=C1)N2C,CN1C2CCC1CC(OC(c1ccccc1)c1ccccc1)C2,CN1[C@@H]2CC[C@H]1C[C@@H](OC(c1ccccc1)c1ccccc1)C2,GIJXKZJWITVLHI-PMOLBWCYSA-N,True
DB09300,drugbank,CCCC[N+]1(C)[C@H]2C[C@@H](C[C@@H]1[C@H]1O[C@@H]21)OC(=O)[C@H](CO)C1=CC=CC=C1,CCCC[N+]1(C)C2CC(OC(=O)C(CO)c3ccccc3)CC1C1OC12,CCCC[N+]1(C)[C@@H]2C[C@@H](OC(=O)[C@H](CO)c3ccccc3)C[C@H]1[C@@H]1O[C@@H]12,YBCNXCRZPWQOBR-WVHCHWADSA-N,True
DB00483,drugbank,[I-].[I-].[I-].CC[N+](CC)(CC)CCOC1=CC=CC(OCC[N+](CC)(CC)CC)=C1OCC[N+](CC)(CC)CC,CC[N+](CC)(CC)CCOc1cccc(OCC[N+](CC)(CC)CC)c1OCC[N+](CC)(CC)CC.[I-].[I-].[I-],CC[N+](CC)(CC)CCOc1cccc(OCC[N+](CC)(CC)CC)c1OCC[N+](CC)(CC)CC.[I-].[I-].[I-],REEUVFCVXKWOFE-UHFFFAOYSA-K,True
DB00804,drugbank,CCN(CC)CCOC(=O)C1(CCCCC1)C1CCCCC1,CCN(CC)CCOC(=O)C1(C2CCCCC2)CCCCC1,CCN(CC)CCOC(=O)C1(C2CCCCC2)CCCCC1,CURUTKGFNZGFSE-UHFFFAOYSA-N,True
DB00496,drugbank,NC(=O)C([C@@H]1CCN(CCC2=CC3=C(OCC3)C=C2)C1)(C1=CC=CC=C1)C1=CC=CC=C1,NC(=O)C(c1ccccc1)(c1ccccc1)C1CCN(CCc2ccc3c(c2)CCO3)C1,NC(=O)C(c1ccccc1)(c1ccccc1)[C@@H]1CCN(CCc2ccc3c(c2)CCO3)C1,HXGBXQDTNZMWGS-RUZDIDTESA-N,True
DB00732,drugbank,[O-]S(=O)(=O)C1=CC=CC=C1.[O-]S(=O)(=O)C1=CC=CC=C1.COC1=CC2=C(C=C1OC)C(CC1=CC(OC)=C(OC)C=C1)[N+](C)(CCC(=O)OCCCCCOC(=O)CC[N+]1(C)CCC3=C(C=C(OC)C(OC)=C3)C1CC1=CC(OC)=C(OC)C=C1)CC2,COc1ccc(CC2c3cc(OC)c(OC)cc3CC[N+]2(C)CCC(=O)OCCCCCOC(=O)CC[N+]2(C)CCc3cc(OC)c(OC)cc3C2Cc2ccc(OC)c(OC)c2)cc1OC.O=S(=O)([O-])c1ccccc1.O=S(=O)([O-])c1ccccc1,COc1ccc(CC2c3cc(OC)c(OC)cc3CC[N+]2(C)CCC(=O)OCCCCCOC(=O)CC[N+]2(C)CCc3cc(OC)c(OC)cc3C2Cc2ccc(OC)c(OC)c2)cc1OC.O=S(=O)([O-])c1ccccc1.O=S(=O)([O-])c1ccccc1,XXZSQOVSEBAPGS-UHFFFAOYSA-L,True
DB00392,drugbank,CCN(CC)C(C)CN1C2=CC=CC=C2SC2=CC=CC=C12,CCN(CC)C(C)CN1c2ccccc2Sc2ccccc21,CCN(CC)C(C)CN1c2ccccc2Sc2ccccc21,CDOZDBSBBXSXLB-UHFFFAOYSA-N,True
DB00810,drugbank,OC(CCN1CCCCC1)(C1CC2CC1C=C2)C1=CC=CC=C1,OC(CCN1CCCCC1)(c1ccccc1)C1CC2C=CC1C2,OC(CCN1CCCCC1)(c1ccccc1)C1CC2C=CC1C2,YSXKPIUOCJLQIE-UHFFFAOYSA-N,True
DB00747,drugbank,CN1[C@H]2C[C@@H](C[C@@H]1[C@H]1O[C@@H]21)OC(=O)[C@H](CO)C1=CC=CC=C1,CN1C2CC(OC(=O)C(CO)c3ccccc3)CC1C1OC12,CN1[C@@H]2C[C@@H](OC(=O)[C@H](CO)c3ccccc3)C[C@H]1[C@@H]1O[C@@H]12,STECJAGHUSJQJN-FWXGHANASA-N,True
DB00979,drugbank,CN(C)CCOC(=O)C(C1=CC=CC=C1)C1(O)CCCC1,CN(C)CCOC(=O)C(c1ccccc1)C1(O)CCCC1,CN(C)CCOC(=O)C(c1ccccc1)C1(O)CCCC1,SKYSRIRYMSLOIN-UHFFFAOYSA-N,True
DB00940,drugbank,CC[N+](C)(CC)CCOC(=O)C1C2=CC=CC=C2OC2=CC=CC=C12,CC[N+](C)(CC)CCOC(=O)C1c2ccccc2Oc2ccccc21,CC[N+](C)(CC)CCOC(=O)C1c2ccccc2Oc2ccccc21,GZHFODJQISUKAY-UHFFFAOYSA-N,True
DB00209,drugbank,[H][C@]12CC[C@]([H])(C[C@@H](C1)OC(=O)C(O)(C1=CC=CC=C1)C1=CC=CC=C1)[N+]21CCCC1,O=C(OC1CC2CCC(C1)[N+]21CCCC1)C(O)(c1ccccc1)c1ccccc1,O=C(O[C@H]1C[C@H]2CC[C@@H](C1)[N+]21CCCC1)C(O)(c1ccccc1)c1ccccc1,OYYDSUSKLWTMMQ-JKHIJQBDSA-N,True
DB01199,drugbank,[H][C@@]12CC3=CC=C(OC4=C5C(CC[N+](C)(C)[C@]5([H])CC5=CC(OC6=C(OC)C=C(CCN1C)C2=C6)=C(O)C=C5)=CC(OC)=C4O)C=C3,COc1cc2c3cc1Oc1cc(ccc1O)CC1c4c(cc(OC)c(O)c4Oc4ccc(cc4)CC3N(C)CC2)CC[N+]1(C)C,COc1cc2c3cc1Oc1cc(ccc1O)C[C@@H]1c4c(cc(OC)c(O)c4Oc4ccc(cc4)C[C@@H]3N(C)CC2)CC[N+]1(C)C,JFJZZMVDLULRGK-URLMMPGGSA-O,True
DB00572,drugbank,CN1[C@H]2CC[C@@H]1C[C@@H](C2)OC(=O)C(CO)C1=CC=CC=C1,CN1C2CCC1CC(OC(=O)C(CO)c1ccccc1)C2,CN1[C@@H]2CC[C@H]1C[C@@H](OC(=O)C(CO)c1ccccc1)C2,RKUNBYITZUJHSG-SPUOUPEWSA-N,True
DB00908,drugbank,[H][C@@]12CCN(C[C@@H]1C=C)[C@]([H])(C2)[C@@H](O)C1=C2C=C(OC)C=CC2=NC=C1,C=CC1CN2CCC1CC2C(O)c1ccnc2ccc(OC)cc12,C=C[C@H]1CN2CC[C@H]1C[C@@H]2[C@@H](O)c1ccnc2ccc(OC)cc12,LOUPRKONTZGTKE-LHHVKLHASA-N,True
DB00462,drugbank,[Br-].[H][C@]12C[C@@H](C[C@@]([H])(C3OC13)[N+]2(C)C)OC(=O)[C@H](CO)C1=CC=CC=C1,C[N+]1(C)C2CC(OC(=O)C(CO)c3ccccc3)CC1C1OC12.[Br-],C[N+]1(C)[C@H]2CC(OC(=O)[C@H](CO)c3ccccc3)C[C@H]1C1OC12.[Br-],CXYRUNPLKGGUJF-JIRGPDKYSA-M,True
DB01062,drugbank,CCN(CC)CC#CCOC(=O)C(O)(C1CCCCC1)C1=CC=CC=C1,CCN(CC)CC#CCOC(=O)C(O)(c1ccccc1)C1CCCCC1,CCN(CC)CC#CCOC(=O)C(O)(c1ccccc1)C1CCCCC1,XIQVNETUBQGFHX-UHFFFAOYSA-N,True
DB00967,drugbank,ClC1=CC2=C(C=C1)C(=C1CCNCC1)C1=C(CC2)C=CC=N1,Clc1ccc2c(c1)CCc1cccnc1C2=C1CCNCC1,Clc1ccc2c(c1)CCc1cccnc1C2=C1CCNCC1,JAUOIFJMECXRGI-UHFFFAOYSA-N,True
DB09275,drugbank,[K+].[K+].[K+].[K+].[K+].[Bi+3].[O-]C(=O)CC([O-])(CC([O-])=O)C([O-])=O.[O-]C(=O)CC([O-])(CC([O-])=O)C([O-])=O,O=C([O-])CC([O-])(CC(=O)[O-])C(=O)[O-].O=C([O-])CC([O-])(CC(=O)[O-])C(=O)[O-].[Bi+3].[K+].[K+].[K+].[K+].[K+],O=C([O-])CC([O-])(CC(=O)[O-])C(=O)[O-].O=C([O-])CC([O-])(CC(=O)[O-])C(=O)[O-].[Bi+3].[K+].[K+].[K+].[K+].[K+],YDDTTXDPCSCLKY-UHFFFAOYSA-H,True
DB03754,drugbank,NC(CO)(CO)CO,NC(CO)(CO)CO,NC(CO)(CO)CO,LENZDBCJOHFCAS-UHFFFAOYSA-N,True
DB01370,drugbank,[Al],[Al],[Al],XAGFODPZIPBFFR-UHFFFAOYSA-N,True
DB09104,drugbank,[OH-].[OH-].[Mg++],[Mg+2].[OH-].[OH-],[Mg+2].[OH-].[OH-],VTHJTEIRLNZDEV-UHFFFAOYSA-L,True
DB06724,drugbank,[Ca++].[O-]C([O-])=O,O=C([O-])[O-].[Ca+2],O=C([O-])[O-].[Ca+2],VTYYLEPIZMXCLO-UHFFFAOYSA-L,True
DB06723,drugbank,[OH-].[OH-].[OH-].[Al+3],[Al+3].[OH-].[OH-].[OH-],[Al+3].[OH-].[OH-].[OH-],WNROFYMDJYEPJX-UHFFFAOYSA-K,True
DB13595,drugbank,O.[Mg++].[Al+3].[Al+3].[O-][Si]([O-])([O-])[O-].[O-][Si]([O-])([O-])[O-],O.[Al+3].[Al+3].[Mg+2].[O-][Si]([O-])([O-])[O-].[O-][Si]([O-])([O-])[O-],O.[Al+3].[Al+3].[Mg+2].[O-][Si]([O-])([O-])[O-].[O-][Si]([O-])([O-])[O-],XFKLULFTFNRQOX-UHFFFAOYSA-N,True
DB09281,drugbank,[Mg++].[Mg++].[O-][Si](=O)O[Si]([O-])([O-])O[Si]([O-])=O,O=[Si]([O-])O[Si]([O-])([O-])O[Si](=O)[O-].[Mg+2].[Mg+2],O=[Si]([O-])O[Si]([O-])([O-])O[Si](=O)[O-].[Mg+2].[Mg+2],GXGAKHNRMVGRPK-UHFFFAOYSA-N,True
DB01377,drugbank,[O--].[Mg++],[Mg+2].[O-2],[Mg+2].[O-2],AXZKOIWUVFPNLO-UHFFFAOYSA-N,True
DB01390,drugbank,[Na+].OC([O-])=O,O=C([O-])O.[Na+],O=C([O-])O.[Na+],UIIMBOGNXHQVGW-UHFFFAOYSA-M,True
DB08938,drugbank,O.[OH-].[OH-].[OH-].[OH-].[OH-].[OH-].[OH-].[OH-].[OH-].[OH-].[OH-].[OH-].[OH-].[OH-].[OH-].[OH-].[OH-].[OH-].[OH-].[OH-].[OH-].[OH-].[OH-].[OH-].[OH-].[OH-].[OH-].[OH-].[OH-].[OH-].[OH-].[Mg++].[Mg++].[Mg++].[Mg++].[Mg++].[Mg++].[Mg++].[Mg++].[Mg++].[Mg++].[Al+3].[Al+3].[Al+3].[Al+3].[Al+3].[O-]S([O-])(=O)=O.[O-]S([O-])(=O)=O,O.O=S(=O)([O-])[O-].O=S(=O)([O-])[O-].[Al+3].[Al+3].[Al+3].[Al+3].[Al+3].[Mg+2].[Mg+2].[Mg+2].[Mg+2].[Mg+2].[Mg+2].[Mg+2].[Mg+2].[Mg+2].[Mg+2].[OH-].[OH-].[OH-].[OH-].[OH-].[OH-].[OH-].[OH-].[OH-].[OH-].[OH-].[OH-].[OH-].[OH-].[OH-].[OH-].[OH-].[OH-].[OH-].[OH-].[OH-].[OH-].[OH-].[OH-].[OH-].[OH-].[OH-].[OH-].[OH-].[OH-].[OH-],O.O=S(=O)([O-])[O-].O=S(=O)([O-])[O-].[Al+3].[Al+3].[Al+3].[Al+3].[Al+3].[Mg+2].[Mg+2].[Mg+2].[Mg+2].[Mg+2].[Mg+2].[Mg+2].[Mg+2].[Mg+2].[Mg+2].[OH-].[OH-].[OH-].[OH-].[OH-].[OH-].[OH-].[OH-].[OH-].[OH-].[OH-].[OH-].[OH-].[OH-].[OH-].[OH-].[OH-].[OH-].[OH-].[OH-].[OH-].[OH-].[OH-].[OH-].[OH-].[OH-].[OH-].[OH-].[OH-].[OH-].[OH-],SPPNVMTVMQOKSC-UHFFFAOYSA-A,True
DB00415,drugbank,[H][C@]12SC(C)(C)[C@@H](N1C(=O)[C@H]2NC(=O)[C@H](N)C1=CC=CC=C1)C(O)=O,CC1(C)SC2C(NC(=O)C(N)c3ccccc3)C(=O)N2C1C(=O)O,CC1(C)S[C@@H]2[C@H](NC(=O)[C@H](N)c3ccccc3)C(=O)N2[C@H]1C(=O)O,AVKUERGKIZMTKX-NJBDSQKTSA-N,True
DB00615,drugbank,CO[C@H]1\C=C\O[C@@]2(C)OC3=C(C2=O)C2=C(C(O)=C3C)C(=O)C(NC(=O)\C(C)=C/C=C/[C@H](C)[C@H](O)[C@@H](C)[C@@H](O)[C@@H](C)[C@H](OC(C)=O)[C@@H]1C)=C1NC3(CCN(CC3)CC(C)C)N=C21,COC1C=COC2(C)Oc3c(C)c(O)c4c(c3C2=O)C2=NC3(CCN(CC(C)C)CC3)NC2=C(NC(=O)C(C)=CC=CC(C)C(O)C(C)C(O)C(C)C(OC(C)=O)C1C)C4=O,CO[C@H]1/C=C/O[C@@]2(C)Oc3c(C)c(O)c4c(c3C2=O)C2=NC3(CCN(CC(C)C)CC3)NC2=C(NC(=O)/C(C)=C\C=C\[C@H](C)[C@H](O)[C@@H](C)[C@@H](O)[C@@H](C)[C@H](OC(C)=O)[C@@H]1C)C4=O,ATEBXHFBFRCZMA-VXTBVIBXSA-N,True
DB00252,drugbank,O=C1NC(=O)C(N1)(C1=CC=CC=C1)C1=CC=CC=C1,O=C1NC(=O)C(c2ccccc2)(c2ccccc2)N1,O=C1NC(=O)C(c2ccccc2)(c2ccccc2)N1,CXOFVDLJLONNDW-UHFFFAOYSA-N,True
DB01154,drugbank,CCCC(C)C1(CC=C)C(=O)NC(=S)NC1=O,C=CCC1(C(C)CCC)C(=O)NC(=S)NC1=O,C=CCC1(C(C)CCC)C(=O)NC(=S)NC1=O,XLOMZPUITCYLMJ-UHFFFAOYSA-N,True
DB01045,drugbank,CO[C@H]1\C=C\O[C@@]2(C)OC3=C(C2=O)C2=C(O)C(\C=N\N4CCN(C)CC4)=C(NC(=O)\C(C)=C/C=C/[C@H](C)[C@H](O)[C@@H](C)[C@@H](O)[C@@H](C)[C@H](OC(C)=O)[C@@H]1C)C(O)=C2C(O)=C3C,COC1C=COC2(C)Oc3c(C)c(O)c4c(O)c(c(C=NN5CCN(C)CC5)c(O)c4c3C2=O)NC(=O)C(C)=CC=CC(C)C(O)C(C)C(O)C(C)C(OC(C)=O)C1C,CO[C@H]1/C=C/O[C@@]2(C)Oc3c(C)c(O)c4c(O)c(c(/C=N/N5CCN(C)CC5)c(O)c4c3C2=O)NC(=O)/C(C)=C\C=C\[C@H](C)[C@H](O)[C@@H](C)[C@@H](O)[C@@H](C)[C@H](OC(C)=O)[C@@H]1C,JQXXHWHPUNPDRT-WLSIYKJHSA-N,True
DB01320,drugbank,OP(O)(=O)OCN1C(=O)NC(C1=O)(C1=CC=CC=C1)C1=CC=CC=C1,O=C1NC(c2ccccc2)(c2ccccc2)C(=O)N1COP(=O)(O)O,O=C1NC(c2ccccc2)(c2ccccc2)C(=O)N1COP(=O)(O)O,XWLUWCNOOVRFPX-UHFFFAOYSA-N,True
DB00564,drugbank,NC(=O)N1C2=CC=CC=C2C=CC2=CC=CC=C12,NC(=O)N1c2ccccc2C=Cc2ccccc21,NC(=O)N1c2ccccc2C=Cc2ccccc21,FFGPTBGBLSHEPO-UHFFFAOYSA-N,True
DB00607,drugbank,[H][C@]12SC(C)(C)[C@@H](N1C(=O)[C@H]2NC(=O)C1=C(OCC)C=CC2=CC=CC=C12)C(O)=O,CCOc1ccc2ccccc2c1C(=O)NC1C(=O)N2C1SC(C)(C)C2C(=O)O,CCOc1ccc2ccccc2c1C(=O)N[C@@H]1C(=O)N2[C@@H]1SC(C)(C)[C@@H]2C(=O)O,GPXLMGHLHQJAGZ-JTDSTZFVSA-N,True
DB00794,drugbank,CCC1(C(=O)NCNC1=O)C1=CC=CC=C1,CCC1(c2ccccc2)C(=O)NCNC1=O,CCC1(c2ccccc2)C(=O)NCNC1=O,DQMZLTXERSFNPB-UHFFFAOYSA-N,True
DB01174,drugbank,CCC1(C(=O)NC(=O)NC1=O)C1=CC=CC=C1,CCC1(c2ccccc2)C(=O)NC(=O)NC1=O,CCC1(c2ccccc2)C(=O)NC(=O)NC1=O,DDBREPKUVSBGFI-UHFFFAOYSA-N,True
DB00312,drugbank,CCCC(C)C1(CC)C(=O)NC(=O)NC1=O,CCCC(C)C1(CC)C(=O)NC(=O)NC1=O,CCCC(C)C1(CC)C(=O)NC(=O)NC1=O,WEXRUCMBJFQVBZ-UHFFFAOYSA-N,True
DB00238,drugbank,CC1=C2NC(=O)C3=C(N=CC=C3)N(C3CC3)C2=NC=C1,Cc1ccnc2c1NC(=O)c1cccnc1N2C1CC1,Cc1ccnc2c1NC(=O)c1cccnc1N2C1CC1,NQDJXKOVJZTUJA-UHFFFAOYSA-N,True
DB01201,drugbank,CO[C@H]1\C=C\O[C@@]2(C)OC3=C(C2=O)C2=C(C(O)=C3C)C(O)=C(NC(=O)\C(C)=C/C=C/[C@H](C)[C@H](O)[C@@H](C)[C@@H](O)[C@@H](C)[C@H](OC(C)=O)[C@@H]1C)C(\C=N\N1CCN(CC1)C1CCCC1)=C2O,COC1C=COC2(C)Oc3c(C)c(O)c4c(O)c(c(C=NN5CCN(C6CCCC6)CC5)c(O)c4c3C2=O)NC(=O)C(C)=CC=CC(C)C(O)C(C)C(O)C(C)C(OC(C)=O)C1C,CO[C@H]1/C=C/O[C@@]2(C)Oc3c(C)c(O)c4c(O)c(c(/C=N/N5CCN(C6CCCC6)CC5)c(O)c4c3C2=O)NC(=O)/C(C)=C\C=C\[C@H](C)[C@H](O)[C@@H](C)[C@@H](O)[C@@H](C)[C@H](OC(C)=O)[C@@H]1C,WDZCUPBHRAEYDL-GZAUEHORSA-N,True
DB00673,drugbank,C[C@@H](O[C@H]1OCCN(CC2=NNC(=O)N2)[C@H]1C1=CC=C(F)C=C1)C1=CC(=CC(=C1)C(F)(F)F)C(F)(F)F,CC(OC1OCCN(Cc2n[nH]c(=O)[nH]2)C1c1ccc(F)cc1)c1cc(C(F)(F)F)cc(C(F)(F)F)c1,C[C@@H](O[C@H]1OCCN(Cc2n[nH]c(=O)[nH]2)[C@H]1c1ccc(F)cc1)c1cc(C(F)(F)F)cc(C(F)(F)F)c1,ATALOFNDEOCMKK-OITMNORJSA-N,True
DB00849,drugbank,CCC1(C(=O)NC(=O)N(C)C1=O)C1=CC=CC=C1,CCC1(c2ccccc2)C(=O)NC(=O)N(C)C1=O,CCC1(c2ccccc2)C(=O)NC(=O)N(C)C1=O,ALARQZQTBTVLJV-UHFFFAOYSA-N,True
DB01351,drugbank,CCC1(CCC(C)C)C(=O)NC(=O)NC1=O,CCC1(CCC(C)C)C(=O)NC(=O)NC1=O,CCC1(CCC(C)C)C(=O)NC(=O)NC1=O,VIROVYVQCGLCII-UHFFFAOYSA-N,True
DB00418,drugbank,CCCC(C)C1(CC=C)C(=O)NC(=O)NC1=O,C=CCC1(C(C)CCC)C(=O)NC(=O)NC1=O,C=CCC1(C(C)CCC)C(=O)NC(=O)NC1=O,KQPKPCNLIDLUMF-UHFFFAOYSA-N,True
DB01220,drugbank,CO[C@H]1\C=C\O[C@@]2(C)OC3=C(C)C(O)=C4C(O)=C(NC(=O)\C(C)=C/C=C/[C@H](C)[C@H](O)[C@@H](C)[C@@H](O)[C@@H](C)[C@H](OC(C)=O)[C@@H]1C)C1=C(N=C5C=C(C)C=CN15)C4=C3C2=O,COC1C=COC2(C)Oc3c(C)c(O)c4c(O)c(c5c(nc6cc(C)ccn65)c4c3C2=O)NC(=O)C(C)=CC=CC(C)C(O)C(C)C(O)C(C)C(OC(C)=O)C1C,CO[C@H]1/C=C/O[C@@]2(C)Oc3c(C)c(O)c4c(O)c(c5c(nc6cc(C)ccn65)c4c3C2=O)NC(=O)/C(C)=C\C=C\[C@H](C)[C@H](O)[C@@H](C)[C@@H](O)[C@@H](C)[C@H](OC(C)=O)[C@@H]1C,NZCRJKRKKOLAOJ-XRCRFVBUSA-N,True
DB00165,drugbank,CC1=C(O)C(CO)=C(CO)C=N1,Cc1ncc(CO)c(CO)c1O,Cc1ncc(CO)c(CO)c1O,LXNHXLLTXMVWPM-UHFFFAOYSA-N,True
DB00559,drugbank,COC1=CC=CC=C1OC1=C(NS(=O)(=O)C2=CC=C(C=C2)C(C)(C)C)N=C(N=C1OCCO)C1=NC=CC=N1,COc1ccccc1Oc1c(NS(=O)(=O)c2ccc(C(C)(C)C)cc2)nc(-c2ncccn2)nc1OCCO,COc1ccccc1Oc1c(NS(=O)(=O)c2ccc(C(C)(C)C)cc2)nc(-c2ncccn2)nc1OCCO,GJPICJJJRGTNOD-UHFFFAOYSA-N,True
DB00474,drugbank,CCC#CC(C)C1(CC=C)C(=O)NC(=O)N(C)C1=O,C=CCC1(C(C)C#CCC)C(=O)NC(=O)N(C)C1=O,C=CCC1(C(C)C#CCC)C(=O)NC(=O)N(C)C1=O,NZXKDOXHBHYTKP-UHFFFAOYSA-N,True
DB09280,drugbank,CC1=CC=C(NC(=O)C2(CC2)C2=CC=C3OC(F)(F)OC3=C2)N=C1C1=CC(=CC=C1)C(O)=O,Cc1ccc(NC(=O)C2(c3ccc4c(c3)OC(F)(F)O4)CC2)nc1-c1cccc(C(=O)O)c1,Cc1ccc(NC(=O)C2(c3ccc4c(c3)OC(F)(F)O4)CC2)nc1-c1cccc(C(=O)O)c1,UFSKUSARDNFIRC-UHFFFAOYSA-N,True
DB00400,drugbank,COC1=CC(OC)=C(Cl)C2=C1C(=O)[C@]1(O2)[C@H](C)CC(=O)C=C1OC,COC1=CC(=O)CC(C)C12Oc1c(Cl)c(OC)cc(OC)c1C2=O,COC1=CC(=O)C[C@@H](C)[C@]12Oc1c(Cl)c(OC)cc(OC)c1C2=O,DDUHZTYCFQRHIY-RBHXEPJQSA-N,True
DB01355,drugbank,CN1C(=O)NC(=O)C(C)(C1=O)C1=CCCCC1,CN1C(=O)NC(=O)C(C)(C2=CCCCC2)C1=O,CN1C(=O)NC(=O)C(C)(C2=CCCCC2)C1=O,UYXAWHWODHRRMR-UHFFFAOYSA-N,True
DB00599,drugbank,CCCC(C)C1(CC)C(=O)NC(=S)NC1=O,CCCC(C)C1(CC)C(=O)NC(=S)NC1=O,CCCC(C)C1(CC)C(=O)NC(=S)NC1=O,IUJDSEJGGMCXSG-UHFFFAOYSA-N,True
DB01437,drugbank,CCC1(CCC(=O)NC1=O)C1=CC=CC=C1,CCC1(c2ccccc2)CCC(=O)NC1=O,CCC1(c2ccccc2)CCC(=O)NC1=O,JMBQKKAJIKAWKF-UHFFFAOYSA-N,True
DB00451,drugbank,N[C@@H](CC1=CC(I)=C(OC2=CC(I)=C(O)C(I)=C2)C(I)=C1)C(O)=O,NC(Cc1cc(I)c(Oc2cc(I)c(O)c(I)c2)c(I)c1)C(=O)O,N[C@@H](Cc1cc(I)c(Oc2cc(I)c(O)c(I)c2)c(I)c1)C(=O)O,XUIIKFGFIJCVMT-LBPRGKRZSA-N,True
DB01601,drugbank,CC(C)[C@H](N1CCCNC1=O)C(=O)N[C@H](C[C@H](O)[C@H](CC1=CC=CC=C1)NC(=O)COC1=C(C)C=CC=C1C)CC1=CC=CC=C1,Cc1cccc(C)c1OCC(=O)NC(Cc1ccccc1)C(O)CC(Cc1ccccc1)NC(=O)C(C(C)C)N1CCCNC1=O,Cc1cccc(C)c1OCC(=O)N[C@@H](Cc1ccccc1)[C@@H](O)C[C@H](Cc1ccccc1)NC(=O)[C@H](C(C)C)N1CCCNC1=O,KJHKTHWMRKYKJE-SUGCFTRWSA-N,True
DB00705,drugbank,CC(C)NC1=C(N=CC=C1)N1CCN(CC1)C(=O)C1=CC2=C(N1)C=CC(NS(C)(=O)=O)=C2,CC(C)Nc1cccnc1N1CCN(C(=O)c2cc3cc(NS(C)(=O)=O)ccc3[nH]2)CC1,CC(C)Nc1cccnc1N1CCN(C(=O)c2cc3cc(NS(C)(=O)=O)ccc3[nH]2)CC1,WHBIGIKBNXZKFE-UHFFFAOYSA-N,True
DB01583,drugbank,[Na+].[Na+].N[C@@H](CC1=CC(I)=C(OC2=CC(I)=C(O)C=C2)C(I)=C1)C([O-])=O.N[C@@H](CC1=CC(I)=C(OC2=CC(I)=C(O)C(I)=C2)C(I)=C1)C([O-])=O,NC(Cc1cc(I)c(Oc2cc(I)c(O)c(I)c2)c(I)c1)C(=O)[O-].NC(Cc1cc(I)c(Oc2ccc(O)c(I)c2)c(I)c1)C(=O)[O-].[Na+].[Na+],N[C@@H](Cc1cc(I)c(Oc2cc(I)c(O)c(I)c2)c(I)c1)C(=O)[O-].N[C@@H](Cc1cc(I)c(Oc2ccc(O)c(I)c2)c(I)c1)C(=O)[O-].[Na+].[Na+],LKYWLLWWYBVUPP-XOCLESOZSA-L,True
DB00279,drugbank,N[C@@H](CC1=CC(I)=C(OC2=CC(I)=C(O)C=C2)C(I)=C1)C(O)=O,NC(Cc1cc(I)c(Oc2ccc(O)c(I)c2)c(I)c1)C(=O)O,N[C@@H](Cc1cc(I)c(Oc2ccc(O)c(I)c2)c(I)c1)C(=O)O,AUYYCJSJGJYCDS-LBPRGKRZSA-N,True
DB00590,drugbank,COC1=C(OC)C=C2C(N)=NC(=NC2=C1)N1CCN(CC1)C(=O)C1COC2=CC=CC=C2O1,COc1cc2nc(N3CCN(C(=O)C4COc5ccccc5O4)CC3)nc(N)c2cc1OC,COc1cc2nc(N3CCN(C(=O)C4COc5ccccc5O4)CC3)nc(N)c2cc1OC,RUZYUOTYCVRMRZ-UHFFFAOYSA-N,True
DB00421,drugbank,[H][C@@]12CC[C@@]3(CCC(=O)O3)[C@@]1(C)CC[C@@]1([H])[C@@]2([H])[C@@]([H])(CC2=CC(=O)CC[C@]12C)SC(C)=O,CC(=O)SC1CC2=CC(=O)CCC2(C)C2CCC3(C)C(CCC34CCC(=O)O4)C12,CC(=O)S[C@@H]1CC2=CC(=O)CC[C@]2(C)[C@H]2CC[C@@]3(C)[C@@H](CC[C@@]34CCC(=O)O4)[C@H]12,LXMSZDCAJNLERA-ZHYRCANASA-N,True
DB00706,drugbank,CCOC1=CC=CC=C1OCCN[C@H](C)CC1=CC(=C(OC)C=C1)S(N)(=O)=O,CCOc1ccccc1OCCNC(C)Cc1ccc(OC)c(S(N)(=O)=O)c1,CCOc1ccccc1OCCN[C@H](C)Cc1ccc(OC)c(S(N)(=O)=O)c1,DRHKJLXJIQTDTD-OAHLLOKOSA-N,True
DB01162,drugbank,COC1=C(OC)C=C2C(N)=NC(=NC2=C1)N1CCN(CC1)C(=O)C1CCCO1,COc1cc2nc(N3CCN(C(=O)C4CCCO4)CC3)nc(N)c2cc1OC,COc1cc2nc(N3CCN(C(=O)C4CCCO4)CC3)nc(N)c2cc1OC,VCKUSRYTPJJLNI-UHFFFAOYSA-N,True
DB06207,drugbank,C[C@H](CC1=CC2=C(N(CCCO)CC2)C(=C1)C(N)=O)NCCOC1=CC=CC=C1OCC(F)(F)F,CC(Cc1cc2c(c(C(N)=O)c1)N(CCCO)CC2)NCCOc1ccccc1OCC(F)(F)F,C[C@H](Cc1cc2c(c(C(N)=O)c1)N(CCCO)CC2)NCCOc1ccccc1OCC(F)(F)F,PNCPYILNMDWPEY-QGZVFWFLSA-N,True
DB00457,drugbank,COC1=C(OC)C=C2C(N)=NC(=NC2=C1)N1CCN(CC1)C(=O)C1=CC=CO1,COc1cc2nc(N3CCN(C(=O)c4ccco4)CC3)nc(N)c2cc1OC,COc1cc2nc(N3CCN(C(=O)c4ccco4)CC3)nc(N)c2cc1OC,IENZQIKPVFGBNW-UHFFFAOYSA-N,True
DB00346,drugbank,COC1=CC2=C(C=C1OC)C(N)=NC(=N2)N(C)CCCNC(=O)C1CCCO1,COc1cc2nc(N(C)CCCNC(=O)C3CCCO3)nc(N)c2cc1OC,COc1cc2nc(N(C)CCCNC(=O)C3CCCO3)nc(N)c2cc1OC,WNMJYKCGWZFFKR-UHFFFAOYSA-N,True
DB00598,drugbank,CC(CCC1=CC=CC=C1)NCC(O)C1=CC(C(N)=O)=C(O)C=C1,CC(CCc1ccccc1)NCC(O)c1ccc(O)c(C(N)=O)c1,CC(CCc1ccccc1)NCC(O)c1ccc(O)c(C(N)=O)c1,SGUAFYQXFOLMHL-UHFFFAOYSA-N,True
DB01136,drugbank,COC1=CC=CC=C1OCCNCC(O)COC1=CC=CC2=C1C1=CC=CC=C1N2,COc1ccccc1OCCNCC(O)COc1cccc2[nH]c3ccccc3c12,COc1ccccc1OCCNCC(O)COc1cccc2[nH]c3ccccc3c12,OGHNVEJMJSYVRP-UHFFFAOYSA-N,True
DB01069,drugbank,CC(CN1C2=CC=CC=C2SC2=CC=CC=C12)N(C)C,CC(CN1c2ccccc2Sc2ccccc21)N(C)C,CC(CN1c2ccccc2Sc2ccccc21)N(C)C,PWWVAXIEGOYWEE-UHFFFAOYSA-N,True
DB06605,drugbank,COC1=CC=C(C=C1)N1N=C(C(N)=O)C2=C1C(=O)N(CC2)C1=CC=C(C=C1)N1CCCCC1=O,COc1ccc(-n2nc(C(N)=O)c3c2C(=O)N(c2ccc(N4CCCCC4=O)cc2)CC3)cc1,COc1ccc(-n2nc(C(N)=O)c3c2C(=O)N(c2ccc(N4CCCCC4=O)cc2)CC3)cc1,QNZCBYKSOIHPEH-UHFFFAOYSA-N,True
DB00682,drugbank,CC(=O)CC(C1=CC=CC=C1)C1=C(O)C2=C(OC1=O)C=CC=C2,CC(=O)CC(c1ccccc1)c1c(O)c2ccccc2oc1=O,CC(=O)CC(c1ccccc1)c1c(O)c2ccccc2oc1=O,PJVWKTKQMONHTI-UHFFFAOYSA-N,True
DB00975,drugbank,OCCN(CCO)C1=NC2=C(N=C(N=C2N2CCCCC2)N(CCO)CCO)C(=N1)N1CCCCC1,OCCN(CCO)c1nc(N2CCCCC2)c2nc(N(CCO)CCO)nc(N3CCCCC3)c2n1,OCCN(CCO)c1nc(N2CCCCC2)c2nc(N(CCO)CCO)nc(N3CCCCC3)c2n1,IZEKFCXSFNUWAM-UHFFFAOYSA-N,True
DB00244,drugbank,NC1=CC(C(O)=O)=C(O)C=C1,Nc1ccc(O)c(C(=O)O)c1,Nc1ccc(O)c(C(=O)O)c1,KBOPZPXVLCULAV-UHFFFAOYSA-N,True
DB06228,drugbank,ClC1=CC=C(S1)C(=O)NC[C@H]1CN(C(=O)O1)C1=CC=C(C=C1)N1CCOCC1=O,O=C(NCC1CN(c2ccc(N3CCOCC3=O)cc2)C(=O)O1)c1ccc(Cl)s1,O=C(NC[C@H]1CN(c2ccc(N3CCOCC3=O)cc2)C(=O)O1)c1ccc(Cl)s1,KGFYHTZWPPHNLQ-AWEZNQCLSA-N,True
DB00946,drugbank,CCC(C1=CC=CC=C1)C1=C(O)C2=C(OC1=O)C=CC=C2,CCC(c1ccccc1)c1c(O)c2ccccc2oc1=O,CCC(c1ccccc1)c1c(O)c2ccccc2oc1=O,DQDAYGNAKTZFIW-UHFFFAOYSA-N,True
DB00278,drugbank,C[C@@H]1CCN([C@H](C1)C(O)=O)C(=O)[C@H](CCCNC(N)=N)NS(=O)(=O)C1=CC=CC2=C1NCC(C)C2,CC1CNc2c(cccc2S(=O)(=O)NC(CCCNC(=N)N)C(=O)N2CCC(C)CC2C(=O)O)C1,CC1CNc2c(cccc2S(=O)(=O)N[C@@H](CCCNC(=N)N)C(=O)N2CC[C@@H](C)C[C@@H]2C(=O)O)C1,KXNPVXPOPUZYGB-IOVMHBDKSA-N,True
DB00006,drugbank,CC[C@H](C)[C@H](NC(=O)[C@H](CCC(O)=O)NC(=O)[C@H](CCC(O)=O)NC(=O)[C@H](CC1=CC=CC=C1)NC(=O)[C@H](CC(O)=O)NC(=O)CNC(=O)[C@H](CC(N)=O)NC(=O)CNC(=O)CNC(=O)CNC(=O)CNC(=O)[C@@H]1CCCN1C(=O)[C@H](CCCNC(N)=N)NC(=O)[C@@H]1CCCN1C(=O)[C@H](N)CC1=CC=CC=C1)C(=O)N1CCC[C@H]1C(=O)N[C@@H](CCC(O)=O)C(=O)N[C@@H](CCC(O)=O)C(=O)N[C@@H](CC1=CC=C(O)C=C1)C(=O)N[C@@H](CC(C)C)C(O)=O,CCC(C)C(NC(=O)C(CCC(=O)O)NC(=O)C(CCC(=O)O)NC(=O)C(Cc1ccccc1)NC(=O)C(CC(=O)O)NC(=O)CNC(=O)C(CC(N)=O)NC(=O)CNC(=O)CNC(=O)CNC(=O)CNC(=O)C1CCCN1C(=O)C(CCCNC(=N)N)NC(=O)C1CCCN1C(=O)C(N)Cc1ccccc1)C(=O)N1CCCC1C(=O)NC(CCC(=O)O)C(=O)NC(CCC(=O)O)C(=O)NC(Cc1ccc(O)cc1)C(=O)NC(CC(C)C)C(=O)O,CC[C@H](C)[C@H](NC(=O)[C@H](CCC(=O)O)NC(=O)[C@H](CCC(=O)O)NC(=O)[C@H](Cc1ccccc1)NC(=O)[C@H](CC(=O)O)NC(=O)CNC(=O)[C@H](CC(N)=O)NC(=O)CNC(=O)CNC(=O)CNC(=O)CNC(=O)[C@@H]1CCCN1C(=O)[C@H](CCCNC(=N)N)NC(=O)[C@@H]1CCCN1C(=O)[C@H](N)Cc1ccccc1)C(=O)N1CCC[C@H]1C(=O)N[C@@H](CCC(=O)O)C(=O)N[C@@H](CCC(=O)O)C(=O)N[C@@H](Cc1ccc(O)cc1)C(=O)N[C@@H](CC(C)C)C(=O)O,OIRCOABEOLEUMC-GEJPAHFPSA-N,True
DB00498,drugbank,O=C1C(C(=O)C2=CC=CC=C12)C1=CC=CC=C1,O=C1c2ccccc2C(=O)C1c1ccccc1,O=C1c2ccccc2C(=O)C1c1ccccc1,NFBAXHOPROOJAW-UHFFFAOYSA-N,True
DB06695,drugbank,CCCCCCOC(=O)\N=C(\N)C1=CC=C(NCC2=NC3=C(C=CC(=C3)C(=O)N(CCC(=O)OCC)C3=NC=CC=C3)N2C)C=C1,CCCCCCOC(=O)N=C(N)c1ccc(NCc2nc3cc(C(=O)N(CCC(=O)OCC)c4ccccn4)ccc3n2C)cc1,CCCCCCOC(=O)/N=C(/N)c1ccc(NCc2nc3cc(C(=O)N(CCC(=O)OCC)c4ccccn4)ccc3n2C)cc1,KSGXQBZTULBEEQ-UHFFFAOYSA-N,True
DB09075,drugbank,CN(C)C(=O)[C@H]1CC[C@H](NC(=O)C(=O)NC2=NC=C(Cl)C=C2)[C@@H](C1)NC(=O)C1=NC2=C(CN(C)CC2)S1,CN1CCc2nc(C(=O)NC3CC(C(=O)N(C)C)CCC3NC(=O)C(=O)Nc3ccc(Cl)cn3)sc2C1,CN1CCc2nc(C(=O)N[C@@H]3C[C@@H](C(=O)N(C)C)CC[C@@H]3NC(=O)C(=O)Nc3ccc(Cl)cn3)sc2C1,HGVDHZBSSITLCT-JLJPHGGASA-N,True
DB01418,drugbank,CC(=O)CC(C1=CC=C(C=C1)[N+]([O-])=O)C1=C(O)C2=CC=CC=C2OC1=O,CC(=O)CC(c1ccc([N+](=O)[O-])cc1)c1c(O)c2ccccc2oc1=O,CC(=O)CC(c1ccc([N+](=O)[O-])cc1)c1c(O)c2ccccc2oc1=O,VABCILAOYCMVPS-UHFFFAOYSA-N,True
DB00266,drugbank,OC1=C(CC2=C(O)C3=C(OC2=O)C=CC=C3)C(=O)OC2=C1C=CC=C2,O=c1oc2ccccc2c(O)c1Cc1c(O)c2ccccc2oc1=O,O=c1oc2ccccc2c(O)c1Cc1c(O)c2ccccc2oc1=O,DOBMPNYZJYQDGZ-UHFFFAOYSA-N,True
DB00974,drugbank,OC(=O)CN(CCN(CC(O)=O)CC(O)=O)CC(O)=O,O=C(O)CN(CCN(CC(=O)O)CC(=O)O)CC(=O)O,O=C(O)CN(CCN(CC(=O)O)CC(=O)O)CC(=O)O,KCXVZYZYPLLWCC-UHFFFAOYSA-N,True
DB06441,drugbank,CSCCNC1=C2N=CN([C@@H]3O[C@H](COP(O)(=O)OP(O)(=O)C(Cl)(Cl)P(O)(O)=O)[C@@H](O)[C@H]3O)C2=NC(SCCC(F)(F)F)=N1,CSCCNc1nc(SCCC(F)(F)F)nc2c1ncn2C1OC(COP(=O)(O)OP(=O)(O)C(Cl)(Cl)P(=O)(O)O)C(O)C1O,CSCCNc1nc(SCCC(F)(F)F)nc2c1ncn2[C@@H]1O[C@H](COP(=O)(O)OP(=O)(O)C(Cl)(Cl)P(=O)(O)O)[C@@H](O)[C@H]1O,PAEBIVWUMLRPSK-IDTAVKCVSA-N,True
DB00208,drugbank,ClC1=CC=CC=C1CN1CCC2=C(C1)C=CS2,Clc1ccccc1CN1CCc2sccc2C1,Clc1ccccc1CN1CCc2sccc2C1,PHWBOXQYWZNQIN-UHFFFAOYSA-N,True
DB00569,drugbank,CO[C@H]1O[C@H](COS(O)(=O)=O)[C@@H](O[C@@H]2O[C@H]([C@@H](O[C@H]3O[C@H](COS(O)(=O)=O)[C@@H](O[C@@H]4O[C@@H]([C@@H](O[C@H]5O[C@H](COS(O)(=O)=O)[C@@H](O)[C@H](O)[C@H]5NS(O)(=O)=O)[C@H](O)[C@H]4O)C(O)=O)[C@H](OS(O)(=O)=O)[C@H]3NS(O)(=O)=O)[C@H](O)[C@H]2OS(O)(=O)=O)C(O)=O)[C@H](O)[C@H]1NS(O)(=O)=O,COC1OC(COS(=O)(=O)O)C(OC2OC(C(=O)O)C(OC3OC(COS(=O)(=O)O)C(OC4OC(C(=O)O)C(OC5OC(COS(=O)(=O)O)C(O)C(O)C5NS(=O)(=O)O)C(O)C4O)C(OS(=O)(=O)O)C3NS(=O)(=O)O)C(O)C2OS(=O)(=O)O)C(O)C1NS(=O)(=O)O,CO[C@H]1O[C@H](COS(=O)(=O)O)[C@@H](O[C@@H]2O[C@@H](C(=O)O)[C@@H](O[C@H]3O[C@H](COS(=O)(=O)O)[C@@H](O[C@@H]4O[C@H](C(=O)O)[C@@H](O[C@H]5O[C@H](COS(=O)(=O)O)[C@@H](O)[C@H](O)[C@H]5NS(=O)(=O)O)[C@H](O)[C@H]4O)[C@H](OS(=O)(=O)O)[C@H]3NS(=O)(=O)O)[C@H](O)[C@H]2OS(=O)(=O)O)[C@H](O)[C@H]1NS(=O)(=O)O,KANJSNBRCNMZMV-ABRZTLGGSA-N,True
DB08994,drugbank,OCCN(CCO)C1=NC(=C(O1)C1=CC=CC=C1)C1=CC=CC=C1,OCCN(CCO)c1nc(-c2ccccc2)c(-c2ccccc2)o1,OCCN(CCO)c1nc(-c2ccccc2)c(-c2ccccc2)o1,UUCMDZWCRNZCOY-UHFFFAOYSA-N,True
DB06154,drugbank,[O-][N+](=O)OCC(CO[N+]([O-])=O)(CO[N+]([O-])=O)CO[N+]([O-])=O,O=[N+]([O-])OCC(CO[N+](=O)[O-])(CO[N+](=O)[O-])CO[N+](=O)[O-],O=[N+]([O-])OCC(CO[N+](=O)[O-])(CO[N+](=O)[O-])CO[N+](=O)[O-],TZRXHJWUDPFEEY-UHFFFAOYSA-N,True
DB04898,drugbank,CCOC(=O)CN[C@@H](C(=O)N1CC[C@H]1C(=O)NCC1=CC=C(C=C1)C(\N)=N\O)C1CCCCC1,CCOC(=O)CNC(C(=O)N1CCC1C(=O)NCc1ccc(C(N)=NO)cc1)C1CCCCC1,CCOC(=O)CN[C@@H](C(=O)N1CC[C@H]1C(=O)NCc1ccc(/C(N)=N/O)cc1)C1CCCCC1,ZXIBCJHYVWYIKI-PZJWPPBQSA-N,True
DB00775,drugbank,CCCCS(=O)(=O)N[C@@H](CC1=CC=C(OCCCCC2CCNCC2)C=C1)C(O)=O,CCCCS(=O)(=O)NC(Cc1ccc(OCCCCC2CCNCC2)cc1)C(=O)O,CCCCS(=O)(=O)N[C@@H](Cc1ccc(OCCCCC2CCNCC2)cc1)C(=O)O,COKMIXFXJJXBQG-NRFANRHFSA-N,True
DB12598,drugbank,NC(=N)NC1=CC=C(C=C1)C(=O)OC1=CC2=C(C=C1)C=C(C=C2)C(N)=N,N=C(N)Nc1ccc(C(=O)Oc2ccc3cc(C(=N)N)ccc3c2)cc1,N=C(N)Nc1ccc(C(=O)Oc2ccc3cc(C(=N)N)ccc3c2)cc1,MQQNFDZXWVTQEH-UHFFFAOYSA-N,True
DB08814,drugbank,CC(=O)OC1=C(C=CC(=C1)C(F)(F)F)C(O)=O,CC(=O)Oc1cc(C(F)(F)F)ccc1C(=O)O,CC(=O)Oc1cc(C(F)(F)F)ccc1C(=O)O,RMWVZGDJPAKBDE-UHFFFAOYSA-N,True
DB04272,drugbank,OC(=O)CC(O)(CC(O)=O)C(O)=O,O=C(O)CC(O)(CC(=O)O)C(=O)O,O=C(O)CC(O)(CC(=O)O)C(=O)O,KRKNYBCHXYNGOX-UHFFFAOYSA-N,True
DB00412,drugbank,CN(CCOC1=CC=C(CC2SC(=O)NC2=O)C=C1)C1=CC=CC=N1,CN(CCOc1ccc(CC2SC(=O)NC2=O)cc1)c1ccccn1,CN(CCOc1ccc(CC2SC(=O)NC2=O)cc1)c1ccccn1,YASAKCUCGLMORW-UHFFFAOYSA-N,True
DB00261,drugbank,ClC1=CC=C2N=C3NC(=O)CN3CC2=C1Cl,O=C1CN2Cc3c(ccc(Cl)c3Cl)N=C2N1,O=C1CN2Cc3c(ccc(Cl)c3Cl)N=C2N1,OTBXOEAOVRKTNQ-UHFFFAOYSA-N,True
DB04743,drugbank,CS(=O)(=O)NC1=C(OC2=CC=CC=C2)C=C(C=C1)[N+]([O-])=O,CS(=O)(=O)Nc1ccc([N+](=O)[O-])cc1Oc1ccccc1,CS(=O)(=O)Nc1ccc([N+](=O)[O-])cc1Oc1ccccc1,HYWYRSMBCFDLJT-UHFFFAOYSA-N,True
DB00686,drugbank,O[C@@H]1CO[C@@H](O[C@@H]2CO[C@@H](O)[C@H](OS(O)(=O)=O)[C@H]2OS(O)(=O)=O)[C@H](OS(O)(=O)=O)[C@H]1OS(O)(=O)=O,O=S(=O)(O)OC1C(O)COC(OC2COC(O)C(OS(=O)(=O)O)C2OS(=O)(=O)O)C1OS(=O)(=O)O,O=S(=O)(O)O[C@@H]1[C@@H](OS(=O)(=O)O)[C@H](O[C@@H]2CO[C@@H](O)[C@H](OS(=O)(=O)O)[C@H]2OS(=O)(=O)O)OC[C@H]1O,FCCNSUIJIOOXEZ-SJYYZXOBSA-N,True
DB11079,drugbank,OCCN(CCO)CCO.OC(=O)C1=CC=CC=C1O,O=C(O)c1ccccc1O.OCCN(CCO)CCO,O=C(O)c1ccccc1O.OCCN(CCO)CCO,UEVAMYPIMMOEFW-UHFFFAOYSA-N,True
DB11268,drugbank,[H]C(=O)C1=CC(O)=C(O)C=C1,O=Cc1ccc(O)c(O)c1,O=Cc1ccc(O)c(O)c1,IBGBGRVKPALMCQ-UHFFFAOYSA-N,True
DB08816,drugbank,CCCSC1=NC2=C(N=NN2[C@@H]2C[C@H](OCCO)[C@@H](O)[C@H]2O)C(N[C@@H]2C[C@H]2C2=CC(F)=C(F)C=C2)=N1,CCCSc1nc(NC2CC2c2ccc(F)c(F)c2)c2nnn(C3CC(OCCO)C(O)C3O)c2n1,CCCSc1nc(N[C@@H]2C[C@H]2c2ccc(F)c(F)c2)c2nnn([C@@H]3C[C@H](OCCO)[C@@H](O)[C@H]3O)c2n1,OEKWJQXRCDYSHL-FNOIDJSQSA-N,True
DB00758,drugbank,[H][C@@](N1CCC2=C(C1)C=CS2)(C(=O)OC)C1=CC=CC=C1Cl,COC(=O)C(c1ccccc1Cl)N1CCc2sccc2C1,COC(=O)[C@H](c1ccccc1Cl)N1CCc2sccc2C1,GKTWGGQPFAXNFI-HNNXBMFYSA-N,True
DB11362,drugbank,CC(C)N(CCCCOCC(=O)NS(C)(=O)=O)C1=NC(C2=CC=CC=C2)=C(N=C1)C1=CC=CC=C1,CC(C)N(CCCCOCC(=O)NS(C)(=O)=O)c1cnc(-c2ccccc2)c(-c2ccccc2)n1,CC(C)N(CCCCOCC(=O)NS(C)(=O)=O)c1cnc(-c2ccccc2)c(-c2ccccc2)n1,QXWZQTURMXZVHJ-UHFFFAOYSA-N,True
DB09030,drugbank,[H][C@@]12C[C@]3([H])C[C@@H](CC[C@@]3([H])[C@H](\C=C\C3=CC=C(C=N3)C3=CC(F)=CC=C3)[C@]1([H])[C@@H](C)OC2=O)NC(=O)OCC,CCOC(=O)NC1CCC2C(C1)CC1C(=O)OC(C)C1C2C=Cc1ccc(-c2cccc(F)c2)cn1,CCOC(=O)N[C@@H]1CC[C@@H]2[C@@H](C1)C[C@H]1C(=O)O[C@H](C)[C@H]1[C@H]2/C=C/c1ccc(-c2cccc(F)c2)cn1,ZBGXUVOIWDMMJE-QHNZEKIYSA-N,True
DB06209,drugbank,CC(=O)OC1=CC2=C(CCN(C2)C(C(=O)C2CC2)C2=CC=CC=C2F)S1,CC(=O)Oc1cc2c(s1)CCN(C(C(=O)C1CC1)c1ccccc1F)C2,CC(=O)Oc1cc2c(s1)CCN(C(C(=O)C1CC1)c1ccccc1F)C2,DTGLZDAWLRGWQN-UHFFFAOYSA-N,True
DB01166,drugbank,O=C1CCC2=C(N1)C=CC(OCCCCC1=NN=NN1C1CCCCC1)=C2,O=C1CCc2cc(OCCCCc3nnnn3C3CCCCC3)ccc2N1,O=C1CCc2cc(OCCCCc3nnnn3C3CCCCC3)ccc2N1,RRGUKTPIGVIEKM-UHFFFAOYSA-N,True
DB00945,drugbank,CC(=O)OC1=CC=CC=C1C(O)=O,CC(=O)Oc1ccccc1C(=O)O,CC(=O)Oc1ccccc1C(=O)O,BSYNRYMUTXBXSQ-UHFFFAOYSA-N,True
DB09543,drugbank,COC(=O)C1=CC=CC=C1O,COC(=O)c1ccccc1O,COC(=O)c1ccccc1O,OSWPMRLSEDHDFF-UHFFFAOYSA-N,True
DB01240,drugbank,[H][C@]12C[C@@H](O)[C@H](\C=C\[C@@H](O)CCCCC)[C@@]1([H])C\C(O2)=C\CCCC(O)=O,CCCCCC(O)C=CC1C(O)CC2OC(=CCCCC(=O)O)CC21,CCCCC[C@H](O)/C=C/[C@@H]1[C@H]2C/C(=C/CCCC(=O)O)O[C@H]2C[C@H]1O,KAQKFAOMNZTLHT-OZUDYXHBSA-N,True
DB01014,drugbank,OC(=O)CCNC(=O)C1=CC=C(C=C1)\N=N\C1=CC=C(O)C(=C1)C(O)=O,O=C(O)CCNC(=O)c1ccc(N=Nc2ccc(O)c(C(=O)O)c2)cc1,O=C(O)CCNC(=O)c1ccc(/N=N/c2ccc(O)c(C(=O)O)c2)cc1,IPOKCKJONYRRHP-FMQUCBEESA-N,True
DB01250,drugbank,OC(=O)C1=CC(=CC=C1O)\N=N\C1=CC=C(O)C(=C1)C(O)=O,O=C(O)c1cc(N=Nc2ccc(O)c(C(=O)O)c2)ccc1O,O=C(O)c1cc(/N=N/c2ccc(O)c(C(=O)O)c2)ccc1O,QQBDLJCYGRGAKP-FOCLMDBBSA-N,True
DB00233,drugbank,NC1=CC(O)=C(C=C1)C(O)=O,Nc1ccc(C(=O)O)c(O)c1,Nc1ccc(C(=O)O)c(O)c1,WUBBRNOQWQTFEX-UHFFFAOYSA-N,True
DB00861,drugbank,OC(=O)C1=C(O)C=CC(=C1)C1=C(F)C=C(F)C=C1,O=C(O)c1cc(-c2ccc(F)cc2F)ccc1O,O=C(O)c1cc(-c2ccc(F)cc2F)ccc1O,HUPFGZXOMWLGNK-UHFFFAOYSA-N,True
DB08887,drugbank,CCOC(=O)CCC\C=C/C\C=C/C\C=C/C\C=C/C\C=C/CC,CCC=CCC=CCC=CCC=CCC=CCCCC(=O)OCC,CC/C=C\C/C=C\C/C=C\C/C=C\C/C=C\CCCC(=O)OCC,SSQPWTVBQMWLSZ-AAQCHOMXSA-N,True
DB00235,drugbank,CC1=C(C=C(C#N)C(=O)N1)C1=CC=NC=C1,Cc1[nH]c(=O)c(C#N)cc1-c1ccncc1,Cc1[nH]c(=O)c(C#N)cc1-c1ccncc1,PZRHRDRVRGEVNW-UHFFFAOYSA-N,True
DB00751,drugbank,NC1=NCC2N1C1=CC=CC=C1CC1=CC=CC=C21,NC1=NCC2c3ccccc3Cc3ccccc3N12,NC1=NCC2c3ccccc3Cc3ccccc3N12,WHWZLSFABNNENI-UHFFFAOYSA-N,True
DB01207,drugbank,OC(=O)CCCCO\N=C(\C1=CN=CC=C1)C1=CC(=CC=C1)C(F)(F)F,O=C(O)CCCCON=C(c1cccnc1)c1cccc(C(F)(F)F)c1,O=C(O)CCCCO/N=C(/c1cccnc1)c1cccc(C(F)(F)F)c1,GLLPUTYLZIKEGF-HAVVHWLPSA-N,True
DB00972,drugbank,CN1CCCC(CC1)N1N=C(CC2=CC=C(Cl)C=C2)C2=CC=CC=C2C1=O,CN1CCCC(n2nc(Cc3ccc(Cl)cc3)c3ccccc3c2=O)CC1,CN1CCCC(n2nc(Cc3ccc(Cl)cc3)c3ccccc3c2=O)CC1,MBUVEWMHONZEQD-UHFFFAOYSA-N,True
DB01088,drugbank,[H][C@]12C[C@@H](O)[C@H](\C=C\[C@@H](O)C(C)CC#CC)[C@@]1([H])C\C(C2)=C\CCCC(O)=O,CC#CCC(C)C(O)C=CC1C(O)CC2CC(=CCCCC(=O)O)CC21,CC#CCC(C)[C@H](O)/C=C/[C@@H]1[C@H]2C/C(=C/CCCC(=O)O)C[C@H]2C[C@H]1O,HIFJCPQKFCZDDL-ACWOEMLNSA-N,True
DB07615,drugbank,COC1=CC=C(\C=C\C(=O)NC2=CC=CC=C2C(O)=O)C=C1OC,COc1ccc(C=CC(=O)Nc2ccccc2C(=O)O)cc1OC,COc1ccc(/C=C/C(=O)Nc2ccccc2C(=O)O)cc1OC,NZHGWWWHIYHZNX-CSKARUKUSA-N,True
DB00770,drugbank,CCCCC[C@H](O)\C=C\[C@H]1[C@H](O)CC(=O)[C@@H]1CCCCCCC(O)=O,CCCCCC(O)C=CC1C(O)CC(=O)C1CCCCCCC(=O)O,CCCCC[C@H](O)/C=C/[C@H]1[C@H](O)CC(=O)[C@@H]1CCCCCCC(=O)O,GMVPRGQOIOIIMI-DWKJAMRDSA-N,True
DB01236,drugbank,FCOC(C(F)(F)F)C(F)(F)F,FCOC(C(F)(F)F)C(F)(F)F,FCOC(C(F)(F)F)C(F)(F)F,DFEYYRMXOJXZRJ-UHFFFAOYSA-N,True
DB09283,drugbank,CCN(CC)C1=CC(C)=NC2=NC=NN12,CCN(CC)c1cc(C)nc2ncnn12,CCN(CC)c1cc(C)nc2ncnn12,GSNOZLZNQMLSKJ-UHFFFAOYSA-N,True
DB00806,drugbank,CN1C=NC2=C1C(=O)N(CCCCC(C)=O)C(=O)N2C,CC(=O)CCCCn1c(=O)c2c(ncn2C)n(C)c1=O,CC(=O)CCCCn1c(=O)c2c(ncn2C)n(C)c1=O,BYPFEZZEUUWMEJ-UHFFFAOYSA-N,True
DB02709,drugbank,OC1=CC=C(\C=C\C2=CC(O)=CC(O)=C2)C=C1,Oc1ccc(C=Cc2cc(O)cc(O)c2)cc1,Oc1ccc(/C=C/c2cc(O)cc(O)c2)cc1,LUKBXSAWLPMMSZ-OWOJBTEDSA-N,True
DB05266,drugbank,CC(C)C(=O)C1=C2C=CC=CN2N=C1C(C)C,CC(C)C(=O)c1c(C(C)C)nn2ccccc12,CC(C)C(=O)c1c(C(C)C)nn2ccccc12,ZJVFLBOZORBYFE-UHFFFAOYSA-N,True
DB08954,drugbank,CC(C(O)C1=CC=C(O)C=C1)N1CCC(CC2=CC=CC=C2)CC1,CC(C(O)c1ccc(O)cc1)N1CCC(Cc2ccccc2)CC1,CC(C(O)c1ccc(O)cc1)N1CCC(Cc2ccccc2)CC1,UYNVMODNBIQBMV-UHFFFAOYSA-N,True
DB00958,drugbank,[H][N]([H])([H])[Pt]1(OC(=O)C2(CCC2)C(=O)O1)[N]([H])([H])[H],N->[Pt]1(<-N)OC(=O)C2(CCC2)C(=O)O1,N->[Pt]1(<-N)OC(=O)C2(CCC2)C(=O)O1,,True
DB00903,drugbank,CCC(=C)C(=O)C1=C(Cl)C(Cl)=C(OCC(O)=O)C=C1,C=C(CC)C(=O)c1ccc(OCC(=O)O)c(Cl)c1Cl,C=C(CC)C(=O)c1ccc(OCC(=O)O)c(Cl)c1Cl,AVOLMBLBETYQHX-UHFFFAOYSA-N,True
DB00230,drugbank,CC(C)C[C@H](CN)CC(O)=O,CC(C)CC(CN)CC(=O)O,CC(C)C[C@H](CN)CC(=O)O,AYXYPKUFHZROOJ-ZETCQYMHSA-N,True
DB01037,drugbank,C[C@H](CC1=CC=CC=C1)N(C)CC#C,C#CCN(C)C(C)Cc1ccccc1,C#CCN(C)[C@H](C)Cc1ccccc1,MEZLKOACVSPNER-GFCCVEGCSA-N,True
DB09270,drugbank,COC1=C(OC)C(=O)C(C\C=C(/C)CC\C=C(/C)CC\C=C(/C)CC\C=C(/C)CC\C=C(/C)CC\C=C(/C)CC\C=C(/C)CC\C=C(/C)CC\C=C(/C)CCC=C(C)C)=C(C)C1=O,COC1=C(OC)C(=O)C(CC=C(C)CCC=C(C)CCC=C(C)CCC=C(C)CCC=C(C)CCC=C(C)CCC=C(C)CCC=C(C)CCC=C(C)CCC=C(C)C)=C(C)C1=O,COC1=C(OC)C(=O)C(C/C=C(\C)CC/C=C(\C)CC/C=C(\C)CC/C=C(\C)CC/C=C(\C)CC/C=C(\C)CC/C=C(\C)CC/C=C(\C)CC/C=C(\C)CCC=C(C)C)=C(C)C1=O,ACTIUHUUMQJHFO-UPTCCGCDSA-N,True
DB00805,drugbank,CC1=CC(=NN=C1NCCN1CCOCC1)C1=CC=CC=C1,Cc1cc(-c2ccccc2)nnc1NCCN1CCOCC1,Cc1cc(-c2ccccc2)nnc1NCCN1CCOCC1,LDMWSLGGVTVJPG-UHFFFAOYSA-N,True
DB00263,drugbank,CC1=NOC(NS(=O)(=O)C2=CC=C(N)C=C2)=C1C,Cc1noc(NS(=O)(=O)c2ccc(N)cc2)c1C,Cc1noc(NS(=O)(=O)c2ccc(N)cc2)c1C,NHUHCSRWZMLRLA-UHFFFAOYSA-N,True
DB01247,drugbank,CC1=CC(=NO1)C(=O)NNCC1=CC=CC=C1,Cc1cc(C(=O)NNCc2ccccc2)no1,Cc1cc(C(=O)NNCc2ccccc2)no1,XKFPYPQQHFEXRZ-UHFFFAOYSA-N,True
DB01408,drugbank,CN(C)C(=O)OC1=CC(=CC(OC(=O)N(C)C)=C1)C(O)CNC(C)(C)C,CN(C)C(=O)Oc1cc(OC(=O)N(C)C)cc(C(O)CNC(C)(C)C)c1,CN(C)C(=O)Oc1cc(OC(=O)N(C)C)cc(C(O)CNC(C)(C)C)c1,ANZXOIAKUNOVQU-UHFFFAOYSA-N,True
DB09244,drugbank,CC1=CC=C2N3CCNC4CCCC(=C34)C2=C1,Cc1ccc2c(c1)c1c3n2CCNC3CCC1,Cc1ccc2c(c1)c1c3n2CCNC3CCC1,IWVRVEIKCBFZNF-UHFFFAOYSA-N,True
DB00182,drugbank,CC(N)CC1=CC=CC=C1,CC(N)Cc1ccccc1,CC(N)Cc1ccccc1,KWTSXDURSIMDCE-UHFFFAOYSA-N,True
DB01171,drugbank,ClC1=CC=C(C=C1)C(=O)NCCN1CCOCC1,O=C(NCCN1CCOCC1)c1ccc(Cl)cc1,O=C(NCCN1CCOCC1)c1ccc(Cl)cc1,YHXISWVBGDMDLQ-UHFFFAOYSA-N,True
DB01367,drugbank,C#CCN[C@@H]1CCC2=CC=CC=C12,C#CCNC1CCc2ccccc21,C#CCN[C@@H]1CCc2ccccc21,RUOKEQAAGRXIBM-GFCCVEGCSA-N,True
DB00752,drugbank,NC1CC1C1=CC=CC=C1,NC1CC1c1ccccc1,NC1CC1c1ccccc1,AELCINSCMGFISI-UHFFFAOYSA-N,True
DB00780,drugbank,NNCCC1=CC=CC=C1,NNCCc1ccccc1,NNCCc1ccccc1,RMUCZJUITONUFY-UHFFFAOYSA-N,True
DB00614,drugbank,[H]C(=NN1CCOC1=O)C1=CC=C(O1)[N+]([O-])=O,O=C1OCCN1N=Cc1ccc([N+](=O)[O-])o1,O=C1OCCN1N=Cc1ccc([N+](=O)[O-])o1,PLHJDBGFXBMTGZ-UHFFFAOYSA-N,True
DB01626,drugbank,CN(CC#C)CC1=CC=CC=C1,C#CCN(C)Cc1ccccc1,C#CCN(C)Cc1ccccc1,DPWPWRLQFGFJFI-UHFFFAOYSA-N,True
DB09245,drugbank,CC1=CC(=CC=C1)N1CC(CO)OC1=O,Cc1cccc(N2CC(CO)OC2=O)c1,Cc1cccc(N2CC(CO)OC2=O)c1,MXUNKHLAEDCYJL-UHFFFAOYSA-N,True
DB01168,drugbank,CNNCC1=CC=C(C=C1)C(=O)NC(C)C,CNNCc1ccc(C(=O)NC(C)C)cc1,CNNCc1ccc(C(=O)NC(C)C)cc1,CPTBDICYNRMXFX-UHFFFAOYSA-N,True
DB09241,drugbank,[Cl-].CN(C)C1=CC2=[S+]C3=C(C=CC(=C3)N(C)C)N=C2C=C1,CN(C)c1ccc2nc3ccc(N(C)C)cc3[s+]c2c1.[Cl-],CN(C)c1ccc2nc3ccc(N(C)C)cc3[s+]c2c1.[Cl-],CXKWCBBOMKCUKX-UHFFFAOYSA-M,True
DB00672,drugbank,CCCNC(=O)NS(=O)(=O)C1=CC=C(Cl)C=C1,CCCNC(=O)NS(=O)(=O)c1ccc(Cl)cc1,CCCNC(=O)NS(=O)(=O)c1ccc(Cl)cc1,RKWGIWYCVPQPMF-UHFFFAOYSA-N,True
DB08907,drugbank,[H][C@]1(O[C@H](CO)[C@@H](O)[C@H](O)[C@H]1O)C1=CC=C(C)C(CC2=CC=C(S2)C2=CC=C(F)C=C2)=C1,Cc1ccc(C2OC(CO)C(O)C(O)C2O)cc1Cc1ccc(-c2ccc(F)cc2)s1,Cc1ccc([C@@H]2O[C@H](CO)[C@@H](O)[C@H](O)[C@H]2O)cc1Cc1ccc(-c2ccc(F)cc2)s1,XTNGUQKDFGDXSJ-ZXGKGEBGSA-N,True
DB00738,drugbank,NC(=N)C1=CC=C(OCCCCCOC2=CC=C(C=C2)C(N)=N)C=C1,N=C(N)c1ccc(OCCCCCOc2ccc(C(=N)N)cc2)cc1,N=C(N)c1ccc(OCCCCCOc2ccc(C(=N)N)cc2)cc1,XDRYMKDFEDOLFX-UHFFFAOYSA-N,True
DB01067,drugbank,CC1=NC=C(N=C1)C(=O)NCCC1=CC=C(C=C1)S(=O)(=O)NC(=O)NC1CCCCC1,Cc1cnc(C(=O)NCCc2ccc(S(=O)(=O)NC(=O)NC3CCCCC3)cc2)cn1,Cc1cnc(C(=O)NCCc2ccc(S(=O)(=O)NC(=O)NC3CCCCC3)cc2)cn1,ZJJXGWJIGJFDTL-UHFFFAOYSA-N,True
DB00280,drugbank,CC(C)N(CCC(C(N)=O)(C1=CC=CC=C1)C1=NC=CC=C1)C(C)C,CC(C)N(CCC(C(N)=O)(c1ccccc1)c1ccccn1)C(C)C,CC(C)N(CCC(C(N)=O)(c1ccccc1)c1ccccn1)C(C)C,UVTNFZQICZKOEM-UHFFFAOYSA-N,True
DB01124,drugbank,CCCCNC(=O)NS(=O)(=O)C1=CC=C(C)C=C1,CCCCNC(=O)NS(=O)(=O)c1ccc(C)cc1,CCCCNC(=O)NS(=O)(=O)c1ccc(C)cc1,JLRGJRBPOGGCBT-UHFFFAOYSA-N,True
DB00491,drugbank,OCCN1C[C@H](O)[C@@H](O)[C@H](O)[C@H]1CO,OCCN1CC(O)C(O)C(O)C1CO,OCCN1C[C@H](O)[C@@H](O)[C@H](O)[C@H]1CO,IBAQFPQHRJAVAV-ULAWRXDQSA-N,True
DB01015,drugbank,CC1=CC(NS(=O)(=O)C2=CC=C(N)C=C2)=NO1,Cc1cc(NS(=O)(=O)c2ccc(N)cc2)no1,Cc1cc(NS(=O)(=O)c2ccc(N)cc2)no1,JLKIGFTWXXRPMT-UHFFFAOYSA-N,True
DB01261,drugbank,N[C@@H](CC(=O)N1CCN2C(C1)=NN=C2C(F)(F)F)CC1=CC(F)=C(F)C=C1F,NC(CC(=O)N1CCn2c(nnc2C(F)(F)F)C1)Cc1cc(F)c(F)cc1F,N[C@@H](CC(=O)N1CCn2c(nnc2C(F)(F)F)C1)Cc1cc(F)c(F)cc1F,MFFMDFFZMYYVKS-SECBINFHSA-N,True
DB06292,drugbank,CCOC1=CC=C(CC2=C(Cl)C=CC(=C2)[C@@H]2O[C@H](CO)[C@@H](O)[C@H](O)[C@H]2O)C=C1,CCOc1ccc(Cc2cc(C3OC(CO)C(O)C(O)C3O)ccc2Cl)cc1,CCOc1ccc(Cc2cc([C@@H]3O[C@H](CO)[C@@H](O)[C@H](O)[C@H]3O)ccc2Cl)cc1,JVHXJTBJCFBINQ-ADAARDCZSA-N,True
DB06203,drugbank,CN1C(=O)C=C(N2CCC[C@@H](N)C2)N(CC2=C(C=CC=C2)C#N)C1=O,Cn1c(=O)cc(N2CCCC(N)C2)n(Cc2ccccc2C#N)c1=O,Cn1c(=O)cc(N2CCC[C@@H](N)C2)n(Cc2ccccc2C#N)c1=O,ZSBOMTDTBDDKMP-OAHLLOKOSA-N,True
DB06335,drugbank,[H][C@@]12C[C@]1([H])N([C@@H](C2)C#N)C(=O)[C@@H](N)C12CC3CC(CC(O)(C3)C1)C2,N#CC1CC2CC2N1C(=O)C(N)C12CC3CC(CC(O)(C3)C1)C2,N#C[C@@H]1C[C@@H]2C[C@@H]2N1C(=O)[C@@H](N)C12CC3CC(CC(O)(C3)C1)C2,QGJUIPDUBHWZPV-SGTAVMJGSA-N,True
DB00359,drugbank,NC1=CC=C(C=C1)S(=O)(=O)NC1=NC=CC=N1,Nc1ccc(S(=O)(=O)Nc2ncccn2)cc1,Nc1ccc(S(=O)(=O)Nc2ncccn2)cc1,SEEPANYCNGTZFQ-UHFFFAOYSA-N,True
DB00731,drugbank,CC(C)[C@H]1CC[C@@H](CC1)C(=O)N[C@H](CC1=CC=CC=C1)C(O)=O,CC(C)C1CCC(C(=O)NC(Cc2ccccc2)C(=O)O)CC1,CC(C)[C@H]1CC[C@H](C(=O)N[C@H](Cc2ccccc2)C(=O)O)CC1,OELFLUMRDSZNSF-BRWVUGGUSA-N,True
DB00284,drugbank,[H]C(=O)[C@H](O)[C@@H](O)[C@]([H])(O[C@@]1([H])O[C@H](CO)[C@@]([H])(O[C@H]2O[C@H](C)[C@@H](N[C@@]3([H])C=C(CO)[C@@H](O)[C@H](O)[C@H]3O)[C@H](O)[C@H]2O)[C@H](O)[C@H]1O)[C@H](O)CO,CC1OC(OC2C(CO)OC(OC(C(O)CO)C(O)C(O)C=O)C(O)C2O)C(O)C(O)C1NC1C=C(CO)C(O)C(O)C1O,C[C@H]1O[C@H](O[C@H]2[C@H](O)[C@@H](O)[C@@H](O[C@@H]([C@H](O)[C@@H](O)C=O)[C@H](O)CO)O[C@@H]2CO)[C@H](O)[C@@H](O)[C@@H]1N[C@H]1C=C(CO)[C@@H](O)[C@H](O)[C@H]1O,CEMXHAPUFJOOSV-XGWNLRGSSA-N,True
DB01120,drugbank,CC1=CC=C(C=C1)S(=O)(=O)NC(=O)NN1CC2CCCC2C1,Cc1ccc(S(=O)(=O)NC(=O)NN2CC3CCCC3C2)cc1,Cc1ccc(S(=O)(=O)NC(=O)NN2CC3CCCC3C2)cc1,BOVGTQGAOIONJV-UHFFFAOYSA-N,True
DB08882,drugbank,CC#CCN1C(=NC2=C1C(=O)N(CC1=NC3=C(C=CC=C3)C(C)=N1)C(=O)N2C)N1CCC[C@@H](N)C1,CC#CCn1c(N2CCCC(N)C2)nc2c1c(=O)n(Cc1nc(C)c3ccccc3n1)c(=O)n2C,CC#CCn1c(N2CCC[C@@H](N)C2)nc2c1c(=O)n(Cc1nc(C)c3ccccc3n1)c(=O)n2C,LTXREWYXXSTFRX-QGZVFWFLSA-N,True
DB01268,drugbank,CCN(CC)CCNC(=O)C1=C(C)NC(\C=C2/C(=O)NC3=C2C=C(F)C=C3)=C1C,CCN(CC)CCNC(=O)c1c(C)[nH]c(C=C2C(=O)Nc3ccc(F)cc32)c1C,CCN(CC)CCNC(=O)c1c(C)[nH]c(/C=C2\C(=O)Nc3ccc(F)cc32)c1C,WINHZLLDWRZWRT-ATVHPVEESA-N,True
DB01132,drugbank,CCC1=CN=C(CCOC2=CC=C(CC3SC(=O)NC3=O)C=C2)C=C1,CCc1ccc(CCOc2ccc(CC3SC(=O)NC3=O)cc2)nc1,CCc1ccc(CCOc2ccc(CC3SC(=O)NC3=O)cc2)nc1,HYAFETHFCAUJAY-UHFFFAOYSA-N,True
DB00834,drugbank,[H][C@@]12CC[C@@](O)(C#CC)[C@@]1(C)C[C@H](C1=CC=C(C=C1)N(C)C)C1=C3CCC(=O)C=C3CC[C@@]21[H],CC#CC1(O)CCC2C3CCC4=CC(=O)CCC4=C3C(c3ccc(N(C)C)cc3)CC21C,CC#C[C@]1(O)CC[C@H]2[C@@H]3CCC4=CC(=O)CCC4=C3[C@@H](c3ccc(N(C)C)cc3)C[C@@]21C,VKHAHZOOUSRJNA-GCNJZUOMSA-N,True
DB00468,drugbank,[H][C@]1(C[C@@H]2CC[N@]1C[C@@H]2C=C)[C@H](O)C1=CC=NC2=CC=C(OC)C=C12,C=CC1CN2CCC1CC2C(O)c1ccnc2ccc(OC)cc12,C=C[C@H]1C[N@@]2CC[C@H]1C[C@H]2[C@H](O)c1ccnc2ccc(OC)cc12,LOUPRKONTZGTKE-WZBLMQSHSA-N,True
DB00331,drugbank,CN(C)C(=N)NC(N)=N,CN(C)C(=N)NC(=N)N,CN(C)C(=N)NC(=N)N,XZWYZXLIPXDOLR-UHFFFAOYSA-N,True
DB00839,drugbank,CC1=CC=C(C=C1)S(=O)(=O)NC(=O)NN1CCCCCC1,Cc1ccc(S(=O)(=O)NC(=O)NN2CCCCCC2)cc1,Cc1ccc(S(=O)(=O)NC(=O)NN2CCCCCC2)cc1,OUDSBRTVNLOZBN-UHFFFAOYSA-N,True
DB00222,drugbank,CCC1=C(C)CN(C(=O)NCCC2=CC=C(C=C2)S(=O)(=O)NC(=O)N[C@H]2CC[C@H](C)CC2)C1=O,CCC1=C(C)CN(C(=O)NCCc2ccc(S(=O)(=O)NC(=O)NC3CCC(C)CC3)cc2)C1=O,CCC1=C(C)CN(C(=O)NCCc2ccc(S(=O)(=O)NC(=O)N[C@H]3CC[C@H](C)CC3)cc2)C1=O,WIGIZIANZCJQQY-RUCARUNLSA-N,True
DB09038,drugbank,OC[C@H]1O[C@H]([C@H](O)[C@@H](O)[C@@H]1O)C1=CC=C(Cl)C(CC2=CC=C(O[C@H]3CCOC3)C=C2)=C1,OCC1OC(c2ccc(Cl)c(Cc3ccc(OC4CCOC4)cc3)c2)C(O)C(O)C1O,OC[C@H]1O[C@@H](c2ccc(Cl)c(Cc3ccc(O[C@H]4CCOC4)cc3)c2)[C@H](O)[C@@H](O)[C@@H]1O,OBWASQILIWPZMG-QZMOQZSNSA-N,True
DB00912,drugbank,CCOC1=C(C=CC(CC(=O)N[C@@H](CC(C)C)C2=CC=CC=C2N2CCCCC2)=C1)C(O)=O,CCOc1cc(CC(=O)NC(CC(C)C)c2ccccc2N2CCCCC2)ccc1C(=O)O,CCOc1cc(CC(=O)N[C@@H](CC(C)C)c2ccccc2N2CCCCC2)ccc1C(=O)O,FAEKWTJYAYMJKF-QHCPKHFHSA-N,True
DB01016,drugbank,COC1=C(C=C(Cl)C=C1)C(=O)NCCC1=CC=C(C=C1)S(=O)(=O)NC(=O)NC1CCCCC1,COc1ccc(Cl)cc1C(=O)NCCc1ccc(S(=O)(=O)NC(=O)NC2CCCCC2)cc1,COc1ccc(Cl)cc1C(=O)NCCc1ccc(S(=O)(=O)NC(=O)NC2CCCCC2)cc1,ZNNLBTZKUZBEKO-UHFFFAOYSA-N,True
DB01251,drugbank,COC1=CC2=C(C=C1)C(C)(C)C(=O)N(CCC1=CC=C(C=C1)S(=O)(=O)NC(=O)NC1CCCCC1)C2=O,COc1ccc2c(c1)C(=O)N(CCc1ccc(S(=O)(=O)NC(=O)NC3CCCCC3)cc1)C(=O)C2(C)C,COc1ccc2c(c1)C(=O)N(CCc1ccc(S(=O)(=O)NC(=O)NC3CCCCC3)cc1)C(=O)C2(C)C,LLJFMFZYVVLQKT-UHFFFAOYSA-N,True
DB01200,drugbank,[H][C@@]12CCCN1C(=O)[C@H](CC(C)C)N1C(=O)[C@](NC(=O)[C@H]3CN(C)[C@]4([H])CC5=C(Br)NC6=CC=CC(=C56)C4=C3)(O[C@@]21O)C(C)C,CC(C)CC1C(=O)N2CCCC2C2(O)OC(NC(=O)C3C=C4c5cccc6[nH]c(Br)c(c56)CC4N(C)C3)(C(C)C)C(=O)N12,CC(C)C[C@H]1C(=O)N2CCC[C@H]2[C@]2(O)O[C@](NC(=O)[C@@H]3C=C4c5cccc6[nH]c(Br)c(c56)C[C@H]4N(C)C3)(C(C)C)C(=O)N12,OZVBMTJYIDMWIL-AYFBDAFISA-N,True
DB06791,drugbank,[H]N([H])CCCCC1N([H])C(=O)C(CC2=CN([H])C3=CC=CC=C23)N([H])C(=O)C(CC2=CC=C(O)C=C2)N([H])C(=O)C(CSSCC(N([H])C(=O)C(N([H])C1=O)C(C)C)C(=O)N([H])C(C(C)O)C(=O)N([H])[H])N([H])C(=O)C(CC1=CC2=CC=CC=C2C=C1)N([H])[H],CC(C)C1NC(=O)C(CCCCN)NC(=O)C(Cc2c[nH]c3ccccc23)NC(=O)C(Cc2ccc(O)cc2)NC(=O)C(NC(=O)C(N)Cc2ccc3ccccc3c2)CSSCC(C(=O)NC(C(N)=O)C(C)O)NC1=O,CC(C)C1NC(=O)C(CCCCN)NC(=O)C(Cc2c[nH]c3ccccc23)NC(=O)C(Cc2ccc(O)cc2)NC(=O)C(NC(=O)C(N)Cc2ccc3ccccc3c2)CSSCC(C(=O)NC(C(N)=O)C(C)O)NC1=O,PUDHBTGHUJUUFI-UHFFFAOYSA-N,True
DB01289,drugbank,CC1=CC(=NO1)C(=O)NCCC1=CC=C(C=C1)S(=O)(=O)NC(=O)NN1CCCCCC1,Cc1cc(C(=O)NCCc2ccc(S(=O)(=O)NC(=O)NN3CCCCCC3)cc2)no1,Cc1cc(C(=O)NCCc2ccc(S(=O)(=O)NC(=O)NN3CCCCCC3)cc2)no1,ZKUDBRCEOBOWLF-UHFFFAOYSA-N,True
DB06663,drugbank,NCCCC[C@@H]1NC(=O)[C@@H](CC2=CNC3=C2C=CC=C3)NC(=O)[C@@H](NC(=O)[C@@H]2C[C@H](CN2C(=O)[C@H](CC2=CC=CC=C2)NC(=O)[C@H](CC2=CC=C(OCC3=CC=CC=C3)C=C2)NC1=O)OC(=O)NCCN)C1=CC=CC=C1,NCCCCC1NC(=O)C(Cc2c[nH]c3ccccc23)NC(=O)C(c2ccccc2)NC(=O)C2CC(OC(=O)NCCN)CN2C(=O)C(Cc2ccccc2)NC(=O)C(Cc2ccc(OCc3ccccc3)cc2)NC1=O,NCCCC[C@@H]1NC(=O)[C@@H](Cc2c[nH]c3ccccc23)NC(=O)[C@H](c2ccccc2)NC(=O)[C@@H]2C[C@@H](OC(=O)NCCN)CN2C(=O)[C@H](Cc2ccccc2)NC(=O)[C@H](Cc2ccc(OCc3ccccc3)cc2)NC1=O,VMZMNAABQBOLAK-DBILLSOUSA-N,True
DB00419,drugbank,CCCCN1C[C@H](O)[C@@H](O)[C@H](O)[C@H]1CO,CCCCN1CC(O)C(O)C(O)C1CO,CCCCN1C[C@H](O)[C@@H](O)[C@H](O)[C@H]1CO,UQRORFVVSGFNRO-UTINFBMNSA-N,True
DB04878,drugbank,OCC(CO)N[C@H]1C[C@](O)(CO)[C@@H](O)[C@H](O)[C@H]1O,OCC(CO)NC1CC(O)(CO)C(O)C(O)C1O,OCC(CO)N[C@H]1C[C@](O)(CO)[C@@H](O)[C@H](O)[C@H]1O,FZNCGRZWXLXZSZ-CIQUZCHMSA-N,True
DB00914,drugbank,NC(=N)NC(=N)NCCC1=CC=CC=C1,N=C(N)NC(=N)NCCc1ccccc1,N=C(N)NC(=N)NCCc1ccccc1,ICFJFFQQTFMIBG-UHFFFAOYSA-N,True
DB01252,drugbank,[H][C@@](CC(=O)N1C[C@@]2([H])CCCC[C@@]2([H])C1)(CC1=CC=CC=C1)C(O)=O,O=C(O)C(CC(=O)N1CC2CCCCC2C1)Cc1ccccc1,O=C(O)[C@H](CC(=O)N1C[C@H]2CCCC[C@H]2C1)Cc1ccccc1,WPGGHFDDFPHPOB-BBWFWOEESA-N,True
DB04876,drugbank,OC12CC3CC(C1)CC(C3)(C2)NCC(=O)N1CCC[C@H]1C#N,N#CC1CCCN1C(=O)CNC12CC3CC(CC(O)(C3)C1)C2,N#C[C@@H]1CCCN1C(=O)CNC12CC3CC(CC(O)(C3)C1)C2,SYOKIDBDQMKNDQ-XWTIBIIYSA-N,True
DB00862,drugbank,CCCC1=NC(C)=C2N1NC(=NC2=O)C1=C(OCC)C=CC(=C1)S(=O)(=O)N1CCN(CC)CC1,CCCc1nc(C)c2c(=O)nc(-c3cc(S(=O)(=O)N4CCN(CC)CC4)ccc3OCC)[nH]n12,CCCc1nc(C)c2c(=O)nc(-c3cc(S(=O)(=O)N4CCN(CC)CC4)ccc3OCC)[nH]n12,SECKRCOLJRRGGV-UHFFFAOYSA-N,True
DB00203,drugbank,CCCC1=NN(C)C2=C1N=C(NC2=O)C1=CC(=CC=C1OCC)S(=O)(=O)N1CCN(C)CC1,CCCc1nn(C)c2c(=O)[nH]c(-c3cc(S(=O)(=O)N4CCN(C)CC4)ccc3OCC)nc12,CCCc1nn(C)c2c(=O)[nH]c(-c3cc(S(=O)(=O)N4CCN(C)CC4)ccc3OCC)nc12,BNRNXUUZRGQAQC-UHFFFAOYSA-N,True
DB00820,drugbank,[H][C@]12CC3=C(NC4=CC=CC=C34)[C@H](N1C(=O)CN(C)C2=O)C1=CC2=C(OCO2)C=C1,CN1CC(=O)N2C(Cc3c([nH]c4ccccc34)C2c2ccc3c(c2)OCO3)C1=O,CN1CC(=O)N2[C@H](c3ccc4c(c3)OCO4)c3[nH]c4ccccc4c3C[C@@H]2C1=O,WOXKDUGGOYFFRN-IIBYNOLFSA-N,True
DB00484,drugbank,BrC1=C(NC2=NCCN2)C=CC2=NC=CN=C12,Brc1c(NC2=NCCN2)ccc2nccnc12,Brc1c(NC2=NCCN2)ccc2nccnc12,XYLJNLCSTIOKRM-UHFFFAOYSA-N,True
DB06237,drugbank,COC1=C(Cl)C=C(CNC2=C(C=NC(=N2)N2CCC[C@H]2CO)C(=O)NCC2=NC=CC=N2)C=C1,COc1ccc(CNc2nc(N3CCCC3CO)ncc2C(=O)NCc2ncccn2)cc1Cl,COc1ccc(CNc2nc(N3CCC[C@H]3CO)ncc2C(=O)NCc2ncccn2)cc1Cl,WEAJZXNPAWBCOA-INIZCTEOSA-N,True
DB06267,drugbank,CCCOC1=C(C=C(C=C1)S(=O)(=O)NCCC1CCCN1C)C1=NC(=O)C2=C(N1)C(CCC)=NN2C,CCCOc1ccc(S(=O)(=O)NCCC2CCCN2C)cc1-c1nc(=O)c2c([nH]1)c(CCC)nn2C,CCCOc1ccc(S(=O)(=O)NCCC2CCCN2C)cc1-c1nc(=O)c2c([nH]1)c(CCC)nn2C,IYFNEFQTYQPVOC-UHFFFAOYSA-N,True
DB13179,drugbank,CO[C@H]1C[C@H](O[C@H]2[C@H](C)[C@@H](O[C@@H]3O[C@H](C)C[C@@H]([C@H]3OC(C)=O)N(C)C)[C@@H](C)C[C@@]3(CO3)C(=O)[C@H](C)[C@@H](OC(C)=O)[C@@H](C)[C@@H](C)OC(=O)[C@@H]2C)O[C@@H](C)[C@@H]1OC(C)=O,COC1CC(OC2C(C)C(=O)OC(C)C(C)C(OC(C)=O)C(C)C(=O)C3(CO3)CC(C)C(OC3OC(C)CC(N(C)C)C3OC(C)=O)C2C)OC(C)C1OC(C)=O,CO[C@H]1C[C@H](O[C@H]2[C@H](C)[C@@H](O[C@@H]3O[C@H](C)C[C@H](N(C)C)[C@H]3OC(C)=O)[C@@H](C)C[C@@]3(CO3)C(=O)[C@H](C)[C@@H](OC(C)=O)[C@@H](C)[C@@H](C)OC(=O)[C@@H]2C)O[C@@H](C)[C@@H]1OC(C)=O,LQCLVBQBTUVCEQ-QTFUVMRISA-N,True
DB00196,drugbank,OC(CN1C=NC=N1)(CN1C=NC=N1)C1=C(F)C=C(F)C=C1,OC(Cn1cncn1)(Cn1cncn1)c1ccc(F)cc1F,OC(Cn1cncn1)(Cn1cncn1)c1ccc(F)cc1F,RFHAOTPXVQNOHP-UHFFFAOYSA-N,True
DB06739,drugbank,CC1=C(C)C(=O)C(C(CCCCCC(O)=O)C2=CC=CC=C2)=C(C)C1=O,CC1=C(C)C(=O)C(C(CCCCCC(=O)O)c2ccccc2)=C(C)C1=O,CC1=C(C)C(=O)C(C(CCCCCC(=O)O)c2ccccc2)=C(C)C1=O,ZBVKEHDGYSLCCC-UHFFFAOYSA-N,True
DB00619,drugbank,CN1CCN(CC2=CC=C(C=C2)C(=O)NC2=CC(NC3=NC=CC(=N3)C3=CN=CC=C3)=C(C)C=C2)CC1,Cc1ccc(NC(=O)c2ccc(CN3CCN(C)CC3)cc2)cc1Nc1nccc(-c2cccnc2)n1,Cc1ccc(NC(=O)c2ccc(CN3CCN(C)CC3)cc2)cc1Nc1nccc(-c2cccnc2)n1,KTUFNOKKBVMGRW-UHFFFAOYSA-N,True
DB01149,drugbank,CCC1=NN(CCCN2CCN(CC2)C2=CC(Cl)=CC=C2)C(=O)N1CCOC1=CC=CC=C1,CCc1nn(CCCN2CCN(c3cccc(Cl)c3)CC2)c(=O)n1CCOc1ccccc1,CCc1nn(CCCN2CCN(c3cccc(Cl)c3)CC2)c(=O)n1CCOc1ccccc1,VRBKIVRKKCLPHA-UHFFFAOYSA-N,True
DB01000,drugbank,[H][C@]12SC(C)(C)[C@@H](N1C(=O)[C@H]2NC(=O)C1(N)CCCCC1)C(O)=O,CC1(C)SC2C(NC(=O)C3(N)CCCCC3)C(=O)N2C1C(=O)O,CC1(C)S[C@@H]2[C@H](NC(=O)C3(N)CCCCC3)C(=O)N2[C@H]1C(=O)O,HGBLNBBNRORJKI-WCABBAIRSA-N,True
DB00176,drugbank,COCCCC\C(=N/OCCN)C1=CC=C(C=C1)C(F)(F)F,COCCCCC(=NOCCN)c1ccc(C(F)(F)F)cc1,COCCCC/C(=N\OCCN)c1ccc(C(F)(F)F)cc1,CJOFXWAVKWHTFT-XSFVSMFZSA-N,True
DB00333,drugbank,CCC(=O)C(CC(C)N(C)C)(C1=CC=CC=C1)C1=CC=CC=C1,CCC(=O)C(CC(C)N(C)C)(c1ccccc1)c1ccccc1,CCC(=O)C(CC(C)N(C)C)(c1ccccc1)c1ccccc1,USSIQXCVUWKGNF-UHFFFAOYSA-N,True
DB01319,drugbank,CC(C)CN(C[C@@H](OP(O)(O)=O)[C@H](CC1=CC=CC=C1)NC(=O)O[C@H]1CCOC1)S(=O)(=O)C1=CC=C(N)C=C1,CC(C)CN(CC(OP(=O)(O)O)C(Cc1ccccc1)NC(=O)OC1CCOC1)S(=O)(=O)c1ccc(N)cc1,CC(C)CN(C[C@@H](OP(=O)(O)O)[C@H](Cc1ccccc1)NC(=O)O[C@H]1CCOC1)S(=O)(=O)c1ccc(N)cc1,MLBVMOWEQCZNCC-OEMFJLHTSA-N,True
DB00220,drugbank,[H][C@@]12CCCC[C@]1([H])CN(C[C@@H](O)[C@H](CSC1=CC=CC=C1)NC(=O)C1=C(C)C(O)=CC=C1)[C@@H](C2)C(=O)NC(C)(C)C,Cc1c(O)cccc1C(=O)NC(CSc1ccccc1)C(O)CN1CC2CCCCC2CC1C(=O)NC(C)(C)C,Cc1c(O)cccc1C(=O)N[C@@H](CSc1ccccc1)[C@H](O)CN1C[C@H]2CCCC[C@H]2C[C@H]1C(=O)NC(C)(C)C,QAGYKUNXZHXKMR-HKWSIXNMSA-N,True
DB08865,drugbank,C[C@@H](OC1=CC(=CN=C1N)C1=CN(N=C1)C1CCNCC1)C1=C(Cl)C=CC(F)=C1Cl,CC(Oc1cc(-c2cnn(C3CCNCC3)c2)cnc1N)c1c(Cl)ccc(F)c1Cl,C[C@@H](Oc1cc(-c2cnn(C3CCNCC3)c2)cnc1N)c1c(Cl)ccc(F)c1Cl,KTEIFNKAUNYNJU-GFCCVEGCSA-N,True
DB00648,drugbank,ClC(Cl)C(C1=CC=C(Cl)C=C1)C1=CC=CC=C1Cl,Clc1ccc(C(c2ccccc2Cl)C(Cl)Cl)cc1,Clc1ccc(C(c2ccccc2Cl)C(Cl)Cl)cc1,JWBOIMRXGHLCPP-UHFFFAOYSA-N,True
DB01213,drugbank,CC1=CNN=C1,Cc1cn[nH]c1,Cc1cn[nH]c1,RIKMMFOAQPJVMX-UHFFFAOYSA-N,True
DB00823,drugbank,[H][C@@]12CC[C@@](OC(C)=O)(C#C)[C@@]1(C)CC[C@]1([H])[C@@]3([H])CC[C@H](OC(C)=O)C=C3CC[C@@]21[H],C#CC1(OC(C)=O)CCC2C3CCC4=CC(OC(C)=O)CCC4C3CCC21C,C#C[C@]1(OC(C)=O)CC[C@H]2[C@@H]3CCC4=C[C@@H](OC(C)=O)CC[C@@H]4[C@H]3CC[C@@]21C,ONKUMRGIYFNPJW-KIEAKMPYSA-N,True
DB01012,drugbank,C[C@@H](NCCCC1=CC(=CC=C1)C(F)(F)F)C1=CC=CC2=CC=CC=C12,CC(NCCCc1cccc(C(F)(F)F)c1)c1cccc2ccccc12,C[C@@H](NCCCc1cccc(C(F)(F)F)c1)c1cccc2ccccc12,VDHAWDNDOKGFTD-MRXNPFEDSA-N,True
DB00582,drugbank,C[C@@H](C1=NC=NC=C1F)[C@](O)(CN1C=NC=N1)C1=C(F)C=C(F)C=C1,CC(c1ncncc1F)C(O)(Cn1cncn1)c1ccc(F)cc1F,C[C@@H](c1ncncc1F)[C@](O)(Cn1cncn1)c1ccc(F)cc1F,BCEHBSKCWLPMDN-MGPLVRAMSA-N,True
DB09123,drugbank,[H][C@@]12CC[C@@](O)(CC#N)[C@@]1(C)CCC1=C3CCC(=O)C=C3CC[C@@]21[H],CC12CCC3=C4CCC(=O)C=C4CCC3C1CCC2(O)CC#N,C[C@]12CCC3=C4CCC(=O)C=C4CC[C@H]3[C@@H]1CC[C@@]2(O)CC#N,AZFLJNIPTRTECV-FUMNGEBKSA-N,True
DB01167,drugbank,CCC(C)N1N=CN(C1=O)C1=CC=C(C=C1)N1CCN(CC1)C1=CC=C(OC[C@H]2CO[C@@](CN3C=NC=N3)(O2)C2=CC=C(Cl)C=C2Cl)C=C1,CCC(C)n1ncn(-c2ccc(N3CCN(c4ccc(OCC5COC(Cn6cncn6)(c6ccc(Cl)cc6Cl)O5)cc4)CC3)cc2)c1=O,CCC(C)n1ncn(-c2ccc(N3CCN(c4ccc(OC[C@H]5CO[C@](Cn6cncn6)(c6ccc(Cl)cc6Cl)O5)cc4)CC3)cc2)c1=O,VHVPQPYKVGDNFY-ZPGVKDDISA-N,True
DB09074,drugbank,FC1=CC=C(CC2=NNC(=O)C3=CC=CC=C23)C=C1C(=O)N1CCN(CC1)C(=O)C1CC1,O=C(c1cc(Cc2n[nH]c(=O)c3ccccc23)ccc1F)N1CCN(C(=O)C2CC2)CC1,O=C(c1cc(Cc2n[nH]c(=O)c3ccccc23)ccc1F)N1CCN(C(=O)C2CC2)CC1,FDLYAMZZIXQODN-UHFFFAOYSA-N,True
DB12332,drugbank,CNCC1=CC=C(C=C1)C1=C2CCNC(=O)C3=C2C(N1)=CC(F)=C3,CNCc1ccc(-c2[nH]c3cc(F)cc4c3c2CCNC4=O)cc1,CNCc1ccc(-c2[nH]c3cc(F)cc4c3c2CCNC4=O)cc1,HMABYWSNWIZPAG-UHFFFAOYSA-N,True
DB00257,drugbank,ClC1=CC=CC=C1C(N1C=CN=C1)(C1=CC=CC=C1)C1=CC=CC=C1,Clc1ccccc1C(c1ccccc1)(c1ccccc1)n1ccnc1,Clc1ccccc1C(c1ccccc1)(c1ccccc1)n1ccnc1,VNFPBHJOKIVQEB-UHFFFAOYSA-N,True
DB00243,drugbank,COC1=CC=CC=C1OCC(O)CN1CCN(CC(=O)NC2=C(C)C=CC=C2C)CC1,COc1ccccc1OCC(O)CN1CCN(CC(=O)Nc2c(C)cccc2C)CC1,COc1ccccc1OCC(O)CN1CCN(CC(=O)Nc2c(C)cccc2C)CC1,XKLMZUWKNUAPSZ-UHFFFAOYSA-N,True
DB01602,drugbank,[H][C@]12SC(C)(C)[C@@H](N1C(=O)[C@H]2NC(=O)[C@H](N)C1=CC=CC=C1)C(=O)OC(C)OC(=O)OCC,CCOC(=O)OC(C)OC(=O)C1N2C(=O)C(NC(=O)C(N)c3ccccc3)C2SC1(C)C,CCOC(=O)OC(C)OC(=O)[C@@H]1N2C(=O)[C@@H](NC(=O)[C@H](N)c3ccccc3)[C@H]2SC1(C)C,PFOLLRNADZZWEX-FFGRCDKISA-N,True
DB00184,drugbank,CN1CCC[C@H]1C1=CN=CC=C1,CN1CCCC1c1cccnc1,CN1CCC[C@H]1c1cccnc1,SNICXCGAKADSCV-JTQLQIEISA-N,True
DB00215,drugbank,CN(C)CCCC1(OCC2=C1C=CC(=C2)C#N)C1=CC=C(F)C=C1,CN(C)CCCC1(c2ccc(F)cc2)OCc2cc(C#N)ccc21,CN(C)CCCC1(c2ccc(F)cc2)OCc2cc(C#N)ccc21,WSEQXVZVJXJVFP-UHFFFAOYSA-N,True
DB01026,drugbank,CC(=O)N1CCN(CC1)C1=CC=C(OCC2COC(CN3C=CN=C3)(O2)C2=CC=C(Cl)C=C2Cl)C=C1,CC(=O)N1CCN(c2ccc(OCC3COC(Cn4ccnc4)(c4ccc(Cl)cc4Cl)O3)cc2)CC1,CC(=O)N1CCN(c2ccc(OCC3COC(Cn4ccnc4)(c4ccc(Cl)cc4Cl)O3)cc2)CC1,XMAYWYJOQHXEEK-UHFFFAOYSA-N,True
DB04871,drugbank,C[C@H]1CNCCC2=CC=C(Cl)C=C12,CC1CNCCc2ccc(Cl)cc21,C[C@H]1CNCCc2ccc(Cl)cc21,XTTZERNUQAFMOF-QMMMGPOBSA-N,True
DB01118,drugbank,CCCCC1=C(C(=O)C2=CC(I)=C(OCCN(CC)CC)C(I)=C2)C2=C(O1)C=CC=C2,CCCCc1oc2ccccc2c1C(=O)c1cc(I)c(OCCN(CC)CC)c(I)c1,CCCCc1oc2ccccc2c1C(=O)c1cc(I)c(OCCN(CC)CC)c(I)c1,IYIKLHRQXLHMJQ-UHFFFAOYSA-N,True
DB00304,drugbank,[H][C@@]12CC[C@@](O)(C#C)[C@@]1(CC)CC(=C)[C@]1([H])[C@@]3([H])CCCC=C3CC[C@@]21[H],C#CC1(O)CCC2C3CCC4=CCCCC4C3C(=C)CC21CC,C#C[C@]1(O)CC[C@H]2[C@@H]3CCC4=CCCC[C@@H]4[C@H]3C(=C)C[C@@]21CC,RPLCPCMSCLEKRS-BPIQYHPVSA-N,True
DB01211,drugbank,[H][C@@]1(C[C@@](C)(OC)[C@@H](O)[C@H](C)O1)O[C@H]1[C@H](C)[C@@H](O[C@]2([H])O[C@H](C)C[C@@H]([C@H]2O)N(C)C)[C@@](C)(C[C@@H](C)C(=O)[C@H](C)[C@@H](O)[C@](C)(O)[C@@H](CC)OC(=O)[C@@H]1C)OC,CCC1OC(=O)C(C)C(OC2CC(C)(OC)C(O)C(C)O2)C(C)C(OC2OC(C)CC(N(C)C)C2O)C(C)(OC)CC(C)C(=O)C(C)C(O)C1(C)O,CC[C@H]1OC(=O)[C@H](C)[C@@H](O[C@H]2C[C@@](C)(OC)[C@@H](O)[C@H](C)O2)[C@H](C)[C@@H](O[C@@H]2O[C@H](C)C[C@H](N(C)C)[C@H]2O)[C@](C)(OC)C[C@@H](C)C(=O)[C@H](C)[C@@H](O)[C@]1(C)O,AGOYDEPGAOXOCK-KCBOHYOISA-N,True
DB00502,drugbank,OC1(CCN(CCCC(=O)C2=CC=C(F)C=C2)CC1)C1=CC=C(Cl)C=C1,O=C(CCCN1CCC(O)(c2ccc(Cl)cc2)CC1)c1ccc(F)cc1,O=C(CCCN1CCC(O)(c2ccc(Cl)cc2)CC1)c1ccc(F)cc1,LNEPOXFFQSENCJ-UHFFFAOYSA-N,True
DB01603,drugbank,[H][C@]12SC(C)(C)[C@@H](N1C(=O)[C@H]2NC(=O)C1=C(OC)C=CC=C1OC)C(O)=O,COc1cccc(OC)c1C(=O)NC1C(=O)N2C1SC(C)(C)C2C(=O)O,COc1cccc(OC)c1C(=O)N[C@@H]1C(=O)N2[C@@H]1SC(C)(C)[C@@H]2C(=O)O,RJQXTJLFIWVMTO-TYNCELHUSA-N,True
DB01263,drugbank,[H][C@@](C)(O)[C@]([H])(CC)N1N=CN(C1=O)C1=CC=C(C=C1)N1CCN(CC1)C1=CC=C(OC[C@]2([H])CO[C@](CN3C=NC=N3)(C2)C2=C(F)C=C(F)C=C2)C=C1,CCC(C(C)O)n1ncn(-c2ccc(N3CCN(c4ccc(OCC5COC(Cn6cncn6)(c6ccc(F)cc6F)C5)cc4)CC3)cc2)c1=O,CC[C@@H]([C@H](C)O)n1ncn(-c2ccc(N3CCN(c4ccc(OC[C@@H]5CO[C@@](Cn6cncn6)(c6ccc(F)cc6F)C5)cc4)CC3)cc2)c1=O,RAGOYPUPXAKGKH-XAKZXMRKSA-N,True
DB06730,drugbank,CC[C@]12CC[C@H]3[C@@H](CCC4=CC(=O)CC[C@H]34)[C@@H]1C=C[C@@]2(O)C#C,C#CC1(O)C=CC2C3CCC4=CC(=O)CCC4C3CCC21CC,C#C[C@]1(O)C=C[C@H]2[C@@H]3CCC4=CC(=O)CC[C@@H]4[C@H]3CC[C@@]21CC,SIGSPDASOTUPFS-XUDSTZEESA-N,True
DB00860,drugbank,[H][C@@]12CC[C@](O)(C(=O)CO)[C@@]1(C)C[C@H](O)[C@@]1([H])[C@@]2([H])CCC2=CC(=O)C=C[C@]12C,CC12C=CC(=O)C=C1CCC1C2C(O)CC2(C)C1CCC2(O)C(=O)CO,C[C@]12C=CC(=O)C=C1CC[C@@H]1[C@@H]2[C@@H](O)C[C@@]2(C)[C@H]1CC[C@]2(O)C(=O)CO,OIGNJSKKLXVSLS-VWUMJDOOSA-N,True
DB00285,drugbank,COC1=CC=C(C=C1)C(CN(C)C)C1(O)CCCCC1,COc1ccc(C(CN(C)C)C2(O)CCCCC2)cc1,COc1ccc(C(CN(C)C)C2(O)CCCCC2)cc1,PNVNVHUZROJLTJ-UHFFFAOYSA-N,True
DB00246,drugbank,ClC1=C(CCN2CCN(CC2)C2=NSC3=CC=CC=C23)C=C2CC(=O)NC2=C1,O=C1Cc2cc(CCN3CCN(c4nsc5ccccc45)CC3)c(Cl)cc2N1,O=C1Cc2cc(CCN3CCN(c4nsc5ccccc45)CC3)c(Cl)cc2N1,MVWVFYHBGMAFLY-UHFFFAOYSA-N,True
DB00213,drugbank,COC1=C(OC)C(CS(=O)C2=NC3=C(N2)C=C(OC(F)F)C=C3)=NC=C1,COc1ccnc(CS(=O)c2nc3ccc(OC(F)F)cc3[nH]2)c1OC,COc1ccnc(CS(=O)c2nc3ccc(OC(F)F)cc3[nH]2)c1OC,IQPSEEYGBUAQFF-UHFFFAOYSA-N,True
DB08869,drugbank,CC\C=C\CC(=O)N[C@@H](CC1=CC=C(O)C=C1)C(=O)N[C@@H](C)C(=O)N[C@@H](CC(O)=O)C(=O)N[C@@H](C)C(=O)N[C@@H](C(C)CC)C(=O)N[C@@H](CC1=CC=CC=C1)C(=O)N[C@@H](C(C)O)C(=O)N[C@@H](CC(N)=O)C(=O)N[C@@H](CO)C(=O)N[C@@H](CC1=CC=C(O)C=C1)C(=O)N[C@@H](CCCNC(N)=N)C(=O)N[C@@H](CCCCN)C(=O)N[C@@H](C(C)C)C(=O)N[C@@H](CC(C)C)C(=O)NCC(=O)N[C@@H](CCC(N)=O)C(=O)N[C@@H](CC(C)C)C(=O)N[C@@H](CO)C(=O)N[C@@H](C)C(=O)N[C@@H](CCCNC(N)=N)C(=O)N[C@@H](CCCCN)C(=O)N[C@@H](CC(C)C)C(=O)N[C@@H](CC(C)C)C(=O)N[C@@H](CCC(N)=O)C(=O)N[C@@H](CC(O)=O)C(=O)N[C@@H](C(C)CC)C(=O)N[C@@H](CCSC)C(=O)N[C@@H](CO)C(=O)N[C@@H](CCCNC(N)=N)C(=O)N[C@@H](CCC(N)=O)C(=O)N[C@@H](CCC(N)=O)C(=O)NCC(=O)N[C@@H](CCC(N)=O)C(=O)N[C@@H](CO)C(=O)N[C@@H](CC(N)=O)C(=O)N[C@@H](CCC(N)=O)C(=O)N[C@@H](CCCNC(N)=N)C(=O)NCC(=O)N[C@@H](C)C(=O)N[C@@H](CCCNC(N)=N)C(=O)N[C@@H](C)C(=O)N[C@@H](CCCNC(N)=N)C(=O)N[C@@H](CC(C)C)C(N)=O,CCC=CCC(=O)NC(Cc1ccc(O)cc1)C(=O)NC(C)C(=O)NC(CC(=O)O)C(=O)NC(C)C(=O)NC(C(=O)NC(Cc1ccccc1)C(=O)NC(C(=O)NC(CC(N)=O)C(=O)NC(CO)C(=O)NC(Cc1ccc(O)cc1)C(=O)NC(CCCNC(=N)N)C(=O)NC(CCCCN)C(=O)NC(C(=O)NC(CC(C)C)C(=O)NCC(=O)NC(CCC(N)=O)C(=O)NC(CC(C)C)C(=O)NC(CO)C(=O)NC(C)C(=O)NC(CCCNC(=N)N)C(=O)NC(CCCCN)C(=O)NC(CC(C)C)C(=O)NC(CC(C)C)C(=O)NC(CCC(N)=O)C(=O)NC(CC(=O)O)C(=O)NC(C(=O)NC(CCSC)C(=O)NC(CO)C(=O)NC(CCCNC(=N)N)C(=O)NC(CCC(N)=O)C(=O)NC(CCC(N)=O)C(=O)NCC(=O)NC(CCC(N)=O)C(=O)NC(CO)C(=O)NC(CC(N)=O)C(=O)NC(CCC(N)=O)C(=O)NC(CCCNC(=N)N)C(=O)NCC(=O)NC(C)C(=O)NC(CCCNC(=N)N)C(=O)NC(C)C(=O)NC(CCCNC(=N)N)C(=O)NC(CC(C)C)C(N)=O)C(C)CC)C(C)C)C(C)O)C(C)CC,CC/C=C/CC(=O)N[C@@H](Cc1ccc(O)cc1)C(=O)N[C@@H](C)C(=O)N[C@@H](CC(=O)O)C(=O)N[C@@H](C)C(=O)N[C@H](C(=O)N[C@@H](Cc1ccccc1)C(=O)N[C@H](C(=O)N[C@@H](CC(N)=O)C(=O)N[C@@H](CO)C(=O)N[C@@H](Cc1ccc(O)cc1)C(=O)N[C@@H](CCCNC(=N)N)C(=O)N[C@@H](CCCCN)C(=O)N[C@H](C(=O)N[C@@H](CC(C)C)C(=O)NCC(=O)N[C@@H](CCC(N)=O)C(=O)N[C@@H](CC(C)C)C(=O)N[C@@H](CO)C(=O)N[C@@H](C)C(=O)N[C@@H](CCCNC(=N)N)C(=O)N[C@@H](CCCCN)C(=O)N[C@@H](CC(C)C)C(=O)N[C@@H](CC(C)C)C(=O)N[C@@H](CCC(N)=O)C(=O)N[C@@H](CC(=O)O)C(=O)N[C@H](C(=O)N[C@@H](CCSC)C(=O)N[C@@H](CO)C(=O)N[C@@H](CCCNC(=N)N)C(=O)N[C@@H](CCC(N)=O)C(=O)N[C@@H](CCC(N)=O)C(=O)NCC(=O)N[C@@H](CCC(N)=O)C(=O)N[C@@H](CO)C(=O)N[C@@H](CC(N)=O)C(=O)N[C@@H](CCC(N)=O)C(=O)N[C@@H](CCCNC(=N)N)C(=O)NCC(=O)N[C@@H](C)C(=O)N[C@@H](CCCNC(=N)N)C(=O)N[C@@H](C)C(=O)N[C@@H](CCCNC(=N)N)C(=O)N[C@@H](CC(C)C)C(N)=O)C(C)CC)C(C)C)C(C)O)C(C)CC,LAJJBLZKAIOLRM-YHAVXTEWSA-N,True
DB04855,drugbank,CCCCN(CCCC)CCCOC1=CC=C(C=C1)C(=O)C1=C(CCCC)OC2=C1C=C(NS(C)(=O)=O)C=C2,CCCCc1oc2ccc(NS(C)(=O)=O)cc2c1C(=O)c1ccc(OCCCN(CCCC)CCCC)cc1,CCCCc1oc2ccc(NS(C)(=O)=O)cc2c1C(=O)c1ccc(OCCCN(CCCC)CCCC)cc1,ZQTNQVWKHCQYLQ-UHFFFAOYSA-N,True
DB05521,drugbank,[H][C@@]12CCC[C@]1([H])[C@H](N(C2)C(=O)[C@@H](NC(=O)[C@@H](NC(=O)C1=NC=CN=C1)C1CCCCC1)C(C)(C)C)C(=O)N[C@@H](CCC)C(=O)C(=O)NC1CC1,CCCC(NC(=O)C1C2CCCC2CN1C(=O)C(NC(=O)C(NC(=O)c1cnccn1)C1CCCCC1)C(C)(C)C)C(=O)C(=O)NC1CC1,CCC[C@H](NC(=O)[C@@H]1[C@H]2CCC[C@H]2CN1C(=O)[C@@H](NC(=O)[C@@H](NC(=O)c1cnccn1)C1CCCCC1)C(C)(C)C)C(=O)C(=O)NC1CC1,BBAWEDCPNXPBQM-GDEBMMAJSA-N,True
DB00625,drugbank,FC(F)(F)[C@]1(OC(=O)NC2=C1C=C(Cl)C=C2)C#CC1CC1,O=C1Nc2ccc(Cl)cc2C(C#CC2CC2)(C(F)(F)F)O1,O=C1Nc2ccc(Cl)cc2[C@@](C#CC2CC2)(C(F)(F)F)O1,XPOQHMRABVBWPR-ZDUSSCGKSA-N,True
DB06595,drugbank,CO[C@@H]1[C@@H](C[C@H]2O[C@]1(C)N1C3=C(C=CC=C3)C3=C1C1=C(C4=C(C=CC=C4)N21)C1=C3CNC1=O)N(C)C(=O)C1=CC=CC=C1,COC1C(N(C)C(=O)c2ccccc2)CC2OC1(C)n1c3ccccc3c3c4c(c5c6ccccc6n2c5c31)C(=O)NC4,CO[C@@H]1[C@H](N(C)C(=O)c2ccccc2)C[C@H]2O[C@]1(C)n1c3ccccc3c3c4c(c5c6ccccc6n2c5c31)C(=O)NC4,BMGQWWVMWDBQGC-IIFHNQTCSA-N,True
DB00603,drugbank,[H][C@@]12CC[C@](OC(C)=O)(C(C)=O)[C@@]1(C)CC[C@@]1([H])[C@@]2([H])C[C@H](C)C2=CC(=O)CC[C@]12C,CC(=O)OC1(C(C)=O)CCC2C3CC(C)C4=CC(=O)CCC4(C)C3CCC21C,CC(=O)O[C@]1(C(C)=O)CC[C@H]2[C@@H]3C[C@H](C)C4=CC(=O)CC[C@]4(C)[C@H]3CC[C@@]21C,PSGAAPLEWMOORI-PEINSRQWSA-N,True
DB00951,drugbank,NNC(=O)C1=CC=NC=C1,NNC(=O)c1ccncc1,NNC(=O)c1ccncc1,QRXWMOHMRWLFEY-UHFFFAOYSA-N,True
DB00289,drugbank,CNCC[C@@H](OC1=CC=CC=C1C)C1=CC=CC=C1,CNCCC(Oc1ccccc1C)c1ccccc1,CNCC[C@@H](Oc1ccccc1C)c1ccccc1,VHGCDTVCOLNTBX-QGZVFWFLSA-N,True
DB01264,drugbank,[H][C@@]12CCO[C@]1([H])OC[C@@H]2OC(=O)N[C@@H](CC1=CC=CC=C1)[C@H](O)CN(CC(C)C)S(=O)(=O)C1=CC=C(N)C=C1,CC(C)CN(CC(O)C(Cc1ccccc1)NC(=O)OC1COC2OCCC12)S(=O)(=O)c1ccc(N)cc1,CC(C)CN(C[C@@H](O)[C@H](Cc1ccccc1)NC(=O)O[C@H]1CO[C@H]2OCC[C@H]21)S(=O)(=O)c1ccc(N)cc1,CJBJHOAVZSMMDJ-HEXNFIEUSA-N,True
DB00188,drugbank,CC(C)C[C@H](NC(=O)[C@H](CC1=CC=CC=C1)NC(=O)C1=CN=CC=N1)B(O)O,CC(C)CC(NC(=O)C(Cc1ccccc1)NC(=O)c1cnccn1)B(O)O,CC(C)C[C@H](NC(=O)[C@H](Cc1ccccc1)NC(=O)c1cnccn1)B(O)O,GXJABQQUPOEUTA-RDJZCZTQSA-N,True
DB06708,drugbank,CCCCN(CCCC)CC(O)C1=C2C(=CC(Cl)=C1)\C(=C/C1=CC=C(Cl)C=C1)C1=C2C=CC(Cl)=C1,CCCCN(CCCC)CC(O)c1cc(Cl)cc2c1-c1ccc(Cl)cc1C2=Cc1ccc(Cl)cc1,CCCCN(CCCC)CC(O)c1cc(Cl)cc2c1-c1ccc(Cl)cc1/C2=C/c1ccc(Cl)cc1,DYLGFOYVTXJFJP-MYYYXRDXSA-N,True
DB00882,drugbank,CCN(CC)CCOC1=CC=C(C=C1)C(=C(Cl)C1=CC=CC=C1)C1=CC=CC=C1,CCN(CC)CCOc1ccc(C(=C(Cl)c2ccccc2)c2ccccc2)cc1,CCN(CC)CCOc1ccc(C(=C(Cl)c2ccccc2)c2ccccc2)cc1,GKIRPKYJQBWNGO-UHFFFAOYSA-N,True
DB00578,drugbank,[H][C@]12SC(C)(C)[C@@H](N1C(=O)[C@H]2NC(=O)C(C(O)=O)C1=CC=CC=C1)C(O)=O,CC1(C)SC2C(NC(=O)C(C(=O)O)c3ccccc3)C(=O)N2C1C(=O)O,CC1(C)S[C@@H]2[C@H](NC(=O)C(C(=O)O)c3ccccc3)C(=O)N2[C@H]1C(=O)O,FPPNZSSZRUTDAP-UWFZAAFLSA-N,True
DB00270,drugbank,COC(=O)C1=C(C)NC(C)=C(C1C1=CC=CC2=NON=C12)C(=O)OC(C)C,COC(=O)C1=C(C)NC(C)=C(C(=O)OC(C)C)C1c1cccc2nonc12,COC(=O)C1=C(C)NC(C)=C(C(=O)OC(C)C)C1c1cccc2nonc12,HMJIYCCIJYRONP-UHFFFAOYSA-N,True
DB01151,drugbank,CNCCCN1C2=CC=CC=C2CCC2=CC=CC=C12,CNCCCN1c2ccccc2CCc2ccccc21,CNCCCN1c2ccccc2CCc2ccccc21,HCYAFALTSJYZDH-UHFFFAOYSA-N,True
DB00224,drugbank,CC(C)(C)NC(=O)[C@@H]1CN(CC2=CN=CC=C2)CCN1C[C@@H](O)C[C@@H](CC1=CC=CC=C1)C(=O)N[C@@H]1[C@H](O)CC2=CC=CC=C12,CC(C)(C)NC(=O)C1CN(Cc2cccnc2)CCN1CC(O)CC(Cc1ccccc1)C(=O)NC1c2ccccc2CC1O,CC(C)(C)NC(=O)[C@@H]1CN(Cc2cccnc2)CCN1C[C@@H](O)C[C@@H](Cc1ccccc1)C(=O)N[C@H]1c2ccccc2C[C@H]1O,CBVCZFGXHXORBI-PXQQMZJSSA-N,True
DB01606,drugbank,[H][C@@]12CC(=O)N1[C@@H](C(O)=O)[C@](C)(CN1C=CN=N1)S2(=O)=O,CC1(Cn2ccnn2)C(C(=O)O)N2C(=O)CC2S1(=O)=O,C[C@]1(Cn2ccnn2)[C@H](C(=O)O)N2C(=O)C[C@H]2S1(=O)=O,LPQZKKCYTLCDGQ-WEDXCCLWSA-N,True
DB09065,drugbank,CC(C)C1=NC(CN(C)C(=O)N[C@@H](CCN2CCOCC2)C(=O)N[C@H](CC[C@H](CC2=CC=CC=C2)NC(=O)OCC2=CN=CS2)CC2=CC=CC=C2)=CS1,CC(C)c1nc(CN(C)C(=O)NC(CCN2CCOCC2)C(=O)NC(CCC(Cc2ccccc2)NC(=O)OCc2cncs2)Cc2ccccc2)cs1,CC(C)c1nc(CN(C)C(=O)N[C@@H](CCN2CCOCC2)C(=O)N[C@H](CC[C@H](Cc2ccccc2)NC(=O)OCc2cncs2)Cc2ccccc2)cs1,ZCIGNRJZKPOIKD-CQXVEOKZSA-N,True
DB11256,drugbank,CN1[C@@H](CNC2=CC=C(C=C2)C(=O)N[C@@H](CCC(O)=O)C(O)=O)CNC2=C1C(=O)N=C(N)N2,CN1c2c([nH]c(N)nc2=O)NCC1CNc1ccc(C(=O)NC(CCC(=O)O)C(=O)O)cc1,CN1c2c([nH]c(N)nc2=O)NC[C@@H]1CNc1ccc(C(=O)N[C@@H](CCC(=O)O)C(=O)O)cc1,ZNOVTXRBGFNYRX-STQMWFEESA-N,True
DB00501,drugbank,CN\C(NCCSCC1=C(C)NC=N1)=N\C#N,CNC(=NC#N)NCCSCc1nc[nH]c1C,CN/C(=N/C#N)NCCSCc1nc[nH]c1C,AQIXAKUUQRKLND-UHFFFAOYSA-N,True
DB00976,drugbank,[H][C@@]12[C@@H](C)C(=O)[C@H](C)C[C@@](C)(OC)[C@H](O[C@@H]3O[C@H](C)C[C@@H]([C@H]3O)N(C)C)[C@@H](C)C(=O)[C@@H](C)C(=O)O[C@H](CC)[C@@]1(C)OC(=O)N2CCCCN1C=NC(=C1)C1=CC=CN=C1,CCC1OC(=O)C(C)C(=O)C(C)C(OC2OC(C)CC(N(C)C)C2O)C(C)(OC)CC(C)C(=O)C(C)C2N(CCCCn3cnc(-c4cccnc4)c3)C(=O)OC12C,CC[C@H]1OC(=O)[C@H](C)C(=O)[C@H](C)[C@@H](O[C@@H]2O[C@H](C)C[C@H](N(C)C)[C@H]2O)[C@](C)(OC)C[C@@H](C)C(=O)[C@H](C)[C@H]2N(CCCCn3cnc(-c4cccnc4)c3)C(=O)O[C@]12C,LJVAJPDWBABPEJ-PNUFFHFMSA-N,True
DB00367,drugbank,[H][C@@]12CC[C@@](O)(C#C)[C@@]1(CC)CC[C@]1([H])[C@@]3([H])CCC(=O)C=C3CC[C@@]21[H],C#CC1(O)CCC2C3CCC4=CC(=O)CCC4C3CCC21CC,C#C[C@]1(O)CC[C@H]2[C@@H]3CCC4=CC(=O)CC[C@@H]4[C@H]3CC[C@@]21CC,WWYNJERNGUHSAO-XUDSTZEESA-N,True
DB00343,drugbank,COC1=CC=C(C=C1)[C@@H]1SC2=C(C=CC=C2)N(CCN(C)C)C(=O)[C@@H]1OC(C)=O,COc1ccc(C2Sc3ccccc3N(CCN(C)C)C(=O)C2OC(C)=O)cc1,COc1ccc([C@@H]2Sc3ccccc3N(CCN(C)C)C(=O)[C@@H]2OC(C)=O)cc1,HSUGRBWQSSZJOP-RTWAWAEBSA-N,True
DB04953,drugbank,CCOC(=O)NC1=C(N)C=C(NCC2=CC=C(F)C=C2)C=C1,CCOC(=O)Nc1ccc(NCc2ccc(F)cc2)cc1N,CCOC(=O)Nc1ccc(NCc2ccc(F)cc2)cc1N,PCOBBVZJEWWZFR-UHFFFAOYSA-N,True
DB06603,drugbank,CC1=C(CCNCC2=CC=C(\C=C\C(=O)NO)C=C2)C2=CC=CC=C2N1,Cc1[nH]c2ccccc2c1CCNCc1ccc(C=CC(=O)NO)cc1,Cc1[nH]c2ccccc2c1CCNCc1ccc(/C=C/C(=O)NO)cc1,FPOHNWQLNRZRFC-ZHACJKMWSA-N,True
DB09054,drugbank,[H][C@@](CC)(NC1=NC=NC2=C1N=CN2)C1=NC2=CC=CC(F)=C2C(=O)N1C1=CC=CC=C1,CCC(Nc1ncnc2[nH]cnc12)c1nc2cccc(F)c2c(=O)n1-c1ccccc1,CC[C@H](Nc1ncnc2[nH]cnc12)c1nc2cccc(F)c2c(=O)n1-c1ccccc1,IFSDAJWBUCMOAH-HNNXBMFYSA-N,True
DB01607,drugbank,[H][C@]12SC(C)(C)[C@@H](N1C(=O)[C@H]2NC(=O)[C@H](C(O)=O)C1=CSC=C1)C(O)=O,CC1(C)SC2C(NC(=O)C(C(=O)O)c3ccsc3)C(=O)N2C1C(=O)O,CC1(C)S[C@@H]2[C@H](NC(=O)[C@H](C(=O)O)c3ccsc3)C(=O)N2[C@H]1C(=O)O,OHKOGUYZJXTSFX-KZFFXBSXSA-N,True
DB06713,drugbank,[H][C@@]12CC[C@@](O)(C#C)[C@@]1(CC)CC[C@]1([H])[C@@]3([H])CCC(C=C3CC[C@@]21[H])=NO,C#CC1(O)CCC2C3CCC4=CC(=NO)CCC4C3CCC21CC,C#C[C@]1(O)CC[C@H]2[C@@H]3CCC4=CC(=NO)CC[C@@H]4[C@H]3CC[C@@]21CC,ISHXLNHNDMZNMC-XUDSTZEESA-N,True
DB01072,drugbank,COC(=O)N[C@H](C(=O)N[C@@H](CC1=CC=CC=C1)[C@@H](O)CN(CC1=CC=C(C=C1)C1=CC=CC=N1)NC(=O)[C@@H](NC(=O)OC)C(C)(C)C)C(C)(C)C,COC(=O)NC(C(=O)NC(Cc1ccccc1)C(O)CN(Cc1ccc(-c2ccccn2)cc1)NC(=O)C(NC(=O)OC)C(C)(C)C)C(C)(C)C,COC(=O)N[C@H](C(=O)N[C@@H](Cc1ccccc1)[C@@H](O)CN(Cc1ccc(-c2ccccn2)cc1)NC(=O)[C@@H](NC(=O)OC)C(C)(C)C)C(C)(C)C,AXRYRYVKAWYZBR-GASGPIRDSA-N,True
DB06636,drugbank,[H]C(C)(OC(=O)N(C)C1=C(COC(=O)CNC)C=CC=N1)[N+]1=CN(C[C@](O)(C2=C(F)C=CC(F)=C2)[C@@]([H])(C)C2=NC(=CS2)C2=CC=C(C=C2)C#N)N=C1,CNCC(=O)OCc1cccnc1N(C)C(=O)OC(C)[n+]1cnn(CC(O)(c2cc(F)ccc2F)C(C)c2nc(-c3ccc(C#N)cc3)cs2)c1,CNCC(=O)OCc1cccnc1N(C)C(=O)OC(C)[n+]1cnn(C[C@](O)(c2cc(F)ccc2F)[C@@H](C)c2nc(-c3ccc(C#N)cc3)cs2)c1,RSWOJTICKMKTER-QXLBVTBOSA-N,True
DB00472,drugbank,CNCCC(OC1=CC=C(C=C1)C(F)(F)F)C1=CC=CC=C1,CNCCC(Oc1ccc(C(F)(F)F)cc1)c1ccccc1,CNCCC(Oc1ccc(C(F)(F)F)cc1)c1ccccc1,RTHCYVBBDHJXIQ-UHFFFAOYSA-N,True
DB00872,drugbank,CC1=NC2=C(CCN(C(=O)C3=CC=C(NC(=O)C4=CC=CC=C4C4=CC=CC=C4)C=C3)C3=CC=CC=C23)N1,Cc1nc2c([nH]1)CCN(C(=O)c1ccc(NC(=O)c3ccccc3-c3ccccc3)cc1)c1ccccc1-2,Cc1nc2c([nH]1)CCN(C(=O)c1ccc(NC(=O)c3ccccc3-c3ccccc3)cc1)c1ccccc1-2,IKENVDNFQMCRTR-UHFFFAOYSA-N,True
DB00921,drugbank,CO[C@]12CC[C@@]3(C[C@@H]1[C@](C)(O)C(C)(C)C)[C@H]1CC4=C5C(O[C@@H]2[C@@]35CCN1CC1CC1)=C(O)C=C4,COC12CCC3(CC1C(C)(O)C(C)(C)C)C1Cc4ccc(O)c5c4C3(CCN1CC1CC1)C2O5,CO[C@]12CC[C@@]3(C[C@@H]1[C@](C)(O)C(C)(C)C)[C@H]1Cc4ccc(O)c5c4[C@@]3(CCN1CC1CC1)[C@H]2O5,RMRJXGBAOAMLHD-IHFGGWKQSA-N,True
DB01085,drugbank,CC[C@H]1[C@@H](CC2=CN=CN2C)COC1=O,CCC1C(=O)OCC1Cc1cncn1C,CC[C@@H]1C(=O)OC[C@@H]1Cc1cncn1C,QCHFTSOMWOSFHM-WPRPVWTQSA-N,True
DB06414,drugbank,CC1=CC(=CC(C)=C1OC1=C(Br)C(N)=NC(NC2=CC=C(C=C2)C#N)=N1)C#N,Cc1cc(C#N)cc(C)c1Oc1nc(Nc2ccc(C#N)cc2)nc(N)c1Br,Cc1cc(C#N)cc(C)c1Oc1nc(Nc2ccc(C#N)cc2)nc(N)c1Br,PYGWGZALEOIKDF-UHFFFAOYSA-N,True
DB01060,drugbank,[H][C@]12SC(C)(C)[C@@H](N1C(=O)[C@H]2NC(=O)[C@H](N)C1=CC=C(O)C=C1)C(O)=O,CC1(C)SC2C(NC(=O)C(N)c3ccc(O)cc3)C(=O)N2C1C(=O)O,CC1(C)S[C@@H]2[C@H](NC(=O)[C@H](N)c3ccc(O)cc3)C(=O)N2[C@H]1C(=O)O,LSQZJLSUYDQPKJ-NJBDSQKTSA-N,True
DB00458,drugbank,CN(C)CCCN1C2=CC=CC=C2CCC2=CC=CC=C12,CN(C)CCCN1c2ccccc2CCc2ccccc21,CN(C)CCCN1c2ccccc2CCc2ccccc21,BCGWQEUPMDMJNV-UHFFFAOYSA-N,True
DB09167,drugbank,CN(C)CC\C=C1/C2=CC=CC=C2CSC2=CC=CC=C12,CN(C)CCC=C1c2ccccc2CSc2ccccc21,CN(C)CC/C=C1\c2ccccc2CSc2ccccc21,PHTUQLWOUWZIMZ-GZTJUZNOSA-N,True
DB01053,drugbank,[H][C@]12SC(C)(C)[C@@H](N1C(=O)[C@H]2NC(=O)CC1=CC=CC=C1)C(O)=O,CC1(C)SC2C(NC(=O)Cc3ccccc3)C(=O)N2C1C(=O)O,CC1(C)S[C@@H]2[C@H](NC(=O)Cc3ccccc3)C(=O)N2[C@H]1C(=O)O,JGSARLDLIJGVTE-MBNYWOFBSA-N,True
DB00636,drugbank,CCOC(=O)C(C)(C)OC1=CC=C(Cl)C=C1,CCOC(=O)C(C)(C)Oc1ccc(Cl)cc1,CCOC(=O)C(C)(C)Oc1ccc(Cl)cc1,KNHUKKLJHYUCFP-UHFFFAOYSA-N,True
DB01241,drugbank,CC1=CC(OCCCC(C)(C)C(O)=O)=C(C)C=C1,Cc1ccc(C)c(OCCCC(C)(C)C(=O)O)c1,Cc1ccc(C)c(OCCCC(C)(C)C(=O)O)c1,HEMJJKBWTPKOJG-UHFFFAOYSA-N,True
DB00713,drugbank,[H][C@]12SC(C)(C)[C@@H](N1C(=O)[C@H]2NC(=O)C1=C(C)ON=C1C1=CC=CC=C1)C(O)=O,Cc1onc(-c2ccccc2)c1C(=O)NC1C(=O)N2C1SC(C)(C)C2C(=O)O,Cc1onc(-c2ccccc2)c1C(=O)N[C@@H]1C(=O)N2[C@@H]1SC(C)(C)[C@@H]2C(=O)O,UWYHMGVUTGAWSP-JKIFEVAISA-N,True
DB00715,drugbank,FC1=CC=C(C=C1)[C@@H]1CCNC[C@H]1COC1=CC2=C(OCO2)C=C1,Fc1ccc(C2CCNCC2COc2ccc3c(c2)OCO3)cc1,Fc1ccc([C@@H]2CCNC[C@H]2COc2ccc3c(c2)OCO3)cc1,AHOUBRCZNHFOSL-YOEHRIQHSA-N,True
DB01156,drugbank,CC(NC(C)(C)C)C(=O)C1=CC(Cl)=CC=C1,CC(NC(C)(C)C)C(=O)c1cccc(Cl)c1,CC(NC(C)(C)C)C(=O)c1cccc(Cl)c1,SNPPWIUOZRMYNY-UHFFFAOYSA-N,True
DB05351,drugbank,CC1=C(OCC(F)(F)F)C=CN=C1C[S@@](=O)C1=NC2=CC=CC=C2N1,Cc1c(OCC(F)(F)F)ccnc1CS(=O)c1nc2ccccc2[nH]1,Cc1c(OCC(F)(F)F)ccnc1C[S@@](=O)c1nc2ccccc2[nH]1,MJIHNNLFOKEZEW-RUZDIDTESA-N,True
DB09278,drugbank,[C],[C],[C],OKTJSMMVPCPJKN-UHFFFAOYSA-N,True
DB00268,drugbank,CCCN(CCC)CCC1=C2CC(=O)NC2=CC=C1,CCCN(CCC)CCc1cccc2c1CC(=O)N2,CCCN(CCC)CCc1cccc2c1CC(=O)N2,UHSKFQJFRQCDBE-UHFFFAOYSA-N,True
DB00448,drugbank,CC1=C(OCC(F)(F)F)C=CN=C1CS(=O)C1=NC2=CC=CC=C2N1,Cc1c(OCC(F)(F)F)ccnc1CS(=O)c1nc2ccccc2[nH]1,Cc1c(OCC(F)(F)F)ccnc1CS(=O)c1nc2ccccc2[nH]1,MJIHNNLFOKEZEW-UHFFFAOYSA-N,True
DB00301,drugbank,[H][C@]12SC(C)(C)[C@@H](N1C(=O)[C@H]2NC(=O)C1=C(C)ON=C1C1=C(Cl)C=CC=C1F)C(O)=O,Cc1onc(-c2c(F)cccc2Cl)c1C(=O)NC1C(=O)N2C1SC(C)(C)C2C(=O)O,Cc1onc(-c2c(F)cccc2Cl)c1C(=O)N[C@@H]1C(=O)N2[C@@H]1SC(C)(C)[C@@H]2C(=O)O,UIOFUWFRIANQPC-JKIFEVAISA-N,True
DB09323,drugbank,O.O.O.O.C(CNCC1=CC=CC=C1)NCC1=CC=CC=C1.[H][C@]12SC(C)(C)[C@@H](N1C(=O)[C@H]2NC(=O)CC1=CC=CC=C1)C(O)=O.[H][C@]12SC(C)(C)[C@@H](N1C(=O)[C@H]2NC(=O)CC1=CC=CC=C1)C(O)=O,CC1(C)SC2C(NC(=O)Cc3ccccc3)C(=O)N2C1C(=O)O.CC1(C)SC2C(NC(=O)Cc3ccccc3)C(=O)N2C1C(=O)O.O.O.O.O.c1ccc(CNCCNCc2ccccc2)cc1,CC1(C)S[C@@H]2[C@H](NC(=O)Cc3ccccc3)C(=O)N2[C@H]1C(=O)O.CC1(C)S[C@@H]2[C@H](NC(=O)Cc3ccccc3)C(=O)N2[C@H]1C(=O)O.O.O.O.O.c1ccc(CNCCNCc2ccccc2)cc1,WIDKTXGNSOORHA-CJHXQPGBSA-N,True
DB00199,drugbank,CC[C@H]1OC(=O)[C@H](C)[C@@H](O[C@H]2C[C@@](C)(OC)[C@@H](O)[C@H](C)O2)[C@H](C)[C@@H](O[C@@H]2O[C@H](C)C[C@@H]([C@H]2O)N(C)C)[C@](C)(O)C[C@@H](C)C(=O)[C@H](C)[C@@H](O)[C@]1(C)O,CCC1OC(=O)C(C)C(OC2CC(C)(OC)C(O)C(C)O2)C(C)C(OC2OC(C)CC(N(C)C)C2O)C(C)(O)CC(C)C(=O)C(C)C(O)C1(C)O,CC[C@H]1OC(=O)[C@H](C)[C@@H](O[C@H]2C[C@@](C)(OC)[C@@H](O)[C@H](C)O2)[C@H](C)[C@@H](O[C@@H]2O[C@H](C)C[C@H](N(C)C)[C@H]2O)[C@](C)(O)C[C@@H](C)C(=O)[C@H](C)[C@@H](O)[C@]1(C)O,ULGZDMOVFRHVEP-RWJQBGPGSA-N,True
DB01242,drugbank,CN(C)CCCN1C2=CC=CC=C2CCC2=C1C=C(Cl)C=C2,CN(C)CCCN1c2ccccc2CCc2ccc(Cl)cc21,CN(C)CCCN1c2ccccc2CCc2ccc(Cl)cc21,GDLIGKIOYRNHDA-UHFFFAOYSA-N,True
DB09291,drugbank,C[C@@H](OC[C@]1(CC[C@]2(CCC(=O)N2)CN1)C1=CC=CC=C1)C1=CC(=CC(=C1)C(F)(F)F)C(F)(F)F,CC(OCC1(c2ccccc2)CCC2(CCC(=O)N2)CN1)c1cc(C(F)(F)F)cc(C(F)(F)F)c1,C[C@@H](OC[C@@]1(c2ccccc2)CC[C@]2(CCC(=O)N2)CN1)c1cc(C(F)(F)F)cc(C(F)(F)F)c1,FIVSJYGQAIEMOC-ZGNKEGEESA-N,True
DB09320,drugbank,CCN(CC)CCOC(=O)C1=CC=C(N)C=C1.[H][C@]12SC(C)(C)[C@@H](N1C(=O)[C@H]2NC(=O)CC1=CC=CC=C1)C(O)=O,CC1(C)SC2C(NC(=O)Cc3ccccc3)C(=O)N2C1C(=O)O.CCN(CC)CCOC(=O)c1ccc(N)cc1,CC1(C)S[C@@H]2[C@H](NC(=O)Cc3ccccc3)C(=O)N2[C@H]1C(=O)O.CCN(CC)CCOC(=O)c1ccc(N)cc1,WHRVRSCEWKLAHX-LQDWTQKMSA-N,True
DB01605,drugbank,[H]C(=N[C@@H]1C(=O)N2[C@@H](C(=O)OCOC(=O)C(C)(C)C)C(C)(C)S[C@]12[H])N1CCCCCC1,CC(C)(C)C(=O)OCOC(=O)C1N2C(=O)C(N=CN3CCCCCC3)C2SC1(C)C,CC(C)(C)C(=O)OCOC(=O)[C@@H]1N2C(=O)[C@@H](N=CN3CCCCCC3)[C@H]2SC1(C)C,NPGNOVNWUSPMDP-HLLBOEOZSA-N,True
DB00195,drugbank,CC(C)NCC(O)COC1=CC=C(CCOCC2CC2)C=C1,CC(C)NCC(O)COc1ccc(CCOCC2CC2)cc1,CC(C)NCC(O)COc1ccc(CCOCC2CC2)cc1,NWIUTZDMDHAVTP-UHFFFAOYSA-N,True
DB00957,drugbank,[H][C@@]12CC[C@@](OC(C)=O)(C#C)[C@@]1(CC)CC[C@]1([H])[C@@]3([H])CC\C(C=C3CC[C@@]21[H])=N/O,C#CC1(OC(C)=O)CCC2C3CCC4=CC(=NO)CCC4C3CCC21CC,C#C[C@]1(OC(C)=O)CC[C@H]2[C@@H]3CCC4=C/C(=N/O)CC[C@@H]4[C@H]3CC[C@@]21CC,KIQQMECNKUGGKA-NMYWJIRASA-N,True
DB00091,drugbank,CC[C@@H]1NC(=O)[C@H]([C@H](O)[C@H](C)C\C=C\C)N(C)C(=O)[C@H](C(C)C)N(C)C(=O)[C@H](CC(C)C)N(C)C(=O)[C@H](CC(C)C)N(C)C(=O)[C@@H](C)NC(=O)[C@H](C)NC(=O)[C@H](CC(C)C)N(C)C(=O)[C@@H](NC(=O)[C@H](CC(C)C)N(C)C(=O)CN(C)C1=O)C(C)C,CC=CCC(C)C(O)C1C(=O)NC(CC)C(=O)N(C)CC(=O)N(C)C(CC(C)C)C(=O)NC(C(C)C)C(=O)N(C)C(CC(C)C)C(=O)NC(C)C(=O)NC(C)C(=O)N(C)C(CC(C)C)C(=O)N(C)C(CC(C)C)C(=O)N(C)C(C(C)C)C(=O)N1C,C/C=C/C[C@@H](C)[C@@H](O)[C@H]1C(=O)N[C@@H](CC)C(=O)N(C)CC(=O)N(C)[C@@H](CC(C)C)C(=O)N[C@@H](C(C)C)C(=O)N(C)[C@@H](CC(C)C)C(=O)N[C@@H](C)C(=O)N[C@H](C)C(=O)N(C)[C@@H](CC(C)C)C(=O)N(C)[C@@H](CC(C)C)C(=O)N(C)[C@@H](C(C)C)C(=O)N1C,PMATZTZNYRCHOR-CGLBZJNRSA-N,True
DB00294,drugbank,[H][C@@]12CC[C@@](O)(C#C)[C@@]1(CC)CC(=C)[C@]1([H])[C@@]3([H])CCC(=O)C=C3CC[C@@]21[H],C#CC1(O)CCC2C3CCC4=CC(=O)CCC4C3C(=C)CC21CC,C#C[C@]1(O)CC[C@H]2[C@@H]3CCC4=CC(=O)CC[C@@H]4[C@H]3C(=C)C[C@@]21CC,GCKFUYQCUCGESZ-BPIQYHPVSA-N,True
DB06697,drugbank,[H][C@@]12CC[C@@H](C)[C@]3([H])CC[C@@]4(C)OO[C@@]13[C@]([H])(O[C@H](OC)[C@@H]2C)O4,COC1OC2OC3(C)CCC4C(C)CCC(C1C)C24OO3,CO[C@H]1O[C@@H]2O[C@@]3(C)CC[C@H]4[C@H](C)CC[C@@H]([C@H]1C)[C@@]24OO3,SXYIRMFQILZOAM-HVNFFKDJSA-N,True
DB09039,drugbank,CCCCCCCC(=O)N[C@H](CN1CCCC1)[C@H](O)C1=CC=C2OCCOC2=C1,CCCCCCCC(=O)NC(CN1CCCC1)C(O)c1ccc2c(c1)OCCO2,CCCCCCCC(=O)N[C@H](CN1CCCC1)[C@H](O)c1ccc2c(c1)OCCO2,FJZZPCZKBUKGGU-AUSIDOKSSA-N,True
DB00349,drugbank,CN1C2=C(C=C(Cl)C=C2)N(C2=CC=CC=C2)C(=O)CC1=O,CN1C(=O)CC(=O)N(c2ccccc2)c2cc(Cl)ccc21,CN1C(=O)CC(=O)N(c2ccccc2)c2cc(Cl)ccc21,CXOXHMZGEKVPMT-UHFFFAOYSA-N,True
DB00736,drugbank,COC1=CC2=C(NC(=N2)[S@@](=O)CC2=NC=C(C)C(OC)=C2C)C=C1,COc1ccc2[nH]c(S(=O)Cc3ncc(C)c(OC)c3C)nc2c1,COc1ccc2[nH]c([S@@](=O)Cc3ncc(C)c(OC)c3C)nc2c1,SUBDBMMJDZJVOS-DEOSSOPVSA-N,True
DB00763,drugbank,CN1C=CNC1=S,Cn1cc[nH]c1=S,Cn1cc[nH]c1=S,PMRYVIKBURPHAH-UHFFFAOYSA-N,True
DB00622,drugbank,COC(=O)C1=C(C)NC(C)=C(C1C1=CC(=CC=C1)[N+]([O-])=O)C(=O)OCCN(C)CC1=CC=CC=C1,COC(=O)C1=C(C)NC(C)=C(C(=O)OCCN(C)Cc2ccccc2)C1c1cccc([N+](=O)[O-])c1,COC(=O)C1=C(C)NC(C)=C(C(=O)OCCN(C)Cc2ccccc2)C1c1cccc([N+](=O)[O-])c1,ZBBHBTPTTSWHBA-UHFFFAOYSA-N,True
DB01104,drugbank,CN[C@H]1CC[C@@H](C2=CC(Cl)=C(Cl)C=C2)C2=CC=CC=C12,CNC1CCC(c2ccc(Cl)c(Cl)c2)c2ccccc21,CN[C@H]1CC[C@@H](c2ccc(Cl)c(Cl)c2)c2ccccc21,VGKDLMBJGBXTGI-SJCJKPOMSA-N,True
DB01110,drugbank,ClC1=CC(Cl)=C(COC(CN2C=CN=C2)C2=C(Cl)C=C(Cl)C=C2)C=C1,Clc1ccc(COC(Cn2ccnc2)c2ccc(Cl)cc2Cl)c(Cl)c1,Clc1ccc(COC(Cn2ccnc2)c2ccc(Cl)cc2Cl)c(Cl)c1,BYBLEWFAAKGYCD-UHFFFAOYSA-N,True
DB00273,drugbank,[H][C@@]12CO[C@@]3(COS(N)(=O)=O)OC(C)(C)O[C@@]3([H])[C@]1([H])OC(C)(C)O2,CC1(C)OC2COC3(COS(N)(=O)=O)OC(C)(C)OC3C2O1,CC1(C)O[C@@H]2[C@@H](CO[C@@]3(COS(N)(=O)=O)OC(C)(C)O[C@@H]23)O1,KJADKKWYZYXHBB-XBWDGYHZSA-N,True
DB09119,drugbank,CC(=O)O[C@H]1CC2=CC=CC=C2N(C(N)=O)C2=CC=CC=C12,CC(=O)OC1Cc2ccccc2N(C(N)=O)c2ccccc21,CC(=O)O[C@H]1Cc2ccccc2N(C(N)=O)c2ccccc21,QIALRBLEEWJACW-INIZCTEOSA-N,True
DB08899,drugbank,CNC(=O)C1=C(F)C=C(C=C1)N1C(=S)N(C(=O)C1(C)C)C1=CC=C(C#N)C(=C1)C(F)(F)F,CNC(=O)c1ccc(N2C(=S)N(c3ccc(C#N)c(C(F)(F)F)c3)C(=O)C2(C)C)cc1F,CNC(=O)c1ccc(N2C(=S)N(c3ccc(C#N)c(C(F)(F)F)c3)C(=O)C2(C)C)cc1F,WXCXUHSOUPDCQV-UHFFFAOYSA-N,True
DB06413,drugbank,NC(=O)C[S@@](=O)C(C1=CC=CC=C1)C1=CC=CC=C1,NC(=O)CS(=O)C(c1ccccc1)c1ccccc1,NC(=O)C[S@@](=O)C(c1ccccc1)c1ccccc1,YFGHCGITMMYXAQ-LJQANCHMSA-N,True
DB00863,drugbank,CNC(NCCSCC1=CC=C(CN(C)C)O1)=C[N+]([O-])=O,CNC(=C[N+](=O)[O-])NCCSCc1ccc(CN(C)C)o1,CNC(=C[N+](=O)[O-])NCCSCc1ccc(CN(C)C)o1,VMXUWOKSQNHOCA-UHFFFAOYSA-N,True
DB05812,drugbank,[H][C@@]12CC=C(C3=CC=CN=C3)[C@@]1(C)CC[C@@]1([H])[C@@]2([H])CC=C2C[C@@H](O)CC[C@]12C,CC12CCC(O)CC1=CCC1C2CCC2(C)C(c3cccnc3)=CCC12,C[C@]12CC[C@H](O)CC1=CC[C@@H]1[C@@H]2CC[C@]2(C)C(c3cccnc3)=CC[C@@H]12,GZOSMCIZMLWJML-VJLLXTKPSA-N,True
DB00608,drugbank,CCN(CC)CCCC(C)NC1=CC=NC2=CC(Cl)=CC=C12,CCN(CC)CCCC(C)Nc1ccnc2cc(Cl)ccc12,CCN(CC)CCCC(C)Nc1ccnc2cc(Cl)ccc12,WHTVZRBIWZFKQO-UHFFFAOYSA-N,True
DB09324,drugbank,[H][C@@]12CC(=O)N1[C@@]([H])(C(O)=O)C(C)(C)S2(=O)=O,CC1(C)C(C(=O)O)N2C(=O)CC2S1(=O)=O,CC1(C)[C@H](C(=O)O)N2C(=O)C[C@H]2S1(=O)=O,FKENQMMABCRJMK-RITPCOANSA-N,True
DB01129,drugbank,COCCCOC1=C(C)C(CS(=O)C2=NC3=CC=CC=C3N2)=NC=C1,COCCCOc1ccnc(CS(=O)c2nc3ccccc3[nH]2)c1C,COCCCOc1ccnc(CS(=O)c2nc3ccccc3[nH]2)c1C,YREYEVIYCVEVJK-UHFFFAOYSA-N,True
DB00932,drugbank,[H][C@@](CC)(C1=CC(NS(=O)(=O)C2=NC=C(C=C2)C(F)(F)F)=CC=C1)C1=C(O)C[C@@](CCC)(CCC2=CC=CC=C2)OC1=O,CCCC1(CCc2ccccc2)CC(O)=C(C(CC)c2cccc(NS(=O)(=O)c3ccc(C(F)(F)F)cn3)c2)C(=O)O1,CCC[C@@]1(CCc2ccccc2)CC(O)=C([C@H](CC)c2cccc(NS(=O)(=O)c3ccc(C(F)(F)F)cn3)c2)C(=O)O1,SUJUHGSWHZTSEU-FYBSXPHGSA-N,True
DB00948,drugbank,[H][C@]12SC(C)(C)[C@@H](N1C(=O)[C@H]2NC(=O)[C@H](NC(=O)N1CCN(C1=O)S(C)(=O)=O)C1=CC=CC=C1)C(O)=O,CC1(C)SC2C(NC(=O)C(NC(=O)N3CCN(S(C)(=O)=O)C3=O)c3ccccc3)C(=O)N2C1C(=O)O,CC1(C)S[C@@H]2[C@H](NC(=O)[C@H](NC(=O)N3CCN(S(C)(=O)=O)C3=O)c3ccccc3)C(=O)N2[C@H]1C(=O)O,YPBATNHYBCGSSN-VWPFQQQWSA-N,True
DB08873,drugbank,[H][C@]12CN([C@H](C(=O)NC(CC3CCC3)C(=O)C(N)=O)[C@@]1([H])C2(C)C)C(=O)[C@@H](NC(=O)NC(C)(C)C)C(C)(C)C,CC(C)(C)NC(=O)NC(C(=O)N1CC2C(C1C(=O)NC(CC1CCC1)C(=O)C(N)=O)C2(C)C)C(C)(C)C,CC(C)(C)NC(=O)N[C@H](C(=O)N1C[C@H]2[C@@H]([C@H]1C(=O)NC(CC1CCC1)C(=O)C(N)=O)C2(C)C)C(C)(C)C,LHHCSNFAOIFYRV-DOVBMPENSA-N,True
DB00255,drugbank,CC\C(=C(\CC)C1=CC=C(O)C=C1)C1=CC=C(O)C=C1,CCC(=C(CC)c1ccc(O)cc1)c1ccc(O)cc1,CC/C(=C(/CC)c1ccc(O)cc1)c1ccc(O)cc1,RGLYKWWBQGJZGM-ISLYRVAYSA-N,True
DB01604,drugbank,[H][C@]12SC(C)(C)[C@@H](N1C(=O)[C@H]2NC(=O)[C@H](N)C1=CC=CC=C1)C(=O)OCOC(=O)C(C)(C)C,CC(C)(C)C(=O)OCOC(=O)C1N2C(=O)C(NC(=O)C(N)c3ccccc3)C2SC1(C)C,CC(C)(C)C(=O)OCOC(=O)[C@@H]1N2C(=O)[C@@H](NC(=O)[C@H](N)c3ccccc3)[C@H]2SC1(C)C,ZEMIJUDPLILVNQ-ZXFNITATSA-N,True
DB01232,drugbank,[H][C@@]12CCCC[C@]1([H])CN(C[C@@H](O)[C@H](CC1=CC=CC=C1)NC(=O)[C@H](CC(N)=O)NC(=O)C1=NC3=C(C=CC=C3)C=C1)[C@@H](C2)C(=O)NC(C)(C)C,CC(C)(C)NC(=O)C1CC2CCCCC2CN1CC(O)C(Cc1ccccc1)NC(=O)C(CC(N)=O)NC(=O)c1ccc2ccccc2n1,CC(C)(C)NC(=O)[C@@H]1C[C@@H]2CCCC[C@@H]2CN1C[C@@H](O)[C@H](Cc1ccccc1)NC(=O)[C@H](CC(N)=O)NC(=O)c1ccc2ccccc2n1,QWAXKHKRTORLEM-UGJKXSETSA-N,True
DB00363,drugbank,CN1CCN(CC1)C1=NC2=CC(Cl)=CC=C2NC2=CC=CC=C12,CN1CCN(C2=Nc3cc(Cl)ccc3Nc3ccccc32)CC1,CN1CCN(C2=Nc3cc(Cl)ccc3Nc3ccccc32)CC1,QZUDBNBUXVUHMW-UHFFFAOYSA-N,True
DB08933,drugbank,ClC1=CC(Cl)=C(C=C1)[C@@H]1CS\C(S1)=C(\C#N)N1C=CN=C1,N#CC(=C1SCC(c2ccc(Cl)cc2Cl)S1)n1ccnc1,N#C/C(=C1/SC[C@@H](c2ccc(Cl)cc2Cl)S1)n1ccnc1,YTAOBBFIOAEMLL-REQDGWNSSA-N,True
DB04868,drugbank,CC1=CN(C=N1)C1=CC(NC(=O)C2=CC=C(C)C(NC3=NC=CC(=N3)C3=CN=CC=C3)=C2)=CC(=C1)C(F)(F)F,Cc1cn(-c2cc(NC(=O)c3ccc(C)c(Nc4nccc(-c5cccnc5)n4)c3)cc(C(F)(F)F)c2)cn1,Cc1cn(-c2cc(NC(=O)c3ccc(C)c(Nc4nccc(-c5cccnc5)n4)c3)cc(C(F)(F)F)c2)cn1,HHZIURLSWUIHRB-UHFFFAOYSA-N,True
DB00477,drugbank,CN(C)CCCN1C2=CC=CC=C2SC2=C1C=C(Cl)C=C2,CN(C)CCCN1c2ccccc2Sc2ccc(Cl)cc21,CN(C)CCCN1c2ccccc2Sc2ccc(Cl)cc21,ZPEIMTDSQAKGNT-UHFFFAOYSA-N,True
DB00227,drugbank,[H][C@]12[C@H](C[C@@H](C)C=C1C=C[C@H](C)[C@@H]2CC[C@@H]1C[C@@H](O)CC(=O)O1)OC(=O)[C@@H](C)CC,CCC(C)C(=O)OC1CC(C)C=C2C=CC(C)C(CCC3CC(O)CC(=O)O3)C21,CC[C@H](C)C(=O)O[C@H]1C[C@@H](C)C=C2C=C[C@H](C)[C@H](CC[C@@H]3C[C@@H](O)CC(=O)O3)[C@H]21,PCZOHLXUXFIOCF-BXMDZJJMSA-N,True
DB00420,drugbank,CN(C)CCCN1C2=CC=CC=C2SC2=CC=CC=C12,CN(C)CCCN1c2ccccc2Sc2ccccc21,CN(C)CCCN1c2ccccc2Sc2ccccc21,ZGUGWUXLJSTTMA-UHFFFAOYSA-N,True
DB00320,drugbank,[H][C@@]12CCCN1C(=O)[C@H](CC1=CC=CC=C1)N1C(=O)[C@](C)(NC(=O)[C@H]3CN(C)[C@]4([H])CC5=CNC6=CC=CC(=C56)[C@@]4([H])C3)O[C@@]21O,CN1CC(C(=O)NC2(C)OC3(O)C4CCCN4C(=O)C(Cc4ccccc4)N3C2=O)CC2c3cccc4[nH]cc(c34)CC21,CN1C[C@H](C(=O)N[C@]2(C)O[C@@]3(O)[C@@H]4CCCN4C(=O)[C@H](Cc4ccccc4)N3C2=O)C[C@@H]2c3cccc4[nH]cc(c34)C[C@H]21,LUZRJRNZXALNLM-JGRZULCMSA-N,True
DB08893,drugbank,NC1=NC(CC(=O)NC2=CC=C(CCNC[C@H](O)C3=CC=CC=C3)C=C2)=CS1,Nc1nc(CC(=O)Nc2ccc(CCNCC(O)c3ccccc3)cc2)cs1,Nc1nc(CC(=O)Nc2ccc(CCNC[C@H](O)c3ccccc3)cc2)cs1,PBAPPPCECJKMCM-IBGZPJMESA-N,True
DB01191,drugbank,CCN[C@@H](C)CC1=CC=CC(=C1)C(F)(F)F,CCNC(C)Cc1cccc(C(F)(F)F)c1,CCN[C@@H](C)Cc1cccc(C(F)(F)F)c1,DBGIVFWFUFKIQN-VIFPVBQESA-N,True
DB00476,drugbank,CNCC[C@H](OC1=CC=CC2=CC=CC=C12)C1=CC=CS1,CNCCC(Oc1cccc2ccccc12)c1cccs1,CNCC[C@H](Oc1cccc2ccccc12)c1cccs1,ZEUITGRIYCTCEM-KRWDZBQOSA-N,True
DB00482,drugbank,CC1=CC=C(C=C1)C1=CC(=NN1C1=CC=C(C=C1)S(N)(=O)=O)C(F)(F)F,Cc1ccc(-c2cc(C(F)(F)F)nn2-c2ccc(S(N)(=O)=O)cc2)cc1,Cc1ccc(-c2cc(C(F)(F)F)nn2-c2ccc(S(N)(=O)=O)cc2)cc1,RZEKVGVHFLEQIL-UHFFFAOYSA-N,True
DB01234,drugbank,[H][C@@]12C[C@@H](C)[C@](O)(C(=O)CO)[C@@]1(C)C[C@H](O)[C@@]1(F)[C@@]2([H])CCC2=CC(=O)C=C[C@]12C,CC1CC2C3CCC4=CC(=O)C=CC4(C)C3(F)C(O)CC2(C)C1(O)C(=O)CO,C[C@@H]1C[C@H]2[C@@H]3CCC4=CC(=O)C=C[C@]4(C)[C@@]3(F)[C@@H](O)C[C@]2(C)[C@@]1(O)C(=O)CO,UREBDLICKHMUKA-CXSFZGCWSA-N,True
DB00338,drugbank,COC1=CC2=C(C=C1)N=C(N2)S(=O)CC1=NC=C(C)C(OC)=C1C,COc1ccc2nc(S(=O)Cc3ncc(C)c(OC)c3C)[nH]c2c1,COc1ccc2nc(S(=O)Cc3ncc(C)c(OC)c3C)[nH]c2c1,SUBDBMMJDZJVOS-UHFFFAOYSA-N,True
DB01395,drugbank,[H][C@@]12C[C@]1([H])[C@@]1([H])[C@]3([H])[C@]4([H])C[C@]4([H])[C@@]4(CCC(=O)O4)[C@@]3(C)CC[C@]1([H])[C@@]1(C)CCC(=O)C=C21,CC12CCC(=O)C=C1C1CC1C1C2CCC2(C)C1C1CC1C21CCC(=O)O1,C[C@]12CCC(=O)C=C1[C@@H]1C[C@@H]1[C@H]1[C@@H]3[C@@H]4C[C@@H]4[C@@]4(CCC(=O)O4)[C@@]3(C)CC[C@@H]12,METQSPRSQINEEU-HXCATZOESA-N,True
DB01006,drugbank,N#CC1=CC=C(C=C1)C(N1C=NC=N1)C1=CC=C(C=C1)C#N,N#Cc1ccc(C(c2ccc(C#N)cc2)n2cncn2)cc1,N#Cc1ccc(C(c2ccc(C#N)cc2)n2cncn2)cc1,HPJKCIUCZWXJDR-UHFFFAOYSA-N,True
DB00169,drugbank,CC(C)CCC[C@@H](C)[C@@]1([H])CC[C@@]2([H])\C(CCC[C@]12C)=C\C=C1\C[C@@H](O)CCC1=C,C=C1CCC(O)CC1=CC=C1CCCC2(C)C1CCC2C(C)CCCC(C)C,C=C1CC[C@H](O)C/C1=C/C=C1\CCC[C@]2(C)[C@@H]([C@H](C)CCCC(C)C)CC[C@@H]12,QYSXJUFSXHHAJI-YRZJJWOYSA-N,True
DB00170,drugbank,CC1=CC(=O)C2=CC=CC=C2C1=O,CC1=CC(=O)c2ccccc2C1=O,CC1=CC(=O)c2ccccc2C1=O,MJVAVZPDRWSRRC-UHFFFAOYSA-N,True
DB09238,drugbank,COC(=O)C1=C(C)NC(C)=C(C1C1=CC(=CC=C1)N(=O)=O)C(=O)OCCN1CCN(CC1)C(C1=CC=CC=C1)C1=CC=CC=C1,COC(=O)C1=C(C)NC(C)=C(C(=O)OCCN2CCN(C(c3ccccc3)c3ccccc3)CC2)C1c1cccc([N+](=O)[O-])c1,COC(=O)C1=C(C)NC(C)=C(C(=O)OCCN2CCN(C(c3ccccc3)c3ccccc3)CC2)C1c1cccc([N+](=O)[O-])c1,ANEBWFXPVPTEET-UHFFFAOYSA-N,True
DB00319,drugbank,[H][C@]12SC(C)(C)[C@@H](N1C(=O)[C@H]2NC(=O)[C@H](NC(=O)N1CCN(CC)C(=O)C1=O)C1=CC=CC=C1)C(O)=O,CCN1CCN(C(=O)NC(C(=O)NC2C(=O)N3C2SC(C)(C)C3C(=O)O)c2ccccc2)C(=O)C1=O,CCN1CCN(C(=O)N[C@@H](C(=O)N[C@@H]2C(=O)N3[C@@H]2SC(C)(C)[C@@H]3C(=O)O)c2ccccc2)C(=O)C1=O,IVBHGBMCVLDMKU-GXNBUGAJSA-N,True
DB09389,drugbank,CCC12CCC3C(CCC4=CC(=O)CCC34)C1CCC2(O)C#C,C#CC1(O)CCC2C3CCC4=CC(=O)CCC4C3CCC21CC,C#CC1(O)CCC2C3CCC4=CC(=O)CCC4C3CCC21CC,WWYNJERNGUHSAO-UHFFFAOYSA-N,True
DB01061,drugbank,[H][C@](NC(=O)N1CCNC1=O)(C(=O)N[C@@H]1C(=O)N2[C@@H](C(O)=O)C(C)(C)S[C@]12[H])C1=CC=CC=C1,CC1(C)SC2C(NC(=O)C(NC(=O)N3CCNC3=O)c3ccccc3)C(=O)N2C1C(=O)O,CC1(C)S[C@@H]2[C@H](NC(=O)[C@H](NC(=O)N3CCNC3=O)c3ccccc3)C(=O)N2[C@H]1C(=O)O,JTWOMNBEOCYFNV-NFFDBFGFSA-N,True
DB00446,drugbank,OC[C@@H](NC(=O)C(Cl)Cl)[C@H](O)C1=CC=C(C=C1)[N+]([O-])=O,O=C(NC(CO)C(O)c1ccc([N+](=O)[O-])cc1)C(Cl)Cl,O=C(N[C@H](CO)[C@H](O)c1ccc([N+](=O)[O-])cc1)C(Cl)Cl,WIIZWVCIJKGZOK-RKDXNWHRSA-N,True
DB09120,drugbank,COC1=C(O)C=CC(CNC(=O)CCCC\C=C/C(C)C)=C1,COc1cc(CNC(=O)CCCCC=CC(C)C)ccc1O,COc1cc(CNC(=O)CCCC/C=C\C(C)C)ccc1O,YKPUWZUDDOIDPM-VURMDHGXSA-N,True
DB00661,drugbank,COC1=C(OC)C=C(CCN(C)CCCC(C#N)(C(C)C)C2=CC(OC)=C(OC)C=C2)C=C1,COc1ccc(CCN(C)CCCC(C#N)(c2ccc(OC)c(OC)c2)C(C)C)cc1OC,COc1ccc(CCN(C)CCCC(C#N)(c2ccc(OC)c(OC)c2)C(C)C)cc1OC,SGTNSNPWRIOYBX-UHFFFAOYSA-N,True
DB01075,drugbank,CN(C)CCOC(C1=CC=CC=C1)C1=CC=CC=C1,CN(C)CCOC(c1ccccc1)c1ccccc1,CN(C)CCOC(c1ccccc1)c1ccccc1,ZZVUWRFHKOJYTH-UHFFFAOYSA-N,True
DB01043,drugbank,CC12CC3CC(C)(C1)CC(N)(C3)C2,CC12CC3CC(C)(C1)CC(N)(C3)C2,CC12CC3CC(C)(C1)CC(N)(C3)C2,BUGYDGFZZOZRHP-UHFFFAOYSA-N,True
DB00503,drugbank,CC(C)[C@H](NC(=O)N(C)CC1=CSC(=N1)C(C)C)C(=O)N[C@H](C[C@H](O)[C@H](CC1=CC=CC=C1)NC(=O)OCC1=CN=CS1)CC1=CC=CC=C1,CC(C)c1nc(CN(C)C(=O)NC(C(=O)NC(Cc2ccccc2)CC(O)C(Cc2ccccc2)NC(=O)OCc2cncs2)C(C)C)cs1,CC(C)c1nc(CN(C)C(=O)N[C@H](C(=O)N[C@@H](Cc2ccccc2)C[C@H](O)[C@H](Cc2ccccc2)NC(=O)OCc2cncs2)C(C)C)cs1,NCDNCNXCDXHOMX-XGKFQTDJSA-N,True
DB08795,drugbank,[H][C@]12SC(C)(C)[C@@H](N1C(=O)[C@H]2NC(=O)[C@H](N=[N+]=[N-])C1=CC=CC=C1)C(O)=O,CC1(C)SC2C(NC(=O)C(N=[N+]=[N-])c3ccccc3)C(=O)N2C1C(=O)O,CC1(C)S[C@@H]2[C@H](NC(=O)[C@H](N=[N+]=[N-])c3ccccc3)C(=O)N2[C@H]1C(=O)O,ODFHGIPNGIAMDK-NJBDSQKTSA-N,True
DB06712,drugbank,COC(=O)C1=C(NC(C)=C(C1C1=CC(=CC=C1)[N+]([O-])=O)C(=O)OC(C)C)C#N,COC(=O)C1=C(C#N)NC(C)=C(C(=O)OC(C)C)C1c1cccc([N+](=O)[O-])c1,COC(=O)C1=C(C#N)NC(C)=C(C(=O)OC(C)C)C1c1cccc([N+](=O)[O-])c1,FAIIFDPAEUKBEP-UHFFFAOYSA-N,True
DB01011,drugbank,CC(C)(C(=O)C1=CN=CC=C1)C1=CC=CN=C1,CC(C)(C(=O)c1cccnc1)c1cccnc1,CC(C)(C(=O)c1cccnc1)c1cccnc1,FJLBFSROUSIWMA-UHFFFAOYSA-N,True
DB09198,drugbank,COC1=CC=C(OC2=NC=NC(=C2)N(C)CCOC2=CC=C(CC3SC(=O)NC3=O)C=C2)C=C1,COc1ccc(Oc2cc(N(C)CCOc3ccc(CC4SC(=O)NC4=O)cc3)ncn2)cc1,COc1ccc(Oc2cc(N(C)CCOc3ccc(CC4SC(=O)NC4=O)cc3)ncn2)cc1,CHHXEZSCHQVSRE-UHFFFAOYSA-N,True
DB06729,drugbank,NC1=CC=C(C=C1)S(=O)(=O)NC1=CC=NN1C1=CC=CC=C1,Nc1ccc(S(=O)(=O)Nc2ccnn2-c2ccccc2)cc1,Nc1ccc(S(=O)(=O)Nc2ccnn2-c2ccccc2)cc1,QWCJHSGMANYXCW-UHFFFAOYSA-N,True
DB01147,drugbank,[H][C@]12SC(C)(C)[C@@H](N1C(=O)[C@H]2NC(=O)C1=C(C)ON=C1C1=CC=CC=C1Cl)C(O)=O,Cc1onc(-c2ccccc2Cl)c1C(=O)NC1C(=O)N2C1SC(C)(C)C2C(=O)O,Cc1onc(-c2ccccc2Cl)c1C(=O)N[C@@H]1C(=O)N2[C@@H]1SC(C)(C)[C@@H]2C(=O)O,LQOLIRLGBULYKD-JKIFEVAISA-N,True
DB00381,drugbank,CCOC(=O)C1=C(COCCN)NC(C)=C(C1C1=CC=CC=C1Cl)C(=O)OC,CCOC(=O)C1=C(COCCN)NC(C)=C(C(=O)OC)C1c1ccccc1Cl,CCOC(=O)C1=C(COCCN)NC(C)=C(C(=O)OC)C1c1ccccc1Cl,HTIQEAQVCYTUBX-UHFFFAOYSA-N,True
DB00857,drugbank,CN(C\C=C\C#CC(C)(C)C)CC1=CC=CC2=CC=CC=C12,CN(CC=CC#CC(C)(C)C)Cc1cccc2ccccc12,CN(C/C=C/C#CC(C)(C)C)Cc1cccc2ccccc12,DOMXUEMWDBAQBQ-WEVVVXLNSA-N,True
DB00207,drugbank,CC[C@H]1OC(=O)[C@H](C)[C@@H](O[C@H]2C[C@@](C)(OC)[C@@H](O)[C@H](C)O2)[C@H](C)[C@@H](O[C@@H]2O[C@H](C)C[C@@H]([C@H]2O)N(C)C)[C@](C)(O)C[C@@H](C)CN(C)[C@H](C)[C@@H](O)[C@]1(C)O,CCC1OC(=O)C(C)C(OC2CC(C)(OC)C(O)C(C)O2)C(C)C(OC2OC(C)CC(N(C)C)C2O)C(C)(O)CC(C)CN(C)C(C)C(O)C1(C)O,CC[C@H]1OC(=O)[C@H](C)[C@@H](O[C@H]2C[C@@](C)(OC)[C@@H](O)[C@H](C)O2)[C@H](C)[C@@H](O[C@@H]2O[C@H](C)C[C@H](N(C)C)[C@H]2O)[C@](C)(O)C[C@@H](C)CN(C)[C@H](C)[C@@H](O)[C@]1(C)O,MQTOSJVFKKJCRP-BICOPXKESA-N,True
DB00417,drugbank,[H][C@]12SC(C)(C)[C@@H](N1C(=O)[C@H]2NC(=O)COC1=CC=CC=C1)C(O)=O,CC1(C)SC2C(NC(=O)COc3ccccc3)C(=O)N2C1C(=O)O,CC1(C)S[C@@H]2[C@H](NC(=O)COc3ccccc3)C(=O)N2[C@H]1C(=O)O,BPLBGHOLXOTWMN-MBNYWOFBSA-N,True
DB00254,drugbank,[H][C@@]12[C@@H](C)C3=CC=CC(O)=C3C(=O)C1=C(O)[C@]1(O)C(=O)C(C(N)=O)=C(O)[C@@H](N(C)C)[C@]1([H])[C@H]2O,CC1c2cccc(O)c2C(=O)C2=C(O)C3(O)C(=O)C(C(N)=O)=C(O)C(N(C)C)C3C(O)C21,C[C@H]1c2cccc(O)c2C(=O)C2=C(O)[C@]3(O)C(=O)C(C(N)=O)=C(O)[C@@H](N(C)C)[C@@H]3[C@@H](O)[C@@H]21,JBIWCJUYHHGXTC-AKNGSSGZSA-N,True
DB00745,drugbank,NC(=O)CS(=O)C(C1=CC=CC=C1)C1=CC=CC=C1,NC(=O)CS(=O)C(c1ccccc1)c1ccccc1,NC(=O)CS(=O)C(c1ccccc1)c1ccccc1,YFGHCGITMMYXAQ-UHFFFAOYSA-N,True
DB01059,drugbank,CCN1C=C(C(O)=O)C(=O)C2=CC(F)=C(C=C12)N1CCNCC1,CCn1cc(C(=O)O)c(=O)c2cc(F)c(N3CCNCC3)cc21,CCn1cc(C(=O)O)c(=O)c2cc(F)c(N3CCNCC3)cc21,OGJPXUAPXNRGGI-UHFFFAOYSA-N,True
DB00485,drugbank,[H][C@]12SC(C)(C)[C@@H](N1C(=O)[C@H]2NC(=O)C1=C(C)ON=C1C1=C(Cl)C=CC=C1Cl)C(O)=O,Cc1onc(-c2c(Cl)cccc2Cl)c1C(=O)NC1C(=O)N2C1SC(C)(C)C2C(=O)O,Cc1onc(-c2c(Cl)cccc2Cl)c1C(=O)N[C@@H]1C(=O)N2[C@@H]1SC(C)(C)[C@@H]2C(=O)O,YFAGHNZHGGCZAX-JKIFEVAISA-N,True
DB01188,drugbank,CC1=CC(=O)N(O)C(=C1)C1CCCCC1,Cc1cc(C2CCCCC2)n(O)c(=O)c1,Cc1cc(C2CCCCC2)n(O)c(=O)c1,SCKYRAXSEDYPSA-UHFFFAOYSA-N,True
DB01141,drugbank,CCCCCOC1=CC=C(C=C1)C1=CC(=NO1)C1=CC=C(C=C1)C(=O)N[C@H]1C[C@@H](O)[C@@H](O)NC(=O)[C@@H]2[C@@H](O)[C@@H](C)CN2C(=O)[C@@H](NC(=O)[C@@H](NC(=O)[C@@H]2C[C@@H](O)CN2C(=O)[C@@H](NC1=O)[C@@H](C)O)[C@H](O)[C@@H](O)C1=CC(OS(O)(=O)=O)=C(O)C=C1)[C@H](O)CC(N)=O,CCCCCOc1ccc(-c2cc(-c3ccc(C(=O)NC4CC(O)C(O)NC(=O)C5C(O)C(C)CN5C(=O)C(C(O)CC(N)=O)NC(=O)C(C(O)C(O)c5ccc(O)c(OS(=O)(=O)O)c5)NC(=O)C5CC(O)CN5C(=O)C(C(C)O)NC4=O)cc3)no2)cc1,CCCCCOc1ccc(-c2cc(-c3ccc(C(=O)N[C@H]4C[C@@H](O)[C@@H](O)NC(=O)[C@@H]5[C@@H](O)[C@@H](C)CN5C(=O)[C@H]([C@H](O)CC(N)=O)NC(=O)[C@H]([C@H](O)[C@@H](O)c5ccc(O)c(OS(=O)(=O)O)c5)NC(=O)[C@@H]5C[C@@H](O)CN5C(=O)[C@H]([C@@H](C)O)NC4=O)cc3)no2)cc1,PIEUQSKUWLMALL-YABMTYFHSA-N,True
DB00525,drugbank,CN(C(=S)OC1=CC2=CC=CC=C2C=C1)C1=CC=CC(C)=C1,Cc1cccc(N(C)C(=S)Oc2ccc3ccccc3c2)c1,Cc1cccc(N(C)C(=S)Oc2ccc3ccccc3c2)c1,FUSNMLFNXJSCDI-UHFFFAOYSA-N,True
DB00520,drugbank,CCC(C)CC(C)CCCCCCCCC(=O)N[C@H]1C[C@@H](O)[C@@H](NCCN)NC(=O)[C@@H]2[C@@H](O)CCN2C(=O)[C@@H](NC(=O)[C@@H](NC(=O)[C@@H]2C[C@@H](O)CN2C(=O)[C@@H](NC1=O)[C@@H](C)O)[C@H](O)[C@@H](O)C1=CC=C(O)C=C1)[C@H](O)CCN,CCC(C)CC(C)CCCCCCCCC(=O)NC1CC(O)C(NCCN)NC(=O)C2C(O)CCN2C(=O)C(C(O)CCN)NC(=O)C(C(O)C(O)c2ccc(O)cc2)NC(=O)C2CC(O)CN2C(=O)C(C(C)O)NC1=O,CCC(C)CC(C)CCCCCCCCC(=O)N[C@H]1C[C@@H](O)[C@@H](NCCN)NC(=O)[C@@H]2[C@@H](O)CCN2C(=O)[C@H]([C@H](O)CCN)NC(=O)[C@H]([C@H](O)[C@@H](O)c2ccc(O)cc2)NC(=O)[C@@H]2C[C@@H](O)CN2C(=O)[C@H]([C@@H](C)O)NC1=O,JYIKNQVWKBUSNH-OGZDCFRISA-N,True
DB02513,drugbank,CC(C)C1=CC=C(C)C=C1O,Cc1ccc(C(C)C)c(O)c1,Cc1ccc(C(C)C)c(O)c1,MGSRCZKZVOBKFT-UHFFFAOYSA-N,True
DB09041,drugbank,OB1OCC2=CC(F)=CC=C12,OB1OCc2cc(F)ccc21,OB1OCc2cc(F)ccc21,LFQDNHWZDQTITF-UHFFFAOYSA-N,True
DB09031,drugbank,CCCCCCCCCCCCCCCCOP([O-])(=O)OCC[N+](C)(C)C,CCCCCCCCCCCCCCCCOP(=O)([O-])OCC[N+](C)(C)C,CCCCCCCCCCCCCCCCOP(=O)([O-])OCC[N+](C)(C)C,PQLXHQMOHUQAKB-UHFFFAOYSA-N,True
DB08943,drugbank,ClC1=CC(Cl)=C(C=C1)C(CN1C=CN=C1)OCC1=C(Cl)C=CC=C1Cl,Clc1ccc(C(Cn2ccnc2)OCc2c(Cl)cccc2Cl)c(Cl)c1,Clc1ccc(C(Cn2ccnc2)OCc2c(Cl)cccc2Cl)c(Cl)c1,MPIPASJGOJYODL-UHFFFAOYSA-N,True
DB06820,drugbank,ClC1=CC=C(CSC(CN2C=CN=C2)C2=C(Cl)C=C(Cl)C=C2)C=C1,Clc1ccc(CSC(Cn2ccnc2)c2ccc(Cl)cc2Cl)cc1,Clc1ccc(CSC(Cn2ccnc2)c2ccc(Cl)cc2Cl)cc1,AFNXATANNDIXLG-UHFFFAOYSA-N,True
DB00936,drugbank,OC(=O)C1=CC=CC=C1O,O=C(O)c1ccccc1O,O=C(O)c1ccccc1O,YGSDEFSMJLZEOE-UHFFFAOYSA-N,True
DB00793,drugbank,ClC1=CC(Cl)=C(Cl)C=C1OCC#CI,Clc1cc(Cl)c(OCC#CI)cc1Cl,Clc1cc(Cl)c(OCC#CI)cc1Cl,CTETYYAZBPJBHE-UHFFFAOYSA-N,True
DB01099,drugbank,NC1=C(F)C=NC(=O)N1,Nc1[nH]c(=O)ncc1F,Nc1[nH]c(=O)ncc1F,XRECTZIEBJDKEO-UHFFFAOYSA-N,True
DB00362,drugbank,[H][C@]1(NC(=O)[C@@H](NC(=O)[C@@H]2C[C@@H](O)CN2C(=O)[C@@H](NC(=O)[C@H](C[C@@H](O)[C@@H](O)NC(=O)[C@@H]2[C@@H](O)[C@@H](C)CN2C1=O)NC(=O)C1=CC=C(C=C1)C1=CC=C(C=C1)C1=CC=C(OCCCCC)C=C1)[C@@H](C)O)[C@H](O)[C@@H](O)C1=CC=C(O)C=C1)[C@@H](C)O,CCCCCOc1ccc(-c2ccc(-c3ccc(C(=O)NC4CC(O)C(O)NC(=O)C5C(O)C(C)CN5C(=O)C(C(C)O)NC(=O)C(C(O)C(O)c5ccc(O)cc5)NC(=O)C5CC(O)CN5C(=O)C(C(C)O)NC4=O)cc3)cc2)cc1,CCCCCOc1ccc(-c2ccc(-c3ccc(C(=O)N[C@H]4C[C@@H](O)[C@@H](O)NC(=O)[C@@H]5[C@@H](O)[C@@H](C)CN5C(=O)[C@H]([C@@H](C)O)NC(=O)[C@H]([C@H](O)[C@@H](O)c5ccc(O)cc5)NC(=O)[C@@H]5C[C@@H](O)CN5C(=O)[C@H]([C@@H](C)O)NC4=O)cc3)cc2)cc1,JHVAMHSQVVQIOT-MFAJLEFUSA-N,True
DB01243,drugbank,OC1=C(Cl)C=C(Cl)C2=C1N=CC=C2,Oc1c(Cl)cc(Cl)c2cccnc12,Oc1c(Cl)cc(Cl)c2cccnc12,WDFKMLRRRCGAKS-UHFFFAOYSA-N,True
DB01157,drugbank,COC1=CC(NCC2=C(C)C3=C(C=C2)N=C(N)N=C3N)=CC(OC)=C1OC,COc1cc(NCc2ccc3nc(N)nc(N)c3c2C)cc(OC)c1OC,COc1cc(NCc2ccc3nc(N)nc(N)c3c2C)cc(OC)c1OC,NOYPYLRCIDNJJB-UHFFFAOYSA-N,True
DB01422,drugbank,OC1=C2N=CC=CC2=C(C=C1)[N+]([O-])=O,O=[N+]([O-])c1ccc(O)c2ncccc12,O=[N+]([O-])c1ccc(O)c2ncccc12,RJIWZDNTCBHXAL-UHFFFAOYSA-N,True
DB00826,drugbank,[H][C@@]12C[C@H](O)C[C@]3(O)C[C@H](O)[C@@H](C(O)=O)[C@]([H])(C[C@@H](O[C@]4([H])O[C@H](C)[C@@H](O)[C@H](N)[C@@H]4O)\C=C\C=C\C=C\C=C\C[C@@H](C)OC(=O)\C=C\[C@@]1([H])O2)O3,CC1CC=CC=CC=CC=CC(OC2OC(C)C(O)C(N)C2O)CC2OC(O)(CC(O)CC3OC3C=CC(=O)O1)CC(O)C2C(=O)O,C[C@@H]1C/C=C/C=C/C=C/C=C/[C@H](O[C@@H]2O[C@H](C)[C@@H](O)[C@H](N)[C@@H]2O)C[C@@H]2O[C@](O)(C[C@@H](O)C[C@H]3O[C@@H]3/C=C/C(=O)O1)C[C@H](O)[C@H]2C(=O)O,NCXMLFZGDNKEPB-FFPOYIOWSA-N,True
DB00681,drugbank,[H][C@]12C[C@@H](O[C@@H]3O[C@H](C)[C@@H](O)[C@H](N)[C@@H]3O)\C=C\C=C\C=C\C=C\C=C\C=C\C=C\[C@H](C)[C@@H](O)[C@@H](C)[C@H](C)OC(=O)C[C@H](O)C[C@H](O)CC[C@@H](O)[C@H](O)C[C@H](O)C[C@](O)(C[C@H](O)[C@H]1C(O)=O)O2,CC1C=CC=CC=CC=CC=CC=CC=CC(OC2OC(C)C(O)C(N)C2O)CC2OC(O)(CC(O)CC(O)C(O)CCC(O)CC(O)CC(=O)OC(C)C(C)C1O)CC(O)C2C(=O)O,C[C@@H]1[C@H](O)[C@@H](C)/C=C/C=C/C=C/C=C/C=C/C=C/C=C/[C@H](O[C@@H]2O[C@H](C)[C@@H](O)[C@H](N)[C@@H]2O)C[C@@H]2O[C@](O)(C[C@@H](O)C[C@@H](O)[C@H](O)CC[C@@H](O)C[C@@H](O)CC(=O)O[C@H]1C)C[C@H](O)[C@H]2C(=O)O,APKFDSVGJQXUKY-INPOYWNPSA-N,True
DB00646,drugbank,C[C@H]1O[C@H](OC2CC3O[C@@](O)(CC(O)C3C(O)=O)CC(O)C(O)CCC(O)CC(O)CC(O)CC(=O)O[C@@H](C)[C@H](C)[C@H](O)[C@@H](C)\C=C\C=C\CC\C=C\C=C\C=C\C=C\2)[C@@H](O)[C@@H](N)[C@@H]1O,CC1C=CC=CCCC=CC=CC=CC=CC(OC2OC(C)C(O)C(N)C2O)CC2OC(O)(CC(O)C(O)CCC(O)CC(O)CC(O)CC(=O)OC(C)C(C)C1O)CC(O)C2C(=O)O,C[C@@H]1[C@H](O)[C@@H](C)/C=C/C=C/CC/C=C/C=C/C=C/C=C/C(O[C@H]2O[C@H](C)[C@@H](O)[C@H](N)[C@@H]2O)CC2O[C@](O)(CC(O)C(O)CCC(O)CC(O)CC(O)CC(=O)O[C@H]1C)CC(O)C2C(=O)O,VQOXZBDYSJBXMA-RKEBNKJGSA-N,True
DB09040,drugbank,C[C@@H](N1CCC(=C)CC1)[C@](O)(CN1C=NC=N1)C1=C(F)C=C(F)C=C1,C=C1CCN(C(C)C(O)(Cn2cncn2)c2ccc(F)cc2F)CC1,C=C1CCN([C@H](C)[C@](O)(Cn2cncn2)c2ccc(F)cc2F)CC1,NFEZZTICAUWDHU-RDTXWAMCSA-N,True
DB01007,drugbank,ClC1=C(COC(CN2C=CN=C2)C2=C(Cl)C=C(Cl)C=C2)C=CS1,Clc1ccc(C(Cn2ccnc2)OCc2ccsc2Cl)c(Cl)c1,Clc1ccc(C(Cn2ccnc2)OCc2ccsc2Cl)c(Cl)c1,QXHHHPZILQDDPS-UHFFFAOYSA-N,True
DB00251,drugbank,CC(C)N1CCN(CC1)C1=CC=C(OC[C@H]2CO[C@@](CN3C=NC=N3)(O2)C2=C(Cl)C=C(Cl)C=C2)C=C1,CC(C)N1CCN(c2ccc(OCC3COC(Cn4cncn4)(c4ccc(Cl)cc4Cl)O3)cc2)CC1,CC(C)N1CCN(c2ccc(OC[C@H]3CO[C@](Cn4cncn4)(c4ccc(Cl)cc4Cl)O3)cc2)CC1,BLSQLHNBWJLIBQ-OZXSUGGESA-N,True
DB03793,drugbank,OC(=O)C1=CC=CC=C1,O=C(O)c1ccccc1,O=C(O)c1ccccc1,WPYMKLBDIGXBTP-UHFFFAOYSA-N,True
DB04794,drugbank,C1=CN(C=N1)C(C1=CC=CC=C1)C1=CC=C(C=C1)C1=CC=CC=C1,c1ccc(-c2ccc(C(c3ccccc3)n3ccnc3)cc2)cc1,c1ccc(-c2ccc(C(c3ccccc3)n3ccnc3)cc2)cc1,OCAPBUJLXMYKEJ-UHFFFAOYSA-N,True
DB00877,drugbank,[H][C@@]1(C[C@@H](C)[C@]2([H])CC(=O)[C@H](C)\C=C(C)\[C@@H](O)[C@@H](OC)C(=O)[C@H](C)C[C@H](C)\C=C\C=C\C=C(C)\[C@H](C[C@]3([H])CC[C@@H](C)[C@@](O)(O3)C(=O)C(=O)N3CCCC[C@@]3([H])C(=O)O2)OC)CC[C@@H](O)[C@@H](C1)OC,COC1CC2CCC(C)C(O)(O2)C(=O)C(=O)N2CCCCC2C(=O)OC(C(C)CC2CCC(O)C(OC)C2)CC(=O)C(C)C=C(C)C(O)C(OC)C(=O)C(C)CC(C)C=CC=CC=C1C,CO[C@H]1C[C@@H]2CC[C@@H](C)[C@@](O)(O2)C(=O)C(=O)N2CCCC[C@H]2C(=O)O[C@H]([C@H](C)C[C@@H]2CC[C@@H](O)[C@H](OC)C2)CC(=O)[C@H](C)/C=C(\C)[C@@H](O)[C@@H](OC)C(=O)[C@H](C)C[C@H](C)/C=C/C=C/C=C/1C,QFJCIRLUMZQUOT-HPLJOQBZSA-N,True
DB01153,drugbank,ClC1=CC(Cl)=C(C=C1)C(CN1C=CN=C1)OCC1=CSC2=C1C=CC=C2Cl,Clc1ccc(C(Cn2ccnc2)OCc2csc3c(Cl)cccc23)c(Cl)c1,Clc1ccc(C(Cn2ccnc2)OCc2csc3c(Cl)cccc23)c(Cl)c1,JLGKQTAYUIMGRK-UHFFFAOYSA-N,True
DB01034,drugbank,[H][C@]1(O[C@]1([H])C(=O)CC\C=C\C\C=C\C)C(N)=O,CC=CCC=CCCC(=O)C1OC1C(N)=O,C/C=C/C/C=C/CCC(=O)[C@H]1O[C@H]1C(N)=O,GVEZIHKRYBHEFX-NQQPLRFYSA-N,True
DB08958,drugbank,CCCCC(CC)CN1CN(CC(CC)CCCC)CC(C)(N)C1,CCCCC(CC)CN1CN(CC(CC)CCCC)CC(C)(N)C1,CCCCC(CC)CN1CN(CC(CC)CCCC)CC(C)(N)C1,DTOUUUZOYKYHEP-UHFFFAOYSA-N,True
DB01091,drugbank,CN(CC1=CC=C(C=C1)C(C)(C)C)CC1=CC=CC2=CC=CC=C12,CN(Cc1ccc(C(C)(C)C)cc1)Cc1cccc2ccccc12,CN(Cc1ccc(C(C)(C)C)cc1)Cc1cccc2ccccc12,ABJKWBDEJIDSJZ-UHFFFAOYSA-N,True
DB01127,drugbank,ClC1=CC=C(COC(CN2C=CN=C2)C2=C(Cl)C=C(Cl)C=C2)C=C1,Clc1ccc(COC(Cn2ccnc2)c2ccc(Cl)cc2Cl)cc1,Clc1ccc(COC(Cn2ccnc2)c2ccc(Cl)cc2Cl)cc1,LEZWWPYKPKIXLL-UHFFFAOYSA-N,True
DB00639,drugbank,ClC1=CC=C(CCC(CN2C=CN=C2)SC2=C(Cl)C=CC=C2Cl)C=C1,Clc1ccc(CCC(Cn2ccnc2)Sc2c(Cl)cccc2Cl)cc1,Clc1ccc(CCC(Cn2ccnc2)Sc2c(Cl)cccc2Cl)cc1,SWLMUYACZKCSHZ-UHFFFAOYSA-N,True
DB00735,drugbank,CN(CC=CC1=CC=CC=C1)CC1=CC=CC2=CC=CC=C12,CN(CC=Cc1ccccc1)Cc1cccc2ccccc12,CN(CC=Cc1ccccc1)Cc1cccc2ccccc12,OZGNYLLQHRPOBR-UHFFFAOYSA-N,True
DB00239,drugbank,ClC1=CC(Cl)=C(CO\N=C(/CN2C=CN=C2)C2=CC=C(Cl)C=C2Cl)C=C1,Clc1ccc(CON=C(Cn2ccnc2)c2ccc(Cl)cc2Cl)c(Cl)c1,Clc1ccc(CO/N=C(\Cn2ccnc2)c2ccc(Cl)cc2Cl)c(Cl)c1,QRJJEGAJXVEBNE-HKOYGPOVSA-N,True
DB00866,drugbank,CC(C)NCC(O)COC1=CC=CC=C1CC=C,C=CCc1ccccc1OCC(O)CNC(C)C,C=CCc1ccccc1OCC(O)CNC(C)C,PAZJSJFMUHDSTF-UHFFFAOYSA-N,True
DB00612,drugbank,CC(C)NCC(O)COC1=CC=C(COCCOC(C)C)C=C1,CC(C)NCC(O)COc1ccc(COCCOC(C)C)cc1,CC(C)NCC(O)COc1ccc(COCCOC(C)C)cc1,VHYCDWMUTMEGQY-UHFFFAOYSA-N,True
DB00373,drugbank,[H][C@](O)(CNC(C)(C)C)COC1=NSN=C1N1CCOCC1,CC(C)(C)NCC(O)COc1nsnc1N1CCOCC1,CC(C)(C)NC[C@H](O)COc1nsnc1N1CCOCC1,BLJRIMJGRPQVNF-JTQLQIEISA-N,True
DB00335,drugbank,CC(C)NCC(O)COC1=CC=C(CC(N)=O)C=C1,CC(C)NCC(O)COc1ccc(CC(N)=O)cc1,CC(C)NCC(O)COc1ccc(CC(N)=O)cc1,METKIMKYRPQLGS-UHFFFAOYSA-N,True
DB08808,drugbank,CC1=CC(OCC(O)CNC(C)(C)C)=C(Cl)C=C1,Cc1ccc(Cl)c(OCC(O)CNC(C)(C)C)c1,Cc1ccc(Cl)c(OCC(O)CNC(C)(C)C)c1,HQIRNZOQPUAHHV-UHFFFAOYSA-N,True
DB04846,drugbank,CCN(CC)C(=O)NC1=CC=C(OCC(O)CNC(C)(C)C)C(=C1)C(C)=O,CCN(CC)C(=O)Nc1ccc(OCC(O)CNC(C)(C)C)c(C(C)=O)c1,CCN(CC)C(=O)Nc1ccc(OCC(O)CNC(C)(C)C)c(C(C)=O)c1,JOATXPAWOHTVSZ-UHFFFAOYSA-N,True
DB01580,drugbank,CC(C)NCC(O)COC1=CC=CC=C1OCC=C,C=CCOc1ccccc1OCC(O)CNC(C)C,C=CCOc1ccccc1OCC(O)CNC(C)C,CEMAWMOMDPGJMB-UHFFFAOYSA-N,True
DB01359,drugbank,CC(C)(C)NC[C@H](O)COC1=CC=CC=C1C1CCCC1,CC(C)(C)NCC(O)COc1ccccc1C1CCCC1,CC(C)(C)NC[C@H](O)COc1ccccc1C1CCCC1,KQXKVJAGOJTNJS-HNNXBMFYSA-N,True
DB00264,drugbank,COCCC1=CC=C(OCC(O)CNC(C)C)C=C1,COCCc1ccc(OCC(O)CNC(C)C)cc1,COCCc1ccc(OCC(O)CNC(C)C)cc1,IUBSYMUCCVWXPE-UHFFFAOYSA-N,True
DB08807,drugbank,CC1=CC2=C(N1)C=CC=C2OCC(CNC(C)(C)C)OC(=O)C1=CC=CC=C1,Cc1cc2c(OCC(CNC(C)(C)C)OC(=O)c3ccccc3)cccc2[nH]1,Cc1cc2c(OCC(CNC(C)(C)C)OC(=O)c3ccccc3)cccc2[nH]1,UUOJIACWOAYWEZ-UHFFFAOYSA-N,True
DB04861,drugbank,OC(CNCC(O)C1CCC2=C(O1)C=CC(F)=C2)C1CCC2=C(O1)C=CC(F)=C2,OC(CNCC(O)C1CCc2cc(F)ccc2O1)C1CCc2cc(F)ccc2O1,OC(CNCC(O)C1CCc2cc(F)ccc2O1)C1CCc2cc(F)ccc2O1,KOHIRBRYDXPAMZ-UHFFFAOYSA-N,True
DB01193,drugbank,CCCC(=O)NC1=CC=C(OCC(O)CNC(C)C)C(=C1)C(C)=O,CCCC(=O)Nc1ccc(OCC(O)CNC(C)C)c(C(C)=O)c1,CCCC(=O)Nc1ccc(OCC(O)CNC(C)C)c(C(C)=O)c1,GOEMGAFJFRBGGG-UHFFFAOYSA-N,True
DB00187,drugbank,COC(=O)CCC1=CC=C(OCC(O)CNC(C)C)C=C1,COC(=O)CCc1ccc(OCC(O)CNC(C)C)cc1,COC(=O)CCc1ccc(OCC(O)CNC(C)C)cc1,AQNDDEOPVVGCPG-UHFFFAOYSA-N,True
DB00521,drugbank,CC(C)(C)NCC(O)COC1=CC=CC2=C1CCC(=O)N2,CC(C)(C)NCC(O)COc1cccc2c1CCC(=O)N2,CC(C)(C)NCC(O)COc1cccc2c1CCC(=O)N2,LWAFSWPYPHEXKX-UHFFFAOYSA-N,True
DB00531,drugbank,ClCCN(CCCl)P1(=O)NCCCO1,O=P1(N(CCCl)CCCl)NCCCO1,O=P1(N(CCCl)CCCl)NCCCO1,CMSMOCZEIVJLDB-UHFFFAOYSA-N,True
DB00552,drugbank,OC[C@H]1O[C@H](C[C@@H]1O)N1C=NC2=C1N=CNC[C@H]2O,OCC1OC(n2cnc3c2N=CNCC3O)CC1O,OC[C@H]1O[C@@H](n2cnc3c2N=CNC[C@H]3O)C[C@@H]1O,FPVKHBSQESCIEP-JQCXWYLXSA-N,True
DB00206,drugbank,[H][C@]12C[C@@H](OC(=O)C3=CC(OC)=C(OC)C(OC)=C3)[C@H](OC)[C@@H](C(=O)OC)[C@@]1([H])C[C@@]1([H])N(CCC3=C1NC1=C3C=CC(OC)=C1)C2,COC(=O)C1C2CC3c4[nH]c5cc(OC)ccc5c4CCN3CC2CC(OC(=O)c2cc(OC)c(OC)c(OC)c2)C1OC,COC(=O)[C@H]1[C@H]2C[C@@H]3c4[nH]c5cc(OC)ccc5c4CCN3C[C@H]2C[C@@H](OC(=O)c2cc(OC)c(OC)c(OC)c2)[C@@H]1OC,QEVHRUUCFGRFIF-MDEJGZGSSA-N,True
DB00611,drugbank,[H][C@@]12CC3=C(C=C(O)C=C3)[C@]3(CCCC[C@@]13O)CCN2CC1CCC1,Oc1ccc2c(c1)C13CCCCC1(O)C(C2)N(CC1CCC1)CC3,Oc1ccc2c(c1)[C@@]13CCCC[C@@]1(O)[C@@H](C2)N(CC1CCC1)CC3,IFKLAQQSCNILHL-QHAWAJNXSA-N,True
DB00807,drugbank,CCCOC1=C(N)C=C(C=C1)C(=O)OCCN(CC)CC,CCCOc1ccc(C(=O)OCCN(CC)CC)cc1N,CCCOc1ccc(C(=O)OCCN(CC)CC)cc1N,KCLANYCVBBTKTO-UHFFFAOYSA-N,True
DB01041,drugbank,O=C1N(C2CCC(=O)NC2=O)C(=O)C2=CC=CC=C12,O=C1CCC(N2C(=O)c3ccccc3C2=O)C(=O)N1,O=C1CCC(N2C(=O)c3ccccc3C2=O)C(=O)N1,UEJJHQNACJXSKW-UHFFFAOYSA-N,True
DB00433,drugbank,CN1CCN(CCCN2C3=CC=CC=C3SC3=C2C=C(Cl)C=C3)CC1,CN1CCN(CCCN2c3ccccc3Sc3ccc(Cl)cc32)CC1,CN1CCN(CCCN2c3ccccc3Sc3ccc(Cl)cc32)CC1,WIKYUJGCLQQFNW-UHFFFAOYSA-N,True
DB09034,drugbank,[H][C@@]1(C)CCN(CCN1C(=O)C1=C(C=CC(C)=C1)N1N=CC=N1)C1=NC2=C(O1)C=CC(Cl)=C2,Cc1ccc(-n2nccn2)c(C(=O)N2CCN(c3nc4cc(Cl)ccc4o3)CCC2C)c1,Cc1ccc(-n2nccn2)c(C(=O)N2CCN(c3nc4cc(Cl)ccc4o3)CC[C@H]2C)c1,JYTNQNCOQXFQPK-MRXNPFEDSA-N,True
DB00898,drugbank,CCO,CCO,CCO,LFQSCWFLJHTTHZ-UHFFFAOYSA-N,True
DB00425,drugbank,CN(C)C(=O)CC1=C(N=C2C=CC(C)=CN12)C1=CC=C(C)C=C1,Cc1ccc(-c2nc3ccc(C)cn3c2CC(=O)N(C)C)cc1,Cc1ccc(-c2nc3ccc(C)cn3c2CC(=O)N(C)C)cc1,ZAFYATHCZYHLPB-UHFFFAOYSA-N,True
DB01403,drugbank,COC1=CC2=C(SC3=C(C=CC=C3)N2C[C@H](C)CN(C)C)C=C1,COc1ccc2c(c1)N(CC(C)CN(C)C)c1ccccc1S2,COc1ccc2c(c1)N(C[C@H](C)CN(C)C)c1ccccc1S2,VRQVVMDWGGWHTJ-CQSZACIVSA-N,True
DB01114,drugbank,CN(C)CCC(C1=CC=C(Cl)C=C1)C1=CC=CC=N1,CN(C)CCC(c1ccc(Cl)cc1)c1ccccn1,CN(C)CCC(c1ccc(Cl)cc1)c1ccccn1,SOYKEARSMXGVTM-UHFFFAOYSA-N,True
DB00405,drugbank,CN(C)CC[C@@H](C1=CC=C(Br)C=C1)C1=CC=CC=N1,CN(C)CCC(c1ccc(Br)cc1)c1ccccn1,CN(C)CC[C@@H](c1ccc(Br)cc1)c1ccccn1,ZDIGNSYAACHWNL-HNNXBMFYSA-N,True
DB00956,drugbank,[H][C@@]12OC3=C(OC)C=CC4=C3[C@@]11CCN(C)[C@]([H])(C4)[C@]1([H])CCC2=O,COc1ccc2c3c1OC1C(=O)CCC4C(C2)N(C)CCC314,COc1ccc2c3c1O[C@H]1C(=O)CC[C@H]4[C@@H](C2)N(C)CC[C@]314,LLPOLZWFYMWNKH-CMKMFDCUSA-N,True
DB00370,drugbank,CN1CCN2C(C1)C1=CC=CC=C1CC1=C2N=CC=C1,CN1CCN2c3ncccc3Cc3ccccc3C2C1,CN1CCN2c3ncccc3Cc3ccccc3C2C1,RONZAEMNMFQXRA-UHFFFAOYSA-N,True
DB00371,drugbank,CCCC(C)(COC(N)=O)COC(N)=O,CCCC(C)(COC(N)=O)COC(N)=O,CCCC(C)(COC(N)=O)COC(N)=O,NPPQSCRMBWNHMW-UHFFFAOYSA-N,True
DB00588,drugbank,[H][C@@]12C[C@@H](C)[C@](OC(=O)CC)(C(=O)SCF)[C@@]1(C)C[C@H](O)[C@@]1(F)[C@@]2([H])C[C@H](F)C2=CC(=O)C=C[C@]12C,CCC(=O)OC1(C(=O)SCF)C(C)CC2C3CC(F)C4=CC(=O)C=CC4(C)C3(F)C(O)CC21C,CCC(=O)O[C@]1(C(=O)SCF)[C@H](C)C[C@H]2[C@@H]3C[C@H](F)C4=CC(=O)C=C[C@]4(C)[C@@]3(F)[C@@H](O)C[C@@]21C,WMWTYOKRWGGJOA-CENSZEJFSA-N,True
DB04844,drugbank,COC1=C(OC)C=C2C3CC(=O)C(CC(C)C)CN3CCC2=C1,COc1cc2c(cc1OC)C1CC(=O)C(CC(C)C)CN1CC2,COc1cc2c(cc1OC)C1CC(=O)C(CC(C)C)CN1CC2,MKJIEFSOBYUXJB-UHFFFAOYSA-N,True
DB01215,drugbank,ClC1=CC2=C(C=C1)N1C=NN=C1CN=C2C1=CC=CC=C1,Clc1ccc2c(c1)C(c1ccccc1)=NCc1nncn1-2,Clc1ccc2c(c1)C(c1ccccc1)=NCc1nncn1-2,CDCHDCWJMGXXRH-UHFFFAOYSA-N,True
DB06716,drugbank,CC(C)C1=CC=CC(C(C)C)=C1OCOP(O)(O)=O,CC(C)c1cccc(C(C)C)c1OCOP(=O)(O)O,CC(C)c1cccc(C(C)C)c1OCOP(=O)(O)O,QVNNONOFASOXQV-UHFFFAOYSA-N,True
DB09224,drugbank,CC1CCN(CCCC(=O)C2=CC=C(F)C=C2)CC1,CC1CCN(CCCC(=O)c2ccc(F)cc2)CC1,CC1CCN(CCCC(=O)c2ccc(F)cc2)CC1,DKMFBWQBDIGMHM-UHFFFAOYSA-N,True
DB13872,drugbank,CN1C2=C(C=C(Cl)C=C2)C(=NC(O)C1=O)C1=CC=CC=C1Cl,CN1C(=O)C(O)N=C(c2ccccc2Cl)c2cc(Cl)ccc21,CN1C(=O)C(O)N=C(c2ccccc2Cl)c2cc(Cl)ccc21,FJIKWRGCXUCUIG-UHFFFAOYSA-N,True
DB00633,drugbank,C[C@H](C1=CNC=N1)C1=C(C)C(C)=CC=C1,Cc1cccc(C(C)c2c[nH]cn2)c1C,Cc1cccc([C@H](C)c2c[nH]cn2)c1C,CUHVIMMYOGQXCV-NSHDSACASA-N,True
DB09117,drugbank,CC1OC(C)OC(C)O1,CC1OC(C)OC(C)O1,CC1OC(C)OC(C)O1,SQYNKIJPMDEDEG-UHFFFAOYSA-N,True
DB00656,drugbank,ClC1=CC=CC(=C1)N1CCN(CCCN2N=C3C=CC=CN3C2=O)CC1,O=c1n(CCCN2CCN(c3cccc(Cl)c3)CC2)nc2ccccn12,O=c1n(CCCN2CCN(c3cccc(Cl)c3)CC2)nc2ccccn12,PHLBKPHSAVXXEF-UHFFFAOYSA-N,True
DB00575,drugbank,ClC1=CC=CC(Cl)=C1NC1=NCCN1,Clc1cccc(Cl)c1NC1=NCCN1,Clc1cccc(Cl)c1NC1=NCCN1,GJSURZIOUXUGAL-UHFFFAOYSA-N,True
DB01466,drugbank,[H][C@@]12OC3=C(OCC)C=CC4=C3[C@@]11CCN(C)[C@]([H])(C4)[C@]1([H])C=C[C@@H]2O,CCOc1ccc2c3c1OC1C(O)C=CC4C(C2)N(C)CCC341,CCOc1ccc2c3c1O[C@H]1[C@@H](O)C=C[C@H]4[C@@H](C2)N(C)CC[C@@]341,OGDVEMNWJVYAJL-LEPYJNQMSA-N,True
DB00623,drugbank,OCCN1CCN(CCCN2C3=CC=CC=C3SC3=C2C=C(C=C3)C(F)(F)F)CC1,OCCN1CCN(CCCN2c3ccccc3Sc3ccc(C(F)(F)F)cc32)CC1,OCCN1CCN(CCCN2c3ccccc3Sc3ccc(C(F)(F)F)cc32)CC1,PLDUPXSUYLZYBN-UHFFFAOYSA-N,True
DB00490,drugbank,O=C1CC2(CCCC2)CC(=O)N1CCCCN1CCN(CC1)C1=NC=CC=N1,O=C1CC2(CCCC2)CC(=O)N1CCCCN1CCN(c2ncccn2)CC1,O=C1CC2(CCCC2)CC(=O)N1CCCCN1CCN(c2ncccn2)CC1,QWCRAEMEVRGPNT-UHFFFAOYSA-N,True
DB00831,drugbank,CN1CCN(CCCN2C3=CC=CC=C3SC3=C2C=C(C=C3)C(F)(F)F)CC1,CN1CCN(CCCN2c3ccccc3Sc3ccc(C(F)(F)F)cc32)CC1,CN1CCN(CCCN2c3ccccc3Sc3ccc(C(F)(F)F)cc32)CC1,ZEWQUBUPAILYHI-UHFFFAOYSA-N,True
DB00801,drugbank,FC(F)(F)CN1C2=C(C=C(Cl)C=C2)C(=NCC1=O)C1=CC=CC=C1,O=C1CN=C(c2ccccc2)c2cc(Cl)ccc2N1CC(F)(F)F,O=C1CN=C(c2ccccc2)c2cc(Cl)ccc2N1CC(F)(F)F,WYCLKVQLVUQKNZ-UHFFFAOYSA-N,True
DB00628,drugbank,OC(=O)C1N=C(C2=CC=CC=C2)C2=C(NC1=O)C=CC(Cl)=C2,O=C(O)C1N=C(c2ccccc2)c2cc(Cl)ccc2NC1=O,O=C(O)C1N=C(c2ccccc2)c2cc(Cl)ccc2NC1=O,XDDJGVMJFWAHJX-UHFFFAOYSA-N,True
DB00404,drugbank,CC1=NN=C2CN=C(C3=CC=CC=C3)C3=C(C=CC(Cl)=C3)N12,Cc1nnc2n1-c1ccc(Cl)cc1C(c1ccccc1)=NC2,Cc1nnc2n1-c1ccc(Cl)cc1C(c1ccccc1)=NC2,VREFGVBLTWBCJP-UHFFFAOYSA-N,True
DB08872,drugbank,CC(C)C(=O)OC(C)OC(=O)NCC1(CC(O)=O)CCCCC1,CC(OC(=O)NCC1(CC(=O)O)CCCCC1)OC(=O)C(C)C,CC(OC(=O)NCC1(CC(=O)O)CCCCC1)OC(=O)C(C)C,TZDUHAJSIBHXDL-UHFFFAOYSA-N,True
DB00297,drugbank,CCCCN1CCCCC1C(=O)NC1=C(C)C=CC=C1C,CCCCN1CCCCC1C(=O)Nc1c(C)cccc1C,CCCCN1CCCCC1C(=O)Nc1c(C)cccc1C,LEBVLXFERQHONN-UHFFFAOYSA-N,True
DB00726,drugbank,CC(CN(C)C)CN1C2=CC=CC=C2CCC2=CC=CC=C12,CC(CN(C)C)CN1c2ccccc2CCc2ccccc21,CC(CN(C)C)CN1c2ccccc2CCc2ccccc21,ZSCDBOWYZJWBIY-UHFFFAOYSA-N,True
DB06204,drugbank,CC[C@H]([C@@H](C)CN(C)C)C1=CC(O)=CC=C1,CCC(c1cccc(O)c1)C(C)CN(C)C,CC[C@@H](c1cccc(O)c1)[C@@H](C)CN(C)C,KWTWDQCKEHXFFR-SMDDNHRTSA-N,True
DB06288,drugbank,CCN1CCCC1CNC(=O)C1=CC(=C(N)C=C1OC)S(=O)(=O)CC,CCN1CCCC1CNC(=O)c1cc(S(=O)(=O)CC)c(N)cc1OC,CCN1CCCC1CNC(=O)c1cc(S(=O)(=O)CC)c(N)cc1OC,NTJOBXMMWNYJFB-UHFFFAOYSA-N,True
DB00327,drugbank,[H][C@@]12OC3=C(O)C=CC4=C3[C@@]11CCN(C)[C@]([H])(C4)[C@]1([H])CCC2=O,CN1CCC23c4c5ccc(O)c4OC2C(=O)CCC3C1C5,CN1CC[C@]23c4c5ccc(O)c4O[C@H]2C(=O)CC[C@H]3[C@H]1C5,WVLOADHCBXTIJK-YNHQPCIGSA-N,True
DB00494,drugbank,CCN(CC)C(=O)C(=C\C1=CC(=C(O)C(O)=C1)[N+]([O-])=O)\C#N,CCN(CC)C(=O)C(C#N)=Cc1cc(O)c(O)c([N+](=O)[O-])c1,CCN(CC)C(=O)/C(C#N)=C/c1cc(O)c(O)c([N+](=O)[O-])c1,JRURYQJSLYLRLN-BJMVGYQFSA-N,True
DB04908,drugbank,FC(F)(F)C1=CC(=CC=C1)N1CCN(CCN2C(=O)NC3=CC=CC=C23)CC1,O=c1[nH]c2ccccc2n1CCN1CCN(c2cccc(C(F)(F)F)c2)CC1,O=c1[nH]c2ccccc2n1CCN1CCN(c2cccc(C(F)(F)F)c2)CC1,PPRRDFIXUUSXRA-UHFFFAOYSA-N,True
DB00186,drugbank,OC1N=C(C2=CC=CC=C2Cl)C2=C(NC1=O)C=CC(Cl)=C2,O=C1Nc2ccc(Cl)cc2C(c2ccccc2Cl)=NC1O,O=C1Nc2ccc(Cl)cc2C(c2ccccc2Cl)=NC1O,DIWRORZWFLOCLC-UHFFFAOYSA-N,True
DB00356,drugbank,ClC1=CC2=C(OC(=O)N2)C=C1,O=c1[nH]c2cc(Cl)ccc2o1,O=c1[nH]c2cc(Cl)ccc2o1,TZFWDZFKRBELIQ-UHFFFAOYSA-N,True
DB09085,drugbank,CCCCNC1=CC=C(C=C1)C(=O)OCCN(C)C,CCCCNc1ccc(C(=O)OCCN(C)C)cc1,CCCCNc1ccc(C(=O)OCCN(C)C)cc1,GKCBAIGFKIBETG-UHFFFAOYSA-N,True
DB00423,drugbank,COC1=C(OCC(O)COC(N)=O)C=CC=C1,COc1ccccc1OCC(O)COC(N)=O,COc1ccccc1OCC(O)COC(N)=O,GNXFOGHNGIVQEH-UHFFFAOYSA-N,True
DB00647,drugbank,CCC(=O)O[C@@](CC1=CC=CC=C1)([C@H](C)CN(C)C)C1=CC=CC=C1,CCC(=O)OC(Cc1ccccc1)(c1ccccc1)C(C)CN(C)C,CCC(=O)O[C@](Cc1ccccc1)(c1ccccc1)[C@H](C)CN(C)C,XLMALTXPSGQGBX-GCJKJVERSA-N,True
DB00753,drugbank,FC(F)OC(Cl)C(F)(F)F,FC(F)OC(Cl)C(F)(F)F,FC(F)OC(Cl)C(F)(F)F,PIWKPBJCKXDKJR-UHFFFAOYSA-N,True
DB09071,drugbank,CCC(=O)NC[C@@H]1C[C@H]1C1=CC=CC2=C1CCO2,CCC(=O)NCC1CC1c1cccc2c1CCO2,CCC(=O)NC[C@@H]1C[C@H]1c1cccc2c1CCO2,PTOIAAWZLUQTIO-GXFFZTMASA-N,True
DB00323,drugbank,CC1=CC=C(C=C1)C(=O)C1=CC(=C(O)C(O)=C1)[N+]([O-])=O,Cc1ccc(C(=O)c2cc(O)c(O)c([N+](=O)[O-])c2)cc1,Cc1ccc(C(=O)c2cc(O)c(O)c([N+](=O)[O-])c2)cc1,MIQPIUSUKVNLNT-UHFFFAOYSA-N,True
DB06690,drugbank,[N-]=[N+]=O,[N-]=[N+]=O,[N-]=[N+]=O,GQPLMRYTRLFLPF-UHFFFAOYSA-N,True
DB01159,drugbank,[H]C(Cl)(Br)C(F)(F)F,FC(F)(F)C(Cl)Br,FC(F)(F)C(Cl)Br,BCQZXOMGPXTTIC-UHFFFAOYSA-N,True
DB00854,drugbank,[H][C@@]12CCCC[C@@]11CCN(C)[C@@H]2CC2=C1C=C(O)C=C2,CN1CCC23CCCCC2C1Cc1ccc(O)cc13,CN1CC[C@]23CCCC[C@H]2[C@H]1Cc1ccc(O)cc13,JAQUASYNZVUNQP-USXIJHARSA-N,True
DB01002,drugbank,CCCCN1CCCC[C@H]1C(=O)NC1=C(C)C=CC=C1C,CCCCN1CCCCC1C(=O)Nc1c(C)cccc1C,CCCCN1CCCC[C@H]1C(=O)Nc1c(C)cccc1C,LEBVLXFERQHONN-INIZCTEOSA-N,True
DB00292,drugbank,CCOC(=O)C1=CN=CN1[C@H](C)C1=CC=CC=C1,CCOC(=O)c1cncn1C(C)c1ccccc1,CCOC(=O)c1cncn1[C@H](C)c1ccccc1,NPUKDXXFDDZOKR-LLVKDONJSA-N,True
DB09128,drugbank,O=C1NC2=CC(OCCCCN3CCN(CC3)C3=C4C=CSC4=CC=C3)=CC=C2C=C1,O=c1ccc2ccc(OCCCCN3CCN(c4cccc5sccc45)CC3)cc2[nH]1,O=c1ccc2ccc(OCCCCN3CCN(c4cccc5sccc45)CC3)cc2[nH]1,ZKIAIYBUSXZPLP-UHFFFAOYSA-N,True
DB00813,drugbank,CCC(=O)N(C1CCN(CCC2=CC=CC=C2)CC1)C1=CC=CC=C1,CCC(=O)N(c1ccccc1)C1CCN(CCc2ccccc2)CC1,CCC(=O)N(c1ccccc1)C1CCN(CCc2ccccc2)CC1,PJMPHNIQZUBGLI-UHFFFAOYSA-N,True
DB09286,drugbank,NC(=O)C1(CCN(CCCC(=O)C2=CC=C(F)C=C2)CC1)N1CCCCC1,NC(=O)C1(N2CCCCC2)CCN(CCCC(=O)c2ccc(F)cc2)CC1,NC(=O)C1(N2CCCCC2)CCN(CCCC(=O)c2ccc(F)cc2)CC1,AXKPFOAXAHJUAG-UHFFFAOYSA-N,True
DB08910,drugbank,NC1=CC=CC2=C1C(=O)N(C1CCC(=O)NC1=O)C2=O,Nc1cccc2c1C(=O)N(C1CCC(=O)NC1=O)C2=O,Nc1cccc2c1C(=O)N(C1CCC(=O)NC1=O)C2=O,UVSMNLNDYGZFPF-UHFFFAOYSA-N,True
DB09342,drugbank,CCCOC1=CC(N)=CC=C1C(=O)OCCN(CC)CC,CCCOc1cc(N)ccc1C(=O)OCCN(CC)CC,CCCOc1cc(N)ccc1C(=O)OCCN(CC)CC,CAJIGINSTLKQMM-UHFFFAOYSA-N,True
DB00750,drugbank,CCCNC(C)C(=O)NC1=CC=CC=C1C,CCCNC(C)C(=O)Nc1ccccc1C,CCCNC(C)C(=O)Nc1ccccc1C,MVFGUOIZUNYYSO-UHFFFAOYSA-N,True
DB00985,drugbank,CN1C2=C(N=C(Cl)N2)C(=O)N(C)C1=O.CN(C)CCOC(C1=CC=CC=C1)C1=CC=CC=C1,CN(C)CCOC(c1ccccc1)c1ccccc1.Cn1c(=O)c2nc(Cl)[nH]c2n(C)c1=O,CN(C)CCOC(c1ccccc1)c1ccccc1.Cn1c(=O)c2nc(Cl)[nH]c2n(C)c1=O,NFLLKCVHYJRNRH-UHFFFAOYSA-N,True
DB00949,drugbank,NC(=O)OCC(COC(N)=O)C1=CC=CC=C1,NC(=O)OCC(COC(N)=O)c1ccccc1,NC(=O)OCC(COC(N)=O)c1ccccc1,WKGXYQFOCVYPAC-UHFFFAOYSA-N,True
DB01614,drugbank,CN(C)CCCN1C2=CC=CC=C2SC2=C1C=C(C=C2)C(C)=O,CC(=O)c1ccc2c(c1)N(CCCN(C)C)c1ccccc1S2,CC(=O)c1ccc2c(c1)N(CCCN(C)C)c1ccccc1S2,NOSIYYJFMPDDSA-UHFFFAOYSA-N,True
DB01080,drugbank,NC(CCC(O)=O)C=C,C=CC(N)CCC(=O)O,C=CC(N)CCC(=O)O,PJDFLNIOAUIZSL-UHFFFAOYSA-N,True
DB00409,drugbank,CCN1CCC[C@H]1CNC(=O)C1=C(OC)C=CC(Br)=C1OC,CCN1CCCC1CNC(=O)c1c(OC)ccc(Br)c1OC,CCN1CCC[C@H]1CNC(=O)c1c(OC)ccc(Br)c1OC,GUJRSXAPGDDABA-NSHDSACASA-N,True
DB00961,drugbank,CN1CCCCC1C(=O)NC1=C(C)C=CC=C1C,Cc1cccc(C)c1NC(=O)C1CCCCN1C,Cc1cccc(C)c1NC(=O)C1CCCCN1C,INWLQCZOYSRPNW-UHFFFAOYSA-N,True
DB00454,drugbank,CCOC(=O)C1(CCN(C)CC1)C1=CC=CC=C1,CCOC(=O)C1(c2ccccc2)CCN(C)CC1,CCOC(=O)C1(c2ccccc2)CCN(C)CC1,XADCESSVHJOZHK-UHFFFAOYSA-N,True
DB00818,drugbank,CC(C)C1=CC=CC(C(C)C)=C1O,CC(C)c1cccc(C(C)C)c1O,CC(C)c1cccc(C(C)C)c1O,OLBCVFGFOZPWHH-UHFFFAOYSA-N,True
DB00907,drugbank,[H][C@]12CC[C@]([H])([C@H]([C@H](C1)OC(=O)C1=CC=CC=C1)C(=O)OC)N2C,COC(=O)C1C(OC(=O)c2ccccc2)CC2CCC1N2C,COC(=O)[C@H]1[C@@H](OC(=O)c2ccccc2)C[C@@H]2CC[C@H]1N2C,ZPUCINDJVBIVPJ-LJISPDSOSA-N,True
DB01440,drugbank,OCCCC(O)=O,O=C(O)CCCO,O=C(O)CCCO,SJZRECIVHVDYJC-UHFFFAOYSA-N,True
DB01545,drugbank,CCOC(=O)C1N=C(C2=CC=CC=C2F)C2=C(NC1=O)C=CC(Cl)=C2,CCOC(=O)C1N=C(c2ccccc2F)c2cc(Cl)ccc2NC1=O,CCOC(=O)C1N=C(c2ccccc2F)c2cc(Cl)ccc2NC1=O,CUCHJCMWNFEYOM-UHFFFAOYSA-N,True
DB00771,drugbank,C[N@@+]12CC[C@@H](CC1)C(C2)OC(=O)C(O)(C1=CC=CC=C1)C1=CC=CC=C1,C[N+]12CCC(CC1)C(OC(=O)C(O)(c1ccccc1)c1ccccc1)C2,C[N@+]12CC[C@H](CC1)C(OC(=O)C(O)(c1ccccc1)c1ccccc1)C2,HOOSGZJRQIVJSZ-NNBUQUNQSA-N,True
DB00486,drugbank,[H][C@@]12CC(=O)CC[C@@]1([H])C(C)(C)OC1=CC(=CC(O)=C21)C(C)(C)CCCCCC,CCCCCCC(C)(C)c1cc(O)c2c(c1)OC(C)(C)C1CCC(=O)CC21,CCCCCCC(C)(C)c1cc(O)c2c(c1)OC(C)(C)[C@@H]1CCC(=O)C[C@@H]21,GECBBEABIDMGGL-RTBURBONSA-N,True
DB01065,drugbank,COC1=CC2=C(NC=C2CCNC(C)=O)C=C1,COc1ccc2[nH]cc(CCNC(C)=O)c2c1,COc1ccc2[nH]cc(CCNC(C)=O)c2c1,DRLFMBDRBRZALE-UHFFFAOYSA-N,True
DB00341,drugbank,OC(=O)COCCN1CCN(CC1)C(C1=CC=CC=C1)C1=CC=C(Cl)C=C1,O=C(O)COCCN1CCN(C(c2ccccc2)c2ccc(Cl)cc2)CC1,O=C(O)COCCN1CCN(C(c2ccccc2)c2ccc(Cl)cc2)CC1,ZKLPARSLTMPFCP-UHFFFAOYSA-N,True
DB01142,drugbank,[H]C(CCN(C)C)=C1C2=CC=CC=C2COC2=CC=CC=C12,CN(C)CCC=C1c2ccccc2COc2ccccc21,CN(C)CCC=C1c2ccccc2COc2ccccc21,ODQWQRRAPPTVAG-UHFFFAOYSA-N,True
DB01106,drugbank,C[C@@H]1CN(CC[C@]1(C(O)=O)C1=CC=CC=C1)[C@H]1CC[C@](CC1)(C#N)C1=CC=C(F)C=C1,CC1CN(C2CCC(C#N)(c3ccc(F)cc3)CC2)CCC1(C(=O)O)c1ccccc1,C[C@@H]1CN([C@H]2CC[C@](C#N)(c3ccc(F)cc3)CC2)CC[C@]1(C(=O)O)c1ccccc1,ZCGOMHNNNFPNMX-KYTRFIICSA-N,True
DB01618,drugbank,CCC1=C(C)NC2=C1C(=O)C(CN1CCOCC1)CC2,CCc1c(C)[nH]c2c1C(=O)C(CN1CCOCC1)CC2,CCc1c(C)[nH]c2c1C(=O)C(CN1CCOCC1)CC2,KLPWJLBORRMFGK-UHFFFAOYSA-N,True
DB00690,drugbank,CCN(CC)CCN1C2=C(C=C(Cl)C=C2)C(=NCC1=O)C1=CC=CC=C1F,CCN(CC)CCN1C(=O)CN=C(c2ccccc2F)c2cc(Cl)ccc21,CCN(CC)CCN1C(=O)CN=C(c2ccccc2F)c2cc(Cl)ccc21,SAADBVWGJQAEFS-UHFFFAOYSA-N,True
DB00228,drugbank,FC(F)OC(F)(F)C(F)Cl,FC(F)OC(F)(F)C(F)Cl,FC(F)OC(F)(F)C(F)Cl,JPGQOUSTVILISH-UHFFFAOYSA-N,True
DB13323,drugbank,ClC=C(Cl)Cl,ClC=C(Cl)Cl,ClC=C(Cl)Cl,XSTXAVWGXDQKEL-UHFFFAOYSA-N,True
DB09225,drugbank,CN(C)CCOC1=CC2=CC=CC=C2SC2=CC=C(Cl)C=C12,CN(C)CCOC1=Cc2ccccc2Sc2ccc(Cl)cc21,CN(C)CCOC1=Cc2ccccc2Sc2ccc(Cl)cc21,HDOZVRUNCMBHFH-UHFFFAOYSA-N,True
DB01209,drugbank,[H][C@@]12CC3=CC=C(O)C=C3[C@@](C)(CCCCC1)[C@H]2N,CC12CCCCCC(Cc3ccc(O)cc31)C2N,C[C@@]12CCCCC[C@@H](Cc3ccc(O)cc31)[C@@H]2N,VTMVHDZWSFQSQP-VBNZEHGJSA-N,True
DB01433,drugbank,CCC(OC(C)=O)C(CC(C)N(C)C)(C1=CC=CC=C1)C1=CC=CC=C1,CCC(OC(C)=O)C(CC(C)N(C)C)(c1ccccc1)c1ccccc1,CCC(OC(C)=O)C(CC(C)N(C)C)(c1ccccc1)c1ccccc1,XBMIVRRWGCYBTQ-UHFFFAOYSA-N,True
DB00593,drugbank,CCC1(C)CC(=O)NC1=O,CCC1(C)CC(=O)NC1=O,CCC1(C)CC(=O)NC1=O,HAPOVYFOVVWLRS-UHFFFAOYSA-N,True
DB00296,drugbank,CCCN1CCCC[C@H]1C(=O)NC1=C(C)C=CC=C1C,CCCN1CCCCC1C(=O)Nc1c(C)cccc1C,CCCN1CCCC[C@H]1C(=O)Nc1c(C)cccc1C,ZKMNUMMKYBVTFN-HNNXBMFYSA-N,True
DB01221,drugbank,CNC1(CCCCC1=O)C1=CC=CC=C1Cl,CNC1(c2ccccc2Cl)CCCCC1=O,CNC1(c2ccccc2Cl)CCCCC1=O,YQEZLKZALYSWHR-UHFFFAOYSA-N,True
DB00892,drugbank,CCCCOC1=CC(=CC=C1N)C(=O)OCCN(CC)CC,CCCCOc1cc(C(=O)OCCN(CC)CC)ccc1N,CCCCOc1cc(C(=O)OCCN(CC)CC)ccc1N,CMHHMUWAYWTMGS-UHFFFAOYSA-N,True
DB00802,drugbank,CCN1N=NN(CCN2CCC(COC)(CC2)N(C(=O)CC)C2=CC=CC=C2)C1=O,CCC(=O)N(c1ccccc1)C1(COC)CCN(CCn2nnn(CC)c2=O)CC1,CCC(=O)N(c1ccccc1)C1(COC)CCN(CCn2nnn(CC)c2=O)CC1,IDBPHNDTYPBSNI-UHFFFAOYSA-N,True
DB00344,drugbank,CNCCCC1C2=CC=CC=C2C=CC2=CC=CC=C12,CNCCCC1c2ccccc2C=Cc2ccccc21,CNCCCC1c2ccccc2C=Cc2ccccc21,BWPIARFWQZKAIA-UHFFFAOYSA-N,True
DB00555,drugbank,NC1=NC(N)=C(N=N1)C1=C(Cl)C(Cl)=CC=C1,Nc1nnc(-c2cccc(Cl)c2Cl)c(N)n1,Nc1nnc(-c2cccc(Cl)c2Cl)c(N)n1,PYZRQGJRPPTADH-UHFFFAOYSA-N,True
DB00933,drugbank,CN1CCCCC1CCN1C2=C(SC3=C1C=C(C=C3)S(C)=O)C=CC=C2,CN1CCCCC1CCN1c2ccccc2Sc2ccc(S(C)=O)cc21,CN1CCCCC1CCN1c2ccccc2Sc2ccc(S(C)=O)cc21,SLVMESMUVMCQIY-UHFFFAOYSA-N,True
DB11148,drugbank,CCCCOC(=O)C1=CC=C(N)C=C1,CCCCOC(=O)c1ccc(N)cc1,CCCCOC(=O)c1ccc(N)cc1,IUWVALYLNVXWKX-UHFFFAOYSA-N,True
DB01100,drugbank,FC1=CC=C(C=C1)C(CCCN1CCC(CC1)N1C(=O)NC2=CC=CC=C12)C1=CC=C(F)C=C1,O=c1[nH]c2ccccc2n1C1CCN(CCCC(c2ccc(F)cc2)c2ccc(F)cc2)CC1,O=c1[nH]c2ccccc2n1C1CCN(CCCC(c2ccc(F)cc2)c2ccc(F)cc2)CC1,YVUQSNJEYSNKRX-UHFFFAOYSA-N,True
DB01452,drugbank,[H][C@@]12C=C[C@H](OC(C)=O)[C@@H]3OC4=C(OC(C)=O)C=CC5=C4[C@]13CCN(C)[C@@H]2C5,CC(=O)Oc1ccc2c3c1OC1C(OC(C)=O)C=CC4C(C2)N(C)CCC341,CC(=O)Oc1ccc2c3c1O[C@H]1[C@@H](OC(C)=O)C=C[C@H]4[C@@H](C2)N(C)CC[C@@]341,GVGLGOZIDCSQPN-PVHGPHFFSA-N,True
DB01501,drugbank,OC(=O)C1(CCN(CCC(C#N)(C2=CC=CC=C2)C2=CC=CC=C2)CC1)C1=CC=CC=C1,N#CC(CCN1CCC(C(=O)O)(c2ccccc2)CC1)(c1ccccc1)c1ccccc1,N#CC(CCN1CCC(C(=O)O)(c2ccccc2)CC1)(c1ccccc1)c1ccccc1,UFIVBRCCIRTJTN-UHFFFAOYSA-N,True
DB12532,drugbank,CN(C(=O)CN(CCO)CC(=O)N(C)C(C)(C)CC1=CC=CC=C1)C(C)(C)CC1=CC=CC=C1,CN(C(=O)CN(CCO)CC(=O)N(C)C(C)(C)Cc1ccccc1)C(C)(C)Cc1ccccc1,CN(C(=O)CN(CCO)CC(=O)N(C)C(C)(C)Cc1ccccc1)C(C)(C)Cc1ccccc1,FTLDJPRFCGDUFH-UHFFFAOYSA-N,True
DB00241,drugbank,CC(C)CC1(CC=C)C(=O)NC(=O)NC1=O,C=CCC1(CC(C)C)C(=O)NC(=O)NC1=O,C=CCC1(CC(C)C)C(=O)NC(=O)NC1=O,UZVHFVZFNXBMQJ-UHFFFAOYSA-N,True
DB00708,drugbank,CCC(=O)N(C1=CC=CC=C1)C1(COC)CCN(CCC2=CC=CS2)CC1,CCC(=O)N(c1ccccc1)C1(COC)CCN(CCc2cccs2)CC1,CCC(=O)N(c1ccccc1)C1(COC)CCN(CCc2cccs2)CC1,GGCSSNBKKAUURC-UHFFFAOYSA-N,True
DB00748,drugbank,CN(C)CCOC(C1=CC=C(Cl)C=C1)C1=CC=CC=N1,CN(C)CCOC(c1ccc(Cl)cc1)c1ccccn1,CN(C)CCOC(c1ccc(Cl)cc1)c1ccccn1,OJFSXZCBGQGRNV-UHFFFAOYSA-N,True
DB09017,drugbank,CC1=NN=C2CN=C(C3=C(SC(Br)=C3)N12)C1=CC=CC=C1Cl,Cc1nnc2n1-c1sc(Br)cc1C(c1ccccc1Cl)=NC2,Cc1nnc2n1-c1sc(Br)cc1C(c1ccccc1Cl)=NC2,UMSGKTJDUHERQW-UHFFFAOYSA-N,True
DB00835,drugbank,CN(C)CCC(C1=CC=C(Br)C=C1)C1=CC=CC=N1,CN(C)CCC(c1ccc(Br)cc1)c1ccccn1,CN(C)CCC(c1ccc(Br)cc1)c1ccccn1,ZDIGNSYAACHWNL-UHFFFAOYSA-N,True
DB00950,drugbank,CC(C)(C(O)=O)C1=CC=C(C=C1)C(O)CCCN1CCC(CC1)C(O)(C1=CC=CC=C1)C1=CC=CC=C1,CC(C)(C(=O)O)c1ccc(C(O)CCCN2CCC(C(O)(c3ccccc3)c3ccccc3)CC2)cc1,CC(C)(C(=O)O)c1ccc(C(O)CCCN2CCC(C(O)(c3ccccc3)c3ccccc3)CC2)cc1,RWTNPBWLLIMQHL-UHFFFAOYSA-N,True
DB06594,drugbank,COC1=CC2=C(C=CC=C2CCNC(C)=O)C=C1,COc1ccc2cccc(CCNC(C)=O)c2c1,COc1ccc2cccc(CCNC(C)=O)c2c1,YJYPHIXNFHFHND-UHFFFAOYSA-N,True
DB09345,drugbank,CCCCOC1=CC=C(OCCCN2CCOCC2)C=C1,CCCCOc1ccc(OCCCN2CCOCC2)cc1,CCCCOc1ccc(OCCCN2CCOCC2)cc1,DQKXQSGTHWVTAD-UHFFFAOYSA-N,True
DB01176,drugbank,CN1CCN(CC1)C(C1=CC=CC=C1)C1=CC=CC=C1,CN1CCN(C(c2ccccc2)c2ccccc2)CC1,CN1CCN(C(c2ccccc2)c2ccccc2)CC1,UVKZSORBKUEBAZ-UHFFFAOYSA-N,True
DB06144,drugbank,FC1=CC=C(C=C1)N1C=C(C2CCN(CCN3CCNC3=O)CC2)C2=C1C=CC(Cl)=C2,O=C1NCCN1CCN1CCC(c2cn(-c3ccc(F)cc3)c3ccc(Cl)cc23)CC1,O=C1NCCN1CCN1CCC(c2cn(-c3ccc(F)cc3)c3ccc(Cl)cc23)CC1,GZKLJWGUPQBVJQ-UHFFFAOYSA-N,True
DB11609,drugbank,CCC(=O)C(CCN(C)C)(C1=CC=CC=C1)C1=CC=CC=C1,CCC(=O)C(CCN(C)C)(c1ccccc1)c1ccccc1,CCC(=O)C(CCN(C)C)(c1ccccc1)c1ccccc1,WCJFBSYALHQBSK-UHFFFAOYSA-N,True
DB00557,drugbank,OCCOCCN1CCN(CC1)C(C1=CC=CC=C1)C1=CC=C(Cl)C=C1,OCCOCCN1CCN(C(c2ccccc2)c2ccc(Cl)cc2)CC1,OCCOCCN1CCN(C(c2ccccc2)c2ccc(Cl)cc2)CC1,ZQDWXGKKHFNSQK-UHFFFAOYSA-N,True
DB01068,drugbank,[O-][N+](=O)C1=CC2=C(NC(=O)CN=C2C2=CC=CC=C2Cl)C=C1,O=C1CN=C(c2ccccc2Cl)c2cc([N+](=O)[O-])ccc2N1,O=C1CN=C(c2ccccc2Cl)c2cc([N+](=O)[O-])ccc2N1,DGBIGWXXNGSACT-UHFFFAOYSA-N,True
DB00897,drugbank,CC1=NN=C2CN=C(C3=CC=CC=C3Cl)C3=C(C=CC(Cl)=C3)N12,Cc1nnc2n1-c1ccc(Cl)cc1C(c1ccccc1Cl)=NC2,Cc1nnc2n1-c1ccc(Cl)cc1C(c1ccccc1Cl)=NC2,JOFWLTCLBGQGBO-UHFFFAOYSA-N,True
DB08922,drugbank,[H][C@@]12CCCC[C@]1([H])C(=O)N(CCCCN1CCN(CC1)C1=NSC3=CC=CC=C13)C2=O,O=C1C2CCCCC2C(=O)N1CCCCN1CCN(c2nsc3ccccc23)CC1,O=C1[C@H]2CCCC[C@H]2C(=O)N1CCCCN1CCN(c2nsc3ccccc23)CC1,FBVFZWUMDDXLLG-HDICACEKSA-N,True
DB00660,drugbank,CC1=CC(OCC2CNC(=O)O2)=CC(C)=C1,Cc1cc(C)cc(OCC2CNC(=O)O2)c1,Cc1cc(C)cc(OCC2CNC(=O)O2)c1,IMWZZHHPURKASS-UHFFFAOYSA-N,True
DB01356,drugbank,[Li+],[Li+],[Li+],HBBGRARXTFLTSG-UHFFFAOYSA-N,True
DB09118,drugbank,CC(C)(C)C(O)\C=C\C1=CC2=C(OCO2)C=C1,CC(C)(C)C(O)C=Cc1ccc2c(c1)OCO2,CC(C)(C)C(O)/C=C/c1ccc2c(c1)OCO2,IBLNKMRFIPWSOY-FNORWQNLSA-N,True
DB09068,drugbank,CC1=CC=C(SC2=CC=CC=C2N2CCNCC2)C(C)=C1,Cc1ccc(Sc2ccccc2N2CCNCC2)c(C)c1,Cc1ccc(Sc2ccccc2N2CCNCC2)c(C)c1,YQNWZWMKLDQSAC-UHFFFAOYSA-N,True
DB06216,drugbank,OC(=O)\C=C/C(O)=O.CN1CC2C(C1)C1=C(OC3=CC=CC=C23)C=CC(Cl)=C1,CN1CC2c3ccccc3Oc3ccc(Cl)cc3C2C1.O=C(O)C=CC(=O)O,CN1CC2c3ccccc3Oc3ccc(Cl)cc3C2C1.O=C(O)/C=C\C(=O)O,GMDCDXMAFMEDAG-BTJKTKAUSA-N,True
DB00427,drugbank,CC1=CC=C(C=C1)C(=C/CN1CCCC1)\C1=CC=CC=N1,Cc1ccc(C(=CCN2CCCC2)c2ccccn2)cc1,Cc1ccc(/C(=C\CN2CCCC2)c2ccccn2)cc1,CBEQULMOCCWAQT-WOJGMQOQSA-N,True
DB00909,drugbank,NS(=O)(=O)CC1=NOC2=CC=CC=C12,NS(=O)(=O)Cc1noc2ccccc12,NS(=O)(=O)Cc1noc2ccccc12,UBQNRHZMVUUOMG-UHFFFAOYSA-N,True
DB00934,drugbank,CNCCCC12CCC(C3=CC=CC=C13)C1=CC=CC=C21,CNCCCC12CCC(c3ccccc31)c1ccccc12,CNCCCC12CCC(c3ccccc31)c1ccccc12,QSLMDECMDJKHMQ-UHFFFAOYSA-N,True
DB00844,drugbank,O[C@H]1CC[C@@]2(O)[C@H]3CC4=CC=C(O)C5=C4[C@@]2(CCN3CC2CCC2)[C@H]1O5,Oc1ccc2c3c1OC1C(O)CCC4(O)C(C2)N(CC2CCC2)CCC314,Oc1ccc2c3c1O[C@H]1[C@@H](O)CC[C@@]4(O)[C@@H](C2)N(CC2CCC2)CC[C@]314,NETZHAKZCGBWSS-CEDHKZHLSA-N,True
DB00540,drugbank,CNCCC=C1C2=CC=CC=C2CCC2=CC=CC=C12,CNCCC=C1c2ccccc2CCc2ccccc21,CNCCC=C1c2ccccc2CCc2ccccc21,PHVGLTMQBUFIQQ-UHFFFAOYSA-N,True
DB00645,drugbank,CCCCOC1=CC=C(C=C1)C(=O)CCN1CCCCC1,CCCCOc1ccc(C(=O)CCN2CCCCC2)cc1,CCCCOc1ccc(C(=O)CCN2CCCCC2)cc1,BZEWSEKUUPWQDQ-UHFFFAOYSA-N,True
DB00924,drugbank,CN(C)CCC=C1C2=CC=CC=C2C=CC2=CC=CC=C12,CN(C)CCC=C1c2ccccc2C=Cc2ccccc21,CN(C)CCC=C1c2ccccc2C=Cc2ccccc21,JURKNVYFZMSNLP-UHFFFAOYSA-N,True
DB01018,drugbank,NC(=N)NC(=O)CC1=C(Cl)C=CC=C1Cl,N=C(N)NC(=O)Cc1c(Cl)cccc1Cl,N=C(N)NC(=O)Cc1c(Cl)cccc1Cl,INJOMKTZOLKMBF-UHFFFAOYSA-N,True
DB00899,drugbank,CCC(=O)N(C1=CC=CC=C1)C1(CCN(CCC(=O)OC)CC1)C(=O)OC,CCC(=O)N(c1ccccc1)C1(C(=O)OC)CCN(CCC(=O)OC)CC1,CCC(=O)N(c1ccccc1)C1(C(=O)OC)CCN(CCC(=O)OC)CC1,ZTVQQQVZCWLTDF-UHFFFAOYSA-N,True
DB00996,drugbank,NCC1(CC(O)=O)CCCCC1,NCC1(CC(=O)O)CCCCC1,NCC1(CC(=O)O)CCCCC1,UGJMXCAKCUNAIE-UHFFFAOYSA-N,True
DB00497,drugbank,COC1=C2O[C@H]3C(=O)CC[C@@]4(O)[C@H]5CC(C=C1)=C2[C@@]34CCN5C,COc1ccc2c3c1OC1C(=O)CCC4(O)C(C2)N(C)CCC314,COc1ccc2c3c1O[C@H]1C(=O)CC[C@@]4(O)[C@@H](C2)N(C)CC[C@]314,BRUQQQPBMZOVGD-XFKAJCMBSA-N,True
DB00231,drugbank,CN1C2=C(C=C(Cl)C=C2)C(=NC(O)C1=O)C1=CC=CC=C1,CN1C(=O)C(O)N=C(c2ccccc2)c2cc(Cl)ccc21,CN1C(=O)C(O)N=C(c2ccccc2)c2cc(Cl)ccc21,SEQDDYPDSLOBDC-UHFFFAOYSA-N,True
DB01615,drugbank,CC(CN1C2=CC=CC=C2SC2=C1C=C(C=C2)C(C)=O)N(C)C,CC(=O)c1ccc2c(c1)N(CC(C)N(C)C)c1ccccc1S2,CC(=O)c1ccc2c(c1)N(CC(C)N(C)C)c1ccccc1S2,XLOQNFNTQIRSOX-UHFFFAOYSA-N,True
DB00508,drugbank,CN(C)CCCN1C2=CC=CC=C2SC2=C1C=C(C=C2)C(F)(F)F,CN(C)CCCN1c2ccccc2Sc2ccc(C(F)(F)F)cc21,CN(C)CCCN1c2ccccc2Sc2ccc(C(F)(F)F)cc21,XSCGXQMFQXDFCW-UHFFFAOYSA-N,True
DB00543,drugbank,ClC1=CC2=C(OC3=CC=CC=C3N=C2N2CCNCC2)C=C1,Clc1ccc2c(c1)C(N1CCNCC1)=Nc1ccccc1O2,Clc1ccc2c(c1)C(N1CCNCC1)=Nc1ccccc1O2,QWGDMFLQWFTERH-UHFFFAOYSA-N,True
DB00697,drugbank,ClC1=C(NC2=NCCN2)C2=NSN=C2C=C1,Clc1ccc2nsnc2c1NC1=NCCN1,Clc1ccc2nsnc2c1NC1=NCCN1,XFYDIVBRZNQMJC-UHFFFAOYSA-N,True
DB01587,drugbank,CN1C2=C(C=C(Cl)C=C2)C2(OC(C)=CC(=O)N2CC1=O)C1=CC=CC=C1,CC1=CC(=O)N2CC(=O)N(C)c3ccc(Cl)cc3C2(c2ccccc2)O1,CC1=CC(=O)N2CC(=O)N(C)c3ccc(Cl)cc3C2(c2ccccc2)O1,PWAJCNITSBZRBL-UHFFFAOYSA-N,True
DB00653,drugbank,[Mg++].[O-]S([O-])(=O)=O,O=S(=O)([O-])[O-].[Mg+2],O=S(=O)([O-])[O-].[Mg+2],CSNNHWWHGAXBCP-UHFFFAOYSA-L,True
DB00189,drugbank,CCC(O)(\C=C\Cl)C#C,C#CC(O)(C=CCl)CC,C#CC(O)(/C=C/Cl)CC,ZEHYJZXQEQOSON-AATRIKPKSA-N,True
DB00334,drugbank,CN1CCN(CC1)C1=NC2=CC=CC=C2NC2=C1C=C(C)S2,Cc1cc2c(s1)Nc1ccccc1N=C2N1CCN(C)CC1,Cc1cc2c(s1)Nc1ccccc1N=C2N1CCN(C)CC1,KVWDHTXUZHCGIO-UHFFFAOYSA-N,True
DB00829,drugbank,CN1C2=C(C=C(Cl)C=C2)C(=NCC1=O)C1=CC=CC=C1,CN1C(=O)CN=C(c2ccccc2)c2cc(Cl)ccc21,CN1C(=O)CN=C(c2ccccc2)c2cc(Cl)ccc21,AAOVKJBEBIDNHE-UHFFFAOYSA-N,True
DB01563,drugbank,OC(O)C(Cl)(Cl)Cl,OC(O)C(Cl)(Cl)Cl,OC(O)C(Cl)(Cl)Cl,RNFNDJAIBTYOQL-UHFFFAOYSA-N,True
DB00850,drugbank,OCCN1CCN(CCCN2C3=CC=CC=C3SC3=C2C=C(Cl)C=C3)CC1,OCCN1CCN(CCCN2c3ccccc3Sc3ccc(Cl)cc32)CC1,OCCN1CCN(CCCN2c3ccccc3Sc3ccc(Cl)cc32)CC1,RGCVKNLCSQQDEP-UHFFFAOYSA-N,True
DB01544,drugbank,CN1C2=C(C=C(C=C2)[N+]([O-])=O)C(=NCC1=O)C1=CC=CC=C1F,CN1C(=O)CN=C(c2ccccc2F)c2cc([N+](=O)[O-])ccc21,CN1C(=O)CN=C(c2ccccc2F)c2cc([N+](=O)[O-])ccc21,PPTYJKAXVCCBDU-UHFFFAOYSA-N,True
DB00527,drugbank,CCCCOC1=NC2=CC=CC=C2C(=C1)C(=O)NCCN(CC)CC,CCCCOc1cc(C(=O)NCCN(CC)CC)c2ccccc2n1,CCCCOc1cc(C(=O)NCCN(CC)CC)c2ccccc2n1,PUFQVTATUTYEAL-UHFFFAOYSA-N,True
DB00193,drugbank,COC1=CC=CC(=C1)[C@@]1(O)CCCC[C@@H]1CN(C)C,COc1cccc(C2(O)CCCCC2CN(C)C)c1,COc1cccc([C@@]2(O)CCCC[C@@H]2CN(C)C)c1,TVYLLZQTGLZFBW-ZBFHGGJFSA-N,True
DB01239,drugbank,CN(C)CC\C=C1\C2=CC=CC=C2SC2=CC=C(Cl)C=C12,CN(C)CCC=C1c2ccccc2Sc2ccc(Cl)cc21,CN(C)CC/C=C1/c2ccccc2Sc2ccc(Cl)cc21,WSPOMRSOLSGNFJ-AUWJEWJLSA-N,True
DB00395,drugbank,CCCC(C)(COC(N)=O)COC(=O)NC(C)C,CCCC(C)(COC(N)=O)COC(=O)NC(C)C,CCCC(C)(COC(N)=O)COC(=O)NC(C)C,OFZCIYFFPZCNJE-UHFFFAOYSA-N,True
DB00906,drugbank,CC1=C(SC=C1)C(=CCCN1CCC[C@H](C1)C(O)=O)C1=C(C)C=CS1,Cc1ccsc1C(=CCCN1CCCC(C(=O)O)C1)c1sccc1C,Cc1ccsc1C(=CCCN1CCC[C@@H](C(=O)O)C1)c1sccc1C,PBJUNZJWGZTSKL-MRXNPFEDSA-N,True
DB00455,drugbank,CCOC(=O)N1CCC(CC1)=C1C2=C(CCC3=C1N=CC=C3)C=C(Cl)C=C2,CCOC(=O)N1CCC(=C2c3ccc(Cl)cc3CCc3cccnc32)CC1,CCOC(=O)N1CCC(=C2c3ccc(Cl)cc3CCc3cccnc32)CC1,JCCNYMKQOSZNPW-UHFFFAOYSA-N,True
DB00962,drugbank,CCN(C(C)=O)C1=CC=CC(=C1)C1=CC=NC2=C(C=NN12)C#N,CCN(C(C)=O)c1cccc(-c2ccnc3c(C#N)cnn23)c1,CCN(C(C)=O)c1cccc(-c2ccnc3c(C#N)cnn23)c1,HUNXMJYCHXQEGX-UHFFFAOYSA-N,True
DB00313,drugbank,CCCC(CCC)C(O)=O,CCCC(CCC)C(=O)O,CCCC(CCC)C(=O)O,NIJJYAXOARWZEE-UHFFFAOYSA-N,True
DB01623,drugbank,CN(C)S(=O)(=O)C1=CC2=C(SC3=CC=CC=C3\C2=C\CCN2CCN(C)CC2)C=C1,CN1CCN(CCC=C2c3ccccc3Sc3ccc(S(=O)(=O)N(C)C)cc32)CC1,CN1CCN(CC/C=C2/c3ccccc3Sc3ccc(S(=O)(=O)N(C)C)cc32)CC1,GFBKORZTTCHDGY-UWVJOHFNSA-N,True
DB01567,drugbank,CN1C2=C(C=C(Cl)C=C2)C(=NCC1=O)C1=CC=CC=C1F,CN1C(=O)CN=C(c2ccccc2F)c2cc(Cl)ccc21,CN1C(=O)CN=C(c2ccccc2F)c2cc(Cl)ccc21,ROYOYTLGDLIGBX-UHFFFAOYSA-N,True
DB01595,drugbank,[O-][N+](=O)C1=CC2=C(NC(=O)CN=C2C2=CC=CC=C2)C=C1,O=C1CN=C(c2ccccc2)c2cc([N+](=O)[O-])ccc2N1,O=C1CN=C(c2ccccc2)c2cc([N+](=O)[O-])ccc2N1,KJONHKAYOJNZEC-UHFFFAOYSA-N,True
DB08987,drugbank,CCCN(CC)C(CC)C(=O)NC1=C(C)C=CC=C1C,CCCN(CC)C(CC)C(=O)Nc1c(C)cccc1C,CCCN(CC)C(CC)C(=O)Nc1c(C)cccc1C,VTUSIVBDOCDNHS-UHFFFAOYSA-N,True
DB00754,drugbank,CCN1C(=O)NC(C1=O)C1=CC=CC=C1,CCN1C(=O)NC(c2ccccc2)C1=O,CCN1C(=O)NC(c2ccccc2)C1=O,SZQIFWWUIBRPBZ-UHFFFAOYSA-N,True
DB13025,drugbank,CCN(CC)CCNC(=O)C1=CC(=CC=C1OC)S(C)(=O)=O,CCN(CC)CCNC(=O)c1cc(S(C)(=O)=O)ccc1OC,CCN(CC)CCNC(=O)c1cc(S(C)(=O)=O)ccc1OC,JTVPZMFULRWINT-UHFFFAOYSA-N,True
DB01086,drugbank,CCOC(=O)C1=CC=C(N)C=C1,CCOC(=O)c1ccc(N)cc1,CCOC(=O)c1ccc(N)cc1,BLFLLBZGZJTVJG-UHFFFAOYSA-N,True
DB09009,drugbank,CCCNC(C)C(=O)NC1=C(SC=C1C)C(=O)OC,CCCNC(C)C(=O)Nc1c(C)csc1C(=O)OC,CCCNC(C)C(=O)Nc1c(C)csc1C(=O)OC,QTGIAADRBBLJGA-UHFFFAOYSA-N,True
DB01224,drugbank,OCCOCCN1CCN(CC1)C1=NC2=CC=CC=C2SC2=CC=CC=C12,OCCOCCN1CCN(C2=Nc3ccccc3Sc3ccccc32)CC1,OCCOCCN1CCN(C2=Nc3ccccc3Sc3ccccc32)CC1,URKOMYMAXPYINW-UHFFFAOYSA-N,True
DB06738,drugbank,CCC(=O)C1(CCN(C)CC1)C1=CC(O)=CC=C1,CCC(=O)C1(c2cccc(O)c2)CCN(C)CC1,CCC(=O)C1(c2cccc(O)c2)CCN(C)CC1,ALFGKMXHOUSVAD-UHFFFAOYSA-N,True
DB01353,drugbank,CCCCC1(CC)C(=O)NC(=O)NC1=O,CCCCC1(CC)C(=O)NC(=O)NC1=O,CCCCC1(CC)C(=O)NC(=O)NC1=O,STDBAQMTJLUMFW-UHFFFAOYSA-N,True
DB01081,drugbank,CCOC(=O)C1(CCN(CCC(C#N)(C2=CC=CC=C2)C2=CC=CC=C2)CC1)C1=CC=CC=C1,CCOC(=O)C1(c2ccccc2)CCN(CCC(C#N)(c2ccccc2)c2ccccc2)CC1,CCOC(=O)C1(c2ccccc2)CCN(CCC(C#N)(c2ccccc2)c2ccccc2)CC1,HYPPXZBJBPSRLK-UHFFFAOYSA-N,True
DB00298,drugbank,CC1=CC=CC=C1N1CCN(CCC2=NN=C3CCCCN23)CC1,Cc1ccccc1N1CCN(CCc2nnc3n2CCCC3)CC1,Cc1ccccc1N1CCN(CCc2nnc3n2CCCC3)CC1,RFWZESUMWJKKRN-UHFFFAOYSA-N,True
DB01589,drugbank,FC1=CC=CC=C1C1=NCC(=S)N(CC(F)(F)F)C2=C1C=C(Cl)C=C2,Fc1ccccc1C1=NCC(=S)N(CC(F)(F)F)c2ccc(Cl)cc21,Fc1ccccc1C1=NCC(=S)N(CC(F)(F)F)c2ccc(Cl)cc21,IKMPWMZBZSAONZ-UHFFFAOYSA-N,True
DB04946,drugbank,COC1=C(OCCCN2CCC(CC2)C2=NOC3=C2C=CC(F)=C3)C=CC(=C1)C(C)=O,COc1cc(C(C)=O)ccc1OCCCN1CCC(c2noc3cc(F)ccc23)CC1,COc1cc(C(C)=O)ccc1OCCCN1CCC(c2noc3cc(F)ccc23)CC1,XMXHEBAFVSFQEX-UHFFFAOYSA-N,True
DB01192,drugbank,[H][C@@]12OC3=C(O)C=CC4=C3[C@@]11CCN(C)[C@]([H])(C4)[C@]1(O)CCC2=O,CN1CCC23c4c5ccc(O)c4OC2C(=O)CCC3(O)C1C5,CN1CC[C@]23c4c5ccc(O)c4O[C@H]2C(=O)CC[C@@]3(O)[C@H]1C5,UQCNKQCJZOAFTQ-ISWURRPUSA-N,True
DB01267,drugbank,CC1=C(CCN2CCC(CC2)C2=NOC3=C2C=CC(F)=C3)C(=O)N2CCCC(O)C2=N1,Cc1nc2n(c(=O)c1CCN1CCC(c3noc4cc(F)ccc34)CC1)CCCC2O,Cc1nc2n(c(=O)c1CCN1CCC(c3noc4cc(F)ccc34)CC1)CCCC2O,PMXMIIMHBWHSKN-UHFFFAOYSA-N,True
DB00842,drugbank,OC1N=C(C2=CC=CC=C2)C2=C(NC1=O)C=CC(Cl)=C2,O=C1Nc2ccc(Cl)cc2C(c2ccccc2)=NC1O,O=C1Nc2ccc(Cl)cc2C(c2ccccc2)=NC1O,ADIMAYPTOBDMTL-UHFFFAOYSA-N,True
DB05246,drugbank,CN1C(=O)CC(C)(C1=O)C1=CC=CC=C1,CN1C(=O)CC(C)(c2ccccc2)C1=O,CN1C(=O)CC(C)(c2ccccc2)C1=O,AJXPJJZHWIXJCJ-UHFFFAOYSA-N,True
DB09166,drugbank,CCC1=CC2=C(S1)N1C(C)=NN=C1CN=C2C1=CC=CC=C1Cl,CCc1cc2c(s1)-n1c(C)nnc1CN=C2c1ccccc1Cl,CCc1cc2c(s1)-n1c(C)nnc1CN=C2c1ccccc1Cl,VMZUTJCNQWMAGF-UHFFFAOYSA-N,True
DB01621,drugbank,CN(C)S(=O)(=O)C1=CC2=C(SC3=CC=CC=C3N2CCCN2CCC(CCO)CC2)C=C1,CN(C)S(=O)(=O)c1ccc2c(c1)N(CCCN1CCC(CCO)CC1)c1ccccc1S2,CN(C)S(=O)(=O)c1ccc2c(c1)N(CCCN1CCC(CCO)CC1)c1ccccc1S2,JOMHSQGEWSNUKU-UHFFFAOYSA-N,True
DB00768,drugbank,CN(C)CC\C=C1\C2=CC=CC=C2COC2=C1C=C(CC(O)=O)C=C2,CN(C)CCC=C1c2ccccc2COc2ccc(CC(=O)O)cc21,CN(C)CC/C=C1/c2ccccc2COc2ccc(CC(=O)O)cc21,JBIMVDZLSHOPLA-LSCVHKIXSA-N,True
DB01558,drugbank,BrC1=CC2=C(NC(=O)CN=C2C2=CC=CC=N2)C=C1,O=C1CN=C(c2ccccn2)c2cc(Br)ccc2N1,O=C1CN=C(c2ccccn2)c2cc(Br)ccc2N1,VMIYHDSEFNYJSL-UHFFFAOYSA-N,True
DB00402,drugbank,CN1CCN(CC1)C(=O)O[C@@H]1N(C(=O)C2=NC=CN=C12)C1=NC=C(Cl)C=C1,CN1CCN(C(=O)OC2c3nccnc3C(=O)N2c2ccc(Cl)cn2)CC1,CN1CCN(C(=O)O[C@H]2c3nccnc3C(=O)N2c2ccc(Cl)cn2)CC1,GBBSUAFBMRNDJC-INIZCTEOSA-N,True
DB08815,drugbank,[H][C@@]12[C@H]3CC[C@H](C3)[C@]1([H])C(=O)N(C[C@@H]1CCCC[C@H]1CN1CCN(CC1)C1=NSC3=CC=CC=C13)C2=O,O=C1C2C3CCC(C3)C2C(=O)N1CC1CCCCC1CN1CCN(c2nsc3ccccc23)CC1,O=C1[C@@H]2[C@H]3CC[C@H](C3)[C@@H]2C(=O)N1C[C@@H]1CCCC[C@H]1CN1CCN(c2nsc3ccccc23)CC1,PQXKDMSYBGKCJA-CVTJIBDQSA-N,True
DB00904,drugbank,CN1C2=C(C3=CC=CC=C13)C(=O)C(CN1C=CN=C1C)CC2,Cc1nccn1CC1CCc2c(c3ccccc3n2C)C1=O,Cc1nccn1CC1CCc2c(c3ccccc3n2C)C1=O,FELGMEQIXOGIFQ-UHFFFAOYSA-N,True
DB01178,drugbank,CN1C(C2=CC=C(Cl)C=C2)S(=O)(=O)CCC1=O,CN1C(=O)CCS(=O)(=O)C1c1ccc(Cl)cc1,CN1C(=O)CCS(=O)(=O)C1c1ccc(Cl)cc1,WEQAYVWKMWHEJO-UHFFFAOYSA-N,True
DB00875,drugbank,[H]\C(CCN1CCN(CCO)CC1)=C1/C2=CC=CC=C2SC2=C1C=C(C=C2)C(F)(F)F,OCCN1CCN(CCC=C2c3ccccc3Sc3ccc(C(F)(F)F)cc32)CC1,OCCN1CCN(CC/C=C2/c3ccccc3Sc3ccc(C(F)(F)F)cc32)CC1,NJMYODHXAKYRHW-DVZOWYKESA-N,True
DB00318,drugbank,[H][C@]12C=C[C@H](O)[C@@H]3OC4=C5C(C[C@H]1N(C)CC[C@@]235)=CC=C4OC,COc1ccc2c3c1OC1C(O)C=CC4C(C2)N(C)CCC341,COc1ccc2c3c1O[C@H]1[C@@H](O)C=C[C@H]4[C@@H](C2)N(C)CC[C@@]341,OROGSEYTTFOCAN-DNJOTXNNSA-N,True
DB00734,drugbank,CC1=C(CCN2CCC(CC2)C2=NOC3=C2C=CC(F)=C3)C(=O)N2CCCCC2=N1,Cc1nc2n(c(=O)c1CCN1CCC(c3noc4cc(F)ccc34)CC1)CCCC2,Cc1nc2n(c(=O)c1CCN1CCC(c3noc4cc(F)ccc34)CC1)CCCC2,RAPZEAPATHNIPO-UHFFFAOYSA-N,True
DB01588,drugbank,ClC1=CC2=C(C=C1)N(CC1CC1)C(=O)CN=C2C1=CC=CC=C1,O=C1CN=C(c2ccccc2)c2cc(Cl)ccc2N1CC1CC1,O=C1CN=C(c2ccccc2)c2cc(Cl)ccc2N1CC1CC1,MWQCHHACWWAQLJ-UHFFFAOYSA-N,True
DB01161,drugbank,CCN(CC)CCOC(=O)C1=C(Cl)C=C(N)C=C1,CCN(CC)CCOC(=O)c1ccc(N)cc1Cl,CCN(CC)CCOC(=O)c1ccc(N)cc1Cl,VDANGULDQQJODZ-UHFFFAOYSA-N,True
DB00181,drugbank,NCC(CC(O)=O)C1=CC=C(Cl)C=C1,NCC(CC(=O)O)c1ccc(Cl)cc1,NCC(CC(=O)O)c1ccc(Cl)cc1,KPYSYYIEGFHWSV-UHFFFAOYSA-N,True
DB01238,drugbank,ClC1=CC=CC(N2CCN(CCCCOC3=CC4=C(CCC(=O)N4)C=C3)CC2)=C1Cl,O=C1CCc2ccc(OCCCCN3CCN(c4cccc(Cl)c4Cl)CC3)cc2N1,O=C1CCc2ccc(OCCCCN3CCN(c4cccc(Cl)c4Cl)CC3)cc2N1,CEUORZQYGODEFX-UHFFFAOYSA-N,True
DB01227,drugbank,CC[C@H](OC(C)=O)C(C[C@H](C)N(C)C)(C1=CC=CC=C1)C1=CC=CC=C1,CCC(OC(C)=O)C(CC(C)N(C)C)(c1ccccc1)c1ccccc1,CC[C@H](OC(C)=O)C(C[C@H](C)N(C)C)(c1ccccc1)c1ccccc1,XBMIVRRWGCYBTQ-AVRDEDQJSA-N,True
DB01202,drugbank,CC[C@H](N1CCCC1=O)C(N)=O,CCC(C(N)=O)N1CCCC1=O,CC[C@@H](C(N)=O)N1CCCC1=O,HPHUVLMMVZITSG-LURJTMIESA-N,True
DB04841,drugbank,FC1=CC=C(C=C1)C(N1CCN(C\C=C\C2=CC=CC=C2)CC1)C1=CC=C(F)C=C1,Fc1ccc(C(c2ccc(F)cc2)N2CCN(CC=Cc3ccccc3)CC2)cc1,Fc1ccc(C(c2ccc(F)cc2)N2CCN(C/C=C/c3ccccc3)CC2)cc1,SMANXXCATUTDDT-QPJJXVBHSA-N,True
DB00652,drugbank,C[C@H]1[C@H]2CC3=CC=C(O)C=C3[C@]1(C)CCN2CC=C(C)C,CC(C)=CCN1CCC2(C)c3cc(O)ccc3CC1C2C,CC(C)=CCN1CC[C@@]2(C)c3cc(O)ccc3C[C@@H]1[C@@H]2C,VOKSWYLNZZRQPF-GDIGMMSISA-N,True
DB00295,drugbank,[H][C@@]12OC3=C(O)C=CC4=C3[C@@]11CCN(C)[C@]([H])(C4)[C@]1([H])C=C[C@@H]2O,CN1CCC23c4c5ccc(O)c4OC2C(O)C=CC3C1C5,CN1CC[C@]23c4c5ccc(O)c4O[C@H]2[C@@H](O)C=C[C@H]3[C@H]1C5,BQJCRHHNABKAKU-KBQPJGBKSA-N,True
DB01189,drugbank,FC(F)OC(F)C(F)(F)F,FC(F)OC(F)C(F)(F)F,FC(F)OC(F)C(F)(F)F,DPYMFVXJLLWWEU-UHFFFAOYSA-N,True
DB00408,drugbank,CN1CCN(CC1)C1=NC2=CC=CC=C2OC2=C1C=C(Cl)C=C2,CN1CCN(C2=Nc3ccccc3Oc3ccc(Cl)cc32)CC1,CN1CCN(C2=Nc3ccccc3Oc3ccc(Cl)cc32)CC1,XJGVXQDUIWGIRW-UHFFFAOYSA-N,True
DB00237,drugbank,CCC(C)C1(CC)C(=O)NC(=O)NC1=O,CCC(C)C1(CC)C(=O)NC(=O)NC1=O,CCC(C)C1(CC)C(=O)NC(=O)NC1=O,ZRIHAIZYIMGOAB-UHFFFAOYSA-N,True
DB01235,drugbank,N[C@@H](CC1=CC(O)=C(O)C=C1)C(O)=O,NC(Cc1ccc(O)c(O)c1)C(=O)O,N[C@@H](Cc1ccc(O)c(O)c1)C(=O)O,WTDRDQBEARUVNC-LURJTMIESA-N,True
DB01624,drugbank,OCCN1CCN(CC\C=C2\C3=C(SC4=C2C=C(Cl)C=C4)C=CC=C3)CC1,OCCN1CCN(CCC=C2c3ccccc3Sc3ccc(Cl)cc32)CC1,OCCN1CCN(CC/C=C2/c3ccccc3Sc3ccc(Cl)cc32)CC1,WFPIAZLQTJBIFN-DVZOWYKESA-N,True
DB00679,drugbank,CSC1=CC2=C(SC3=CC=CC=C3N2CCC2CCCCN2C)C=C1,CSc1ccc2c(c1)N(CCC1CCCCN1C)c1ccccc1S2,CSc1ccc2c(c1)N(CCC1CCCCN1C)c1ccccc1S2,KLBQZWRITKRQQV-UHFFFAOYSA-N,True
DB00281,drugbank,CCN(CC)CC(=O)NC1=C(C)C=CC=C1C,CCN(CC)CC(=O)Nc1c(C)cccc1C,CCN(CC)CC(=O)Nc1c(C)cccc1C,NNJVILVZKWQKPM-UHFFFAOYSA-N,True
DB00721,drugbank,CCN(CC)CCOC(=O)C1=CC=C(N)C=C1,CCN(CC)CCOC(=O)c1ccc(N)cc1,CCN(CC)CCOC(=O)c1ccc(N)cc1,MFDFERRIHVXMIY-UHFFFAOYSA-N,True
DB01198,drugbank,CN1CCN(CC1)C(=O)OC1N(C(=O)C2=NC=CN=C12)C1=NC=C(Cl)C=C1,CN1CCN(C(=O)OC2c3nccnc3C(=O)N2c2ccc(Cl)cn2)CC1,CN1CCN(C(=O)OC2c3nccnc3C(=O)N2c2ccc(Cl)cn2)CC1,GBBSUAFBMRNDJC-UHFFFAOYSA-N,True
DB01219,drugbank,[O-][N+](=O)C1=CC=C(C=C1)C1=CC=C(O1)\C=N\N1CC(=O)NC1=O,O=C1CN(N=Cc2ccc(-c3ccc([N+](=O)[O-])cc3)o2)C(=O)N1,O=C1CN(/N=C/c2ccc(-c3ccc([N+](=O)[O-])cc3)o2)C(=O)N1,OZOMQRBLCMDCEG-VIZOYTHASA-N,True
DB00450,drugbank,FC1=CC=C(C=C1)C(=O)CCCN1CCC(=CC1)N1C(=O)NC2=CC=CC=C12,O=C(CCCN1CC=C(n2c(=O)[nH]c3ccccc32)CC1)c1ccc(F)cc1,O=C(CCCN1CC=C(n2c(=O)[nH]c3ccccc32)CC1)c1ccc(F)cc1,RMEDXOLNCUSCGS-UHFFFAOYSA-N,True
DB00321,drugbank,CN(C)CCC=C1C2=CC=CC=C2CCC2=CC=CC=C12,CN(C)CCC=C1c2ccccc2CCc2ccccc21,CN(C)CCC=C1c2ccccc2CCc2ccccc21,KRMDCWKBEZIMAB-UHFFFAOYSA-N,True
DB01463,drugbank,CCNC1C2CCC(C2)C1C1=CC=CC=C1,CCNC1C2CCC(C2)C1c1ccccc1,CCNC1C2CCC(C2)C1c1ccccc1,IKFBPFGUINLYQI-UHFFFAOYSA-N,True
DB06770,drugbank,OCC1=CC=CC=C1,OCc1ccccc1,OCc1ccccc1,WVDDGKGOMKODPV-UHFFFAOYSA-N,True
DB00737,drugbank,CC1=CC(CN2CCN(CC2)C(C2=CC=CC=C2)C2=CC=C(Cl)C=C2)=CC=C1,Cc1cccc(CN2CCN(C(c3ccccc3)c3ccc(Cl)cc3)CC2)c1,Cc1cccc(CN2CCN(C(c3ccccc3)c3ccc(Cl)cc3)CC2)c1,OCJYIGYOJCODJL-UHFFFAOYSA-N,True
DB09072,drugbank,[Na+].OCCCC([O-])=O,O=C([O-])CCCO.[Na+],O=C([O-])CCCO.[Na+],XYGBKMMCQDZQOZ-UHFFFAOYSA-M,True
DB04842,drugbank,FC1=CC=C(C=C1)C(CCCN1CCC2(CC1)N(CNC2=O)C1=CC=CC=C1)C1=CC=C(F)C=C1,O=C1NCN(c2ccccc2)C12CCN(CCCC(c1ccc(F)cc1)c1ccc(F)cc1)CC2,O=C1NCN(c2ccccc2)C12CCN(CCCC(c1ccc(F)cc1)c1ccc(F)cc1)CC2,QOYHHIBFXOOADH-UHFFFAOYSA-N,True
DB00475,drugbank,CNC1=NC2=C(C=C(Cl)C=C2)C(C2=CC=CC=C2)=[N+]([O-])C1,CNC1=Nc2ccc(Cl)cc2C(c2ccccc2)=[N+]([O-])C1,CNC1=Nc2ccc(Cl)cc2C(c2ccccc2)=[N+]([O-])C1,ANTSCNMPPGJYLG-UHFFFAOYSA-N,True
DB01551,drugbank,[H][C@@]12OC3=C4C(C[C@H]5N(C)CC[C@@]14[C@@]5([H])CC[C@@H]2O)=CC=C3OC,COc1ccc2c3c1OC1C(O)CCC4C(C2)N(C)CCC341,COc1ccc2c3c1O[C@H]1[C@@H](O)CC[C@H]4[C@@H](C2)N(C)CC[C@@]341,RBOXVHNMENFORY-DNJOTXNNSA-N,True
DB00683,drugbank,CC1=NC=C2CN=C(C3=CC=CC=C3F)C3=C(C=CC(Cl)=C3)N12,Cc1ncc2n1-c1ccc(Cl)cc1C(c1ccccc1F)=NC2,Cc1ncc2n1-c1ccc(Cl)cc1C(c1ccccc1F)=NC2,DDLIGBOFAVUZHB-UHFFFAOYSA-N,True
DB00980,drugbank,CCC(=O)NCC[C@@H]1CCC2=C1C1=C(OCC1)C=C2,CCC(=O)NCCC1CCc2ccc3c(c21)CCO3,CCC(=O)NCC[C@@H]1CCc2ccc3c(c21)CCO3,YLXDSYKOBKBWJQ-LBPRGKRZSA-N,True
DB06282,drugbank,OC(=O)COCCN1CCN(CC1)[C@H](C1=CC=CC=C1)C1=CC=C(Cl)C=C1,O=C(O)COCCN1CCN(C(c2ccccc2)c2ccc(Cl)cc2)CC1,O=C(O)COCCN1CCN([C@H](c2ccccc2)c2ccc(Cl)cc2)CC1,ZKLPARSLTMPFCP-OAQYLSRUSA-N,True
DB00915,drugbank,NC12CC3CC(CC(C3)C1)C2,NC12CC3CC(CC(C3)C1)C2,NC12CC3CC(CC(C3)C1)C2,DKNWSYNQZKUICI-UHFFFAOYSA-N,True
DB00495,drugbank,CC1=CN([C@H]2C[C@H](N=[N+]=[N-])[C@@H](CO)O2)C(=O)NC1=O,Cc1cn(C2CC(N=[N+]=[N-])C(CO)O2)c(=O)[nH]c1=O,Cc1cn([C@H]2C[C@H](N=[N+]=[N-])[C@@H](CO)O2)c(=O)[nH]c1=O,HBOMLICNUCNMMY-XLPZGREQSA-N,True
DB01028,drugbank,COC(F)(F)C(Cl)Cl,COC(F)(F)C(Cl)Cl,COC(F)(F)C(Cl)Cl,RFKMCNOHBTXSMU-UHFFFAOYSA-N,True
DB06702,drugbank,CC(C)N(CC[C@H](C1=CC=CC=C1)C1=C(OC(=O)C(C)C)C=CC(CO)=C1)C(C)C,CC(C)C(=O)Oc1ccc(CO)cc1C(CCN(C(C)C)C(C)C)c1ccccc1,CC(C)C(=O)Oc1ccc(CO)cc1[C@H](CCN(C(C)C)C(C)C)c1ccccc1,DCCSDBARQIPTGU-HSZRJFAPSA-N,True
DB00662,drugbank,COC1=CC(=CC(OC)=C1OC)C(=O)NCC1=CC=C(OCCN(C)C)C=C1,COc1cc(C(=O)NCc2ccc(OCCN(C)C)cc2)cc(OC)c1OC,COc1cc(C(=O)NCc2ccc(OCCN(C)C)cc2)cc(OC)c1OC,FEZBIKUBAYAZIU-UHFFFAOYSA-N,True
DB08883,drugbank,O=C1N(C=C(C=C1C1=CC=CC=C1C#N)C1=NC=CC=C1)C1=CC=CC=C1,N#Cc1ccccc1-c1cc(-c2ccccn2)cn(-c2ccccc2)c1=O,N#Cc1ccccc1-c1cc(-c2ccccn2)cn(-c2ccccc2)c1=O,PRMWGUBFXWROHD-UHFFFAOYSA-N,True
DB00776,drugbank,NC(=O)N1C2=CC=CC=C2CC(=O)C2=C1C=CC=C2,NC(=O)N1c2ccccc2CC(=O)c2ccccc21,NC(=O)N1c2ccccc2CC(=O)c2ccccc21,CTRLABGOLIVAIY-UHFFFAOYSA-N,True
DB00695,drugbank,NS(=O)(=O)C1=C(Cl)C=C(NCC2=CC=CO2)C(=C1)C(O)=O,NS(=O)(=O)c1cc(C(=O)O)c(NCc2ccco2)cc1Cl,NS(=O)(=O)c1cc(C(=O)O)c(NCc2ccco2)cc1Cl,ZZUFCTLCJUWOSV-UHFFFAOYSA-N,True
DB00214,drugbank,CC(C)NC(=O)NS(=O)(=O)C1=C(NC2=CC=CC(C)=C2)C=CN=C1,Cc1cccc(Nc2ccncc2S(=O)(=O)NC(=O)NC(C)C)c1,Cc1cccc(Nc2ccncc2S(=O)(=O)NC(=O)NC(C)C)c1,NGBFQHCMQULJNZ-UHFFFAOYSA-N,True
DB00887,drugbank,CCCCNC1=C(OC2=CC=CC=C2)C(=CC(=C1)C(O)=O)S(N)(=O)=O,CCCCNc1cc(C(=O)O)cc(S(N)(=O)=O)c1Oc1ccccc1,CCCCNc1cc(C(=O)O)cc(S(N)(=O)=O)c1Oc1ccccc1,MAEIEVLCKWDQJH-UHFFFAOYSA-N,True
DB00358,drugbank,OC(C1CCCCN1)C1=CC(=NC2=C1C=CC=C2C(F)(F)F)C(F)(F)F,OC(c1cc(C(F)(F)F)nc2c(C(F)(F)F)cccc12)C1CCCCN1,OC(c1cc(C(F)(F)F)nc2c(C(F)(F)F)cccc12)C1CCCCN1,XEEQGYMUWCZPDN-UHFFFAOYSA-N,True
DB00674,drugbank,[H][C@]12C[C@@H](O)C=C[C@]11CCN(C)CC3=C1C(O2)=C(OC)C=C3,COc1ccc2c3c1OC1CC(O)C=CC31CCN(C)C2,COc1ccc2c3c1O[C@H]1C[C@@H](O)C=C[C@@]31CCN(C)C2,ASUTZQLVASHGKV-JDFRZJQESA-N,True
DB01245,drugbank,C[N+](C)(C)CCCCCCCCCC[N+](C)(C)C,C[N+](C)(C)CCCCCCCCCC[N+](C)(C)C,C[N+](C)(C)CCCCCCCCCC[N+](C)(C)C,MTCUAOILFDZKCO-UHFFFAOYSA-N,True
DB00989,drugbank,CCN(C)C(=O)OC1=CC=CC(=C1)[C@H](C)N(C)C,CCN(C)C(=O)Oc1cccc(C(C)N(C)C)c1,CCN(C)C(=O)Oc1cccc([C@H](C)N(C)C)c1,XSVMFMHYUFZWBK-NSHDSACASA-N,True
DB00843,drugbank,COC1=C(OC)C=C2C(=O)C(CC3CCN(CC4=CC=CC=C4)CC3)CC2=C1,COc1cc2c(cc1OC)C(=O)C(CC1CCN(Cc3ccccc3)CC1)C2,COc1cc2c(cc1OC)C(=O)C(CC1CCN(Cc3ccccc3)CC1)C2,ADEBPBSSDYVVLD-UHFFFAOYSA-N,True
DB01122,drugbank,CC[N+](CC)(CCNC(=O)C(=O)NCC[N+](CC)(CC)CC1=CC=CC=C1Cl)CC1=CC=CC=C1Cl,CC[N+](CC)(CCNC(=O)C(=O)NCC[N+](CC)(CC)Cc1ccccc1Cl)Cc1ccccc1Cl,CC[N+](CC)(CCNC(=O)C(=O)NCC[N+](CC)(CC)Cc1ccccc1Cl)Cc1ccccc1Cl,OMHBPUNFVFNHJK-UHFFFAOYSA-P,True
DB01057,drugbank,CCOP(=O)(OCC)SCC[N+](C)(C)C,CCOP(=O)(OCC)SCC[N+](C)(C)C,CCOP(=O)(OCC)SCC[N+](C)(C)C,BJOLKYGKSZKIGU-UHFFFAOYSA-N,True
DB00981,drugbank,[H][C@]12N(C)CC[C@@]1(C)C1=C(C=CC(OC(=O)NC)=C1)N2C,CNC(=O)Oc1ccc2c(c1)C1(C)CCN(C)C1N2C,CNC(=O)Oc1ccc2c(c1)[C@]1(C)CCN(C)[C@@H]1N2C,PIJVFDBKTWXHHD-HIFRSBDPSA-N,True
DB00772,drugbank,CCOC(=O)CC(SP(=S)(OC)OC)C(=O)OCC,CCOC(=O)CC(SP(=S)(OC)OC)C(=O)OCC,CCOC(=O)CC(SP(=S)(OC)OC)C(=O)OCC,JXSJBGJIGXNWCI-UHFFFAOYSA-N,True
DB01010,drugbank,CC[N+](C)(C)C1=CC(O)=CC=C1,CC[N+](C)(C)c1cccc(O)c1,CC[N+](C)(C)c1cccc(O)c1,VWLHWLSRQJQWRG-UHFFFAOYSA-O,True
DB00545,drugbank,CN(C)C(=O)OC1=C[N+](C)=CC=C1,CN(C)C(=O)Oc1ccc[n+](C)c1,CN(C)C(=O)Oc1ccc[n+](C)c1,RVOLLAQWKVFTGE-UHFFFAOYSA-N,True
DB01400,drugbank,CN(C)C(=O)OC1=CC(=CC=C1)[N+](C)(C)C,CN(C)C(=O)Oc1cccc([N+](C)(C)C)c1,CN(C)C(=O)Oc1cccc([N+](C)(C)C)c1,ALWKGYPQUAPLQC-UHFFFAOYSA-N,True
DB01233,drugbank,CCN(CC)CCNC(=O)C1=CC(Cl)=C(N)C=C1OC,CCN(CC)CCNC(=O)c1cc(Cl)c(N)cc1OC,CCN(CC)CCNC(=O)c1cc(Cl)c(N)cc1OC,TTWJBBZEZQICBI-UHFFFAOYSA-N,True
DB00677,drugbank,CC(C)OP(F)(=O)OC(C)C,CC(C)OP(=O)(F)OC(C)C,CC(C)OP(=O)(F)OC(C)C,MUCZHBLJLSDCSD-UHFFFAOYSA-N,True
DB00944,drugbank,CN(CCCCCCCCCCN(C)C(=O)OC1=CC=CC(=C1)[N+](C)(C)C)C(=O)OC1=CC=CC(=C1)[N+](C)(C)C,CN(CCCCCCCCCCN(C)C(=O)Oc1cccc([N+](C)(C)C)c1)C(=O)Oc1cccc([N+](C)(C)C)c1,CN(CCCCCCCCCCN(C)C(=O)Oc1cccc([N+](C)(C)C)c1)C(=O)Oc1cccc([N+](C)(C)C)c1,RWZVPVOZTJJMNU-UHFFFAOYSA-N,True
DB00927,drugbank,NC(N)=NC1=NC(CSCCC(N)=NS(N)(=O)=O)=CS1,NC(N)=Nc1nc(CSCCC(N)=NS(N)(=O)=O)cs1,NC(N)=Nc1nc(CSCCC(N)=NS(N)(=O)=O)cs1,XUFQPHANEAPEMJ-UHFFFAOYSA-N,True
DB08806,drugbank,CC(=O)OCC(=O)NCCCOC1=CC=CC(CN2CCCCC2)=C1,CC(=O)OCC(=O)NCCCOc1cccc(CN2CCCCC2)c1,CC(=O)OCC(=O)NCCCOc1cccc(CN2CCCCC2)c1,SMTZFNFIKUPEJC-UHFFFAOYSA-N,True
DB00126,drugbank,[H][C@@]1(OC(=O)C(O)=C1O)[C@@H](O)CO,O=C1OC(C(O)CO)C(O)=C1O,O=C1O[C@H]([C@@H](O)CO)C(O)=C1O,CIWBSHSKHKDKBQ-JLAZNSOCSA-N,True
DB09125,drugbank,[K+].[K+].[K+].OC(CC([O-])=O)(CC([O-])=O)C([O-])=O,O=C([O-])CC(O)(CC(=O)[O-])C(=O)[O-].[K+].[K+].[K+],O=C([O-])CC(O)(CC(=O)[O-])C(=O)[O-].[K+].[K+].[K+],QEEAPRPFLLJWCF-UHFFFAOYSA-K,True
DB00585,drugbank,CNC(NCCSCC1=CSC(CN(C)C)=N1)=C[N+]([O-])=O,CNC(=C[N+](=O)[O-])NCCSCc1csc(CN(C)C)n1,CNC(=C[N+](=O)[O-])NCCSCc1csc(CN(C)C)n1,SGXXNSQHWDMGGP-UHFFFAOYSA-N,True
DB09154,drugbank,[Na+].[Na+].[Na+].OC(CC([O-])=O)(CC([O-])=O)C([O-])=O,O=C([O-])CC(O)(CC(=O)[O-])C(=O)[O-].[Na+].[Na+].[Na+],O=C([O-])CC(O)(CC(=O)[O-])C(=O)[O-].[Na+].[Na+].[Na+],HRXKRNGNAMMEHJ-UHFFFAOYSA-K,True
DB00248,drugbank,[H][C@@]12CC3=CNC4=CC=CC(=C34)[C@@]1([H])C[C@H](CN2CC=C)C(=O)N(CCCN(C)C)C(=O)NCC,C=CCN1CC(C(=O)N(CCCN(C)C)C(=O)NCC)CC2c3cccc4[nH]cc(c34)CC21,C=CCN1C[C@H](C(=O)N(CCCN(C)C)C(=O)NCC)C[C@@H]2c3cccc4[nH]cc(c34)C[C@H]21,KORNTPPJEAJQIU-KJXAQDMKSA-N,True
DB00589,drugbank,[H][C@@]12CC3=CNC4=CC=CC(=C34)C1=C[C@@H](CN2C)NC(=O)N(CC)CC,CCN(CC)C(=O)NC1C=C2c3cccc4[nH]cc(c34)CC2N(C)C1,CCN(CC)C(=O)N[C@H]1C=C2c3cccc4[nH]cc(c34)C[C@H]2N(C)C1,BKRGVLQUQGGVSM-KBXCAEBGSA-N,True
DB01253,drugbank,[H][C@@]12CC3=CNC4=CC=CC(=C34)C1=C[C@H](CN2C)C(=O)N[C@@H](C)CO,CC(CO)NC(=O)C1C=C2c3cccc4[nH]cc(c34)CC2N(C)C1,C[C@@H](CO)NC(=O)[C@@H]1C=C2c3cccc4[nH]cc(c34)C[C@H]2N(C)C1,WVVSZNPYNCNODU-XTQGRXLLSA-N,True
DB00353,drugbank,[H][C@@]12CC3=CNC4=CC=CC(=C34)C1=C[C@H](CN2C)C(=O)N[C@@H](CC)CO,CCC(CO)NC(=O)C1C=C2c3cccc4[nH]cc(c34)CC2N(C)C1,CC[C@@H](CO)NC(=O)[C@@H]1C=C2c3cccc4[nH]cc(c34)C[C@H]2N(C)C1,UNBRKDKAWYKMIV-QWQRMKEZSA-N,True
DB00714,drugbank,[H][C@]12CC3=C(C(O)=C(O)C=C3)C3=CC=CC(CCN1C)=C23,CN1CCc2cccc3c2C1Cc1ccc(O)c(O)c1-3,CN1CCc2cccc3c2[C@H]1Cc1ccc(O)c(O)c1-3,VMWNQDUVQKEIOC-CYBMUJFWSA-N,True
DB00696,drugbank,[H][C@@]12CCCN1C(=O)[C@H](CC1=CC=CC=C1)N1C(=O)[C@](C)(NC(=O)[C@H]3CN(C)[C@]4([H])CC5=CNC6=CC=CC(=C56)C4=C3)O[C@@]21O,CN1CC(C(=O)NC2(C)OC3(O)C4CCCN4C(=O)C(Cc4ccccc4)N3C2=O)C=C2c3cccc4[nH]cc(c34)CC21,CN1C[C@H](C(=O)N[C@]2(C)O[C@@]3(O)[C@@H]4CCCN4C(=O)[C@H](Cc4ccccc4)N3C2=O)C=C2c3cccc4[nH]cc(c34)C[C@H]21,XCGSFFUVFURLIX-VFGNJEKYSA-N,True
DB01186,drugbank,[H][C@@]12CC3=CNC4=CC=CC(=C34)[C@@]1([H])C[C@@H](CSC)CN2CCC,CCCN1CC(CSC)CC2c3cccc4[nH]cc(c34)CC21,CCCN1C[C@H](CSC)C[C@@H]2c3cccc4[nH]cc(c34)C[C@H]21,YEHCICAEULNIGD-MZMPZRCHSA-N,True
DB00953,drugbank,CN(C)CCC1=CNC2=C1C=C(CN1C=NC=N1)C=C2,CN(C)CCc1c[nH]c2ccc(Cn3cncn3)cc12,CN(C)CCc1c[nH]c2ccc(Cn3cncn3)cc12,ULFRLSNUDGIQQP-UHFFFAOYSA-N,True
DB06684,drugbank,NC(=O)C1=CC2=CC(=CC=C2O1)N1CCN(CCCCC2=CNC3=C2C=C(C=C3)C#N)CC1,N#Cc1ccc2[nH]cc(CCCCN3CCN(c4ccc5oc(C(N)=O)cc5c4)CC3)c2c1,N#Cc1ccc2[nH]cc(CCCCN3CCN(c4ccc5oc(C(N)=O)cc5c4)CC3)c2c1,SGEGOXDYSFKCPT-UHFFFAOYSA-N,True
DB00998,drugbank,CN[C@@H]1CCC2=C(C1)C1=C(N2)C=CC(=C1)C(N)=O,CNC1CCc2[nH]c3ccc(C(N)=O)cc3c2C1,CN[C@@H]1CCc2[nH]c3ccc(C(N)=O)cc3c2C1,XPSQPHWEGNHMSK-SECBINFHSA-N,True
DB00669,drugbank,CNS(=O)(=O)CC1=CC=C2NC=C(CCN(C)C)C2=C1,CNS(=O)(=O)Cc1ccc2[nH]cc(CCN(C)C)c2c1,CNS(=O)(=O)Cc1ccc2[nH]cc(CCN(C)C)c2c1,KQKPFRSPSRPDEB-UHFFFAOYSA-N,True
DB00315,drugbank,CN(C)CCC1=CNC2=CC=C(C[C@H]3COC(=O)N3)C=C12,CN(C)CCc1c[nH]c2ccc(CC3COC(=O)N3)cc12,CN(C)CCc1c[nH]c2ccc(C[C@H]3COC(=O)N3)cc12,ULSDMUVEXKOYBU-ZDUSSCGKSA-N,True
DB00918,drugbank,CN(C)CCC1=CNC2=C1C=C(CS(=O)(=O)N1CCCC1)C=C2,CN(C)CCc1c[nH]c2ccc(CS(=O)(=O)N3CCCC3)cc12,CN(C)CCc1c[nH]c2ccc(CS(=O)(=O)N3CCCC3)cc12,WKEMJKQOLOHJLZ-UHFFFAOYSA-N,True
DB00216,drugbank,CN1CCC[C@@H]1CC1=CNC2=C1C=C(CCS(=O)(=O)C1=CC=CC=C1)C=C2,CN1CCCC1Cc1c[nH]c2ccc(CCS(=O)(=O)c3ccccc3)cc12,CN1CCC[C@@H]1Cc1c[nH]c2ccc(CCS(=O)(=O)c3ccccc3)cc12,PWVXXGRKLHYWKM-LJQANCHMSA-N,True
DB00952,drugbank,CNS(=O)(=O)CCC1=CC2=C(NC=C2C2CCN(C)CC2)C=C1,CNS(=O)(=O)CCc1ccc2[nH]cc(C3CCN(C)CC3)c2c1,CNS(=O)(=O)CCc1ccc2[nH]cc(C3CCN(C)CC3)c2c1,AMKVXSZCKVJAGH-UHFFFAOYSA-N,True
DB00743,drugbank,[Gd+3].OC(=O)CN(CCN(CCN(CC([O-])=O)CC([O-])=O)CC([O-])=O)C(COCC1=CC=CC=C1)C(O)=O,O=C([O-])CN(CCN(CC(=O)[O-])CC(=O)[O-])CCN(CC(=O)O)C(COCc1ccccc1)C(=O)O.[Gd+3],O=C([O-])CN(CCN(CC(=O)[O-])CC(=O)[O-])CCN(CC(=O)O)C(COCc1ccccc1)C(=O)O.[Gd+3],MXZROTBGJUUXID-UHFFFAOYSA-K,True
DB01184,drugbank,ClC1=CC2=C(C=C1)N(C1CCN(CCCN3C(=O)NC4=CC=CC=C34)CC1)C(=O)N2,O=c1[nH]c2ccccc2n1CCCN1CCC(n2c(=O)[nH]c3cc(Cl)ccc32)CC1,O=c1[nH]c2ccccc2n1CCCN1CCC(n2c(=O)[nH]c3cc(Cl)ccc32)CC1,FGXWKSZFVQUSTL-UHFFFAOYSA-N,True
DB00218,drugbank,[H][C@]12CN(C[C@@]1([H])NCCC2)C1=C(F)C=C2C(=O)C(=CN(C3CC3)C2=C1OC)C(O)=O,COc1c(N2CC3CCCNC3C2)c(F)cc2c(=O)c(C(=O)O)cn(C3CC3)c12,COc1c(N2C[C@@H]3CCCN[C@@H]3C2)c(F)cc2c(=O)c(C(=O)O)cn(C3CC3)c12,FABPRXSRWADJSP-MEDUHNTESA-N,True
DB00204,drugbank,CN(CCOC1=CC=C(NS(C)(=O)=O)C=C1)CCC1=CC=C(NS(C)(=O)=O)C=C1,CN(CCOc1ccc(NS(C)(=O)=O)cc1)CCc1ccc(NS(C)(=O)=O)cc1,CN(CCOc1ccc(NS(C)(=O)=O)cc1)CCc1ccc(NS(C)(=O)=O)cc1,IXTMWRCNAAVVAI-UHFFFAOYSA-N,True
DB06589,drugbank,CN(C1=CC2=NN(C)C(C)=C2C=C1)C1=CC=NC(NC2=CC=C(C)C(=C2)S(N)(=O)=O)=N1,Cc1ccc(Nc2nccc(N(C)c3ccc4c(C)n(C)nc4c3)n2)cc1S(N)(=O)=O,Cc1ccc(Nc2nccc(N(C)c3ccc4c(C)n(C)nc4c3)n2)cc1S(N)(=O)=O,CUIHSIWYWATEQL-UHFFFAOYSA-N,True
DB00604,drugbank,CO[C@H]1CN(CCCOC2=CC=C(F)C=C2)CC[C@H]1NC(=O)C1=CC(Cl)=C(N)C=C1OC,COc1cc(N)c(Cl)cc1C(=O)NC1CCN(CCCOc2ccc(F)cc2)CC1OC,COc1cc(N)c(Cl)cc1C(=O)N[C@@H]1CCN(CCCOc2ccc(F)cc2)C[C@@H]1OC,DCSUBABJRXZOMT-IRLDBZIGSA-N,True
DB06402,drugbank,CCCCCCCCCCNCCN[C@@]1(C)C[C@H](O[C@@H]2[C@@H](O)[C@H](O)[C@@H](CO)O[C@H]2OC2=C3OC4=CC=C(C=C4Cl)[C@@H](O)[C@@H](NC(=O)[C@@H](CC(C)C)NC)C(=O)N[C@@H](CC(N)=O)C(=O)N[C@@H]4C(C=C2OC2=C(Cl)C=C(C=C2)[C@@H](O)[C@@H]2NC(=O)[C@H](NC4=O)C4=CC(=C(O)C=C4)C4=C(O)C(CNCP(O)(O)=O)=C(O)C=C4[C@H](NC2=O)C(O)=O)=C3)O[C@@H](C)[C@H]1O,CCCCCCCCCCNCCNC1(C)CC(OC2C(Oc3c4cc5cc3Oc3ccc(cc3Cl)C(O)C3NC(=O)C(NC(=O)C5NC(=O)C(CC(N)=O)NC(=O)C(NC(=O)C(CC(C)C)NC)C(O)c5ccc(c(Cl)c5)O4)c4ccc(O)c(c4)-c4c(cc(O)c(CNCP(=O)(O)O)c4O)C(C(=O)O)NC3=O)OC(CO)C(O)C2O)OC(C)C1O,CCCCCCCCCCNCCN[C@@]1(C)C[C@H](O[C@H]2[C@H](Oc3c4cc5cc3Oc3ccc(cc3Cl)[C@@H](O)[C@@H](NC(=O)[C@@H](CC(C)C)NC)C(=O)N[C@@H](CC(N)=O)C(=O)N[C@H]5C(=O)N[C@H]3C(=O)N[C@H](C(=O)N[C@H](C(=O)O)c5cc(O)c(CNCP(=O)(O)O)c(O)c5-c5cc3ccc5O)[C@H](O)c3ccc(c(Cl)c3)O4)O[C@H](CO)[C@@H](O)[C@@H]2O)O[C@@H](C)[C@H]1O,ONUMZHGUFYIKPM-MXNFEBESSA-N,True
DB00556,drugbank,FC(F)(F)C(F)(F)C(F)(F)F,FC(F)(F)C(F)(F)C(F)(F)F,FC(F)(F)C(F)(F)C(F)(F)F,QYSGYZVSCZSLHT-UHFFFAOYSA-N,True
DB01155,drugbank,CO\N=C1/CN(CC1CN)C1=NC2=C(C=C1F)C(=O)C(=CN2C1CC1)C(O)=O,CON=C1CN(c2nc3c(cc2F)c(=O)c(C(=O)O)cn3C2CC2)CC1CN,CO/N=C1\CN(c2nc3c(cc2F)c(=O)c(C(=O)O)cn3C2CC2)CC1CN,ZRCVYEYHRGVLOC-HYARGMPZSA-N,True
DB00889,drugbank,CN1N=C(C(=O)N[C@@H]2C[C@@H]3CCC[C@H](C2)N3C)C2=C1C=CC=C2,CN1C2CCCC1CC(NC(=O)c1nn(C)c3ccccc13)C2,CN1[C@@H]2CCC[C@H]1C[C@@H](NC(=O)c1nn(C)c3ccccc13)C2,MFWNKCLOYSRHCJ-BTTYYORXSA-N,True
DB05294,drugbank,COC1=C(OCC2CCN(C)CC2)C=C2N=CN=C(NC3=C(F)C=C(Br)C=C3)C2=C1,COc1cc2c(Nc3ccc(Br)cc3F)ncnc2cc1OCC1CCN(C)CC1,COc1cc2c(Nc3ccc(Br)cc3F)ncnc2cc1OCC1CCN(C)CC1,UHTHHESEBZOYNR-UHFFFAOYSA-N,True
DB00537,drugbank,OC(=O)C1=CN(C2CC2)C2=CC(N3CCNCC3)=C(F)C=C2C1=O,O=C(O)c1cn(C2CC2)c2cc(N3CCNCC3)c(F)cc2c1=O,O=C(O)c1cn(C2CC2)c2cc(N3CCNCC3)c(F)cc2c1=O,MYSWGUAQZAJSOK-UHFFFAOYSA-N,True
DB01087,drugbank,COC1=CC(NC(C)CCCN)=C2N=CC=CC2=C1,COc1cc(NC(C)CCCN)c2ncccc2c1,COc1cc(NC(C)CCCN)c2ncccc2c1,INDBQLZJXZLFIT-UHFFFAOYSA-N,True
DB09078,drugbank,COC1=C(C=C2C(OC3=CC=C(NC(=O)NC4CC4)C(Cl)=C3)=CC=NC2=C1)C(N)=O,COc1cc2nccc(Oc3ccc(NC(=O)NC4CC4)c(Cl)c3)c2cc1C(N)=O,COc1cc2nccc(Oc3ccc(NC(=O)NC4CC4)c(Cl)c3)c2cc1C(N)=O,WOSKHXYHFSIKNG-UHFFFAOYSA-N,True
DB01165,drugbank,CC1COC2=C3N1C=C(C(O)=O)C(=O)C3=CC(F)=C2N1CCN(C)CC1,CC1COc2c(N3CCN(C)CC3)c(F)cc3c(=O)c(C(=O)O)cn1c23,CC1COc2c(N3CCN(C)CC3)c(F)cc3c(=O)c(C(=O)O)cn1c23,GSDSWSVVBLHKDQ-UHFFFAOYSA-N,True
DB00539,drugbank,CN(C)CCOC1=CC=C(C=C1)C(=C(\CCCl)C1=CC=CC=C1)\C1=CC=CC=C1,CN(C)CCOc1ccc(C(=C(CCCl)c2ccccc2)c2ccccc2)cc1,CN(C)CCOc1ccc(/C(=C(/CCCl)c2ccccc2)c2ccccc2)cc1,XFCLJVABOIYOMF-QPLCGJKRSA-N,True
DB08903,drugbank,COC1=NC2=C(C=C(Br)C=C2)C=C1[C@@H](C1=CC=CC=C1)[C@@](O)(CCN(C)C)C1=CC=CC2=C1C=CC=C2,COc1nc2ccc(Br)cc2cc1C(c1ccccc1)C(O)(CCN(C)C)c1cccc2ccccc12,COc1nc2ccc(Br)cc2cc1[C@@H](c1ccccc1)[C@@](O)(CCN(C)C)c1cccc2ccccc12,QUIJNHUBAXPXFS-XLJNKUFUSA-N,True
DB09083,drugbank,COC1=C(OC)C=C2[C@@H](CN(C)CCCN3CCC4=CC(OC)=C(OC)C=C4CC3=O)CC2=C1,COc1cc2c(cc1OC)CC(=O)N(CCCN(C)CC1Cc3cc(OC)c(OC)cc31)CC2,COc1cc2c(cc1OC)CC(=O)N(CCCN(C)C[C@H]1Cc3cc(OC)c(OC)cc31)CC2,ACRHBAYQBXXRTO-OAQYLSRUSA-N,True
DB01169,drugbank,O=[As]O[As]=O,O=[As]O[As]=O,O=[As]O[As]=O,IKWTVSLWAPBBKU-UHFFFAOYSA-N,True
DB01137,drugbank,C[C@H]1COC2=C3N1C=C(C(O)=O)C(=O)C3=CC(F)=C2N1CCN(C)CC1,CC1COc2c(N3CCN(C)CC3)c(F)cc3c(=O)c(C(=O)O)cn1c23,C[C@H]1COc2c(N3CCN(C)CC3)c(F)cc3c(=O)c(C(=O)O)cn1c23,GSDSWSVVBLHKDQ-JTQLQIEISA-N,True
DB00308,drugbank,CCCCCCCN(CC)CCCC(O)C1=CC=C(NS(C)(=O)=O)C=C1,CCCCCCCN(CC)CCCC(O)c1ccc(NS(C)(=O)=O)cc1,CCCCCCCN(CC)CCCC(O)c1ccc(NS(C)(=O)=O)cc1,ALOBUEHUHMBRLE-UHFFFAOYSA-N,True
DB01182,drugbank,CCCNCC(O)COC1=C(C=CC=C1)C(=O)CCC1=CC=CC=C1,CCCNCC(O)COc1ccccc1C(=O)CCc1ccccc1,CCCNCC(O)COc1ccccc1C(=O)CCc1ccccc1,JWHAUXFOSRPERK-UHFFFAOYSA-N,True
DB00489,drugbank,CC(C)NCC(O)C1=CC=C(NS(C)(=O)=O)C=C1,CC(C)NCC(O)c1ccc(NS(C)(=O)=O)cc1,CC(C)NCC(O)c1ccc(NS(C)(=O)=O)cc1,ZBMZVLHSJCTVON-UHFFFAOYSA-N,True
DB00757,drugbank,[H][C@@]1(C[C@@]2([H])C[C@]3([H])C[C@@]([H])(C1)N2CC3=O)OC(=O)C1=CNC2=C1C=CC=C2,O=C(OC1CC2CC3CC(C1)N2CC3=O)c1c[nH]c2ccccc12,O=C(O[C@@H]1C[C@@H]2C[C@H]3C[C@H](C1)N2CC3=O)c1c[nH]c2ccccc12,UKTAZPQNNNJVKR-KJGYPYNMSA-N,True
DB01195,drugbank,FC(F)(F)COC1=CC(C(=O)NCC2CCCCN2)=C(OCC(F)(F)F)C=C1,O=C(NCC1CCCCN1)c1cc(OCC(F)(F)F)ccc1OCC(F)(F)F,O=C(NCC1CCCCN1)c1cc(OCC(F)(F)F)ccc1OCC(F)(F)F,DJBNUMBKLMJRSA-UHFFFAOYSA-N,True
DB01035,drugbank,CCN(CC)CCNC(=O)C1=CC=C(N)C=C1,CCN(CC)CCNC(=O)c1ccc(N)cc1,CCN(CC)CCNC(=O)c1ccc(N)cc1,REQCZEXYDRLIBE-UHFFFAOYSA-N,True
DB08881,drugbank,CCCS(=O)(=O)NC1=C(F)C(C(=O)C2=CNC3=NC=C(C=C23)C2=CC=C(Cl)C=C2)=C(F)C=C1,CCCS(=O)(=O)Nc1ccc(F)c(C(=O)c2c[nH]c3ncc(-c4ccc(Cl)cc4)cc23)c1F,CCCS(=O)(=O)Nc1ccc(F)c(C(=O)c2c[nH]c3ncc(-c4ccc(Cl)cc4)cc23)c1F,GPXBXXGIAQBQNI-UHFFFAOYSA-N,True
DB00014,drugbank,CC(C)C[C@H](NC(=O)[C@@H](COC(C)(C)C)NC(=O)[C@H](CC1=CC=C(O)C=C1)NC(=O)[C@H](CO)NC(=O)[C@H](CC1=CNC2=CC=CC=C12)NC(=O)[C@H](CC1=CN=CN1)NC(=O)[C@@H]1CCC(=O)N1)C(=O)N[C@@H](CCCN=C(N)N)C(=O)N1CCC[C@H]1C(=O)NNC(N)=O,CC(C)CC(NC(=O)C(COC(C)(C)C)NC(=O)C(Cc1ccc(O)cc1)NC(=O)C(CO)NC(=O)C(Cc1c[nH]c2ccccc12)NC(=O)C(Cc1cnc[nH]1)NC(=O)C1CCC(=O)N1)C(=O)NC(CCCN=C(N)N)C(=O)N1CCCC1C(=O)NNC(N)=O,CC(C)C[C@H](NC(=O)[C@@H](COC(C)(C)C)NC(=O)[C@H](Cc1ccc(O)cc1)NC(=O)[C@H](CO)NC(=O)[C@H](Cc1c[nH]c2ccccc12)NC(=O)[C@H](Cc1cnc[nH]1)NC(=O)[C@@H]1CCC(=O)N1)C(=O)N[C@@H](CCCN=C(N)N)C(=O)N1CCC[C@H]1C(=O)NNC(N)=O,BLCLNMBMMGCOAS-URPVMXJPSA-N,True
DB09063,drugbank,CC(C)OC1=C(NC2=NC=C(Cl)C(N2)=NC2=CC=CC=C2S(=O)(=O)C(C)C)C=C(C)C(=C1)C1CCNCC1,Cc1cc(Nc2ncc(Cl)c(=Nc3ccccc3S(=O)(=O)C(C)C)[nH]2)c(OC(C)C)cc1C1CCNCC1,Cc1cc(Nc2ncc(Cl)c(=Nc3ccccc3S(=O)(=O)C(C)C)[nH]2)c(OC(C)C)cc1C1CCNCC1,VERWOWGGCGHDQE-UHFFFAOYSA-N,True
DB01175,drugbank,CN(C)CCC[C@]1(OCC2=C1C=CC(=C2)C#N)C1=CC=C(F)C=C1,CN(C)CCCC1(c2ccc(F)cc2)OCc2cc(C#N)ccc21,CN(C)CCC[C@@]1(c2ccc(F)cc2)OCc2cc(C#N)ccc21,WSEQXVZVJXJVFP-FQEVSTJZSA-N,True
DB00710,drugbank,CCCCCN(C)CCC(O)(P(O)(O)=O)P(O)(O)=O,CCCCCN(C)CCC(O)(P(=O)(O)O)P(=O)(O)O,CCCCCN(C)CCC(O)(P(=O)(O)O)P(=O)(O)O,MPBVHIBUJCELCL-UHFFFAOYSA-N,True
DB01244,drugbank,CC(C)COCC(CN(CC1=CC=CC=C1)C1=CC=CC=C1)N1CCCC1,CC(C)COCC(CN(Cc1ccccc1)c1ccccc1)N1CCCC1,CC(C)COCC(CN(Cc1ccccc1)c1ccccc1)N1CCCC1,UIEATEWHFDRYRU-UHFFFAOYSA-N,True
DB05039,drugbank,CCC1=C(CC)C=C2CC(CC2=C1)NC[C@H](O)C1=C2C=CC(=O)NC2=C(O)C=C1,CCc1cc2c(cc1CC)CC(NCC(O)c1ccc(O)c3[nH]c(=O)ccc13)C2,CCc1cc2c(cc1CC)CC(NC[C@H](O)c1ccc(O)c3[nH]c(=O)ccc13)C2,QZZUEBNBZAPZLX-QFIPXVFZSA-N,True
DB02546,drugbank,ONC(=O)CCCCCCC(=O)NC1=CC=CC=C1,O=C(CCCCCCC(=O)Nc1ccccc1)NO,O=C(CCCCCCC(=O)Nc1ccccc1)NO,WAEXFXRVDQXREF-UHFFFAOYSA-N,True
DB01254,drugbank,CC1=NC(NC2=NC=C(S2)C(=O)NC2=C(C)C=CC=C2Cl)=CC(=N1)N1CCN(CCO)CC1,Cc1nc(Nc2ncc(C(=O)Nc3c(C)cccc3Cl)s2)cc(N2CCN(CCO)CC2)n1,Cc1nc(Nc2ncc(C(=O)Nc3c(C)cccc3Cl)s2)cc(N2CCN(CCO)CC2)n1,ZBNZXTGUTAYRHI-UHFFFAOYSA-N,True
DB00864,drugbank,CO[C@@H]1C[C@@H](CC[C@H]1O)\C=C(/C)[C@H]1OC(=O)[C@@H]2CCCCN2C(=O)C(=O)[C@]2(O)O[C@@H]([C@H](C[C@H]2C)OC)[C@H](C[C@@H](C)C\C(C)=C\[C@@H](CC=C)C(=O)C[C@H](O)[C@H]1C)OC,C=CCC1C=C(C)CC(C)CC(OC)C2OC(O)(C(=O)C(=O)N3CCCCC3C(=O)OC(C(C)=CC3CCC(O)C(OC)C3)C(C)C(O)CC1=O)C(C)CC2OC,C=CC[C@@H]1/C=C(\C)C[C@H](C)C[C@H](OC)[C@H]2O[C@@](O)(C(=O)C(=O)N3CCCC[C@H]3C(=O)O[C@H](/C(C)=C/[C@@H]3CC[C@@H](O)[C@H](OC)C3)[C@H](C)[C@@H](O)CC1=O)[C@H](C)C[C@@H]2OC,QJJXYPPXXYFBGM-LFZNUXCKSA-N,True
DB00938,drugbank,OCC1=C(O)C=CC(=C1)C(O)CNCCCCCCOCCCCC1=CC=CC=C1,OCc1cc(C(O)CNCCCCCCOCCCCc2ccccc2)ccc1O,OCc1cc(C(O)CNCCCCCCOCCCCc2ccccc2)ccc1O,GIIZNNXWQWCKIB-UHFFFAOYSA-N,True
DB06788,drugbank,CC(O)=O.CC(O)=O.CCNC(=O)[C@@H]1CCCN1C(=O)[C@H](CCCNC(N)=N)NC(=O)[C@H](CC(C)C)NC(=O)[C@@H](CC1=CN(CC2=CC=CC=C2)C=N1)NC(=O)[C@H](CC1=CC=C(O)C=C1)NC(=O)[C@H](CO)NC(=O)[C@H](CC1=CNC2=C1C=CC=C2)NC(=O)[C@H](CC1=CNC=N1)NC(=O)[C@@H]1CCC(=O)N1,CC(=O)O.CC(=O)O.CCNC(=O)C1CCCN1C(=O)C(CCCNC(=N)N)NC(=O)C(CC(C)C)NC(=O)C(Cc1cn(Cc2ccccc2)cn1)NC(=O)C(Cc1ccc(O)cc1)NC(=O)C(CO)NC(=O)C(Cc1c[nH]c2ccccc12)NC(=O)C(Cc1c[nH]cn1)NC(=O)C1CCC(=O)N1,CC(=O)O.CC(=O)O.CCNC(=O)[C@@H]1CCCN1C(=O)[C@H](CCCNC(=N)N)NC(=O)[C@H](CC(C)C)NC(=O)[C@@H](Cc1cn(Cc2ccccc2)cn1)NC(=O)[C@H](Cc1ccc(O)cc1)NC(=O)[C@H](CO)NC(=O)[C@H](Cc1c[nH]c2ccccc12)NC(=O)[C@H](Cc1c[nH]cn1)NC(=O)[C@@H]1CCC(=O)N1,BKEMVGVBBDMHKL-VYFXDUNUSA-N,True
DB00104,drugbank,[H][C@]1(NC(=O)[C@H](CCCCN)NC(=O)[C@@H](CC2=CNC3=C2C=CC=C3)NC(=O)[C@H](CC2=CC=CC=C2)NC(=O)[C@H](CSSC[C@H](NC1=O)C(=O)N[C@H](CO)[C@@H](C)O)NC(=O)[C@H](N)CC1=CC=CC=C1)[C@@H](C)O,CC(O)C(CO)NC(=O)C1CSSCC(NC(=O)C(N)Cc2ccccc2)C(=O)NC(Cc2ccccc2)C(=O)NC(Cc2c[nH]c3ccccc23)C(=O)NC(CCCCN)C(=O)NC(C(C)O)C(=O)N1,C[C@@H](O)[C@@H]1NC(=O)[C@H](CCCCN)NC(=O)[C@@H](Cc2c[nH]c3ccccc23)NC(=O)[C@H](Cc2ccccc2)NC(=O)[C@@H](NC(=O)[C@H](N)Cc2ccccc2)CSSC[C@@H](C(=O)N[C@H](CO)[C@@H](C)O)NC1=O,DEQANNDTNATYII-OULOTJBUSA-N,True
DB01001,drugbank,CC(C)(C)NCC(O)C1=CC(CO)=C(O)C=C1,CC(C)(C)NCC(O)c1ccc(O)c(CO)c1,CC(C)(C)NCC(O)c1ccc(O)c(CO)c1,NDAUXUAQIAJITI-UHFFFAOYSA-N,True
DB06825,drugbank,CC(C)C[C@H](NC(=O)[C@@H](CC1=CNC2=CC=CC=C12)NC(=O)[C@H](CC1=CC=C(O)C=C1)NC(=O)[C@H](CO)NC(=O)[C@H](CC1=CNC2=C1C=CC=C2)NC(=O)[C@H](CC1=CNC=N1)NC(=O)[C@@H]1CCC(=O)N1)C(=O)N[C@@H](CCCNC(N)=N)C(=O)N1CCC[C@H]1C(=O)NCC(N)=O,CC(C)CC(NC(=O)C(Cc1c[nH]c2ccccc12)NC(=O)C(Cc1ccc(O)cc1)NC(=O)C(CO)NC(=O)C(Cc1c[nH]c2ccccc12)NC(=O)C(Cc1c[nH]cn1)NC(=O)C1CCC(=O)N1)C(=O)NC(CCCNC(=N)N)C(=O)N1CCCC1C(=O)NCC(N)=O,CC(C)C[C@H](NC(=O)[C@@H](Cc1c[nH]c2ccccc12)NC(=O)[C@H](Cc1ccc(O)cc1)NC(=O)[C@H](CO)NC(=O)[C@H](Cc1c[nH]c2ccccc12)NC(=O)[C@H](Cc1c[nH]cn1)NC(=O)[C@@H]1CCC(=O)N1)C(=O)N[C@@H](CCCNC(=N)N)C(=O)N1CCC[C@H]1C(=O)NCC(N)=O,VXKHXGOKWPXYNA-PGBVPBMZSA-N,True
DB01218,drugbank,CCCCN(CCCC)CCC(O)C1=C2C=CC(=CC2=C2C=C(Cl)C=C(Cl)C2=C1)C(F)(F)F,CCCCN(CCCC)CCC(O)c1cc2c(Cl)cc(Cl)cc2c2cc(C(F)(F)F)ccc12,CCCCN(CCCC)CCC(O)c1cc2c(Cl)cc(Cl)cc2c2cc(C(F)(F)F)ccc12,FOHHNHSLJDZUGQ-UHFFFAOYSA-N,True
DB06699,drugbank,CC(C)C[C@H](NC(=O)[C@@H](CC1=CC=C(NC(N)=O)C=C1)NC(=O)[C@H](CC1=CC=C(NC(=O)[C@@H]2CC(=O)NC(=O)N2)C=C1)NC(=O)[C@H](CO)NC(=O)[C@@H](CC1=CC=CN=C1)NC(=O)[C@@H](CC1=CC=C(Cl)C=C1)NC(=O)[C@@H](CC1=CC=C2C=CC=CC2=C1)NC(C)=O)C(=O)N[C@@H](CCCCNC(C)C)C(=O)N1CCC[C@H]1C(=O)N[C@H](C)C(N)=O,CC(=O)NC(Cc1ccc2ccccc2c1)C(=O)NC(Cc1ccc(Cl)cc1)C(=O)NC(Cc1cccnc1)C(=O)NC(CO)C(=O)NC(Cc1ccc(NC(=O)C2CC(=O)NC(=O)N2)cc1)C(=O)NC(Cc1ccc(NC(N)=O)cc1)C(=O)NC(CC(C)C)C(=O)NC(CCCCNC(C)C)C(=O)N1CCCC1C(=O)NC(C)C(N)=O,CC(=O)N[C@H](Cc1ccc2ccccc2c1)C(=O)N[C@H](Cc1ccc(Cl)cc1)C(=O)N[C@H](Cc1cccnc1)C(=O)N[C@@H](CO)C(=O)N[C@@H](Cc1ccc(NC(=O)[C@@H]2CC(=O)NC(=O)N2)cc1)C(=O)N[C@H](Cc1ccc(NC(N)=O)cc1)C(=O)N[C@@H](CC(C)C)C(=O)N[C@@H](CCCCNC(C)C)C(=O)N1CCC[C@H]1C(=O)N[C@H](C)C(N)=O,MEUCPCLKGZSHTA-XYAYPHGZSA-N,True
DB00637,drugbank,COC1=CC=C(CCN2CCC(CC2)NC2=NC3=CC=CC=C3N2CC2=CC=C(F)C=C2)C=C1,COc1ccc(CCN2CCC(Nc3nc4ccccc4n3Cc3ccc(F)cc3)CC2)cc1,COc1ccc(CCN2CCC(Nc3nc4ccccc4n3Cc3ccc(F)cc3)CC2)cc1,GXDALQBWZGODGZ-UHFFFAOYSA-N,True
DB00529,drugbank,OC(=O)P(O)(O)=O,O=C(O)P(=O)(O)O,O=C(O)P(=O)(O)O,ZJAOAACCNHFJAH-UHFFFAOYSA-N,True
DB08864,drugbank,CC1=CC(\C=C\C#N)=CC(C)=C1NC1=CC=NC(NC2=CC=C(C=C2)C#N)=N1,Cc1cc(C=CC#N)cc(C)c1Nc1ccnc(Nc2ccc(C#N)cc2)n1,Cc1cc(/C=C/C#N)cc(C)c1Nc1ccnc(Nc2ccc(C#N)cc2)n1,YIBOMRUWOWDFLG-ONEGZZNKSA-N,True
DB00871,drugbank,CC(C)(C)NCC(O)C1=CC(O)=CC(O)=C1,CC(C)(C)NCC(O)c1cc(O)cc(O)c1,CC(C)(C)NCC(O)c1cc(O)cc(O)c1,XWTYSIMOBUGWOL-UHFFFAOYSA-N,True
DB09082,drugbank,OCC1=C(O)C=CC(=C1)[C@@H](O)CNCCCCCCOCCOCC1=C(Cl)C=CC=C1Cl,OCc1cc(C(O)CNCCCCCCOCCOCc2c(Cl)cccc2Cl)ccc1O,OCc1cc([C@@H](O)CNCCCCCCOCCOCc2c(Cl)cccc2Cl)ccc1O,DAFYYTQWSAWIGS-DEOSSOPVSA-N,True
DB08868,drugbank,CCCCCCCCC1=CC=C(CCC(N)(CO)CO)C=C1,CCCCCCCCc1ccc(CCC(N)(CO)CO)cc1,CCCCCCCCc1ccc(CCC(N)(CO)CO)cc1,KKGQTZUTZRNORY-UHFFFAOYSA-N,True
DB01426,drugbank,CC[C@H]1[C@@H]2C[C@H]3[C@@H]4N(C)C5=CC=CC=C5[C@]44C[C@@H](C2[C@H]4O)N3[C@@H]1O,CCC1C2CC3C4N(C)c5ccccc5C45CC(C2C5O)N3C1O,CC[C@H]1[C@@H]2C[C@H]3[C@@H]4N(C)c5ccccc5[C@]45C[C@@H](C2[C@H]5O)N3[C@@H]1O,CJDRUOGAGYHKKD-HEFSZTOGSA-N,True
DB00691,drugbank,CCOC(=O)[C@H](CCC1=CC=CC=C1)N[C@@H](C)C(=O)N1CC2=CC(OC)=C(OC)C=C2C[C@H]1C(O)=O,CCOC(=O)C(CCc1ccccc1)NC(C)C(=O)N1Cc2cc(OC)c(OC)cc2CC1C(=O)O,CCOC(=O)[C@H](CCc1ccccc1)N[C@@H](C)C(=O)N1Cc2cc(OC)c(OC)cc2C[C@H]1C(=O)O,UWWDHYUMIORJTA-HSQYWUDLSA-N,True
DB00808,drugbank,CC1CC2=CC=CC=C2N1NC(=O)C1=CC(=C(Cl)C=C1)S(N)(=O)=O,CC1Cc2ccccc2N1NC(=O)c1ccc(Cl)c(S(N)(=O)=O)c1,CC1Cc2ccccc2N1NC(=O)c1ccc(Cl)c(S(N)(=O)=O)c1,NDDAHWYSQHTHNT-UHFFFAOYSA-N,True
DB08871,drugbank,[H][C@@]12CC(=C)[C@]([H])(CC[C@@]3([H])C[C@@H](C)C(=C)[C@@]([H])(C[C@]4([H])O[C@H](C[C@H](O)CN)[C@H](OC)[C@@]4([H])CC(=O)C[C@@]4([H])CC[C@]5([H])O[C@@]6([H])[C@H]7O[C@@]8(C[C@]7([H])O[C@@]6([H])[C@@]([H])(O8)[C@@]5([H])O4)CC1)O3)O2,C=C1CC2CCC34CC5OC6C(OC7CCC(CC(=O)CC8C(CC9OC(CCC1O2)CC(C)C9=C)OC(CC(O)CN)C8OC)OC7C6O3)C5O4,C=C1C[C@@H]2CC[C@@]34C[C@@H]5O[C@@H]6[C@@H](O[C@H]7CC[C@H](CC(=O)C[C@@H]8[C@@H](OC)[C@@H](C[C@H](O)CN)O[C@H]8C[C@H]8O[C@@H](CC[C@@H]1O2)C[C@@H](C)C8=C)O[C@@H]7[C@@H]6O3)[C@H]5O4,UFNVPOGXISZXJD-XJPMSQCNSA-N,True
DB00202,drugbank,C[N+](C)(C)CCOC(=O)CCC(=O)OCC[N+](C)(C)C,C[N+](C)(C)CCOC(=O)CCC(=O)OCC[N+](C)(C)C,C[N+](C)(C)CCOC(=O)CCC(=O)OCC[N+](C)(C)C,AXOIZCJOOAYSMI-UHFFFAOYSA-N,True
DB01226,drugbank,COC1=CC(C[C@@H]2C3=CC(OC)=C(OC)C=C3CC[N+]2(C)CCCOC(=O)CC\C=C\CCC(=O)OCCC[N+]2(C)CCC3=CC(OC)=C(OC)C=C3[C@H]2CC2=CC(OC)=C(OC)C(OC)=C2)=CC(OC)=C1OC,COc1cc2c(cc1OC)C(Cc1cc(OC)c(OC)c(OC)c1)[N+](C)(CCCOC(=O)CCC=CCCC(=O)OCCC[N+]1(C)CCc3cc(OC)c(OC)cc3C1Cc1cc(OC)c(OC)c(OC)c1)CC2,COc1cc2c(cc1OC)[C@@H](Cc1cc(OC)c(OC)c(OC)c1)[N+](C)(CCCOC(=O)CC/C=C/CCC(=O)OCCC[N+]1(C)CCc3cc(OC)c(OC)cc3[C@H]1Cc1cc(OC)c(OC)c(OC)c1)CC2,ILVYCEVXHALBSC-OTBYEXOQSA-N,True
DB00445,drugbank,COC1=CC=CC2=C1C(=O)C1=C(O)C3=C(C[C@](O)(C[C@@H]3O[C@H]3C[C@H](N)[C@@H](O)[C@H](C)O3)C(=O)CO)C(O)=C1C2=O,COc1cccc2c1C(=O)c1c(O)c3c(c(O)c1C2=O)CC(O)(C(=O)CO)CC3OC1CC(N)C(O)C(C)O1,COc1cccc2c1C(=O)c1c(O)c3c(c(O)c1C2=O)C[C@@](O)(C(=O)CO)C[C@@H]3O[C@H]1C[C@H](N)[C@@H](O)[C@H](C)O1,AOJJSUZBOXZQNB-VTZDEGQISA-N,True
DB00565,drugbank,COC1=CC2=C(C=C1OC)[C@@H](CC1=CC(OC)=C(OC)C=C1)[N@@+](C)(CCC(=O)OCCCCCOC(=O)CC[N@@+]1(C)CCC3=C(C=C(OC)C(OC)=C3)[C@H]1CC1=CC(OC)=C(OC)C=C1)CC2,COc1ccc(CC2c3cc(OC)c(OC)cc3CC[N+]2(C)CCC(=O)OCCCCCOC(=O)CC[N+]2(C)CCc3cc(OC)c(OC)cc3C2Cc2ccc(OC)c(OC)c2)cc1OC,COc1ccc(C[C@@H]2c3cc(OC)c(OC)cc3CC[N@+]2(C)CCC(=O)OCCCCCOC(=O)CC[N@@+]2(C)CCc3cc(OC)c(OC)cc3[C@H]2Cc2ccc(OC)c(OC)c2)cc1OC,YXSLJKQTIDHPOT-LJCJQEJUSA-N,True
DB11156,drugbank,[H]\C(=C(\[H])C1=NCCCN1C)C1=CC=CS1,CN1CCCN=C1C=Cc1cccs1,CN1CCCN=C1/C=C/c1cccs1,YSAUAVHXTIETRK-AATRIKPKSA-N,True
DB00728,drugbank,[H][C@@]12C[C@@H]([C@H](OC(C)=O)[C@@]1(C)CC[C@@]1([H])[C@@]2([H])CC[C@@]2([H])C[C@H](O)[C@H](C[C@]12C)N1CCOCC1)[N+]1(CC=C)CCCC1,C=CC[N+]1(C2CC3C4CCC5CC(O)C(N6CCOCC6)CC5(C)C4CCC3(C)C2OC(C)=O)CCCC1,C=CC[N+]1([C@H]2C[C@H]3[C@@H]4CC[C@H]5C[C@H](O)[C@@H](N6CCOCC6)C[C@]5(C)[C@H]4CC[C@]3(C)[C@H]2OC(C)=O)CCCC1,YXRDKMPIGHSVRX-OOJCLDBCSA-N,True
DB01082,drugbank,CN[C@H]1[C@H](O)[C@@H](O)[C@H](CO)O[C@H]1O[C@H]1[C@H](O[C@H]2[C@H](O)[C@@H](O)[C@H](NC(N)=N)[C@@H](O)[C@@H]2NC(N)=N)O[C@@H](C)[C@]1(O)C=O,CNC1C(OC2C(OC3C(O)C(O)C(NC(=N)N)C(O)C3NC(=N)N)OC(C)C2(O)C=O)OC(CO)C(O)C1O,CN[C@@H]1[C@H](O[C@H]2[C@H](O[C@H]3[C@H](O)[C@@H](O)[C@H](NC(=N)N)[C@@H](O)[C@@H]3NC(=N)N)O[C@@H](C)[C@]2(O)C=O)O[C@@H](CO)[C@H](O)[C@H]1O,UCSJYZPVAKXKNQ-HZYVHMACSA-N,True
DB01578,drugbank,CN(C(C)=O)C1=C(I)C(C(=O)N[C@@H](C=O)[C@@H](O)[C@H](O)[C@H](O)CO)=C(I)C(NC(C)=O)=C1I,CC(=O)Nc1c(I)c(C(=O)NC(C=O)C(O)C(O)C(O)CO)c(I)c(N(C)C(C)=O)c1I,CC(=O)Nc1c(I)c(C(=O)N[C@@H](C=O)[C@@H](O)[C@H](O)[C@H](O)CO)c(I)c(N(C)C(C)=O)c1I,DTZMSDADRKLCQE-RFMXWLSYSA-N,True
DB01111,drugbank,CCC(C)CCCCC(=O)NC(CCNCS([O-])(=O)=O)C(=O)NC(C(C)O)C(=O)NC(CCNCS([O-])(=O)=O)C(=O)NC1CCNC(=O)C(NC(=O)C(CCNCS([O-])(=O)=O)NC(=O)C(CCNCS([O-])(=O)=O)NC(=O)C(CC(C)C)NC(=O)C(CC(C)C)NC(=O)C(CCNCS([O-])(=O)=O)NC1=O)C(C)O,CCC(C)CCCCC(=O)NC(CCNCS(=O)(=O)[O-])C(=O)NC(C(=O)NC(CCNCS(=O)(=O)[O-])C(=O)NC1CCNC(=O)C(C(C)O)NC(=O)C(CCNCS(=O)(=O)[O-])NC(=O)C(CCNCS(=O)(=O)[O-])NC(=O)C(CC(C)C)NC(=O)C(CC(C)C)NC(=O)C(CCNCS(=O)(=O)[O-])NC1=O)C(C)O,CCC(C)CCCCC(=O)NC(CCNCS(=O)(=O)[O-])C(=O)NC(C(=O)NC(CCNCS(=O)(=O)[O-])C(=O)NC1CCNC(=O)C(C(C)O)NC(=O)C(CCNCS(=O)(=O)[O-])NC(=O)C(CCNCS(=O)(=O)[O-])NC(=O)C(CC(C)C)NC(=O)C(CC(C)C)NC(=O)C(CCNCS(=O)(=O)[O-])NC1=O)C(C)O,BSSIRFLGSWHWDE-UHFFFAOYSA-I,True
DB01172,drugbank,NC[C@H]1O[C@H](O[C@@H]2[C@@H](N)C[C@@H](N)[C@H](O[C@H]3O[C@H](CO)[C@@H](O)[C@H](N)[C@H]3O)[C@H]2O)[C@H](O)[C@@H](O)[C@@H]1O,NCC1OC(OC2C(N)CC(N)C(OC3OC(CO)C(O)C(N)C3O)C2O)C(O)C(O)C1O,NC[C@H]1O[C@H](O[C@H]2[C@H](O)[C@@H](O[C@H]3O[C@H](CO)[C@@H](O)[C@H](N)[C@H]3O)[C@H](N)C[C@@H]2N)[C@H](O)[C@@H](O)[C@@H]1O,SBUJHOSQTJFQJX-NOAMYHISSA-N,True
DB01135,drugbank,COC1=CC(CC2C3=C(OC)C(OC)=C(OC)C=C3CC[N+]2(C)CCCOC(=O)CCC(=O)OCCC[N+]2(C)CCC3=CC(OC)=C(OC)C(OC)=C3C2CC2=CC(OC)=C(OC)C(OC)=C2)=CC(OC)=C1OC,COc1cc(CC2c3c(cc(OC)c(OC)c3OC)CC[N+]2(C)CCCOC(=O)CCC(=O)OCCC[N+]2(C)CCc3cc(OC)c(OC)c(OC)c3C2Cc2cc(OC)c(OC)c(OC)c2)cc(OC)c1OC,COc1cc(CC2c3c(cc(OC)c(OC)c3OC)CC[N+]2(C)CCCOC(=O)CCC(=O)OCCC[N+]2(C)CCc3cc(OC)c(OC)c(OC)c3C2Cc2cc(OC)c(OC)c(OC)c2)cc(OC)c1OC,GBLRQXKSCRCLBZ-UHFFFAOYSA-N,True
DB01336,drugbank,[H][C@@]12CC3=CC=C(OC4=C5C(CC[N+](C)(C)[C@]5([H])CC5=CC(OC6=C(OC)C=C(CC[N+]1(C)C)C2=C6)=C(OC)C=C5)=CC(OC)=C4OC)C=C3,COc1ccc2cc1Oc1cc3c(cc1OC)CC[N+](C)(C)C3Cc1ccc(cc1)Oc1c(OC)c(OC)cc3c1C(C2)[N+](C)(C)CC3,COc1ccc2cc1Oc1cc3c(cc1OC)CC[N+](C)(C)[C@H]3Cc1ccc(cc1)Oc1c(OC)c(OC)cc3c1[C@@H](C2)[N+](C)(C)CC3,JFXBEKISTKFVAB-AJQTZOPKSA-N,True
DB13450,drugbank,[O-]S(=O)(=O)C1=CC=CC=C1.[O-]S(=O)(=O)C1=CC=CC=C1.COC1=CC2=C(C=C1OC)[C@@H](CC1=CC(OC)=C(OC)C=C1)[N@@+](C)(CCC(=O)OCCCCCOC(=O)CC[N@@+]1(C)CCC3=C(C=C(OC)C(OC)=C3)[C@H]1CC1=CC(OC)=C(OC)C=C1)CC2,COc1ccc(CC2c3cc(OC)c(OC)cc3CC[N+]2(C)CCC(=O)OCCCCCOC(=O)CC[N+]2(C)CCc3cc(OC)c(OC)cc3C2Cc2ccc(OC)c(OC)c2)cc1OC.O=S(=O)([O-])c1ccccc1.O=S(=O)([O-])c1ccccc1,COc1ccc(C[C@@H]2c3cc(OC)c(OC)cc3CC[N@+]2(C)CCC(=O)OCCCCCOC(=O)CC[N@@+]2(C)CCc3cc(OC)c(OC)cc3[C@H]2Cc2ccc(OC)c(OC)c2)cc1OC.O=S(=O)([O-])c1ccccc1.O=S(=O)([O-])c1ccccc1,XXZSQOVSEBAPGS-DONVQRBFSA-L,True
DB01177,drugbank,C[C@@H]1O[C@H](C[C@H](N)[C@@H]1O)O[C@H]1C[C@@](O)(CC2=C1C(O)=C1C(=O)C3=CC=CC=C3C(=O)C1=C2O)C(C)=O,CC(=O)C1(O)Cc2c(O)c3c(c(O)c2C(OC2CC(N)C(O)C(C)O2)C1)C(=O)c1ccccc1C3=O,CC(=O)[C@]1(O)Cc2c(O)c3c(c(O)c2[C@@H](O[C@H]2C[C@H](N)[C@H](O)[C@H](C)O2)C1)C(=O)c1ccccc1C3=O,XDXDZDZNSLXDNA-TZNDIEGXSA-N,True
DB06810,drugbank,CO[C@@H]([C@@H]1CC2=CC3=CC(O[C@H]4C[C@@H](O[C@H]5C[C@@H](O)[C@H](O)[C@@H](C)O5)[C@H](O)[C@@H](C)O4)=C(C)C(O)=C3C(O)=C2C(=O)[C@H]1O[C@H]1C[C@@H](O[C@H]2C[C@@H](O[C@H]3C[C@](C)(O)[C@H](O)[C@@H](C)O3)[C@@H](O)[C@@H](C)O2)[C@H](O)[C@@H](C)O1)C(=O)[C@@H](O)[C@@H](C)O,COC(C(=O)C(O)C(C)O)C1Cc2cc3cc(OC4CC(OC5CC(O)C(O)C(C)O5)C(O)C(C)O4)c(C)c(O)c3c(O)c2C(=O)C1OC1CC(OC2CC(OC3CC(C)(O)C(O)C(C)O3)C(O)C(C)O2)C(O)C(C)O1,CO[C@H](C(=O)[C@@H](O)[C@@H](C)O)[C@@H]1Cc2cc3cc(O[C@H]4C[C@@H](O[C@H]5C[C@@H](O)[C@H](O)[C@@H](C)O5)[C@H](O)[C@@H](C)O4)c(C)c(O)c3c(O)c2C(=O)[C@H]1O[C@H]1C[C@@H](O[C@H]2C[C@@H](O[C@H]3C[C@](C)(O)[C@H](O)[C@@H](C)O3)[C@@H](O)[C@@H](C)O2)[C@H](O)[C@@H](C)O1,CFCUWKMKBJTWLW-BKHRDMLASA-N,True
DB00428,drugbank,CN(N=O)C(=O)N[C@H]1[C@@H](O)O[C@H](CO)[C@@H](O)[C@@H]1O,CN(N=O)C(=O)NC1C(O)OC(CO)C(O)C1O,CN(N=O)C(=O)N[C@@H]1[C@@H](O)[C@H](O)[C@@H](CO)O[C@@H]1O,ZSJLQEPLLKMAKR-GKHCUFPYSA-N,True
DB00684,drugbank,NC[C@H]1O[C@H](O[C@@H]2[C@@H](N)C[C@@H](N)[C@H](O[C@H]3O[C@H](CO)[C@@H](O)[C@H](N)[C@H]3O)[C@H]2O)[C@H](N)C[C@@H]1O,NCC1OC(OC2C(N)CC(N)C(OC3OC(CO)C(O)C(N)C3O)C2O)C(N)CC1O,NC[C@H]1O[C@H](O[C@H]2[C@H](O)[C@@H](O[C@H]3O[C@H](CO)[C@@H](O)[C@H](N)[C@H]3O)[C@H](N)C[C@@H]2N)[C@H](N)C[C@@H]1O,NLVFBUXFDBBNBW-PBSUHMDJSA-N,True
DB06263,drugbank,[H][C@@]1(C[C@@](N)(CC2=C1C(O)=C1C(=O)C3=CC=CC=C3C(=O)C1=C2O)C(C)=O)O[C@H]1C[C@H](O)[C@H](O)CO1,CC(=O)C1(N)Cc2c(O)c3c(c(O)c2C(OC2CC(O)C(O)CO2)C1)C(=O)c1ccccc1C3=O,CC(=O)[C@]1(N)Cc2c(O)c3c(c(O)c2[C@@H](O[C@H]2C[C@H](O)[C@H](O)CO2)C1)C(=O)c1ccccc1C3=O,VJZITPJGSQKZMX-XDPRQOKASA-N,True
DB00452,drugbank,NC[C@@H]1O[C@H](O[C@@H]2[C@@H](CO)O[C@@H](O[C@@H]3[C@@H](O)[C@H](N)C[C@H](N)[C@H]3O[C@H]3O[C@H](CN)[C@@H](O)[C@H](O)[C@H]3N)[C@@H]2O)[C@H](N)[C@@H](O)[C@@H]1O,NCC1OC(OC2C(CO)OC(OC3C(O)C(N)CC(N)C3OC3OC(CN)C(O)C(O)C3N)C2O)C(N)C(O)C1O,NC[C@@H]1O[C@H](O[C@H]2[C@@H](O)[C@H](O[C@@H]3[C@@H](O)[C@H](N)C[C@H](N)[C@H]3O[C@H]3O[C@H](CN)[C@@H](O)[C@H](O)[C@H]3N)O[C@@H]2CO)[C@H](N)[C@@H](O)[C@@H]1O,PGBHMTALBVVCIT-VCIWKGPPSA-N,True
DB00955,drugbank,CCN[C@@H]1C[C@H](N)[C@@H](O[C@H]2OC(CN)=CC[C@H]2N)[C@H](O)[C@H]1O[C@H]1OC[C@](C)(O)[C@H](NC)[C@H]1O,CCNC1CC(N)C(OC2OC(CN)=CCC2N)C(O)C1OC1OCC(C)(O)C(NC)C1O,CCN[C@@H]1C[C@H](N)[C@@H](O[C@H]2OC(CN)=CC[C@H]2N)[C@H](O)[C@H]1O[C@H]1OC[C@](C)(O)[C@H](NC)[C@H]1O,CIDUJQMULVCIBT-MQDUPKMGSA-N,True
DB00479,drugbank,NCC[C@H](O)C(=O)N[C@@H]1C[C@H](N)[C@@H](O[C@H]2O[C@H](CN)[C@@H](O)[C@H](O)[C@H]2O)[C@H](O)[C@H]1O[C@H]1O[C@H](CO)[C@@H](O)[C@H](N)[C@H]1O,NCCC(O)C(=O)NC1CC(N)C(OC2OC(CN)C(O)C(O)C2O)C(O)C1OC1OC(CO)C(O)C(N)C1O,NCC[C@H](O)C(=O)N[C@@H]1C[C@H](N)[C@@H](O[C@H]2O[C@H](CN)[C@@H](O)[C@H](O)[C@H]2O)[C@H](O)[C@H]1O[C@H]1O[C@H](CO)[C@@H](O)[C@H](N)[C@H]1O,LKCWBDHBTVXHDL-RMDFUYIESA-N,True
DB00385,drugbank,[H][C@@]1(C[C@@](O)(CC2=C(O)C3=C(C(O)=C12)C(=O)C1=C(OC)C=CC=C1C3=O)C(=O)COC(=O)CCCC)O[C@H]1C[C@H](NC(=O)C(F)(F)F)[C@H](O)[C@H](C)O1,CCCCC(=O)OCC(=O)C1(O)Cc2c(O)c3c(c(O)c2C(OC2CC(NC(=O)C(F)(F)F)C(O)C(C)O2)C1)C(=O)c1c(OC)cccc1C3=O,CCCCC(=O)OCC(=O)[C@]1(O)Cc2c(O)c3c(c(O)c2[C@@H](O[C@H]2C[C@H](NC(=O)C(F)(F)F)[C@H](O)[C@H](C)O2)C1)C(=O)c1c(OC)cccc1C3=O,ZOCKGBMQLCSHFP-KQRAQHLDSA-N,True
DB00694,drugbank,COC1=CC=CC2=C1C(=O)C1=C(O)C3=C(C[C@](O)(C[C@@H]3O[C@H]3C[C@H](N)[C@H](O)[C@H](C)O3)C(C)=O)C(O)=C1C2=O,COc1cccc2c1C(=O)c1c(O)c3c(c(O)c1C2=O)CC(O)(C(C)=O)CC3OC1CC(N)C(O)C(C)O1,COc1cccc2c1C(=O)c1c(O)c3c(c(O)c1C2=O)C[C@@](O)(C(C)=O)C[C@@H]3O[C@H]1C[C@H](N)[C@H](O)[C@H](C)O1,STQGQHZAVUOBTE-VGBVRHCVSA-N,True
DB03615,drugbank,[H][C@@]1(O[C@@H]2[C@@H](O)[C@H](N)C[C@H](N)[C@H]2O[C@H]2O[C@H](CN)[C@@H](O)[C@H](O)[C@H]2N)O[C@H](CO)[C@@H](O)[C@H]1O,NCC1OC(OC2C(N)CC(N)C(O)C2OC2OC(CO)C(O)C2O)C(N)C(O)C1O,NC[C@H]1O[C@H](O[C@H]2[C@H](O[C@@H]3O[C@H](CO)[C@@H](O)[C@H]3O)[C@@H](O)[C@H](N)C[C@@H]2N)[C@H](N)[C@@H](O)[C@@H]1O,NSKGQURZWSPSBC-VVPCINPTSA-N,True
DB00781,drugbank,[H][C@]1(NC(=O)[C@H](CCN)NC(=O)[C@H](CCN)NC(=O)[C@H](CC(C)C)NC(=O)[C@@H](CC2=CC=CC=C2)NC(=O)[C@@H](CCN)NC(=O)[C@H](CCNC1=O)NC(=O)[C@H](CCN)NC(=O)[C@@H](NC(=O)[C@H](CCN)NC(=O)CCCCC(C)CC)[C@@H](C)O)[C@@H](C)O,CCC(C)CCCCC(=O)NC(CCN)C(=O)NC(C(=O)NC(CCN)C(=O)NC1CCNC(=O)C(C(C)O)NC(=O)C(CCN)NC(=O)C(CCN)NC(=O)C(CC(C)C)NC(=O)C(Cc2ccccc2)NC(=O)C(CCN)NC1=O)C(C)O,CCC(C)CCCCC(=O)N[C@@H](CCN)C(=O)N[C@H](C(=O)N[C@@H](CCN)C(=O)N[C@H]1CCNC(=O)[C@H]([C@@H](C)O)NC(=O)[C@H](CCN)NC(=O)[C@H](CCN)NC(=O)[C@H](CC(C)C)NC(=O)[C@@H](Cc2ccccc2)NC(=O)[C@@H](CCN)NC1=O)[C@@H](C)O,WQVJHHACXVLGBL-BPJDFBQWSA-N,True
DB00997,drugbank,COC1=CC=CC2=C1C(=O)C1=C(O)C3=C(C[C@](O)(C[C@@H]3O[C@H]3C[C@H](N)[C@H](O)[C@H](C)O3)C(=O)CO)C(O)=C1C2=O,COc1cccc2c1C(=O)c1c(O)c3c(c(O)c1C2=O)CC(O)(C(=O)CO)CC3OC1CC(N)C(O)C(C)O1,COc1cccc2c1C(=O)c1c(O)c3c(c(O)c1C2=O)C[C@@](O)(C(=O)CO)C[C@@H]3O[C@H]1C[C@H](N)[C@H](O)[C@H](C)O1,AOJJSUZBOXZQNB-TZSSRYMLSA-N,True
DB06696,drugbank,NCC[C@H](O)C(=O)N[C@@H]1C[C@H](N)[C@@H](O[C@H]2O[C@H](CN)CC[C@H]2N)[C@H](O)[C@H]1O[C@H]1O[C@H](CO)[C@@H](O)[C@H](N)[C@H]1O,NCCC(O)C(=O)NC1CC(N)C(OC2OC(CN)CCC2N)C(O)C1OC1OC(CO)C(O)C(N)C1O,NCC[C@H](O)C(=O)N[C@@H]1C[C@H](N)[C@@H](O[C@H]2O[C@H](CN)CC[C@H]2N)[C@H](O)[C@H]1O[C@H]1O[C@H](CO)[C@@H](O)[C@H](N)[C@H]1O,MKKYBZZTJQGVCD-XTCKQBCOSA-N,True
DB00798,drugbank,CNC(C)C1CCC(N)C(OC2C(N)CC(N)C(OC3OCC(C)(O)C(NC)C3O)C2O)O1,CNC(C)C1CCC(N)C(OC2C(N)CC(N)C(OC3OCC(C)(O)C(NC)C3O)C2O)O1,CNC(C)C1CCC(N)C(OC2C(N)CC(N)C(OC3OCC(C)(O)C(NC)C3O)C2O)O1,CEAZRRDELHUEMR-UHFFFAOYSA-N,True
DB01421,drugbank,NC[C@@H]1O[C@H](O[C@@H]2[C@@H](CO)O[C@@H](O[C@@H]3[C@@H](O)[C@H](N)C[C@H](N)[C@H]3O[C@H]3O[C@H](CO)[C@@H](O)[C@H](O)[C@H]3N)[C@@H]2O)[C@H](N)[C@@H](O)[C@@H]1O,NCC1OC(OC2C(CO)OC(OC3C(O)C(N)CC(N)C3OC3OC(CO)C(O)C(O)C3N)C2O)C(N)C(O)C1O,NC[C@@H]1O[C@H](O[C@H]2[C@@H](O)[C@H](O[C@@H]3[C@@H](O)[C@H](N)C[C@H](N)[C@H]3O[C@H]3O[C@H](CO)[C@@H](O)[C@H](O)[C@H]3N)O[C@@H]2CO)[C@H](N)[C@@H](O)[C@@H]1O,UOZODPSAJZTQNH-LSWIJEOBSA-N,True
DB00919,drugbank,[H][C@@]12O[C@H](C)CC(=O)[C@]1(O)O[C@]1([H])[C@@H](NC)[C@@H](O)[C@@H](NC)[C@H](O)[C@@]1([H])O2,CNC1C(O)C(NC)C2OC3(O)C(=O)CC(C)OC3OC2C1O,CN[C@@H]1[C@H](O)[C@H](NC)[C@H]2O[C@@]3(O)C(=O)C[C@@H](C)O[C@H]3O[C@@H]2[C@H]1O,UNFWWIHTNXNPBV-WXKVUWSESA-N,True
DB08906,drugbank,[H][C@@]12C[C@@H](C)[C@](OC(=O)C3=CC=CO3)(C(=O)SCF)[C@@]1(C)C[C@H](O)[C@@]1(F)[C@@]2([H])C[C@H](F)C2=CC(=O)C=C[C@]12C,CC1CC2C3CC(F)C4=CC(=O)C=CC4(C)C3(F)C(O)CC2(C)C1(OC(=O)c1ccco1)C(=O)SCF,C[C@@H]1C[C@H]2[C@@H]3C[C@H](F)C4=CC(=O)C=C[C@]4(C)[C@@]3(F)[C@@H](O)C[C@]2(C)[C@@]1(OC(=O)c1ccco1)C(=O)SCF,XTULMSXFIHGYFS-VLSRWLAYSA-N,True
DB01708,drugbank,[H][C@@]12CCC(=O)[C@@]1(C)CC[C@@]1([H])[C@@]2([H])CC=C2C[C@@]([H])(O)CC[C@]12C,CC12CCC3C(CC=C4CC(O)CCC43C)C1CCC2=O,C[C@]12CC[C@H](O)CC1=CC[C@@H]1[C@@H]2CC[C@]2(C)C(=O)CC[C@@H]12,FMGSKLZLMKYGDP-USOAJAOKSA-N,True
DB00223,drugbank,[H][C@@]12C[C@H](C)[C@](O)(C(=O)CO)[C@@]1(C)C[C@H](O)[C@@]1(F)[C@@]2([H])C[C@H](F)C2=CC(=O)C=C[C@]12C,CC1CC2C3CC(F)C4=CC(=O)C=CC4(C)C3(F)C(O)CC2(C)C1(O)C(=O)CO,C[C@H]1C[C@H]2[C@@H]3C[C@H](F)C4=CC(=O)C=C[C@]4(C)[C@@]3(F)[C@@H](O)C[C@]2(C)[C@@]1(O)C(=O)CO,WXURHACBFYSXBI-XHIJKXOTSA-N,True
DB00663,drugbank,[H][C@@]12C[C@@H](C)[C@](O)(C(=O)CO)[C@@]1(C)C[C@H](O)[C@@]1(F)[C@@]2([H])C[C@H](F)C2=CC(=O)C=C[C@]12C,CC1CC2C3CC(F)C4=CC(=O)C=CC4(C)C3(F)C(O)CC2(C)C1(O)C(=O)CO,C[C@@H]1C[C@H]2[C@@H]3C[C@H](F)C4=CC(=O)C=C[C@]4(C)[C@@]3(F)[C@@H](O)C[C@]2(C)[C@@]1(O)C(=O)CO,WXURHACBFYSXBI-GQKYHHCASA-N,True
DB00547,drugbank,[H][C@@]12C[C@@H](C)[C@H](C(=O)CO)[C@@]1(C)C[C@H](O)[C@@]1(F)[C@@]2([H])CCC2=CC(=O)C=C[C@]12C,CC1CC2C3CCC4=CC(=O)C=CC4(C)C3(F)C(O)CC2(C)C1C(=O)CO,C[C@@H]1C[C@H]2[C@@H]3CCC4=CC(=O)C=C[C@]4(C)[C@@]3(F)[C@@H](O)C[C@]2(C)[C@H]1C(=O)CO,VWVSBHGCDBMOOT-IIEHVVJPSA-N,True
DB00764,drugbank,[H][C@@]12C[C@@H](C)[C@](O)(C(=O)CCl)[C@@]1(C)C[C@H](O)[C@@]1(Cl)[C@@]2([H])CCC2=CC(=O)C=C[C@]12C,CC1CC2C3CCC4=CC(=O)C=CC4(C)C3(Cl)C(O)CC2(C)C1(O)C(=O)CCl,C[C@@H]1C[C@H]2[C@@H]3CCC4=CC(=O)C=C[C@]4(C)[C@@]3(Cl)[C@@H](O)C[C@]2(C)[C@@]1(O)C(=O)CCl,QLIIKPVHVRXHRI-CXSFZGCWSA-N,True
DB01013,drugbank,[H][C@@]12C[C@H](C)[C@](OC(=O)CC)(C(=O)CCl)[C@@]1(C)C[C@H](O)[C@@]1(F)[C@@]2([H])CCC2=CC(=O)C=C[C@]12C,CCC(=O)OC1(C(=O)CCl)C(C)CC2C3CCC4=CC(=O)C=CC4(C)C3(F)C(O)CC21C,CCC(=O)O[C@]1(C(=O)CCl)[C@@H](C)C[C@H]2[C@@H]3CCC4=CC(=O)C=C[C@]4(C)[C@@]3(F)[C@@H](O)C[C@@]21C,CBGUOGMQLZIXBE-XGQKBEPLSA-N,True
DB00655,drugbank,[H][C@@]12CCC(=O)[C@@]1(C)CC[C@]1([H])C3=C(CC[C@@]21[H])C=C(O)C=C3,CC12CCC3c4ccc(O)cc4CCC3C1CCC2=O,C[C@]12CC[C@@H]3c4ccc(O)cc4CC[C@H]3[C@@H]1CCC2=O,DNXHEGUUPJUMQT-CBZIJGRNSA-N,True
DB06781,drugbank,[H][C@@]12CC[C@](OC(=O)CCC)(C(=O)COC(C)=O)[C@@]1(C)C[C@H](O)[C@@]1(F)[C@@]2([H])C[C@H](F)C2=CC(=O)C=C[C@]12C,CCCC(=O)OC1(C(=O)COC(C)=O)CCC2C3CC(F)C4=CC(=O)C=CC4(C)C3(F)C(O)CC21C,CCCC(=O)O[C@]1(C(=O)COC(C)=O)CC[C@H]2[C@@H]3C[C@H](F)C4=CC(=O)C=C[C@]4(C)[C@@]3(F)[C@@H](O)C[C@@]21C,WYQPLTPSGFELIB-JTQPXKBDSA-N,True
DB00635,drugbank,[H][C@@]12CC[C@](O)(C(=O)CO)[C@@]1(C)CC(=O)[C@@]1([H])[C@@]2([H])CCC2=CC(=O)C=C[C@]12C,CC12C=CC(=O)C=C1CCC1C2C(=O)CC2(C)C1CCC2(O)C(=O)CO,C[C@]12C=CC(=O)C=C1CC[C@@H]1[C@@H]2C(=O)C[C@@]2(C)[C@H]1CC[C@]2(O)C(=O)CO,XOFYZVNMUHMLCC-ZPOLXVRWSA-N,True
DB08970,drugbank,[H][C@@]12CC(=C)[C@](O)(C(=O)CO)[C@@]1(C)C[C@H](O)[C@@]1(F)[C@@]2([H])CCC2=CC(=O)C=C[C@]12C,C=C1CC2C3CCC4=CC(=O)C=CC4(C)C3(F)C(O)CC2(C)C1(O)C(=O)CO,C=C1C[C@H]2[C@@H]3CCC4=CC(=O)C=C[C@]4(C)[C@@]3(F)[C@@H](O)C[C@]2(C)[C@@]1(O)C(=O)CO,YVHXHNGGPURVOS-SBTDHBFYSA-N,True
DB00394,drugbank,[H][C@@]12C[C@H](C)[C@](OC(=O)CC)(C(=O)COC(=O)CC)[C@@]1(C)C[C@H](O)[C@@]1(Cl)[C@@]2([H])CCC2=CC(=O)C=C[C@]12C,CCC(=O)OCC(=O)C1(OC(=O)CC)C(C)CC2C3CCC4=CC(=O)C=CC4(C)C3(Cl)C(O)CC21C,CCC(=O)OCC(=O)[C@@]1(OC(=O)CC)[C@@H](C)C[C@H]2[C@@H]3CCC4=CC(=O)C=C[C@]4(C)[C@@]3(Cl)[C@@H](O)C[C@@]21C,KUVIULQEHSCUHY-XYWKZLDCSA-N,True
DB09091,drugbank,[H][C@@]12CC[C@](O)(C(=O)CS)[C@@]1(C)C[C@H](O)[C@@]1([H])[C@@]2([H])CCC2=CC(=O)CC[C@]12C,CC12CCC(=O)C=C1CCC1C2C(O)CC2(C)C1CCC2(O)C(=O)CS,C[C@]12CCC(=O)C=C1CC[C@@H]1[C@@H]2[C@@H](O)C[C@@]2(C)[C@H]1CC[C@]2(O)C(=O)CS,YWDBSCORAARPPF-VWUMJDOOSA-N,True
DB01047,drugbank,[H][C@@]12C[C@@]3([H])[C@]4([H])C[C@H](F)C5=CC(=O)C=C[C@]5(C)[C@@]4(F)[C@@H](O)C[C@]3(C)[C@@]1(OC(C)(C)O2)C(=O)COC(C)=O,CC(=O)OCC(=O)C12OC(C)(C)OC1CC1C3CC(F)C4=CC(=O)C=CC4(C)C3(F)C(O)CC12C,CC(=O)OCC(=O)[C@@]12OC(C)(C)O[C@@H]1C[C@H]1[C@@H]3C[C@H](F)C4=CC(=O)C=C[C@]4(C)[C@@]3(F)[C@@H](O)C[C@@]12C,WJOHZNCJWYWUJD-IUGZLZTKSA-N,True
DB01410,drugbank,[H][C@@]12C[C@@]3([H])[C@]4([H])CCC5=CC(=O)C=C[C@]5(C)[C@@]4([H])[C@@H](O)C[C@]3(C)[C@@]1(O[C@@H](O2)C1CCCCC1)C(=O)COC(=O)C(C)C,CC(C)C(=O)OCC(=O)C12OC(C3CCCCC3)OC1CC1C3CCC4=CC(=O)C=CC4(C)C3C(O)CC12C,CC(C)C(=O)OCC(=O)[C@@]12O[C@H](C3CCCCC3)O[C@@H]1C[C@H]1[C@@H]3CCC4=CC(=O)C=C[C@]4(C)[C@H]3[C@@H](O)C[C@@]12C,LUKZNWIVRBCLON-GXOBDPJESA-N,True
DB01380,drugbank,[H][C@@]12CC[C@](O)(C(=O)COC(C)=O)[C@@]1(C)CC(=O)[C@@]1([H])[C@@]2([H])CCC2=CC(=O)CC[C@]12C,CC(=O)OCC(=O)C1(O)CCC2C3CCC4=CC(=O)CCC4(C)C3C(=O)CC21C,CC(=O)OCC(=O)[C@@]1(O)CC[C@H]2[C@@H]3CCC4=CC(=O)CC[C@]4(C)[C@H]3C(=O)C[C@@]21C,ITRJWOMZKQRYTA-RFZYENFJSA-N,True
DB00240,drugbank,[H][C@@]12C[C@@H](C)[C@](O)(C(=O)CO)[C@@]1(C)C[C@H](O)[C@@]1([H])[C@@]2([H])[C@H](Cl)CC2=CC(=O)C=C[C@]12C,CC1CC2C3C(Cl)CC4=CC(=O)C=CC4(C)C3C(O)CC2(C)C1(O)C(=O)CO,C[C@@H]1C[C@H]2[C@H]3[C@H]([C@@H](O)C[C@]2(C)[C@@]1(O)C(=O)CO)[C@@]1(C)C=CC(=O)C=C1C[C@H]3Cl,FJXOGVLKCZQRDN-PHCHRAKRSA-N,True
DB00687,drugbank,[H][C@@]12CC[C@](O)(C(=O)CO)[C@@]1(C)C[C@H](O)[C@@]1(F)[C@@]2([H])CCC2=CC(=O)CC[C@]12C,CC12CCC(=O)C=C1CCC1C3CCC(O)(C(=O)CO)C3(C)CC(O)C12F,C[C@]12CCC(=O)C=C1CC[C@H]1[C@@H]3CC[C@](O)(C(=O)CO)[C@@]3(C)C[C@H](O)[C@@]12F,AAXVEMMRQDVLJB-BULBTXNYSA-N,True
DB00180,drugbank,[H][C@@]12C[C@@]3([H])[C@]4([H])C[C@H](F)C5=CC(=O)C=C[C@]5(C)[C@@]4([H])[C@@H](O)C[C@]3(C)[C@@]1(OC(C)(C)O2)C(=O)CO,CC1(C)OC2CC3C4CC(F)C5=CC(=O)C=CC5(C)C4C(O)CC3(C)C2(C(=O)CO)O1,CC1(C)O[C@@H]2C[C@H]3[C@@H]4C[C@H](F)C5=CC(=O)C=C[C@]5(C)[C@H]4[C@@H](O)C[C@]3(C)[C@]2(C(=O)CO)O1,XSFJVAJPIHIPKU-XWCQMRHXSA-N,True
DB00620,drugbank,[H][C@@]12C[C@@H](O)[C@](O)(C(=O)CO)[C@@]1(C)C[C@H](O)[C@@]1(F)[C@@]2([H])CCC2=CC(=O)C=C[C@]12C,CC12C=CC(=O)C=C1CCC1C3CC(O)C(O)(C(=O)CO)C3(C)CC(O)C12F,C[C@]12C=CC(=O)C=C1CC[C@H]1[C@@H]3C[C@@H](O)[C@](O)(C(=O)CO)[C@@]3(C)C[C@H](O)[C@@]12F,GFNANZIMVAIWHM-OBYCQNJPSA-N,True
DB00591,drugbank,[H][C@@]12C[C@@]3([H])[C@]4([H])C[C@H](F)C5=CC(=O)C=C[C@]5(C)[C@@]4(F)[C@@H](O)C[C@]3(C)[C@@]1(OC(C)(C)O2)C(=O)CO,CC1(C)OC2CC3C4CC(F)C5=CC(=O)C=CC5(C)C4(F)C(O)CC3(C)C2(C(=O)CO)O1,CC1(C)O[C@@H]2C[C@H]3[C@@H]4C[C@H](F)C5=CC(=O)C=C[C@]5(C)[C@@]4(F)[C@@H](O)C[C@]3(C)[C@]2(C(=O)CO)O1,FEBLZLNTKCEFIT-VSXGLTOVSA-N,True
DB01384,drugbank,[H][C@@]12C[C@@H](C)[C@](O)(C(=O)CO)[C@@]1(C)C[C@H](O)[C@@]1([H])[C@@]2([H])C[C@H](F)C2=CC(=O)C=C[C@]12C,CC1CC2C3CC(F)C4=CC(=O)C=CC4(C)C3C(O)CC2(C)C1(O)C(=O)CO,C[C@@H]1C[C@H]2[C@@H]3C[C@H](F)C4=CC(=O)C=C[C@]4(C)[C@H]3[C@@H](O)C[C@]2(C)[C@@]1(O)C(=O)CO,MKPDWECBUAZOHP-AFYJWTTESA-N,True
DB01130,drugbank,[H][C@@]12CC[C@](OC(=O)OCC)(C(=O)COC(=O)CC)[C@@]1(C)C[C@H](O)[C@@]1([H])[C@@]2([H])CCC2=CC(=O)C=C[C@]12C,CCOC(=O)OC1(C(=O)COC(=O)CC)CCC2C3CCC4=CC(=O)C=CC4(C)C3C(O)CC21C,CCOC(=O)O[C@]1(C(=O)COC(=O)CC)CC[C@H]2[C@@H]3CCC4=CC(=O)C=C[C@]4(C)[C@H]3[C@@H](O)C[C@@]21C,FNPXMHRZILFCKX-KAJVQRHHSA-N,True
DB00896,drugbank,[H][C@@]12C[C@@H](C)[C@](C)(C(=O)CC)[C@@]1(C)C[C@H](O)[C@@]1([H])[C@@]2([H])CCC2=CC(=O)C=C[C@]12C,CCC(=O)C1(C)C(C)CC2C3CCC4=CC(=O)C=CC4(C)C3C(O)CC21C,CCC(=O)[C@@]1(C)[C@H](C)C[C@H]2[C@@H]3CCC4=CC(=O)C=C[C@]4(C)[C@H]3[C@@H](O)C[C@@]21C,QTTRZHGPGKRAFB-OOKHYKNYSA-N,True
DB00443,drugbank,[H][C@@]12C[C@H](C)[C@](O)(C(=O)CO)[C@@]1(C)C[C@H](O)[C@@]1(F)[C@@]2([H])CCC2=CC(=O)C=C[C@]12C,CC1CC2C3CCC4=CC(=O)C=CC4(C)C3(F)C(O)CC2(C)C1(O)C(=O)CO,C[C@H]1C[C@H]2[C@@H]3CCC4=CC(=O)C=C[C@]4(C)[C@@]3(F)[C@@H](O)C[C@]2(C)[C@@]1(O)C(=O)CO,UREBDLICKHMUKA-DVTGEIKXSA-N,True
DB11921,drugbank,[H][C@@]12C[C@@]3([H])[C@]4([H])CCC5=CC(=O)C=C[C@]5(C)[C@@]4([H])[C@@]([H])(O)C[C@]3(C)[C@@]1(N=C(C)O2)C(=O)COC(C)=O,CC(=O)OCC(=O)C12N=C(C)OC1CC1C3CCC4=CC(=O)C=CC4(C)C3C(O)CC12C,CC(=O)OCC(=O)[C@@]12N=C(C)O[C@@H]1C[C@H]1[C@@H]3CCC4=CC(=O)C=C[C@]4(C)[C@H]3[C@@H](O)C[C@@]12C,FBHSPRKOSMHSIF-GRMWVWQJSA-N,True
DB01260,drugbank,[H][C@@]12C[C@H]3OC(C)(C)O[C@@]3(C(=O)CO)[C@@]1(C)C[C@H](O)[C@@]1([H])[C@@]2([H])CCC2=CC(=O)C=C[C@]12C,CC1(C)OC2CC3C4CCC5=CC(=O)C=CC5(C)C4C(O)CC3(C)C2(C(=O)CO)O1,CC1(C)O[C@@H]2C[C@H]3[C@@H]4CCC5=CC(=O)C=C[C@]5(C)[C@H]4[C@@H](O)C[C@]3(C)[C@]2(C(=O)CO)O1,WBGKWQHBNHJJPZ-LECWWXJVSA-N,True
DB00288,drugbank,[H][C@@]12C[C@H]3OC4(CCCC4)O[C@@]3(C(=O)COC(C)=O)[C@@]1(C)C[C@H](O)[C@@]1(F)[C@@]2([H])CCC2=CC(=O)C=C[C@]12C,CC(=O)OCC(=O)C12OC3(CCCC3)OC1CC1C3CCC4=CC(=O)C=CC4(C)C3(F)C(O)CC12C,CC(=O)OCC(=O)[C@@]12OC3(CCCC3)O[C@@H]1C[C@H]1[C@@H]3CCC4=CC(=O)C=C[C@]4(C)[C@@]3(F)[C@@H](O)C[C@@]12C,ILKJAFIWWBXGDU-MOGDOJJUSA-N,True
DB04574,drugbank,[H][C@@]12CCC(=O)[C@@]1(C)CC[C@]1([H])C3=C(CC[C@@]21[H])C=C(OS(O)(=O)=O)C=C3,CC12CCC3c4ccc(OS(=O)(=O)O)cc4CCC3C1CCC2=O,C[C@]12CC[C@@H]3c4ccc(OS(=O)(=O)O)cc4CC[C@H]3[C@@H]1CCC2=O,JKKFKPJIXZFSSB-CBZIJGRNSA-N,True
DB00959,drugbank,[H][C@@]12CC[C@](O)(C(=O)CO)[C@@]1(C)C[C@H](O)[C@@]1([H])[C@@]2([H])C[C@H](C)C2=CC(=O)C=C[C@]12C,CC1CC2C(C(O)CC3(C)C2CCC3(O)C(=O)CO)C2(C)C=CC(=O)C=C12,C[C@H]1C[C@@H]2[C@H]([C@@H](O)C[C@@]3(C)[C@H]2CC[C@]3(O)C(=O)CO)[C@@]2(C)C=CC(=O)C=C12,VHRSUDSXCMQTMA-PJHHCJLFSA-N,True
DB02187,drugbank,[H][C@@]12CCC(=O)[C@@]1(C)CC[C@]1([H])C3=C(CC=C21)C=C(O)C=C3,CC12CCC3C(=CCc4cc(O)ccc43)C1CCC2=O,C[C@]12CC[C@H]3C(=CCc4cc(O)ccc43)[C@@H]1CCC2=O,WKRLQDKEXYKHJB-HFTRVMKXSA-N,True
DB00596,drugbank,[H][C@@]12C[C@H](C)[C@](O)(C(=O)CCl)[C@@]1(C)C[C@H](O)[C@@]1(F)[C@@]2([H])C[C@H](F)C2=CC(=O)C=C[C@]12C,CC1CC2C3CC(F)C4=CC(=O)C=CC4(C)C3(F)C(O)CC2(C)C1(O)C(=O)CCl,C[C@H]1C[C@H]2[C@@H]3C[C@H](F)C4=CC(=O)C=C[C@]4(C)[C@@]3(F)[C@@H](O)C[C@]2(C)[C@@]1(O)C(=O)CCl,LEHFPXVYPMWYQD-XHIJKXOTSA-N,True
DB00873,drugbank,[H][C@@]12CC[C@](O)(C(=O)OCCl)[C@@]1(C)C[C@H](O)[C@@]1([H])[C@@]2([H])CCC2=CC(=O)C=C[C@]12C,CC12C=CC(=O)C=C1CCC1C2C(O)CC2(C)C1CCC2(O)C(=O)OCCl,C[C@]12C=CC(=O)C=C1CC[C@@H]1[C@@H]2[C@@H](O)C[C@@]2(C)[C@H]1CC[C@]2(O)C(=O)OCCl,YPZVAYHNBBHPTO-MXRBDKCISA-N,True
DB06786,drugbank,[H][C@@]12C[C@H]3OC(C)(C)O[C@@]3(C(=O)CCl)[C@@]1(C)C[C@H](O)[C@@]1(F)[C@@]2([H])CCC2=CC(=O)CC[C@]12C,CC1(C)OC2CC3C4CCC5=CC(=O)CCC5(C)C4(F)C(O)CC3(C)C2(C(=O)CCl)O1,CC1(C)O[C@@H]2C[C@H]3[C@@H]4CCC5=CC(=O)CC[C@]5(C)[C@@]4(F)[C@@H](O)C[C@]3(C)[C@]2(C(=O)CCl)O1,MUQNGPZZQDCDFT-JNQJZLCISA-N,True
DB08905,drugbank,[H][C@@]12CCC(=O)[C@@]1(C)CC[C@@]1([H])[C@@]2([H])CCC2=C(O)C(=O)CC[C@]12C,CC12CCC3C(CCC4=C(O)C(=O)CCC43C)C1CCC2=O,C[C@]12CCC(=O)C(O)=C1CC[C@@H]1[C@@H]2CC[C@]2(C)C(=O)CC[C@@H]12,OSVMTWJCGUFAOD-KZQROQTASA-N,True
DB08971,drugbank,[H][C@@]1(C)C[C@@]2([H])[C@]3([H])C[C@]([H])(F)C4=CC(=O)C=C[C@]4(C)[C@@]3([H])[C@@]([H])(O)C[C@]2(C)[C@@]1([H])C(=O)CO,CC1CC2C3CC(F)C4=CC(=O)C=CC4(C)C3C(O)CC2(C)C1C(=O)CO,C[C@@H]1C[C@H]2[C@@H]3C[C@H](F)C4=CC(=O)C=C[C@]4(C)[C@H]3[C@@H](O)C[C@]2(C)[C@H]1C(=O)CO,GAKMQHDJQHZUTJ-ULHLPKEOSA-N,True
DB00846,drugbank,CC1(C)O[C@@H]2C[C@H]3[C@@H]4C[C@H](F)C5=CC(=O)CC[C@]5(C)[C@H]4[C@@H](O)C[C@]3(C)[C@@]2(O1)C(=O)CO,CC1(C)OC2CC3C4CC(F)C5=CC(=O)CCC5(C)C4C(O)CC3(C)C2(C(=O)CO)O1,CC1(C)O[C@@H]2C[C@H]3[C@@H]4C[C@H](F)C5=CC(=O)CC[C@]5(C)[C@H]4[C@@H](O)C[C@]3(C)[C@]2(C(=O)CO)O1,POPFMWWJOGLOIF-XWCQMRHXSA-N,True
DB01222,drugbank,[H][C@@]12C[C@H]3OC(CCC)O[C@@]3(C(=O)CO)[C@@]1(C)C[C@H](O)[C@@]1([H])[C@@]2([H])CCC2=CC(=O)C=C[C@]12C,CCCC1OC2CC3C4CCC5=CC(=O)C=CC5(C)C4C(O)CC3(C)C2(C(=O)CO)O1,CCCC1O[C@@H]2C[C@H]3[C@@H]4CCC5=CC(=O)C=C[C@]5(C)[C@H]4[C@@H](O)C[C@]3(C)[C@]2(C(=O)CO)O1,VOVIALXJUBGFJZ-KWVAZRHASA-N,True
DB09095,drugbank,[H][C@@]12C[C@@H](C)[C@H](C(=O)CO)[C@@]1(C)C[C@H](O)[C@@]1(F)[C@@]2([H])C[C@H](F)C2=CC(=O)C=C[C@]12C,CC1CC2C3CC(F)C4=CC(=O)C=CC4(C)C3(F)C(O)CC2(C)C1C(=O)CO,C[C@@H]1C[C@H]2[C@@H]3C[C@H](F)C4=CC(=O)C=C[C@]4(C)[C@@]3(F)[C@@H](O)C[C@]2(C)[C@H]1C(=O)CO,OGPWIDANBSLJPC-RFPWEZLHSA-N,True
DB00253,drugbank,[H][C@@]12CC[C@H](C(C)=O)[C@@]1(C)C[C@H](O)[C@@]1([H])[C@@]2([H])C[C@H](C)C2=CC(=O)CC[C@]12C,CC(=O)C1CCC2C3CC(C)C4=CC(=O)CCC4(C)C3C(O)CC12C,CC(=O)[C@H]1CC[C@H]2[C@@H]3C[C@H](C)C4=CC(=O)CC[C@]4(C)[C@H]3[C@@H](O)C[C@]12C,GZENKSODFLBBHQ-ILSZZQPISA-N,True
DB00838,drugbank,[H][C@@]12C[C@@H](C)[C@H](C(=O)CO)[C@@]1(C)C[C@H](O)[C@@]1(Cl)[C@@]2([H])C[C@H](F)C2=CC(=O)C=C[C@]12C,CC1CC2C3CC(F)C4=CC(=O)C=CC4(C)C3(Cl)C(O)CC2(C)C1C(=O)CO,C[C@@H]1C[C@H]2[C@@H]3C[C@H](F)C4=CC(=O)C=C[C@]4(C)[C@@]3(Cl)[C@@H](O)C[C@]2(C)[C@H]1C(=O)CO,YMTMADLUXIRMGX-RFPWEZLHSA-N,True
DB00741,drugbank,[H][C@@]12CC[C@](O)(C(=O)CO)[C@@]1(C)C[C@H](O)[C@@]1([H])[C@@]2([H])CCC2=CC(=O)CC[C@]12C,CC12CCC(=O)C=C1CCC1C2C(O)CC2(C)C1CCC2(O)C(=O)CO,C[C@]12CCC(=O)C=C1CC[C@@H]1[C@@H]2[C@@H](O)C[C@@]2(C)[C@H]1CC[C@]2(O)C(=O)CO,JYGXADMDTFJGBT-VWUMJDOOSA-N,True
DB00324,drugbank,[H][C@@]12CC[C@](O)(C(C)=O)[C@@]1(C)C[C@H](O)[C@@]1(F)[C@@]2([H])C[C@H](C)C2=CC(=O)C=C[C@]12C,CC(=O)C1(O)CCC2C3CC(C)C4=CC(=O)C=CC4(C)C3(F)C(O)CC21C,CC(=O)[C@@]1(O)CC[C@H]2[C@@H]3C[C@H](C)C4=CC(=O)C=C[C@]4(C)[C@@]3(F)[C@@H](O)C[C@@]21C,FAOZLTXFLGPHNG-KNAQIMQKSA-N,True
DB13158,drugbank,[H][C@]1(C)C[C@@]2([H])[C@]3([H])CCC4=CC(=O)C=C[C@]4(C)[C@@]3(F)C(=O)C[C@]2(C)[C@@]1(O)C(=O)CCl,CC1CC2C3CCC4=CC(=O)C=CC4(C)C3(F)C(=O)CC2(C)C1(O)C(=O)CCl,C[C@H]1C[C@H]2[C@@H]3CCC4=CC(=O)C=C[C@]4(C)[C@@]3(F)C(=O)C[C@]2(C)[C@@]1(O)C(=O)CCl,XXIFVOHLGBURIG-OZCCCYNHSA-N,True
DB00937,drugbank,CCN(CC)C(C)C(=O)C1=CC=CC=C1,CCN(CC)C(C)C(=O)c1ccccc1,CCN(CC)C(C)C(=O)c1ccccc1,XXEPPPIWZFICOJ-UHFFFAOYSA-N,True
DB00191,drugbank,CC(C)(N)CC1=CC=CC=C1,CC(C)(N)Cc1ccccc1,CC(C)(N)Cc1ccccc1,DHHVAGZRUROJKS-UHFFFAOYSA-N,True
DB09352,drugbank,CC(N)CC1=CC=C(O)C=C1,CC(N)Cc1ccc(O)cc1,CC(N)Cc1ccc(O)cc1,GIKNHHRFLCDOEU-UHFFFAOYSA-N,True
DB01255,drugbank,C[C@@H](CC1=CC=CC=C1)NC(=O)[C@@H](N)CCCCN,CC(Cc1ccccc1)NC(=O)C(N)CCCCN,C[C@@H](Cc1ccccc1)NC(=O)[C@@H](N)CCCCN,VOBHXZCDAVEXEY-JSGCOSHPSA-N,True
DB01576,drugbank,C[C@H](N)CC1=CC=CC=C1,CC(N)Cc1ccccc1,C[C@H](N)Cc1ccccc1,KWTSXDURSIMDCE-QMMMGPOBSA-N,True
DB00399,drugbank,OC(CN1C=CN=C1)(P(O)(O)=O)P(O)(O)=O,O=P(O)(O)C(O)(Cn1ccnc1)P(=O)(O)O,O=P(O)(O)C(O)(Cn1ccnc1)P(=O)(O)O,XRASPMIURGNCCH-UHFFFAOYSA-N,True
DB00884,drugbank,OC(CC1=CN=CC=C1)(P(O)(O)=O)P(O)(O)=O,O=P(O)(O)C(O)(Cc1cccnc1)P(=O)(O)O,O=P(O)(O)C(O)(Cc1cccnc1)P(=O)(O)O,IIDJRNMFWXDHID-UHFFFAOYSA-N,True
DB01133,drugbank,OP(O)(=O)C(SC1=CC=C(Cl)C=C1)P(O)(O)=O,O=P(O)(O)C(Sc1ccc(Cl)cc1)P(=O)(O)O,O=P(O)(O)C(Sc1ccc(Cl)cc1)P(=O)(O)O,DKJJVAGXPKPDRL-UHFFFAOYSA-N,True
DB09138,drugbank,O.O.[98Tc+4].[O-]P([O-])(=O)CP([O-])([O-])=O,O.O.O=P([O-])([O-])CP(=O)([O-])[O-].[Tc+4],O.O.O=P([O-])([O-])CP(=O)([O-])[O-].[98Tc+4],IUPNVOAUFBLQME-LDYDCSBASA-J,True
DB00630,drugbank,NCCCC(O)(P(O)(O)=O)P(O)(O)=O,NCCCC(O)(P(=O)(O)O)P(=O)(O)O,NCCCC(O)(P(=O)(O)O)P(=O)(O)O,OGSPWJRAVKPPFI-UHFFFAOYSA-N,True
DB01077,drugbank,CC(O)(P(O)(O)=O)P(O)(O)=O,CC(O)(P(=O)(O)O)P(=O)(O)O,CC(O)(P(=O)(O)O)P(=O)(O)O,DBVJJBKOTRCVKF-UHFFFAOYSA-N,True
DB00282,drugbank,NCCC(O)(P(O)(O)=O)P(O)(O)=O,NCCC(O)(P(=O)(O)O)P(=O)(O)O,NCCC(O)(P(=O)(O)O)P(=O)(O)O,WRUUGTRCQOWXEG-UHFFFAOYSA-N,True
DB00720,drugbank,OP(O)(=O)C(Cl)(Cl)P(O)(O)=O,O=P(O)(O)C(Cl)(Cl)P(=O)(O)O,O=P(O)(O)C(Cl)(Cl)P(=O)(O)O,ACSIXWWBWUQEHA-UHFFFAOYSA-N,True
DB06707,drugbank,C[C@H](N)[C@H](O)C1=CC(O)=C(O)C=C1,CC(N)C(O)c1ccc(O)c(O)c1,C[C@H](N)[C@H](O)c1ccc(O)c(O)c1,GEFQWZLICWMTKF-CDUCUWFYSA-N,True
DB00368,drugbank,NC[C@H](O)C1=CC(O)=C(O)C=C1,NCC(O)c1ccc(O)c(O)c1,NC[C@H](O)c1ccc(O)c(O)c1,SFLSHLFXELFNJZ-QMMMGPOBSA-N,True
DB00449,drugbank,CNCC(O)C1=CC(OC(=O)C(C)(C)C)=C(OC(=O)C(C)(C)C)C=C1,CNCC(O)c1ccc(OC(=O)C(C)(C)C)c(OC(=O)C(C)(C)C)c1,CNCC(O)c1ccc(OC(=O)C(C)(C)C)c(OC(=O)C(C)(C)C)c1,OCUJLLGVOUDECM-UHFFFAOYSA-N,True
DB00217,drugbank,CN\C(NCC1=CC=CC=C1)=N/C,CN=C(NC)NCc1ccccc1,C/N=C(\NC)NCc1ccccc1,NIVZHWNOUVJHKV-UHFFFAOYSA-N,True
DB00865,drugbank,C[C@@H](CC1=CC=CC=C1)N(C)CC1=CC=CC=C1,CC(Cc1ccccc1)N(C)Cc1ccccc1,C[C@@H](Cc1ccccc1)N(C)Cc1ccccc1,YXKTVDFXDRQTKV-HNNXBMFYSA-N,True
DB00668,drugbank,CNC[C@H](O)C1=CC(O)=C(O)C=C1,CNCC(O)c1ccc(O)c(O)c1,CNC[C@H](O)c1ccc(O)c(O)c1,UCTWMZQNUQWSLP-VIFPVBQESA-N,True
DB06262,drugbank,N[C@@H]([C@H](O)C1=CC(O)=C(O)C=C1)C(O)=O,NC(C(=O)O)C(O)c1ccc(O)c(O)c1,N[C@H](C(=O)O)[C@H](O)c1ccc(O)c(O)c1,QXWYKJLNLSIPIN-JGVFFNPUSA-N,True
DB06694,drugbank,CC1=CC(=CC(C)=C1CC1=NCCN1)C(C)(C)C,Cc1cc(C(C)(C)C)cc(C)c1CC1=NCCN1,Cc1cc(C(C)(C)C)cc(C)c1CC1=NCCN1,HUCJFAOMUPXHDK-UHFFFAOYSA-N,True
DB01210,drugbank,CC(C)(C)NC[C@H](O)COC1=CC=CC2=C1CCCC2=O,CC(C)(C)NCC(O)COc1cccc2c1CCCC2=O,CC(C)(C)NC[C@H](O)COc1cccc2c1CCCC2=O,IXHBTMCLRNMKHZ-LBPRGKRZSA-N,True
DB06711,drugbank,C(C1=NCCN1)C1=CC=CC2=CC=CC=C12,c1ccc2c(CC3=NCCN3)cccc2c1,c1ccc2c(CC3=NCCN3)cccc2c1,CNIIGCLFLJGOGP-UHFFFAOYSA-N,True
DB04948,drugbank,CC(OC1=C(Cl)C=CC=C1Cl)C1=NCCN1,CC(Oc1c(Cl)cccc1Cl)C1=NCCN1,CC(Oc1c(Cl)cccc1Cl)C1=NCCN1,KSMAGQUYOIHWFS-UHFFFAOYSA-N,True
DB00935,drugbank,CC1=CC(=C(O)C(C)=C1CC1=NCCN1)C(C)(C)C,Cc1cc(C(C)(C)C)c(O)c(C)c1CC1=NCCN1,Cc1cc(C(C)(C)C)c(O)c(C)c1CC1=NCCN1,WYWIFABBXFUGLM-UHFFFAOYSA-N,True
DB09242,drugbank,COC1=NC(C)=NC(Cl)=C1NC1=NCCN1,COc1nc(C)nc(Cl)c1NC1=NCCN1,COc1nc(C)nc(Cl)c1NC1=NCCN1,WPNJAUFVNXKLIM-UHFFFAOYSA-N,True
DB00629,drugbank,NC(N)=NN=CC1=C(Cl)C=CC=C1Cl,NC(N)=NN=Cc1c(Cl)cccc1Cl,NC(N)=NN=Cc1c(Cl)cccc1Cl,WDZVGELJXXEGPV-UHFFFAOYSA-N,True
DB01577,drugbank,CN[C@@H](C)CC1=CC=CC=C1,CNC(C)Cc1ccccc1,CN[C@@H](C)Cc1ccccc1,MYWUZJCMWCOHBA-VIFPVBQESA-N,True
DB00852,drugbank,CN[C@@H](C)[C@@H](O)C1=CC=CC=C1,CNC(C)C(O)c1ccccc1,CN[C@@H](C)[C@@H](O)c1ccccc1,KWGRBVOPPLSCSI-WCBMZHEXSA-N,True
DB00960,drugbank,CC(C)NCC(O)COC1=CC=CC2=C1C=CN2,CC(C)NCC(O)COc1cccc2[nH]ccc12,CC(C)NCC(O)COc1cccc2[nH]ccc12,JZQKKSLKJUAGIC-UHFFFAOYSA-N,True
DB00968,drugbank,C[C@](N)(CC1=CC=C(O)C(O)=C1)C(O)=O,CC(N)(Cc1ccc(O)c(O)c1)C(=O)O,C[C@](N)(Cc1ccc(O)c(O)c1)C(=O)O,CJCSPKMFHVPWAR-JTQLQIEISA-N,True
DB00436,drugbank,NS(=O)(=O)C1=CC2=C(NC(CC3=CC=CC=C3)NS2(=O)=O)C=C1C(F)(F)F,NS(=O)(=O)c1cc2c(cc1C(F)(F)F)NC(Cc1ccccc1)NS2(=O)=O,NS(=O)(=O)c1cc2c(cc1C(F)(F)F)NC(Cc1ccccc1)NS2(=O)=O,HDWIHXWEUNVBIY-UHFFFAOYSA-N,True
DB01214,drugbank,CC(C)NCC(O)COC1=C(C)C(C)=C(OC(C)=O)C(C)=C1,CC(=O)Oc1c(C)cc(OCC(O)CNC(C)C)c(C)c1C,CC(=O)Oc1c(C)cc(OCC(O)CNC(C)C)c(C)c1C,BQIPXWYNLPYNHW-UHFFFAOYSA-N,True
DB01203,drugbank,CC(C)(C)NCC(O)COC1=CC=CC2=C1C[C@H](O)[C@H](O)C2,CC(C)(C)NCC(O)COc1cccc2c1CC(O)C(O)C2,CC(C)(C)NCC(O)COc1cccc2c1C[C@H](O)[C@H](O)C2,VWPOSFSPZNDTMJ-UCWKZMIHSA-N,True
DB00390,drugbank,[H][C@]12CC[C@]3([H])[C@]([H])(C[C@@H](O)[C@]4(C)[C@H](CC[C@]34O)C3=CC(=O)OC3)[C@@]1(C)CC[C@@H](C2)O[C@H]1C[C@H](O)[C@H](O[C@H]2C[C@H](O)[C@H](O[C@H]3C[C@H](O)[C@H](O)[C@@H](C)O3)[C@@H](C)O2)[C@@H](C)O1,CC1OC(OC2C(O)CC(OC3C(O)CC(OC4CCC5(C)C(CCC6C5CC(O)C5(C)C(C7=CC(=O)OC7)CCC65O)C4)OC3C)OC2C)CC(O)C1O,C[C@H]1O[C@@H](O[C@H]2[C@@H](O)C[C@H](O[C@H]3[C@@H](O)C[C@H](O[C@H]4CC[C@@]5(C)[C@H](CC[C@@H]6[C@@H]5C[C@@H](O)[C@]5(C)[C@@H](C7=CC(=O)OC7)CC[C@]65O)C4)O[C@@H]3C)O[C@@H]2C)C[C@H](O)[C@@H]1O,LTMHDMANZUZIPE-PUGKRICDSA-N,True
DB00571,drugbank,CC(C)NCC(O)COC1=CC=CC2=C1C=CC=C2,CC(C)NCC(O)COc1cccc2ccccc12,CC(C)NCC(O)COc1cccc2ccccc12,AQHHHDLHHXJYJD-UHFFFAOYSA-N,True
DB08981,drugbank,OC(=O)CCC(=O)C1=CC=C(C=C1)C1=CC=CC=C1,O=C(O)CCC(=O)c1ccc(-c2ccccc2)cc1,O=C(O)CCC(=O)c1ccc(-c2ccccc2)cc1,ZPAKPRAICRBAOD-UHFFFAOYSA-N,True
DB00939,drugbank,CC1=C(Cl)C(NC2=CC=CC=C2C(O)=O)=C(Cl)C=C1,Cc1ccc(Cl)c(Nc2ccccc2C(=O)O)c1Cl,Cc1ccc(Cl)c(Nc2ccccc2C(=O)O)c1Cl,SBDNJUWAMKYJOX-UHFFFAOYSA-N,True
DB01283,drugbank,CC1=CC=C(NC2=C(Cl)C=CC=C2F)C(CC(O)=O)=C1,Cc1ccc(Nc2c(F)cccc2Cl)c(CC(=O)O)c1,Cc1ccc(Nc2c(F)cccc2Cl)c(CC(=O)O)c1,KHPKQFYUPIUARC-UHFFFAOYSA-N,True
DB00500,drugbank,CN1C(CC(O)=O)=CC=C1C(=O)C1=CC=C(C)C=C1,Cc1ccc(C(=O)c2ccc(CC(=O)O)n2C)cc1,Cc1ccc(C(=O)c2ccc(CC(=O)O)n2C)cc1,UPSPUYADGBWSHF-UHFFFAOYSA-N,True
DB00469,drugbank,CN1C(C(=O)NC2=CC=CC=N2)=C(O)C2=C(C=CS2)S1(=O)=O,CN1C(C(=O)Nc2ccccn2)=C(O)c2sccc2S1(=O)=O,CN1C(C(=O)Nc2ccccn2)=C(O)c2sccc2S1(=O)=O,LZNWYQJJBLGYLT-UHFFFAOYSA-N,True
DB01401,drugbank,[Mg++].C[N+](C)(C)CCO.OC1=CC=CC=C1C([O-])=O.OC1=CC=CC=C1C([O-])=O.OC1=CC=CC=C1C([O-])=O,C[N+](C)(C)CCO.O=C([O-])c1ccccc1O.O=C([O-])c1ccccc1O.O=C([O-])c1ccccc1O.[Mg+2],C[N+](C)(C)CCO.O=C([O-])c1ccccc1O.O=C([O-])c1ccccc1O.O=C([O-])c1ccccc1O.[Mg+2],FQCQGOZEWWPOKI-UHFFFAOYSA-K,True
DB00179,drugbank,C[C@@H](CC1=CC(O)=C(O)C=C1)[C@H](C)CC1=CC(O)=C(O)C=C1,CC(Cc1ccc(O)c(O)c1)C(C)Cc1ccc(O)c(O)c1,C[C@H](Cc1ccc(O)c(O)c1)[C@@H](C)Cc1ccc(O)c(O)c1,HCZKYJDFEPMADG-TXEJJXNPSA-N,True
DB01628,drugbank,CC1=NC=C(C=C1)C1=C(C=C(Cl)C=N1)C1=CC=C(C=C1)S(C)(=O)=O,Cc1ccc(-c2ncc(Cl)cc2-c2ccc(S(C)(=O)=O)cc2)cn1,Cc1ccc(-c2ncc(Cl)cc2-c2ccc(S(C)(=O)=O)cc2)cn1,MNJVRJDLRVPLFE-UHFFFAOYSA-N,True
DB00870,drugbank,CC(C(O)=O)C1=CC=C(C=C1)C(=O)C1=CC=CS1,CC(C(=O)O)c1ccc(C(=O)c2cccs2)cc1,CC(C(=O)O)c1ccc(C(=O)c2cccs2)cc1,MDKGKXOCJGEUJW-UHFFFAOYSA-N,True
DB00712,drugbank,CC(C(O)=O)C1=CC(F)=C(C=C1)C1=CC=CC=C1,CC(C(=O)O)c1ccc(-c2ccccc2)c(F)c1,CC(C(=O)O)c1ccc(-c2ccccc2)c(F)c1,SYTBZMRGLBWNTM-UHFFFAOYSA-N,True
DB00328,drugbank,COC1=CC2=C(C=C1)N(C(=O)C1=CC=C(Cl)C=C1)C(C)=C2CC(O)=O,COc1ccc2c(c1)c(CC(=O)O)c(C)n2C(=O)c1ccc(Cl)cc1,COc1ccc2c(c1)c(CC(=O)O)c(C)n2C(=O)c1ccc(Cl)cc1,CGIGDMFJXJATDK-UHFFFAOYSA-N,True
DB03585,drugbank,CCCCC1C(=O)N(N(C1=O)C1=CC=C(O)C=C1)C1=CC=CC=C1,CCCCC1C(=O)N(c2ccccc2)N(c2ccc(O)cc2)C1=O,CCCCC1C(=O)N(c2ccccc2)N(c2ccc(O)cc2)C1=O,HFHZKZSRXITVMK-UHFFFAOYSA-N,True
DB06196,drugbank,[H][C@]12C[C@]([H])(N(C(=O)[C@@]3([H])CC4=C(CN3C(=O)[C@H](CO)NC(=O)[C@H](CC3=CC=CS3)NC(=O)CNC(=O)[C@]3([H])C[C@@H](O)CN3C(=O)[C@@H]3CCCN3C(=O)[C@H](CCCNC(N)=N)NC(=O)[C@H](N)CCCNC(N)=N)C=CC=C4)[C@@]1([H])CCCC2)C(=O)N[C@@H](CCCNC(N)=N)C(O)=O,N=C(N)NCCCC(N)C(=O)NC(CCCNC(=N)N)C(=O)N1CCCC1C(=O)N1CC(O)CC1C(=O)NCC(=O)NC(Cc1cccs1)C(=O)NC(CO)C(=O)N1Cc2ccccc2CC1C(=O)N1C(C(=O)NC(CCCNC(=N)N)C(=O)O)CC2CCCCC21,N=C(N)NCCC[C@@H](N)C(=O)N[C@@H](CCCNC(=N)N)C(=O)N1CCC[C@H]1C(=O)N1C[C@H](O)C[C@H]1C(=O)NCC(=O)N[C@@H](Cc1cccs1)C(=O)N[C@@H](CO)C(=O)N1Cc2ccccc2C[C@@H]1C(=O)N1[C@H](C(=O)N[C@@H](CCCNC(=N)N)C(=O)O)C[C@@H]2CCCC[C@@H]21,QURWXBZNHXJZBE-SKXRKSCCSA-N,True
DB13167,drugbank,OC(=O)CC1=CC(Cl)=C(OCC=C)C=C1,C=CCOc1ccc(CC(=O)O)cc1Cl,C=CCOc1ccc(CC(=O)O)cc1Cl,ARHWPKZXBHOEEE-UHFFFAOYSA-N,True
DB00749,drugbank,CCC1=C2NC3=C(CCOC3(CC)CC(O)=O)C2=CC=C1,CCc1cccc2c3c([nH]c12)C(CC)(CC(=O)O)OCC3,CCc1cccc2c3c([nH]c12)C(CC)(CC(=O)O)OCC3,NNYBQONXHNTVIJ-UHFFFAOYSA-N,True
DB09215,drugbank,CN1C2=C(OC(=O)N(C2=O)C2=CC=CC=N2)C2=CC=CC=C2S1(=O)=O,CN1c2c(oc(=O)n(-c3ccccn3)c2=O)-c2ccccc2S1(=O)=O,CN1c2c(oc(=O)n(-c3ccccn3)c2=O)-c2ccccc2S1(=O)=O,OEHFRZLKGRKFAS-UHFFFAOYSA-N,True
DB05676,drugbank,CCOC1=CC(=CC=C1OC)[C@@H](CS(C)(=O)=O)N1C(=O)C2=CC=CC(NC(C)=O)=C2C1=O,CCOc1cc(C(CS(C)(=O)=O)N2C(=O)c3cccc(NC(C)=O)c3C2=O)ccc1OC,CCOc1cc([C@@H](CS(C)(=O)=O)N2C(=O)c3cccc(NC(C)=O)c3C2=O)ccc1OC,IMOZEMNVLZVGJZ-QGZVFWFLSA-N,True
DB09216,drugbank,CC1=C(Cl)C=CC=C1NC1=CC=CC=C1C(O)=O,Cc1c(Cl)cccc1Nc1ccccc1C(=O)O,Cc1c(Cl)cccc1Nc1ccccc1C(=O)O,YEZNLOUZAIOMLT-UHFFFAOYSA-N,True
DB06725,drugbank,CN1C(C(=O)NC2=CC=CC=N2)=C(O)C2=C(C=C(Cl)S2)S1(=O)=O,CN1C(C(=O)Nc2ccccn2)=C(O)c2sc(Cl)cc2S1(=O)=O,CN1C(C(=O)Nc2ccccn2)=C(O)c2sc(Cl)cc2S1(=O)=O,WLHQHAUOOXYABV-UHFFFAOYSA-N,True
DB00963,drugbank,NC1=C(CC(O)=O)C=CC=C1C(=O)C1=CC=C(Br)C=C1,Nc1c(CC(=O)O)cccc1C(=O)c1ccc(Br)cc1,Nc1c(CC(=O)O)cccc1C(=O)c1ccc(Br)cc1,ZBPLOVFIXSTCRZ-UHFFFAOYSA-N,True
DB09288,drugbank,CCN(CC)CC(=O)OC1=CC=C(NC(C)=O)C=C1,CCN(CC)CC(=O)Oc1ccc(NC(C)=O)cc1,CCN(CC)CC(=O)Oc1ccc(NC(C)=O)cc1,QTGAJCQTLIRCFL-UHFFFAOYSA-N,True
DB08439,drugbank,CCC(=O)NS(=O)(=O)C1=CC=C(C=C1)C1=C(C)ON=C1C1=CC=CC=C1,CCC(=O)NS(=O)(=O)c1ccc(-c2c(-c3ccccc3)noc2C)cc1,CCC(=O)NS(=O)(=O)c1ccc(-c2c(-c3ccccc3)noc2C)cc1,TZRHLKRLEZJVIJ-UHFFFAOYSA-N,True
DB00812,drugbank,CCCCC1C(=O)N(N(C1=O)C1=CC=CC=C1)C1=CC=CC=C1,CCCCC1C(=O)N(c2ccccc2)N(c2ccccc2)C1=O,CCCCC1C(=O)N(c2ccccc2)N(c2ccccc2)C1=O,VYMDGNCVAMGZFE-UHFFFAOYSA-N,True
DB13783,drugbank,COC1=CC2=C(C=C1)N(C(=O)C1=CC=C(Cl)C=C1)C(C)=C2CC(=O)OCC(O)=O,COc1ccc2c(c1)c(CC(=O)OCC(=O)O)c(C)n2C(=O)c1ccc(Cl)cc1,COc1ccc2c(c1)c(CC(=O)OCC(=O)O)c(C)n2C(=O)c1ccc(Cl)cc1,FSQKKOOTNAMONP-UHFFFAOYSA-N,True
DB08880,drugbank,C\C(O)=C(/C#N)C(=O)NC1=CC=C(C=C1)C(F)(F)F,CC(O)=C(C#N)C(=O)Nc1ccc(C(F)(F)F)cc1,C/C(O)=C(\C#N)C(=O)Nc1ccc(C(F)(F)F)cc1,UTNUDOFZCWSZMS-YFHOEESVSA-N,True
DB00461,drugbank,COC1=CC2=C(C=C1)C=C(CCC(C)=O)C=C2,COc1ccc2cc(CCC(C)=O)ccc2c1,COc1ccc2cc(CCC(C)=O)ccc2c1,BLXXJMDCKKHMKV-UHFFFAOYSA-N,True
DB08991,drugbank,COC1=CC(C)=NN1C1=NC(C)=CC(OC)=N1,COc1cc(C)nc(-n2nc(C)cc2OC)n1,COc1cc(C)nc(-n2nc(C)cc2OC)n1,RHAXSHUQNIEUEY-UHFFFAOYSA-N,True
DB00465,drugbank,OC(=O)C1CCN2C1=CC=C2C(=O)C1=CC=CC=C1,O=C(c1ccccc1)c1ccc2n1CCC2C(=O)O,O=C(c1ccccc1)c1ccc2n1CCC2C(=O)O,OZWKMVRBQXNZKK-UHFFFAOYSA-N,True
DB01399,drugbank,OC(=O)C1=CC=CC=C1OC(=O)C1=CC=CC=C1O,O=C(Oc1ccccc1C(=O)O)c1ccccc1O,O=C(Oc1ccccc1C(=O)O)c1ccccc1O,WVYADZUPLLSGPU-UHFFFAOYSA-N,True
DB06736,drugbank,OC(=O)COC(=O)CC1=CC=CC=C1NC1=C(Cl)C=CC=C1Cl,O=C(O)COC(=O)Cc1ccccc1Nc1c(Cl)cccc1Cl,O=C(O)COC(=O)Cc1ccccc1Nc1c(Cl)cccc1Cl,MNIPYSSQXLZQLJ-UHFFFAOYSA-N,True
DB04552,drugbank,OC(=O)C1=C(NC2=CC=CC(=C2)C(F)(F)F)N=CC=C1,O=C(O)c1cccnc1Nc1cccc(C(F)(F)F)c1,O=C(O)c1cccnc1Nc1cccc(C(F)(F)F)c1,JZFPYUNJRRFVQU-UHFFFAOYSA-N,True
DB06737,drugbank,CC(C(O)=O)C1=CC=C2SC3=C(C=CC=C3)C(=O)CC2=C1,CC(C(=O)O)c1ccc2c(c1)CC(=O)c1ccccc1S2,CC(C(=O)O)c1ccc2c(c1)CC(=O)c1ccccc1S2,MUXFZBHBYYYLTH-UHFFFAOYSA-N,True
DB00788,drugbank,COC1=CC2=C(C=C1)C=C(C=C2)[C@H](C)C(O)=O,COc1ccc2cc(C(C)C(=O)O)ccc2c1,COc1ccc2cc([C@H](C)C(=O)O)ccc2c1,CMWTZPSULFXXJA-VIFPVBQESA-N,True
DB00337,drugbank,[H][C@]1(CC[C@H](Cl)[C@@H](C1)OC)\C=C(/C)[C@@]1([H])OC(=O)[C@]2([H])CCCCN2C(=O)C(=O)[C@]2(O)O[C@@]([H])([C@H](C[C@H]2C)OC)[C@H](C[C@@H](C)C\C(C)=C\[C@@H](CC)C(=O)C[C@H](O)[C@H]1C)OC,CCC1C=C(C)CC(C)CC(OC)C2OC(O)(C(=O)C(=O)N3CCCCC3C(=O)OC(C(C)=CC3CCC(Cl)C(OC)C3)C(C)C(O)CC1=O)C(C)CC2OC,CC[C@@H]1/C=C(\C)C[C@H](C)C[C@H](OC)[C@H]2O[C@@](O)(C(=O)C(=O)N3CCCC[C@H]3C(=O)O[C@H](/C(C)=C/[C@@H]3CC[C@H](Cl)[C@H](OC)C3)[C@H](C)[C@@H](O)CC1=O)[C@H](C)C[C@@H]2OC,KASDHRXLYQOAKZ-XDSKOBMDSA-N,True
DB01435,drugbank,CN1N(C(=O)C=C1C)C1=CC=CC=C1,Cc1cc(=O)n(-c2ccccc2)n1C,Cc1cc(=O)n(-c2ccccc2)n1C,VEQOALNAAJBPNY-UHFFFAOYSA-N,True
DB00814,drugbank,CN1C(C(=O)NC2=NC=C(C)S2)=C(O)C2=C(C=CC=C2)S1(=O)=O,Cc1cnc(NC(=O)C2=C(O)c3ccccc3S(=O)(=O)N2C)s1,Cc1cnc(NC(=O)C2=C(O)c3ccccc3S(=O)(=O)N2C)s1,ZRVUJXDFFKFLMG-UHFFFAOYSA-N,True
DB09218,drugbank,CC1=C(NC2=C(C=CC=N2)C(O)=O)C=CC=C1Cl,Cc1c(Cl)cccc1Nc1ncccc1C(=O)O,Cc1c(Cl)cccc1Nc1ncccc1C(=O)O,CLOMYZFHNHFSIQ-UHFFFAOYSA-N,True
DB00554,drugbank,CN1C(C(=O)NC2=NC=CC=C2)=C(O)C2=C(C=CC=C2)S1(=O)=O,CN1C(C(=O)Nc2ccccn2)=C(O)c2ccccc2S1(=O)=O,CN1C(C(=O)Nc2ccccn2)=C(O)c2ccccc2S1(=O)=O,QYSPLQLAKJAUJT-UHFFFAOYSA-N,True
DB00573,drugbank,CC(C(O)=O)C1=CC(OC2=CC=CC=C2)=CC=C1,CC(C(=O)O)c1cccc(Oc2ccccc2)c1,CC(C(=O)O)c1cccc(Oc2ccccc2)c1,RDJGLLICXDHJDY-UHFFFAOYSA-N,True
DB00991,drugbank,OC(=O)CCC1=NC(=C(O1)C1=CC=CC=C1)C1=CC=CC=C1,O=C(O)CCc1nc(-c2ccccc2)c(-c2ccccc2)o1,O=C(O)CCc1nc(-c2ccccc2)c(-c2ccccc2)o1,OFPXSFXSNFPTHF-UHFFFAOYSA-N,True
DB08797,drugbank,NC(=O)C1=CC=CC=C1O,NC(=O)c1ccccc1O,NC(=O)c1ccccc1O,SKZKKFZAGNVIMN-UHFFFAOYSA-N,True
DB09212,drugbank,CC(C(O)=O)C1=CC=C(CC2CCCC2=O)C=C1,CC(C(=O)O)c1ccc(CC2CCCC2=O)cc1,CC(C(=O)O)c1ccc(CC2CCCC2=O)cc1,YMBXTVYHTMGZDW-UHFFFAOYSA-N,True
DB00744,drugbank,CC(N(O)C(N)=O)C1=CC2=CC=CC=C2S1,CC(c1cc2ccccc2s1)N(O)C(N)=O,CC(c1cc2ccccc2s1)N(O)C(N)=O,MWLSOWXNZPKENC-UHFFFAOYSA-N,True
DB08976,drugbank,OCC(O)COC(=O)C1=CC=CC=C1NC1=CC=NC2=C(C=CC=C12)C(F)(F)F,O=C(OCC(O)CO)c1ccccc1Nc1ccnc2c(C(F)(F)F)cccc12,O=C(OCC(O)CO)c1ccccc1Nc1ccnc2c(C(F)(F)F)cccc12,APQPGQGAWABJLN-UHFFFAOYSA-N,True
DB01050,drugbank,CC(C)CC1=CC=C(C=C1)C(C)C(O)=O,CC(C)Cc1ccc(C(C)C(=O)O)cc1,CC(C)Cc1ccc(C(C)C(=O)O)cc1,HEFNNWSXXWATRW-UHFFFAOYSA-N,True
DB08984,drugbank,OCCOCCOC(=O)C1=CC=CC=C1NC1=CC=CC(=C1)C(F)(F)F,O=C(OCCOCCO)c1ccccc1Nc1cccc(C(F)(F)F)c1,O=C(OCCOCCO)c1ccccc1Nc1cccc(C(F)(F)F)c1,XILVEPYQJIOVNB-UHFFFAOYSA-N,True
DB00586,drugbank,OC(=O)CC1=CC=CC=C1NC1=C(Cl)C=CC=C1Cl,O=C(O)Cc1ccccc1Nc1c(Cl)cccc1Cl,O=C(O)Cc1ccccc1Nc1c(Cl)cccc1Cl,DCOPUUMXTXDBNB-UHFFFAOYSA-N,True
DB06802,drugbank,NC(=O)CC1=CC=CC(C(=O)C2=CC=CC=C2)=C1N,NC(=O)Cc1cccc(C(=O)c2ccccc2)c1N,NC(=O)Cc1cccc(C(=O)c2ccccc2)c1N,QEFAQIPZVLVERP-UHFFFAOYSA-N,True
DB00795,drugbank,OC(=O)C1=CC(=CC=C1O)\N=N\C1=CC=C(C=C1)S(=O)(=O)NC1=NC=CC=C1,O=C(O)c1cc(N=Nc2ccc(S(=O)(=O)Nc3ccccn3)cc2)ccc1O,O=C(O)c1cc(/N=N/c2ccc(S(=O)(=O)Nc3ccccn3)cc2)ccc1O,NCEXYHBECQHGNR-QZQOTICOSA-N,True
DB09084,drugbank,CN(C)CCCOC1=NN(CC2=CC=CC=C2)C2=CC=CC=C12,CN(C)CCCOc1nn(Cc2ccccc2)c2ccccc12,CN(C)CCCOc1nn(Cc2ccccc2)c2ccccc12,CNBGNNVCVSKAQZ-UHFFFAOYSA-N,True
DB01009,drugbank,CC(C(O)=O)C1=CC(=CC=C1)C(=O)C1=CC=CC=C1,CC(C(=O)O)c1cccc(C(=O)c2ccccc2)c1,CC(C(=O)O)c1cccc(C(=O)c2ccccc2)c1,DKYWVDODHFEZIM-UHFFFAOYSA-N,True
DB00784,drugbank,CC1=C(C)C(NC2=CC=CC=C2C(O)=O)=CC=C1,Cc1cccc(Nc2ccccc2C(=O)O)c1C,Cc1cccc(Nc2ccccc2C(=O)O)c1C,HYYBABOKPJLUIN-UHFFFAOYSA-N,True
DB00605,drugbank,CC1=C(CC(O)=O)C2=CC(F)=CC=C2\C1=C/C1=CC=C(C=C1)S(C)=O,CC1=C(CC(=O)O)c2cc(F)ccc2C1=Cc1ccc(S(C)=O)cc1,CC1=C(CC(=O)O)c2cc(F)ccc2/C1=C\c1ccc(S(C)=O)cc1,MLKXDPUZXIRXEP-MFOYZWKCSA-N,True
DB04951,drugbank,CC1=CN(C(=O)C=C1)C1=CC=CC=C1,Cc1ccc(=O)n(-c2ccccc2)c1,Cc1ccc(=O)n(-c2ccccc2)c1,ISWRGOKTTBVCFA-UHFFFAOYSA-N,True
DB00688,drugbank,COC1=C(C\C=C(/C)CCC(=O)OCCN2CCOCC2)C(O)=C2C(=O)OCC2=C1C,COc1c(C)c2c(c(O)c1CC=C(C)CCC(=O)OCCN1CCOCC1)C(=O)OC2,COc1c(C)c2c(c(O)c1C/C=C(\C)CCC(=O)OCCN1CCOCC1)C(=O)OC2,RTGDFNSFWBGLEC-SYZQJQIISA-N,True
DB01097,drugbank,CC1=C(C=NO1)C(=O)NC1=CC=C(C=C1)C(F)(F)F,Cc1oncc1C(=O)Nc1ccc(C(F)(F)F)cc1,Cc1oncc1C(=O)Nc1ccc(C(F)(F)F)cc1,VHOGYURTWQBHIL-UHFFFAOYSA-N,True
DB00210,drugbank,COC1=C(C=C(C=C1)C1=CC2=C(C=C1)C=C(C=C2)C(O)=O)C12CC3CC(CC(C3)C1)C2,COc1ccc(-c2ccc3cc(C(=O)O)ccc3c2)cc1C12CC3CC(CC(C3)C1)C2,COc1ccc(-c2ccc3cc(C(=O)O)ccc3c2)cc1C12CC3CC(CC(C3)C1)C2,LZCDAPDGXCYOEH-UHFFFAOYSA-N,True
DB06700,drugbank,CN(C)CC(C1=CC=C(O)C=C1)C1(O)CCCCC1,CN(C)CC(c1ccc(O)cc1)C1(O)CCCCC1,CN(C)CC(c1ccc(O)cc1)C1(O)CCCCC1,KYYIDSXMWOZKMP-UHFFFAOYSA-N,True
DB08918,drugbank,CCN(CC)C(=O)[C@]1(C[C@H]1CN)C1=CC=CC=C1,CCN(CC)C(=O)C1(c2ccccc2)CC1CN,CCN(CC)C(=O)[C@@]1(c2ccccc2)C[C@H]1CN,GJJFMKBJSRMPLA-DZGCQCFKSA-N,True
DB09289,drugbank,CN1C2=CC=CC=C2C(NCCCCCCC(O)=O)C2=C(C=C(Cl)C=C2)S1(=O)=O,CN1c2ccccc2C(NCCCCCCC(=O)O)c2ccc(Cl)cc2S1(=O)=O,CN1c2ccccc2C(NCCCCCCC(=O)O)c2ccc(Cl)cc2S1(=O)=O,JICJBGPOMZQUBB-UHFFFAOYSA-N,True
DB04896,drugbank,CCN(CC)C(=O)C1(CC1CN)C1=CC=CC=C1,CCN(CC)C(=O)C1(c2ccccc2)CC1CN,CCN(CC)C(=O)C1(c2ccccc2)CC1CN,GJJFMKBJSRMPLA-UHFFFAOYSA-N,True
DB01024,drugbank,COC1=C(C\C=C(/C)CCC(O)=O)C(O)=C2C(=O)OCC2=C1C,COc1c(C)c2c(c(O)c1CC=C(C)CCC(=O)O)C(=O)OC2,COc1c(C)c2c(c(O)c1C/C=C(\C)CCC(=O)O)C(=O)OC2,HPNSFSBZBAHARI-RUDMXATFSA-N,True
DB01397,drugbank,[Mg++].OC1=CC=CC=C1C([O-])=O.OC1=CC=CC=C1C([O-])=O,O=C([O-])c1ccccc1O.O=C([O-])c1ccccc1O.[Mg+2],O=C([O-])c1ccccc1O.O=C([O-])c1ccccc1O.[Mg+2],MQHWFIOJQSCFNM-UHFFFAOYSA-L,True
DB01297,drugbank,CC(C)NCC(O)COC1=CC=C(NC(C)=O)C=C1,CC(=O)Nc1ccc(OCC(O)CNC(C)C)cc1,CC(=O)Nc1ccc(OCC(O)CNC(C)C)cc1,DURULFYMVIFBIR-UHFFFAOYSA-N,True
DB09292,drugbank,CCOC(=O)[C@H](C)C[C@@H](CC1=CC=C(C=C1)C1=CC=CC=C1)NC(=O)CCC(O)=O,CCOC(=O)C(C)CC(Cc1ccc(-c2ccccc2)cc1)NC(=O)CCC(=O)O,CCOC(=O)[C@H](C)C[C@@H](Cc1ccc(-c2ccccc2)cc1)NC(=O)CCC(=O)O,PYNXFZCZUAOOQC-UTKZUKDTSA-N,True
DB00488,drugbank,CN(C)C1=NC(=NC(=N1)N(C)C)N(C)C,CN(C)c1nc(N(C)C)nc(N(C)C)n1,CN(C)c1nc(N(C)C)nc(N(C)C)n1,UUVWYPNAQBNQJQ-UHFFFAOYSA-N,True
DB00966,drugbank,CCCC1=NC2=C(C=C(C=C2C)C2=NC3=CC=CC=C3N2C)N1CC1=CC=C(C=C1)C1=CC=CC=C1C(O)=O,CCCc1nc2c(C)cc(-c3nc4ccccc4n3C)cc2n1Cc1ccc(-c2ccccc2C(=O)O)cc1,CCCc1nc2c(C)cc(-c3nc4ccccc4n3C)cc2n1Cc1ccc(-c2ccccc2C(=O)O)cc1,RMMXLENWKUUMAY-UHFFFAOYSA-N,True
DB01282,drugbank,[H][C@]1(NC(=O)[C@H](CC2=CC=C(OC)C=C2)NC(=O)CCCSC[C@H](NC(=O)[C@H](CC(N)=O)NC(=O)[C@H](CCC(N)=O)NC1=O)C(=O)N1CCC[C@H]1C(=O)N[C@@H](CC(C)C)C(=O)NCC(N)=O)[C@@H](C)CC,CCC(C)C1NC(=O)C(Cc2ccc(OC)cc2)NC(=O)CCCSCC(C(=O)N2CCCC2C(=O)NC(CC(C)C)C(=O)NCC(N)=O)NC(=O)C(CC(N)=O)NC(=O)C(CCC(N)=O)NC1=O,CC[C@H](C)[C@@H]1NC(=O)[C@H](Cc2ccc(OC)cc2)NC(=O)CCCSC[C@@H](C(=O)N2CCC[C@H]2C(=O)N[C@@H](CC(C)C)C(=O)NCC(N)=O)NC(=O)[C@H](CC(N)=O)NC(=O)[C@H](CCC(N)=O)NC1=O,NSTRIRCPWQHTIA-DTRKZRJBSA-N,True
DB01340,drugbank,CCOC(=O)[C@H](CCC1=CC=CC=C1)N[C@H]1CCCN2CCC[C@H](N2C1=O)C(O)=O,CCOC(=O)C(CCc1ccccc1)NC1CCCN2CCCC(C(=O)O)N2C1=O,CCOC(=O)[C@H](CCc1ccccc1)N[C@H]1CCCN2CCC[C@@H](C(=O)O)N2C1=O,HHHKFGXWKKUNCY-FHWLQOOXSA-N,True
DB00796,drugbank,CCOC1=NC2=C(N1CC1=CC=C(C=C1)C1=CC=CC=C1C1=NN=NN1)C(=CC=C2)C(=O)OC(C)OC(=O)OC1CCCCC1,CCOc1nc2cccc(C(=O)OC(C)OC(=O)OC3CCCCC3)c2n1Cc1ccc(-c2ccccc2-c2nnn[nH]2)cc1,CCOc1nc2cccc(C(=O)OC(C)OC(=O)OC3CCCCC3)c2n1Cc1ccc(-c2ccccc2-c2nnn[nH]2)cc1,GHOSNRCGJFBJIB-UHFFFAOYSA-N,True
DB09204,drugbank,CC(C)(C)NCC(O)CSC1=NC(=CS1)C1=CC=C(S1)C(N)=O,CC(C)(C)NCC(O)CSc1nc(-c2ccc(C(N)=O)s2)cs1,CC(C)(C)NCC(O)CSc1nc(-c2ccc(C(N)=O)s2)cs1,BHIAIPWSVYSKJS-UHFFFAOYSA-N,True
DB01158,drugbank,CC[N+](C)(C)CC1=CC=CC=C1Br,CC[N+](C)(C)Cc1ccccc1Br,CC[N+](C)(C)Cc1ccccc1Br,AAQOQKQBGPPFNS-UHFFFAOYSA-N,True
DB08931,drugbank,COC(=O)N(C)C1=C(N)N=C(N=C1N)C1=NN(CC2=C(F)C=CC=C2)C2=C1C=CC=N2,COC(=O)N(C)c1c(N)nc(-c2nn(Cc3ccccc3F)c3ncccc23)nc1N,COC(=O)N(C)c1c(N)nc(-c2nn(Cc3ccccc3F)c3ncccc23)nc1N,WXXSNCNJFUAIDG-UHFFFAOYSA-N,True
DB01295,drugbank,COC1=C(OC)C=C(CCNCC(O)COC2=CC=CC(C)=C2)C=C1,COc1ccc(CCNCC(O)COc2cccc(C)c2)cc1OC,COc1ccc(CCNCC(O)COc2cccc(C)c2)cc1OC,HXLAFSUPPDYFEO-UHFFFAOYSA-N,True
DB00727,drugbank,[O-][N+](=O)OCC(CO[N+]([O-])=O)O[N+]([O-])=O,O=[N+]([O-])OCC(CO[N+](=O)[O-])O[N+](=O)[O-],O=[N+]([O-])OCC(CO[N+](=O)[O-])O[N+](=O)[O-],SNIOPGDIGTZGOP-UHFFFAOYSA-N,True
DB00275,drugbank,CCCC1=NC(=C(N1CC1=CC=C(C=C1)C1=C(C=CC=C1)C1=NN=NN1)C(O)=O)C(C)(C)O,CCCc1nc(C(C)(C)O)c(C(=O)O)n1Cc1ccc(-c2ccccc2-c2nnn[nH]2)cc1,CCCc1nc(C(C)(C)O)c(C(=O)O)n1Cc1ccc(-c2ccccc2-c2nnn[nH]2)cc1,VTRAEEWXHOVJFV-UHFFFAOYSA-N,True
DB01020,drugbank,[H][C@]12OC[C@@H](O[N+]([O-])=O)[C@@]1([H])OC[C@@H]2O,O=[N+]([O-])OC1COC2C(O)COC12,O=[N+]([O-])O[C@@H]1CO[C@H]2[C@@H]1OC[C@@H]2O,YWXYYJSYQOXTPL-SLPGGIOYSA-N,True
DB00325,drugbank,O=N[Fe--](C#N)(C#N)(C#N)(C#N)C#N,N#C[Fe-2](C#N)(C#N)(C#N)(C#N)N=O,N#C[Fe-2](C#N)(C#N)(C#N)(C#N)N=O,ASPOIVQEUUCDQT-UHFFFAOYSA-N,True
DB00310,drugbank,NS(=O)(=O)C1=C(Cl)C=CC(=C1)C1(O)NC(=O)C2=CC=CC=C12,NS(=O)(=O)c1cc(C2(O)NC(=O)c3ccccc32)ccc1Cl,NS(=O)(=O)c1cc(C2(O)NC(=O)c3ccccc32)ccc1Cl,JIVPVXMEBJLZRO-UHFFFAOYSA-N,True
DB09026,drugbank,COCCCOC1=C(OC)C=CC(C[C@@H](C[C@H](N)[C@@H](O)C[C@@H](C(C)C)C(=O)NCC(C)(C)C(N)=O)C(C)C)=C1,COCCCOc1cc(CC(CC(N)C(O)CC(C(=O)NCC(C)(C)C(N)=O)C(C)C)C(C)C)ccc1OC,COCCCOc1cc(C[C@@H](C[C@H](N)[C@@H](O)C[C@H](C(=O)NCC(C)(C)C(N)=O)C(C)C)C(C)C)ccc1OC,UXOWGYHJODZGMF-QORCZRPOSA-N,True
DB00742,drugbank,OC[C@@H](O)[C@@H](O)[C@H](O)[C@H](O)CO,OCC(O)C(O)C(O)C(O)CO,OC[C@@H](O)[C@@H](O)[C@H](O)[C@H](O)CO,FBPFZTCFMRRESA-KVTDHHQDSA-N,True
DB09112,drugbank,ON=O,O=NO,O=NO,IOVCWXUNBOPUCH-UHFFFAOYSA-N,True
DB00964,drugbank,NC1=CC(Cl)=C(NC2=NCCN2)C(Cl)=C1,Nc1cc(Cl)c(NC2=NCCN2)c(Cl)c1,Nc1cc(Cl)c(NC2=NCCN2)c(Cl)c1,IEJXVRYNEISIKR-UHFFFAOYSA-N,True
DB00755,drugbank,C\C(\C=C\C1=C(C)CCCC1(C)C)=C/C=C/C(/C)=C/C(O)=O,CC(C=CC1=C(C)CCCC1(C)C)=CC=CC(C)=CC(=O)O,CC1=C(/C=C/C(C)=C/C=C/C(C)=C/C(=O)O)C(C)(C)CCC1,SHGAZHPCJJPHSC-YCNIQYBTSA-N,True
DB00883,drugbank,[H][C@]12OC[C@H](O[N+]([O-])=O)[C@@]1([H])OC[C@H]2O[N+]([O-])=O,O=[N+]([O-])OC1COC2C(O[N+](=O)[O-])COC12,O=[N+]([O-])O[C@H]1CO[C@H]2[C@@H]1OC[C@H]2O[N+](=O)[O-],MOYKHGMNXAOIAT-JGWLITMVSA-N,True
DB00232,drugbank,CN1C(CCl)NC2=CC(Cl)=C(C=C2S1(=O)=O)S(N)(=O)=O,CN1C(CCl)Nc2cc(Cl)c(S(N)(=O)=O)cc2S1(=O)=O,CN1C(CCl)Nc2cc(Cl)c(S(N)(=O)=O)cc2S1(=O)=O,CESYKOGBSMNBPD-UHFFFAOYSA-N,True
DB00722,drugbank,NCCCC[C@H](N[C@@H](CCC1=CC=CC=C1)C(O)=O)C(=O)N1CCC[C@H]1C(O)=O,NCCCCC(NC(CCc1ccccc1)C(=O)O)C(=O)N1CCCC1C(=O)O,NCCCC[C@H](N[C@@H](CCc1ccccc1)C(=O)O)C(=O)N1CCC[C@H]1C(=O)O,RLAWWYSOJDYHDC-BZSNNMDCSA-N,True
DB00631,drugbank,[H][C@]1(F)[C@H](O)[C@@H](CO)O[C@H]1N1C=NC2=C(N)N=C(Cl)N=C12,Nc1nc(Cl)nc2c1ncn2C1OC(CO)C(O)C1F,Nc1nc(Cl)nc2c1ncn2[C@@H]1O[C@H](CO)[C@@H](O)[C@@H]1F,WDDPHFBMKLOVOX-AYQXTPAHSA-N,True
DB04920,drugbank,CCCC(=O)OCOC(=O)C1=C(C)NC(C)=C(C1C1=CC=CC(Cl)=C1Cl)C(=O)OC,CCCC(=O)OCOC(=O)C1=C(C)NC(C)=C(C(=O)OC)C1c1cccc(Cl)c1Cl,CCCC(=O)OCOC(=O)C1=C(C)NC(C)=C(C(=O)OC)C1c1cccc(Cl)c1Cl,KPBZROQVTHLCDU-UHFFFAOYSA-N,True
DB00393,drugbank,COCCOC(=O)C1=C(C)NC(C)=C(C1C1=CC(=CC=C1)[N+]([O-])=O)C(=O)OC(C)C,COCCOC(=O)C1=C(C)NC(C)=C(C(=O)OC(C)C)C1c1cccc([N+](=O)[O-])c1,COCCOC(=O)C1=C(C)NC(C)=C(C(=O)OC(C)C)C1c1cccc([N+](=O)[O-])c1,UIAGMCDKSXEBJQ-UHFFFAOYSA-N,True
DB01023,drugbank,CCOC(=O)C1=C(C)NC(C)=C(C1C1=C(Cl)C(Cl)=CC=C1)C(=O)OC,CCOC(=O)C1=C(C)NC(C)=C(C(=O)OC)C1c1cccc(Cl)c1Cl,CCOC(=O)C1=C(C)NC(C)=C(C(=O)OC)C1c1cccc(Cl)c1Cl,RZTAMFZIAATZDJ-UHFFFAOYSA-N,True
DB00350,drugbank,NC1=CC(=NC(N)=[N+]1[O-])N1CCCCC1,Nc1cc(N2CCCCC2)nc(N)[n+]1[O-],Nc1cc(N2CCCCC2)nc(N)[n+]1[O-],ZFMITUMMTDLWHR-UHFFFAOYSA-N,True
DB01144,drugbank,NS(=O)(=O)C1=CC(=C(Cl)C(Cl)=C1)S(N)(=O)=O,NS(=O)(=O)c1cc(Cl)c(Cl)c(S(N)(=O)=O)c1,NS(=O)(=O)c1cc(Cl)c(Cl)c(S(N)(=O)=O)c1,GJQPMPFPNINLKP-UHFFFAOYSA-N,True
DB00584,drugbank,CCOC(=O)[C@H](CCC1=CC=CC=C1)N[C@@H](C)C(=O)N1CCC[C@H]1C(O)=O,CCOC(=O)C(CCc1ccccc1)NC(C)C(=O)N1CCCC1C(=O)O,CCOC(=O)[C@H](CCc1ccccc1)N[C@@H](C)C(=O)N1CCC[C@H]1C(=O)O,GBXSMTUPTTWBMN-XIRDDKMYSA-N,True
DB00876,drugbank,CCCCC1=NC=C(\C=C(/CC2=CC=CS2)C(O)=O)N1CC1=CC=C(C=C1)C(O)=O,CCCCc1ncc(C=C(Cc2cccs2)C(=O)O)n1Cc1ccc(C(=O)O)cc1,CCCCc1ncc(/C=C(\Cc2cccs2)C(=O)O)n1Cc1ccc(C(=O)O)cc1,OROAFUQRIXKEMV-LDADJPATSA-N,True
DB00594,drugbank,NC(=N)NC(=O)C1=NC(Cl)=C(N)N=C1N,N=C(N)NC(=O)c1nc(Cl)c(N)nc1N,N=C(N)NC(=O)c1nc(Cl)c(N)nc1N,XSDQTOBWRPYKKA-UHFFFAOYSA-N,True
DB09236,drugbank,CCOC(=O)C1=C(C)NC(C)=C(C1C1=CC=CC=C1\C=C\C(=O)OC(C)(C)C)C(=O)OCC,CCOC(=O)C1=C(C)NC(C)=C(C(=O)OCC)C1c1ccccc1C=CC(=O)OC(C)(C)C,CCOC(=O)C1=C(C)NC(C)=C(C(=O)OCC)C1c1ccccc1/C=C/C(=O)OC(C)(C)C,GKQPCPXONLDCMU-CCEZHUSRSA-N,True
DB01229,drugbank,[H][C@]12[C@H](OC(=O)C3=CC=CC=C3)[C@]3(O)C[C@H](OC(=O)[C@H](O)[C@@H](NC(=O)C4=CC=CC=C4)C4=CC=CC=C4)C(C)=C([C@@H](OC(C)=O)C(=O)[C@]1(C)[C@@H](O)C[C@H]1OC[C@@]21OC(C)=O)C3(C)C,CC(=O)OC1C(=O)C2(C)C(O)CC3OCC3(OC(C)=O)C2C(OC(=O)c2ccccc2)C2(O)CC(OC(=O)C(O)C(NC(=O)c3ccccc3)c3ccccc3)C(C)=C1C2(C)C,CC(=O)O[C@H]1C(=O)[C@@]2(C)[C@H]([C@H](OC(=O)c3ccccc3)[C@]3(O)C[C@H](OC(=O)[C@H](O)[C@@H](NC(=O)c4ccccc4)c4ccccc4)C(C)=C1C3(C)C)[C@]1(OC(C)=O)CO[C@@H]1C[C@@H]2O,RCINICONZNJXQF-MZXODVADSA-N,True
DB00401,drugbank,COC(=O)C1=C(C)NC(C)=C(C1C1=CC=CC=C1[N+]([O-])=O)C(=O)OCC(C)C,COC(=O)C1=C(C)NC(C)=C(C(=O)OCC(C)C)C1c1ccccc1[N+](=O)[O-],COC(=O)C1=C(C)NC(C)=C(C(=O)OCC(C)C)C1c1ccccc1[N+](=O)[O-],VKQFCGNPDRICFG-UHFFFAOYSA-N,True
DB00384,drugbank,NC1=NC(N)=C2N=C(C(N)=NC2=N1)C1=CC=CC=C1,Nc1nc(N)c2nc(-c3ccccc3)c(N)nc2n1,Nc1nc(N)c2nc(-c3ccccc3)c(N)nc2n1,FNYLWPVRPXGIIP-UHFFFAOYSA-N,True
DB08941,drugbank,C[C@H](COC1=CC=CC=C1)N[C@H](C)[C@@H](O)C1=CC=C(O)C=C1,CC(COc1ccccc1)NC(C)C(O)c1ccc(O)cc1,C[C@H](COc1ccccc1)N[C@H](C)[C@@H](O)c1ccc(O)cc1,BMUKKTUHUDJSNZ-HBUWYVDXSA-N,True
DB00999,drugbank,NS(=O)(=O)C1=C(Cl)C=C2NCNS(=O)(=O)C2=C1,NS(=O)(=O)c1cc2c(cc1Cl)NCNS2(=O)=O,NS(=O)(=O)c1cc2c(cc1Cl)NCNS2(=O)=O,JZUFKLXOESDKRF-UHFFFAOYSA-N,True
DB09477,drugbank,[H][C@@](C)(N[C@@]([H])(CCC1=CC=CC=C1)C(O)=O)C(=O)N1CCC[C@@]1([H])C(O)=O,CC(NC(CCc1ccccc1)C(=O)O)C(=O)N1CCCC1C(=O)O,C[C@H](N[C@@H](CCc1ccccc1)C(=O)O)C(=O)N1CCC[C@H]1C(=O)O,LZFZMUMEGBBDTC-QEJZJMRPSA-N,True
DB01143,drugbank,NCCCNCCSP(O)(O)=O,NCCCNCCSP(=O)(O)O,NCCCNCCSP(=O)(O)O,JKOQGQFVAUAYPM-UHFFFAOYSA-N,True
DB09232,drugbank,COCCOC(=O)C1=C(C)NC(C)=C(C1C1=CC=CC(=C1)[N+]([O-])=O)C(=O)OC\C=C\C1=CC=CC=C1,COCCOC(=O)C1=C(C)NC(C)=C(C(=O)OCC=Cc2ccccc2)C1c1cccc([N+](=O)[O-])c1,COCCOC(=O)C1=C(C)NC(C)=C(C(=O)OC/C=C/c2ccccc2)C1c1cccc([N+](=O)[O-])c1,KJEBULYHNRNJTE-DHZHZOJOSA-N,True
DB00177,drugbank,CCCCC(=O)N(CC1=CC=C(C=C1)C1=CC=CC=C1C1=NNN=N1)[C@@H](C(C)C)C(O)=O,CCCCC(=O)N(Cc1ccc(-c2ccccc2-c2nn[nH]n2)cc1)C(C(=O)O)C(C)C,CCCCC(=O)N(Cc1ccc(-c2ccccc2-c2nn[nH]n2)cc1)[C@H](C(=O)O)C(C)C,ACWBQPMHZXGDFX-QFIPXVFZSA-N,True
DB00925,drugbank,CC(COC1=CC=CC=C1)N(CCCl)CC1=CC=CC=C1,CC(COc1ccccc1)N(CCCl)Cc1ccccc1,CC(COc1ccccc1)N(CCCl)Cc1ccccc1,QZVCTJOXCFMACW-UHFFFAOYSA-N,True
DB01275,drugbank,NNC1=NN=CC2=CC=CC=C12,NNc1nncc2ccccc12,NNc1nncc2ccccc12,RPTUSVTUFVMDQK-UHFFFAOYSA-N,True
DB00922,drugbank,C[C@@H]1CC(=O)NN=C1C1=CC=C(NN=C(C#N)C#N)C=C1,CC1CC(=O)NN=C1c1ccc(NN=C(C#N)C#N)cc1,C[C@@H]1CC(=O)NN=C1c1ccc(NN=C(C#N)C#N)cc1,WHXMKTBCFHIYNQ-SECBINFHSA-N,True
DB01612,drugbank,CCCCCON=O,CCCCCON=O,CCCCCON=O,CSDTZUBPSYWZDX-UHFFFAOYSA-N,True
DB01115,drugbank,COC(=O)C1=C(C)NC(C)=C(C1C1=CC=CC=C1[N+]([O-])=O)C(=O)OC,COC(=O)C1=C(C)NC(C)=C(C(=O)OC)C1c1ccccc1[N+](=O)[O-],COC(=O)C1=C(C)NC(C)=C(C(=O)OC)C1c1ccccc1[N+](=O)[O-],HYIMSNHJOBLJNT-UHFFFAOYSA-N,True
DB00700,drugbank,[H][C@@]12CC[C@@]3(CCC(=O)O3)[C@@]1(C)C[C@H]1O[C@@]11[C@@]2([H])[C@@H](CC2=CC(=O)CC[C@]12C)C(=O)OC,COC(=O)C1CC2=CC(=O)CCC2(C)C23OC2CC2(C)C(CCC24CCC(=O)O4)C13,COC(=O)[C@@H]1CC2=CC(=O)CC[C@]2(C)[C@@]23O[C@@H]2C[C@@]2(C)[C@@H](CC[C@@]24CCC(=O)O4)[C@H]13,JUKPWJGBANNWMW-VWBFHTRKSA-N,True
DB05271,drugbank,CCCN(CCC1=CC=CS1)[C@H]1CCC2=C(O)C=CC=C2C1,CCCN(CCc1cccs1)C1CCc2c(O)cccc2C1,CCCN(CCc1cccs1)[C@H]1CCc2c(O)cccc2C1,KFQYTPMOWPVWEJ-INIZCTEOSA-N,True
DB09279,drugbank,CCCCC1=NC(C)=C(CC(=S)N(C)C)C(=O)N1CC1=CC=C(C=C1)C1=C(C=CC=C1)C1=NN=NN1,CCCCc1nc(C)c(CC(=S)N(C)C)c(=O)n1Cc1ccc(-c2ccccc2-c2nnn[nH]2)cc1,CCCCc1nc(C)c(CC(=S)N(C)C)c(=O)n1Cc1ccc(-c2ccccc2-c2nnn[nH]2)cc1,AMEROGPZOLAFBN-UHFFFAOYSA-N,True
DB00528,drugbank,COC(=O)C1=C(C)NC(C)=C(C1C1=CC(=CC=C1)[N+]([O-])=O)C(=O)OC(C)(C)CN(C)CCC(C1=CC=CC=C1)C1=CC=CC=C1,COC(=O)C1=C(C)NC(C)=C(C(=O)OC(C)(C)CN(C)CCC(c2ccccc2)c2ccccc2)C1c1cccc([N+](=O)[O-])c1,COC(=O)C1=C(C)NC(C)=C(C(=O)OC(C)(C)CN(C)CCC(c2ccccc2)c2ccccc2)C1c1cccc([N+](=O)[O-])c1,ZDXUKAKRHYTAKV-UHFFFAOYSA-N,True
DB08822,drugbank,CCOC1=NC2=C(N1CC1=CC=C(C=C1)C1=CC=CC=C1C1=NOC(=O)N1)C(=CC=C2)C(=O)OCC1=C(C)OC(=O)O1,CCOc1nc2cccc(C(=O)OCc3oc(=O)oc3C)c2n1Cc1ccc(-c2ccccc2-c2noc(=O)[nH]2)cc1,CCOc1nc2cccc(C(=O)OCc3oc(=O)oc3C)c2n1Cc1ccc(-c2ccccc2-c2noc(=O)[nH]2)cc1,QJFSABGVXDWMIW-UHFFFAOYSA-N,True
DB00800,drugbank,OC1=CC=C(C=C1)C1CNCCC2=C(Cl)C(O)=C(O)C=C12,Oc1ccc(C2CNCCc3c2cc(O)c(O)c3Cl)cc1,Oc1ccc(C2CNCCc3c2cc(O)c(O)c3Cl)cc1,TVURRHSHRRELCG-UHFFFAOYSA-N,True
DB01197,drugbank,C[C@H](CS)C(=O)N1CCC[C@H]1C(O)=O,CC(CS)C(=O)N1CCCC1C(=O)O,C[C@H](CS)C(=O)N1CCC[C@H]1C(=O)O,FAKRSMQSSFJEIM-RQJHMYQMSA-N,True
DB00492,drugbank,CCC(=O)O[C@@H](O[P@](=O)(CCCCC1=CC=CC=C1)CC(=O)N1C[C@@H](C[C@H]1C(O)=O)C1CCCCC1)C(C)C,CCC(=O)OC(OP(=O)(CCCCc1ccccc1)CC(=O)N1CC(C2CCCCC2)CC1C(=O)O)C(C)C,CCC(=O)O[C@@H](O[P@](=O)(CCCCc1ccccc1)CC(=O)N1C[C@H](C2CCCCC2)C[C@H]1C(=O)O)C(C)C,BIDNLKIUORFRQP-XYGFDPSESA-N,True
DB00797,drugbank,C(C1=NCCN1)C1=CC=CC=C1,c1ccc(CC2=NCCN2)cc1,c1ccc(CC2=NCCN2)cc1,JIVZKJJQOZQXQB-UHFFFAOYSA-N,True
DB00774,drugbank,NS(=O)(=O)C1=CC2=C(NCNS2(=O)=O)C=C1C(F)(F)F,NS(=O)(=O)c1cc2c(cc1C(F)(F)F)NCNS2(=O)=O,NS(=O)(=O)c1cc2c(cc1C(F)(F)F)NCNS2(=O)=O,DMDGGSIALPNSEE-UHFFFAOYSA-N,True
DB00524,drugbank,CC1NC2=CC(Cl)=C(C=C2C(=O)N1C1=CC=CC=C1C)S(N)(=O)=O,Cc1ccccc1N1C(=O)c2cc(S(N)(=O)=O)c(Cl)cc2NC1C,Cc1ccccc1N1C(=O)c2cc(S(N)(=O)=O)c(Cl)cc2NC1C,AQCHWTWZEMGIFD-UHFFFAOYSA-N,True
DB00519,drugbank,[H][C@@]12C[C@H](N(C(=O)[C@H](C)N[C@@H](CCC3=CC=CC=C3)C(=O)OCC)[C@@]1([H])CCCC2)C(O)=O,CCOC(=O)C(CCc1ccccc1)NC(C)C(=O)N1C(C(=O)O)CC2CCCCC21,CCOC(=O)[C@H](CCc1ccccc1)N[C@@H](C)C(=O)N1[C@H](C(=O)O)C[C@H]2CCCC[C@@H]21,VXFJYXUZANRPDJ-WTNASJBWSA-N,True
DB01029,drugbank,CCCCC1=NC2(CCCC2)C(=O)N1CC1=CC=C(C=C1)C1=CC=CC=C1C1=NNN=N1,CCCCC1=NC2(CCCC2)C(=O)N1Cc1ccc(-c2ccccc2-c2nn[nH]n2)cc1,CCCCC1=NC2(CCCC2)C(=O)N1Cc1ccc(-c2ccccc2-c2nn[nH]n2)cc1,YOSHYTLCDANDAN-UHFFFAOYSA-N,True
DB00413,drugbank,CCCN[C@H]1CCC2=C(C1)SC(N)=N2,CCCNC1CCc2nc(N)sc2C1,CCCN[C@H]1CCc2nc(N)sc2C1,FASDKYOPVNHBLU-ZETCQYMHSA-N,True
DB01054,drugbank,CCOC(=O)C1=C(C)NC(C)=C(C1C1=CC(=CC=C1)[N+]([O-])=O)C(=O)OC,CCOC(=O)C1=C(C)NC(C)=C(C(=O)OC)C1c1cccc([N+](=O)[O-])c1,CCOC(=O)C1=C(C)NC(C)=C(C(=O)OC)C1c1cccc([N+](=O)[O-])c1,PVHUJELLJLJGLN-UHFFFAOYSA-N,True
DB00692,drugbank,CC1=CC=C(C=C1)N(CC1=NCCN1)C1=CC(O)=CC=C1,Cc1ccc(N(CC2=NCCN2)c2cccc(O)c2)cc1,Cc1ccc(N(CC2=NCCN2)c2cccc(O)c2)cc1,MRBDMNSDAVCSSF-UHFFFAOYSA-N,True
DB00678,drugbank,CCCCC1=NC(Cl)=C(CO)N1CC1=CC=C(C=C1)C1=CC=CC=C1C1=NNN=N1,CCCCc1nc(Cl)c(CO)n1Cc1ccc(-c2ccccc2-c2nn[nH]n2)cc1,CCCCc1nc(Cl)c(CO)n1Cc1ccc(-c2ccccc2-c2nn[nH]n2)cc1,PSIFNNKUMBGKDQ-UHFFFAOYSA-N,True
DB00790,drugbank,[H][C@]12C[C@H](N(C(=O)[C@H](C)N[C@@H](CCC)C(=O)OCC)[C@@]1([H])CCCC2)C(O)=O,CCCC(NC(C)C(=O)N1C(C(=O)O)CC2CCCCC21)C(=O)OCC,CCC[C@H](N[C@@H](C)C(=O)N1[C@H](C(=O)O)C[C@@H]2CCCC[C@@H]21)C(=O)OCC,IPVQLZZIHOAWMC-QXKUPLGCSA-N,True
DB09235,drugbank,CC1=C(C(C2=CC=CC(=C2)[N+]([O-])=O)C(=C(C)N1)P1(=O)OCC(C)(C)CO1)C(=O)OCCN(CC1=CC=CC=C1)C1=CC=CC=C1,CC1=C(C(=O)OCCN(Cc2ccccc2)c2ccccc2)C(c2cccc([N+](=O)[O-])c2)C(P2(=O)OCC(C)(C)CO2)=C(C)N1,CC1=C(C(=O)OCCN(Cc2ccccc2)c2ccccc2)C(c2cccc([N+](=O)[O-])c2)C(P2(=O)OCC(C)(C)CO2)=C(C)N1,NSVFSAJIGAJDMR-UHFFFAOYSA-N,True
DB00435,drugbank,[N]=O,[N]=O,[N]=O,MWUXSHHQAYIFBG-UHFFFAOYSA-N,True
DB00703,drugbank,CN1N=C(SC1=NC(C)=O)S(N)(=O)=O,CC(=O)N=c1sc(S(N)(=O)=O)nn1C,CC(=O)N=c1sc(S(N)(=O)=O)nn1C,FLOSMHQXBMRNHR-UHFFFAOYSA-N,True
DB00178,drugbank,[H][C@@]12CCC[C@]1([H])N([C@@H](C2)C(O)=O)C(=O)[C@H](C)N[C@@H](CCC1=CC=CC=C1)C(=O)OCC,CCOC(=O)C(CCc1ccccc1)NC(C)C(=O)N1C(C(=O)O)CC2CCCC21,CCOC(=O)[C@H](CCc1ccccc1)N[C@@H](C)C(=O)N1[C@H](C(=O)O)C[C@@H]2CCC[C@@H]21,HDACQVRGBOVJII-JBDAPHQKSA-N,True
DB00542,drugbank,[H][C@@]1(CCC2=CC=CC=C2N(CC(O)=O)C1=O)N[C@@H](CCC1=CC=CC=C1)C(=O)OCC,CCOC(=O)C(CCc1ccccc1)NC1CCc2ccccc2N(CC(=O)O)C1=O,CCOC(=O)[C@H](CCc1ccccc1)N[C@H]1CCc2ccccc2N(CC(=O)O)C1=O,XPCFTKFZXHTYIP-PMACEKPBSA-N,True
DB00881,drugbank,CCOC(=O)[C@H](CCC1=CC=CC=C1)N[C@@H](C)C(=O)N1CC2=CC=CC=C2C[C@H]1C(O)=O,CCOC(=O)C(CCc1ccccc1)NC(C)C(=O)N1Cc2ccccc2CC1C(=O)O,CCOC(=O)[C@H](CCc1ccccc1)N[C@@H](C)C(=O)N1Cc2ccccc2C[C@H]1C(=O)O,JSDRRTOADPPCHY-HSQYWUDLSA-N,True
DB09227,drugbank,COC(=O)C1=C(C)NC(C)=C([C@H]1C1=CC(=CC=C1)[N+]([O-])=O)C(=O)O[C@H]1CCN(CC2=CC=CC=C2)C1,COC(=O)C1=C(C)NC(C)=C(C(=O)OC2CCN(Cc3ccccc3)C2)C1c1cccc([N+](=O)[O-])c1,COC(=O)C1=C(C)NC(C)=C(C(=O)O[C@H]2CCN(Cc3ccccc3)C2)[C@H]1c1cccc([N+](=O)[O-])c1,VXMOONUMYLCFJD-DHLKQENFSA-N,True
DB01113,drugbank,COC1=C(OC)C=C(CC2=NC=CC3=CC(OC)=C(OC)C=C23)C=C1,COc1ccc(Cc2nccc3cc(OC)c(OC)cc23)cc1OC,COc1ccc(Cc2nccc3cc(OC)c(OC)cc23)cc1OC,XQYZDYMELSJDRZ-UHFFFAOYSA-N,True
DB00880,drugbank,NS(=O)(=O)C1=C(Cl)C=C2NC=NS(=O)(=O)C2=C1,NS(=O)(=O)c1cc2c(cc1Cl)NC=NS2(=O)=O,NS(=O)(=O)c1cc2c(cc1Cl)NC=NS2(=O)=O,JBMKAUGHUNFTOL-UHFFFAOYSA-N,True
DB01611,drugbank,CCN(CCO)CCCC(C)NC1=C2C=CC(Cl)=CC2=NC=C1,CCN(CCO)CCCC(C)Nc1ccnc2cc(Cl)ccc12,CCN(CCO)CCCC(C)Nc1ccnc2cc(Cl)ccc12,XXSMGPRMXLTPCZ-UHFFFAOYSA-N,True
DB11730,drugbank,CN(C)C(=O)C1=CC2=CN=C(NC3=CC=C(C=N3)N3CCNCC3)N=C2N1C1CCCC1,CN(C)C(=O)c1cc2cnc(Nc3ccc(N4CCNCC4)cn3)nc2n1C1CCCC1,CN(C)C(=O)c1cc2cnc(Nc3ccc(N4CCNCC4)cn3)nc2n1C1CCCC1,RHXHGRAEPCAFML-UHFFFAOYSA-N,True
DB00440,drugbank,COC1=CC(CC2=CN=C(N)N=C2N)=CC(OC)=C1OC,COc1cc(Cc2cnc(N)nc2N)cc(OC)c1OC,COc1cc(Cc2cnc(N)nc2N)cc(OC)c1OC,IEDVJHCEMCRBQM-UHFFFAOYSA-N,True
DB01117,drugbank,OC1=C([C@H]2CC[C@@H](CC2)C2=CC=C(Cl)C=C2)C(=O)C2=CC=CC=C2C1=O,O=C1C(O)=C(C2CCC(c3ccc(Cl)cc3)CC2)C(=O)c2ccccc21,O=C1C(O)=C([C@H]2CC[C@H](c3ccc(Cl)cc3)CC2)C(=O)c2ccccc21,KUCQYCKVKVOKAY-CTYIDZIISA-N,True
DB09274,drugbank,[H][C@@]12CC[C@@H](C)[C@]3([H])CC[C@@]4(C)OO[C@@]13[C@]([H])(O[C@@H](OC(=O)CCC(O)=O)[C@@H]2C)O4,CC1CCC2C(C)C(OC(=O)CCC(=O)O)OC3OC4(C)CCC1C32OO4,C[C@H]1[C@H](OC(=O)CCC(=O)O)O[C@@H]2O[C@@]3(C)CC[C@H]4[C@H](C)CC[C@@H]1[C@@]24OO3,FIHJKUPKCHIPAT-AHIGJZGOSA-N,True
DB01131,drugbank,CC(C)NC(=N)NC(=N)NC1=CC=C(Cl)C=C1,CC(C)NC(=N)NC(=N)Nc1ccc(Cl)cc1,CC(C)NC(=N)NC(=N)Nc1ccc(Cl)cc1,SSOLNOMRVKKSON-UHFFFAOYSA-N,True
DB01299,drugbank,COC1=NC=NC(NS(=O)(=O)C2=CC=C(N)C=C2)=C1OC,COc1ncnc(NS(=O)(=O)c2ccc(N)cc2)c1OC,COc1ncnc(NS(=O)(=O)c2ccc(N)cc2)c1OC,PJSFRIWCGOHTNF-UHFFFAOYSA-N,True
DB00664,drugbank,COC1=NC=CN=C1NS(=O)(=O)C1=CC=C(N)C=C1,COc1nccnc1NS(=O)(=O)c1ccc(N)cc1,COc1nccnc1NS(=O)(=O)c1ccc(N)cc1,KXRZBTAEDBELFD-UHFFFAOYSA-N,True
DB00205,drugbank,CCC1=C(C(N)=NC(N)=N1)C1=CC=C(Cl)C=C1,CCc1nc(N)nc(N)c1-c1ccc(Cl)cc1,CCc1nc(N)nc(N)c1-c1ccc(Cl)cc1,WKSAUQYGYAYLPV-UHFFFAOYSA-N,True
DB01103,drugbank,CCN(CC)CCCC(C)NC1=C2C=C(OC)C=CC2=NC2=C1C=CC(Cl)=C2,CCN(CC)CCCC(C)Nc1c2ccc(Cl)cc2nc2ccc(OC)cc12,CCN(CC)CCCC(C)Nc1c2ccc(Cl)cc2nc2ccc(OC)cc12,GPKJTRJOBQGKQK-UHFFFAOYSA-N,True
DB00613,drugbank,CCN(CC)CC1=C(O)C=CC(NC2=C3C=CC(Cl)=CC3=NC=C2)=C1,CCN(CC)Cc1cc(Nc2ccnc3cc(Cl)ccc23)ccc1O,CCN(CC)Cc1cc(Nc2ccnc3cc(Cl)ccc23)ccc1O,OVCDSSHSILBFBN-UHFFFAOYSA-N,True
DB01280,drugbank,COC1=NC(N)=NC2=C1N=CN2[C@@H]1O[C@H](CO)[C@@H](O)[C@@H]1O,COc1nc(N)nc2c1ncn2C1OC(CO)C(O)C1O,COc1nc(N)nc2c1ncn2[C@@H]1O[C@H](CO)[C@@H](O)[C@@H]1O,IXOXBSCIXZEQEQ-UHTZMRCNSA-N,True
DB01656,drugbank,FC(F)OC1=C(OCC2CC2)C=C(C=C1)C(=O)NC1=C(Cl)C=NC=C1Cl,O=C(Nc1c(Cl)cncc1Cl)c1ccc(OC(F)F)c(OCC2CC2)c1,O=C(Nc1c(Cl)cncc1Cl)c1ccc(OC(F)F)c(OCC2CC2)c1,MNDBXUUTURYVHR-UHFFFAOYSA-N,True
DB00928,drugbank,NC1=NC(=O)N(C=N1)[C@@H]1O[C@H](CO)[C@@H](O)[C@H]1O,Nc1ncn(C2OC(CO)C(O)C2O)c(=O)n1,Nc1ncn([C@@H]2O[C@H](CO)[C@@H](O)[C@H]2O)c(=O)n1,NMUSYJAQQFHJEW-KVTDHHQDSA-N,True
DB01181,drugbank,ClCCNP1(=O)OCCCN1CCCl,O=P1(NCCCl)OCCCN1CCCl,O=P1(NCCCl)OCCCN1CCCl,HOMGKSMUEGBAAB-UHFFFAOYSA-N,True
DB00987,drugbank,NC1=NC(=O)N(C=C1)[C@@H]1O[C@H](CO)[C@@H](O)[C@@H]1O,Nc1ccn(C2OC(CO)C(O)C2O)c(=O)n1,Nc1ccn([C@@H]2O[C@H](CO)[C@@H](O)[C@@H]2O)c(=O)n1,UHDGCWIWMRVCDJ-CCXZUQQUSA-N,True
DB01206,drugbank,ClCCN(N=O)C(=O)NC1CCCCC1,O=NN(CCCl)C(=O)NC1CCCCC1,O=NN(CCCl)C(=O)NC1CCCCC1,GQYIWUVLTXOXAJ-UHFFFAOYSA-N,True
DB08895,drugbank,[H][C@@]1(C)CCN(C[C@]1([H])N(C)C1=NC=NC2=C1C=CN2)C(=O)CC#N,CC1CCN(C(=O)CC#N)CC1N(C)c1ncnc2[nH]ccc12,C[C@@H]1CCN(C(=O)CC#N)C[C@@H]1N(C)c1ncnc2[nH]ccc12,UJLAWZDWDVHWOW-YPMHNXCESA-N,True
DB00888,drugbank,CN(CCCl)CCCl,CN(CCCl)CCCl,CN(CCCl)CCCl,HAWPXGHAZFHHAD-UHFFFAOYSA-N,True
DB00541,drugbank,[H][C@@]12N3CC[C@@]11C4=C(C=C(OC)C(=C4)[C@]4(C[C@H]5C[N@](C[C@](O)(CC)C5)CCC5=C4NC4=CC=CC=C54)C(=O)OC)N(C=O)[C@@]1([H])[C@](O)([C@H](OC(C)=O)[C@]2(CC)C=CC3)C(=O)OC,CCC1(O)CC2CN(CCc3c([nH]c4ccccc34)C(C(=O)OC)(c3cc4c(cc3OC)N(C=O)C3C(O)(C(=O)OC)C(OC(C)=O)C5(CC)C=CCN6CCC43C65)C2)C1,CC[C@]1(O)C[C@@H]2C[N@@](CCc3c([nH]c4ccccc34)[C@@](C(=O)OC)(c3cc4c(cc3OC)N(C=O)[C@H]3[C@@](O)(C(=O)OC)[C@H](OC(C)=O)[C@]5(CC)C=CCN6CC[C@]43[C@@H]65)C2)C1,OGWKCGZFUXNPDA-CFWMRBGOSA-N,True
DB00853,drugbank,CN1N=NC2=C(N=CN2C1=O)C(N)=O,Cn1nnc2c(C(N)=O)ncn2c1=O,Cn1nnc2c(C(N)=O)ncn2c1=O,BPEGJWRSRHCHSN-UHFFFAOYSA-N,True
DB01008,drugbank,CS(=O)(=O)OCCCCOS(C)(=O)=O,CS(=O)(=O)OCCCCOS(C)(=O)=O,CS(=O)(=O)OCCCCOS(C)(=O)=O,COVZYZSDYWQREU-UHFFFAOYSA-N,True
DB01423,drugbank,CC(SC(=O)C1=CC=CS1)C(=O)NCC(O)=O,CC(SC(=O)c1cccs1)C(=O)NCC(=O)O,CC(SC(=O)c1cccs1)C(=O)NCC(=O)O,JNYSEDHQJCOWQU-UHFFFAOYSA-N,True
DB00361,drugbank,[H][C@@]12N(C)C3=CC(OC)=C(C=C3[C@@]11CCN3CC=C[C@](CC)([C@@]13[H])[C@@]([H])(OC(C)=O)[C@]2(O)C(=O)OC)[C@]1(C[C@@]2([H])CN(CC(CC)=C2)CC2=C1NC1=CC=CC=C21)C(=O)OC,CCC1=CC2CN(C1)Cc1c([nH]c3ccccc13)C(C(=O)OC)(c1cc3c(cc1OC)N(C)C1C(O)(C(=O)OC)C(OC(C)=O)C4(CC)C=CCN5CCC31C54)C2,CCC1=C[C@@H]2CN(C1)Cc1c([nH]c3ccccc13)[C@@](C(=O)OC)(c1cc3c(cc1OC)N(C)[C@H]1[C@@](O)(C(=O)OC)[C@H](OC(C)=O)[C@]4(CC)C=CCN5CC[C@]31[C@@H]54)C2,GBABOYUKABKIAF-IELIFDKJSA-N,True
DB00352,drugbank,NC1=NC(=S)C2=C(N1)N=CN2,Nc1nc(=S)c2[nH]cnc2[nH]1,Nc1nc(=S)c2[nH]cnc2[nH]1,WYWHKKSPHMUBEB-UHFFFAOYSA-N,True
DB01204,drugbank,OCCNCCNC1=CC=C(NCCNCCO)C2=C1C(=O)C1=C(C(O)=CC=C1O)C2=O,O=C1c2c(O)ccc(O)c2C(=O)c2c(NCCNCCO)ccc(NCCNCCO)c21,O=C1c2c(O)ccc(O)c2C(=O)c2c(NCCNCCO)ccc(NCCNCCO)c21,KKZJGLLVHKMTCM-UHFFFAOYSA-N,True
DB00544,drugbank,FC1=CNC(=O)NC1=O,O=c1[nH]cc(F)c(=O)[nH]1,O=c1[nH]cc(F)c(=O)[nH]1,GHASVSINZRGABV-UHFFFAOYSA-N,True
DB00724,drugbank,CC(C)CN1C=NC2=C1C1=C(C=CC=C1)N=C2N,CC(C)Cn1cnc2c(N)nc3ccccc3c21,CC(C)Cn1cnc2c(N)nc3ccccc3c21,DOUYETYNHWVLEO-UHFFFAOYSA-N,True
DB00526,drugbank,[H][N]1([H])[C@@H]2CCCC[C@H]2[N]([H])([H])[Pt]11OC(=O)C(=O)O1,O=C1O[Pt]2(<-NC3CCCCC3N->2)OC1=O,O=C1O[Pt]2(<-N[C@@H]3CCCC[C@H]3N->2)OC1=O,,True
DB00642,drugbank,NC1=NC(=O)C2=C(NC=C2CCC2=CC=C(C=C2)C(=O)N[C@@H](CCC(O)=O)C(O)=O)N1,Nc1nc(=O)c2c(CCc3ccc(C(=O)NC(CCC(=O)O)C(=O)O)cc3)c[nH]c2[nH]1,Nc1nc(=O)c2c(CCc3ccc(C(=O)N[C@@H](CCC(=O)O)C(=O)O)cc3)c[nH]c2[nH]1,WBXPDJSOTKVWSJ-ZDUSSCGKSA-N,True
DB01101,drugbank,CCCCCOC(=O)NC1=NC(=O)N(C=C1F)[C@@H]1O[C@H](C)[C@@H](O)[C@H]1O,CCCCCOC(=O)Nc1nc(=O)n(C2OC(C)C(O)C2O)cc1F,CCCCCOC(=O)Nc1nc(=O)n([C@@H]2O[C@H](C)[C@@H](O)[C@H]2O)cc1F,GAGWJHPBXLXJQN-UORFTKCHSA-N,True
DB01073,drugbank,NC1=NC(F)=NC2=C1N=CN2[C@@H]1O[C@H](CO)[C@@H](O)[C@@H]1O,Nc1nc(F)nc2c1ncn2C1OC(CO)C(O)C1O,Nc1nc(F)nc2c1ncn2[C@@H]1O[C@H](CO)[C@@H](O)[C@@H]1O,HBUBKKRHXORPQB-FJFJXFQQSA-N,True
DB06813,drugbank,NC1=NC2=NC=C(CC(CC#C)C3=CC=C(C=C3)C(=O)N[C@@H](CCC(O)=O)C(O)=O)N=C2C(N)=N1,C#CCC(Cc1cnc2nc(N)nc(N)c2n1)c1ccc(C(=O)NC(CCC(=O)O)C(=O)O)cc1,C#CCC(Cc1cnc2nc(N)nc(N)c2n1)c1ccc(C(=O)N[C@@H](CCC(=O)O)C(=O)O)cc1,OGSBUKJUDHAQEA-WMCAAGNKSA-N,True
DB00773,drugbank,[H][C@]12COC(=O)[C@]1([H])[C@H](C1=CC(OC)=C(O)C(OC)=C1)C1=CC3=C(OCO3)C=C1[C@H]2O[C@@H]1O[C@]2([H])CO[C@@H](C)O[C@@]2([H])[C@H](O)[C@H]1O,COc1cc(C2c3cc4c(cc3C(OC3OC5COC(C)OC5C(O)C3O)C3COC(=O)C23)OCO4)cc(OC)c1O,COc1cc([C@@H]2c3cc4c(cc3[C@@H](O[C@@H]3O[C@@H]5CO[C@@H](C)O[C@H]5[C@H](O)[C@H]3O)[C@H]3COC(=O)[C@H]23)OCO4)cc(OC)c1O,VJJPUSNTGOMMGY-MRVIYFEKSA-N,True
DB08877,drugbank,N#CC[C@H](C1CCCC1)N1C=C(C=N1)C1=C2C=CNC2=NC=N1,N#CCC(C1CCCC1)n1cc(-c2ncnc3[nH]ccc23)cn1,N#CC[C@H](C1CCCC1)n1cc(-c2ncnc3[nH]ccc23)cn1,HFNKQEVNSGCOJV-OAHLLOKOSA-N,True
DB01042,drugbank,N[C@@H](CC1=CC=C(C=C1)N(CCCl)CCCl)C(O)=O,NC(Cc1ccc(N(CCCl)CCCl)cc1)C(=O)O,N[C@@H](Cc1ccc(N(CCCl)CCCl)cc1)C(=O)O,SGDBTWWWUNNDEQ-LBPRGKRZSA-N,True
DB00398,drugbank,CNC(=O)C1=NC=CC(OC2=CC=C(NC(=O)NC3=CC(=C(Cl)C=C3)C(F)(F)F)C=C2)=C1,CNC(=O)c1cc(Oc2ccc(NC(=O)Nc3ccc(Cl)c(C(F)(F)F)c3)cc2)ccn1,CNC(=O)c1cc(Oc2ccc(NC(=O)Nc3ccc(Cl)c(C(F)(F)F)c3)cc2)ccn1,MLDQJTXFUGDVEO-UHFFFAOYSA-N,True
DB00444,drugbank,[H][C@]12COC(=O)[C@]1([H])[C@H](C1=CC(OC)=C(O)C(OC)=C1)C1=C(C=C3OCOC3=C1)[C@H]2O[C@]1([H])O[C@]2([H])CO[C@H](O[C@@]2([H])[C@H](O)[C@H]1O)C1=CC=CS1,COc1cc(C2c3cc4c(cc3C(OC3OC5COC(c6cccs6)OC5C(O)C3O)C3COC(=O)C23)OCO4)cc(OC)c1O,COc1cc([C@@H]2c3cc4c(cc3[C@@H](O[C@@H]3O[C@@H]5CO[C@@H](c6cccs6)O[C@H]5[C@H](O)[C@H]3O)[C@H]3COC(=O)[C@H]23)OCO4)cc(OC)c1O,NRUKOCRGYNPUPR-QBPJDGROSA-N,True
DB01590,drugbank,[H][C@@]1(C[C@@H](C)[C@]2([H])CC(=O)[C@H](C)\C=C(C)\[C@@H](O)[C@@H](OC)C(=O)[C@H](C)C[C@H](C)\C=C\C=C\C=C(C)\[C@H](C[C@]3([H])CC[C@@H](C)[C@@](O)(O3)C(=O)C(=O)N3CCCC[C@@]3([H])C(=O)O2)OC)CC[C@@H](OCCO)[C@@H](C1)OC,COC1CC2CCC(C)C(O)(O2)C(=O)C(=O)N2CCCCC2C(=O)OC(C(C)CC2CCC(OCCO)C(OC)C2)CC(=O)C(C)C=C(C)C(O)C(OC)C(=O)C(C)CC(C)C=CC=CC=C1C,CO[C@H]1C[C@@H]2CC[C@@H](C)[C@@](O)(O2)C(=O)C(=O)N2CCCC[C@H]2C(=O)O[C@H]([C@H](C)C[C@@H]2CC[C@@H](OCCO)[C@H](OC)C2)CC(=O)[C@H](C)/C=C(\C)[C@@H](O)[C@@H](OC)C(=O)[C@H](C)C[C@H](C)/C=C/C=C/C=C/1C,HKVAMNSJSFKALM-GKUWKFKPSA-N,True
DB00993,drugbank,CN1C=NC(=C1SC1=NC=NC2=C1NC=N2)[N+]([O-])=O,Cn1cnc([N+](=O)[O-])c1Sc1ncnc2nc[nH]c12,Cn1cnc([N+](=O)[O-])c1Sc1ncnc2nc[nH]c12,LMEKQMALGUDUQG-UHFFFAOYSA-N,True
DB00970,drugbank,[H][C@@]12CCCN1C(=O)[C@H](NC(=O)[C@@H](NC(=O)C1=C3N=C4C(OC3=C(C)C=C1)=C(C)C(=O)C(N)=C4C(=O)N[C@H]1[C@@H](C)OC(=O)[C@H](C(C)C)N(C)C(=O)CN(C)C(=O)[C@]3([H])CCCN3C(=O)[C@H](NC1=O)C(C)C)[C@@H](C)OC(=O)[C@H](C(C)C)N(C)C(=O)CN(C)C2=O)C(C)C,Cc1c2oc3c(C)ccc(C(=O)NC4C(=O)NC(C(C)C)C(=O)N5CCCC5C(=O)N(C)CC(=O)N(C)C(C(C)C)C(=O)OC4C)c3nc-2c(C(=O)NC2C(=O)NC(C(C)C)C(=O)N3CCCC3C(=O)N(C)CC(=O)N(C)C(C(C)C)C(=O)OC2C)c(N)c1=O,Cc1c2oc3c(C)ccc(C(=O)N[C@@H]4C(=O)N[C@H](C(C)C)C(=O)N5CCC[C@H]5C(=O)N(C)CC(=O)N(C)[C@@H](C(C)C)C(=O)O[C@@H]4C)c3nc-2c(C(=O)N[C@@H]2C(=O)N[C@H](C(C)C)C(=O)N3CCC[C@H]3C(=O)N(C)CC(=O)N(C)[C@@H](C(C)C)C(=O)O[C@@H]2C)c(N)c1=O,RJURFGZVJUQBHK-IIXSONLDSA-N,True
DB00305,drugbank,[H][C@]12CN3C4=C([C@@H](COC(N)=O)[C@@]3(OC)[C@@]1([H])N2)C(=O)C(N)=C(C)C4=O,COC12C(COC(N)=O)C3=C(C(=O)C(C)=C(N)C3=O)N1CC1NC12,CO[C@@]12[C@H](COC(N)=O)C3=C(C(=O)C(C)=C(N)C3=O)N1C[C@@H]1N[C@@H]12,NWIBSHFKIJFRCO-WUDYKRTCSA-N,True
DB00515,drugbank,[H][N]([H])([H])[Pt](Cl)(Cl)[N]([H])([H])[H],N->[Pt](<-N)(Cl)Cl,N->[Pt](<-N)(Cl)Cl,,True
DB00262,drugbank,ClCCNC(=O)N(CCCl)N=O,O=NN(CCCl)C(=O)NCCCl,O=NN(CCCl)C(=O)NCCCl,DLGOEMSEDOSKAD-UHFFFAOYSA-N,True
DB01005,drugbank,NC(=O)NO,NC(=O)NO,NC(=O)NO,VSNHCAURESNICA-UHFFFAOYSA-N,True
DB08908,drugbank,[H]\C(=C(\[H])C(=O)OC)C(=O)OC,COC(=O)C=CC(=O)OC,COC(=O)/C=C/C(=O)OC,LDCRTTXIJACKKU-ONEGZZNKSA-N,True
DB00242,drugbank,NC1=C2N=CN([C@H]3C[C@H](O)[C@@H](CO)O3)C2=NC(Cl)=N1,Nc1nc(Cl)nc2c1ncn2C1CC(O)C(CO)O1,Nc1nc(Cl)nc2c1ncn2[C@H]1C[C@H](O)[C@@H](CO)O1,PTOAARAWEBMLNO-KVQBGUIXSA-N,True
DB09053,drugbank,NC1=NC=NC2=C1C(=NN2[C@@H]1CCCN(C1)C(=O)C=C)C1=CC=C(OC2=CC=CC=C2)C=C1,C=CC(=O)N1CCCC(n2nc(-c3ccc(Oc4ccccc4)cc3)c3c(N)ncnc32)C1,C=CC(=O)N1CCC[C@@H](n2nc(-c3ccc(Oc4ccccc4)cc3)c3c(N)ncnc32)C1,XYFPWWZEPKGCCK-GOSISDBHSA-N,True
DB00276,drugbank,COC1=C(NC2=C3C=CC=CC3=NC3=CC=CC=C23)C=CC(NS(C)(=O)=O)=C1,COc1cc(NS(C)(=O)=O)ccc1Nc1c2ccccc2nc2ccccc12,COc1cc(NS(C)(=O)=O)ccc1Nc1c2ccccc2nc2ccccc12,XCPGHVQEEXUHNC-UHFFFAOYSA-N,True
DB00570,drugbank,[H][C@@]12N(C)C3=CC(OC)=C(C=C3[C@@]11CCN3CC=C[C@@](CC)([C@@H](OC(C)=O)[C@]2(O)C(=O)OC)[C@@]13[H])[C@]1(C[C@@]2([H])CN(C[C@](O)(CC)C2)CCC2=C1NC1=C2C=CC=C1)C(=O)OC,CCC1(O)CC2CN(CCc3c([nH]c4ccccc34)C(C(=O)OC)(c3cc4c(cc3OC)N(C)C3C(O)(C(=O)OC)C(OC(C)=O)C5(CC)C=CCN6CCC43C65)C2)C1,CC[C@]1(O)C[C@@H]2CN(CCc3c([nH]c4ccccc34)[C@@](C(=O)OC)(c3cc4c(cc3OC)N(C)[C@H]3[C@@](O)(C(=O)OC)[C@H](OC(C)=O)[C@]5(CC)C=CCN6CC[C@]43[C@@H]65)C2)C1,JXLYSJRDGCGARV-CFWMRBGOSA-N,True
DB00120,drugbank,N[C@@H](CC1=CC=CC=C1)C(O)=O,NC(Cc1ccccc1)C(=O)O,N[C@@H](Cc1ccccc1)C(=O)O,COLNVLDHVKWLRT-QMMMGPOBSA-N,True
DB06287,drugbank,OCC(C)(CO)C(=O)O[C@@H]1CC[C@@H](C[C@@H](C)[C@]2([H])CC(=O)[C@H](C)\C=C(C)\[C@@H](O)[C@@H](OC)C(=O)[C@H](C)C[C@H](C)\C=C\C=C\C=C(C)\[C@@H](OC)C[C@]3([H])CC[C@@H](C)[C@@](O)(O3)C(=O)C(=O)N3CCCC[C@H]3C(=O)O2)C[C@H]1OC,COC1CC2CCC(C)C(O)(O2)C(=O)C(=O)N2CCCCC2C(=O)OC(C(C)CC2CCC(OC(=O)C(C)(CO)CO)C(OC)C2)CC(=O)C(C)C=C(C)C(O)C(OC)C(=O)C(C)CC(C)C=CC=CC=C1C,CO[C@H]1C[C@@H]2CC[C@@H](C)[C@@](O)(O2)C(=O)C(=O)N2CCCC[C@H]2C(=O)O[C@H]([C@H](C)C[C@@H]2CC[C@@H](OC(=O)C(C)(CO)CO)[C@H](OC)C2)CC(=O)[C@H](C)/C=C(\C)[C@@H](O)[C@@H](OC)C(=O)[C@H](C)C[C@H](C)/C=C/C=C/C=C/1C,CBPNZQVSJQDFBE-FUXHJELOSA-N,True
DB04572,drugbank,S=P(N1CC1)(N1CC1)N1CC1,S=P(N1CC1)(N1CC1)N1CC1,S=P(N1CC1)(N1CC1)N1CC1,FOCVUCIESVLUNU-UHFFFAOYSA-N,True
DB00441,drugbank,NC1=NC(=O)N(C=C1)[C@@H]1O[C@H](CO)[C@@H](O)C1(F)F,Nc1ccn(C2OC(CO)C(O)C2(F)F)c(=O)n1,Nc1ccn([C@@H]2O[C@H](CO)[C@@H](O)C2(F)F)c(=O)n1,SDUQYLNIPVEERB-QPPQHZFASA-N,True
DB01248,drugbank,[H][C@@]1(C[C@@]2(O)[C@@H](OC(=O)C3=CC=CC=C3)[C@]3([H])[C@@]4(CO[C@@H]4C[C@H](O)[C@@]3(C)C(=O)[C@H](O)C(=C1C)C2(C)C)OC(C)=O)OC(=O)[C@H](O)[C@@H](NC(=O)OC(C)(C)C)C1=CC=CC=C1,CC(=O)OC12COC1CC(O)C1(C)C(=O)C(O)C3=C(C)C(OC(=O)C(O)C(NC(=O)OC(C)(C)C)c4ccccc4)CC(O)(C(OC(=O)c4ccccc4)C21)C3(C)C,CC(=O)O[C@@]12CO[C@@H]1C[C@H](O)[C@@]1(C)C(=O)[C@H](O)C3=C(C)[C@@H](OC(=O)[C@H](O)[C@@H](NC(=O)OC(C)(C)C)c4ccccc4)C[C@@](O)([C@@H](OC(=O)c4ccccc4)[C@H]21)C3(C)C,ZDZOTLJHXYCWBA-VCVYQWHSSA-N,True
DB11989,drugbank,[O-][N+](=O)C1=NC=CN1CC(=O)NCC1=CC=CC=C1,O=C(Cn1ccnc1[N+](=O)[O-])NCc1ccccc1,O=C(Cn1ccnc1[N+](=O)[O-])NCc1ccccc1,CULUWZNBISUWAS-UHFFFAOYSA-N,True
DB09073,drugbank,CC(=O)C1=C(C)C2=CN=C(NC3=NC=C(C=C3)N3CCNCC3)N=C2N(C2CCCC2)C1=O,CC(=O)c1c(C)c2cnc(Nc3ccc(N4CCNCC4)cn3)nc2n(C2CCCC2)c1=O,CC(=O)c1c(C)c2cnc(Nc3ccc(N4CCNCC4)cn3)nc2n(C2CCCC2)c1=O,AHJRHEGDXFFMBM-UHFFFAOYSA-N,True
DB00480,drugbank,NC1=CC=CC2=C1CN(C1CCC(=O)NC1=O)C2=O,Nc1cccc2c1CN(C1CCC(=O)NC1=O)C2=O,Nc1cccc2c1CN(C1CCC(=O)NC1=O)C2=O,GOTYRUGSSMKFNF-UHFFFAOYSA-N,True
DB00291,drugbank,OC(=O)CCCC1=CC=C(C=C1)N(CCCl)CCCl,O=C(O)CCCc1ccc(N(CCCl)CCCl)cc1,O=C(O)CCCc1ccc(N(CCCl)CCCl)cc1,JCKYGMPEJWAADB-UHFFFAOYSA-N,True
DB01033,drugbank,S=C1N=CNC2=C1NC=N2,S=c1nc[nH]c2nc[nH]c12,S=c1nc[nH]c2nc[nH]c12,GLVAUDGFNGKCSF-UHFFFAOYSA-N,True
DB06772,drugbank,[H][C@]12[C@H](OC(=O)C3=CC=CC=C3)[C@]3(O)C[C@H](OC(=O)[C@H](O)[C@@H](NC(=O)OC(C)(C)C)C4=CC=CC=C4)C(C)=C([C@@H](OC)C(=O)[C@]1(C)[C@H](C[C@H]1OC[C@@]21OC(C)=O)OC)C3(C)C,COC1C(=O)C2(C)C(OC)CC3OCC3(OC(C)=O)C2C(OC(=O)c2ccccc2)C2(O)CC(OC(=O)C(O)C(NC(=O)OC(C)(C)C)c3ccccc3)C(C)=C1C2(C)C,CO[C@H]1C(=O)[C@]2(C)[C@@H](OC)C[C@H]3OC[C@@]3(OC(C)=O)[C@H]2[C@H](OC(=O)c2ccccc2)[C@]2(O)C[C@H](OC(=O)[C@H](O)[C@@H](NC(=O)OC(C)(C)C)c3ccccc3)C(C)=C1C2(C)C,BMQGVNUXMIRLCK-OAGWZNDDSA-N,True
DB00563,drugbank,CN(CC1=CN=C2N=C(N)N=C(N)C2=N1)C1=CC=C(C=C1)C(=O)N[C@@H](CCC(O)=O)C(O)=O,CN(Cc1cnc2nc(N)nc(N)c2n1)c1ccc(C(=O)NC(CCC(=O)O)C(=O)O)cc1,CN(Cc1cnc2nc(N)nc(N)c2n1)c1ccc(C(=O)N[C@@H](CCC(=O)O)C(=O)O)cc1,FBOZXECLQNJBKD-ZDUSSCGKSA-N,True
DB00290,drugbank,[H][C@](C)(NC(=O)[C@@]([H])(NC(=O)C1=NC(=NC(N)=C1C)[C@H](CC(N)=O)NC[C@H](N)C(N)=O)[C@@]([H])(OC1OC(CO)C(O)C(O)C1OC1OC(CO)C(O)C(OC(N)=O)C1O)C1=CNC=N1)[C@@H](O)[C@H](C)C(=O)N[C@]([H])(C(=O)NCCC1=NC(=CS1)C1=NC(=CS1)C(=O)NCCC[S+](C)C)[C@@]([H])(C)O,Cc1c(N)nc(C(CC(N)=O)NCC(N)C(N)=O)nc1C(=O)NC(C(=O)NC(C)C(O)C(C)C(=O)NC(C(=O)NCCc1nc(-c2nc(C(=O)NCCC[S+](C)C)cs2)cs1)C(C)O)C(OC1OC(CO)C(O)C(O)C1OC1OC(CO)C(O)C(OC(N)=O)C1O)c1c[nH]cn1,Cc1c(N)nc([C@H](CC(N)=O)NC[C@H](N)C(N)=O)nc1C(=O)N[C@H](C(=O)N[C@H](C)[C@@H](O)[C@H](C)C(=O)N[C@H](C(=O)NCCc1nc(-c2nc(C(=O)NCCC[S+](C)C)cs2)cs1)[C@@H](C)O)[C@@H](OC1OC(CO)C(O)C(O)C1OC1OC(CO)C(O)C(OC(N)=O)C1O)c1c[nH]cn1,OYVAGSVQBOHSSS-WXFSZRTFSA-O,True
DB01196,drugbank,[H][C@@]12CC[C@H](O)[C@@]1(C)CC[C@]1([H])C3=CC=C(OC(=O)N(CCCl)CCCl)C=C3CC[C@@]21[H],CC12CCC3c4ccc(OC(=O)N(CCCl)CCCl)cc4CCC3C1CCC2O,C[C@]12CC[C@@H]3c4ccc(OC(=O)N(CCCl)CCCl)cc4CC[C@H]3[C@@H]1CC[C@@H]2O,FRPJXPJMRWBBIH-RBRWEJTLSA-N,True
DB00309,drugbank,[H][C@@]12N3CC[C@@]11C4=CC(=C(OC)C=C4N(C)[C@@]1([H])[C@](O)([C@H](O)[C@]2(CC)C=CC3)C(N)=O)[C@]1(C[C@@]2([H])CN(C[C@](O)(CC)C2)CCC2=C1NC1=C2C=CC=C1)C(=O)OC,CCC1(O)CC2CN(CCc3c([nH]c4ccccc34)C(C(=O)OC)(c3cc4c(cc3OC)N(C)C3C(O)(C(N)=O)C(O)C5(CC)C=CCN6CCC43C65)C2)C1,CC[C@]1(O)C[C@@H]2CN(CCc3c([nH]c4ccccc34)[C@@](C(=O)OC)(c3cc4c(cc3OC)N(C)[C@H]3[C@@](O)(C(N)=O)[C@H](O)[C@]5(CC)C=CCN6CC[C@]43[C@@H]65)C2)C1,HHJUWIANJFBDHT-ZVTSDNJWSA-N,True
DB00322,drugbank,OC[C@H]1O[C@H](C[C@@H]1O)N1C=C(F)C(=O)NC1=O,O=c1[nH]c(=O)n(C2CC(O)C(CO)O2)cc1F,O=c1[nH]c(=O)n([C@H]2C[C@H](O)[C@@H](CO)O2)cc1F,ODKNJVUHOIMIIZ-RRKCRQDMSA-N,True
DB00851,drugbank,CN(C)\N=N\C1=C(N=CN1)C(N)=O,CN(C)N=Nc1[nH]cnc1C(N)=O,CN(C)/N=N/c1[nH]cnc1C(N)=O,FDKXTQMXEQVLRF-ZHACJKMWSA-N,True
DB05109,drugbank,[H][C@@]12[C@@H]3SC[C@]4(NCCC5=C4C=C(OC)C(O)=C5)C(=O)OC[C@H](N1[C@@H](O)[C@@H]1CC4=CC(C)=C(OC)C(O)=C4[C@H]2N1C)C1=C2OCOC2=C(C)C(OC(C)=O)=C31,COc1cc2c(cc1O)CCNC21CSC2c3c(OC(C)=O)c(C)c4c(c3C(COC1=O)N1C(O)C3Cc5cc(C)c(OC)c(O)c5C(C21)N3C)OCO4,COc1cc2c(cc1O)CCN[C@]21CS[C@@H]2c3c(OC(C)=O)c(C)c4c(c3[C@H](COC1=O)N1[C@@H]2[C@H]2c3c(cc(C)c(OC)c3O)C[C@@H]([C@@H]1O)N2C)OCO4,PKVRCIRHQMSYJX-AIFWHQITSA-N,True
DB00762,drugbank,CCC1=C2CN3C(=CC4=C(COC(=O)[C@]4(O)CC)C3=O)C2=NC2=CC=C(OC(=O)N3CCC(CC3)N3CCCCC3)C=C12,CCc1c2c(nc3ccc(OC(=O)N4CCC(N5CCCCC5)CC4)cc13)-c1cc3c(c(=O)n1C2)COC(=O)C3(O)CC,CCc1c2c(nc3ccc(OC(=O)N4CCC(N5CCCCC5)CC4)cc13)-c1cc3c(c(=O)n1C2)COC(=O)[C@]3(O)CC,UWKQSNNFCGGAFS-XIFFEERXSA-N,True
DB05260,drugbank,[Ga+3].[O-][N+]([O-])=O.[O-][N+]([O-])=O.[O-][N+]([O-])=O,O=[N+]([O-])[O-].O=[N+]([O-])[O-].O=[N+]([O-])[O-].[Ga+3],O=[N+]([O-])[O-].O=[N+]([O-])[O-].O=[N+]([O-])[O-].[Ga+3],CHPZKNULDCNCBW-UHFFFAOYSA-N,True
DB01030,drugbank,CC[C@@]1(O)C(=O)OCC2=C1C=C1N(CC3=CC4=C(C=CC(O)=C4CN(C)C)N=C13)C2=O,CCC1(O)C(=O)OCc2c1cc1n(c2=O)Cc2cc3c(CN(C)C)c(O)ccc3nc2-1,CC[C@@]1(O)C(=O)OCc2c1cc1n(c2=O)Cc2cc3c(CN(C)C)c(O)ccc3nc2-1,UCFGDBYHRUNTLO-QHCPKHFHSA-N,True
DB01180,drugbank,[H][C@]12C[C@@H](OC(=O)C=CC3=CC(OC)=C(OC)C(OC)=C3)[C@H](OC)[C@@H](C(=O)OC)[C@@]1([H])C[C@@]1([H])N(CCC3=C1NC1=C3C=CC(OC)=C1)C2,COC(=O)C1C2CC3c4[nH]c5cc(OC)ccc5c4CCN3CC2CC(OC(=O)C=Cc2cc(OC)c(OC)c(OC)c2)C1OC,COC(=O)[C@H]1[C@H]2C[C@@H]3c4[nH]c5cc(OC)ccc5c4CCN3C[C@H]2C[C@@H](OC(=O)C=Cc2cc(OC)c(OC)c(OC)c2)[C@@H]1OC,SZLZWPPUNLXJEA-LAFLMMDJSA-N,True
DB09220,drugbank,[O-][N+](=O)OCCNC(=O)C1=CC=CN=C1,O=C(NCCO[N+](=O)[O-])c1cccnc1,O=C(NCCO[N+](=O)[O-])c1cccnc1,LBHIOVVIQHSOQN-UHFFFAOYSA-N,True
DB00905,drugbank,CCNC(=O)CCC\C=C/C[C@H]1[C@@H](O)C[C@@H](O)[C@@H]1\C=C\[C@@H](O)CCC1=CC=CC=C1,CCNC(=O)CCCC=CCC1C(O)CC(O)C1C=CC(O)CCc1ccccc1,CCNC(=O)CCC/C=C\C[C@@H]1[C@@H](/C=C/[C@@H](O)CCc2ccccc2)[C@H](O)C[C@@H]1O,AQOKCDNYWBIDND-FTOWTWDKSA-N,True
DB09070,drugbank,[H][C@@]12CC[C@@](O)(C#C)[C@@]1(C)CC[C@]1([H])C3=C(CC(=O)CC3)C[C@@]([H])(C)[C@@]21[H],C#CC1(O)CCC2C3C(C)CC4=C(CCC(=O)C4)C3CCC21C,C#C[C@]1(O)CC[C@H]2[C@@H]3[C@H](C)CC4=C(CCC(=O)C4)[C@H]3CC[C@@]21C,WZDGZWOAQTVYBX-XOINTXKNSA-N,True
DB01348,drugbank,CCOC(=O)[C@H](CCC1=CC=CC=C1)N[C@@H](C)C(=O)N1CC2(C[C@H]1C(O)=O)SCCS2,CCOC(=O)C(CCc1ccccc1)NC(C)C(=O)N1CC2(CC1C(=O)O)SCCS2,CCOC(=O)[C@H](CCc1ccccc1)N[C@@H](C)C(=O)N1CC2(C[C@H]1C(=O)O)SCCS2,HRWCVUIFMSZDJS-SZMVWBNQSA-N,True
DB08932,drugbank,CCCNS(=O)(=O)NC1=C(C(OCCOC2=NC=C(Br)C=N2)=NC=N1)C1=CC=C(Br)C=C1,CCCNS(=O)(=O)Nc1ncnc(OCCOc2ncc(Br)cn2)c1-c1ccc(Br)cc1,CCCNS(=O)(=O)Nc1ncnc(OCCOc2ncc(Br)cn2)c1-c1ccc(Br)cc1,JGCMEBMXRHSZKX-UHFFFAOYSA-N,True
DB00287,drugbank,CC(C)OC(=O)CCC\C=C/C[C@H]1[C@@H](O)C[C@@H](O)[C@@H]1\C=C\[C@@H](O)COC1=CC=CC(=C1)C(F)(F)F,CC(C)OC(=O)CCCC=CCC1C(O)CC(O)C1C=CC(O)COc1cccc(C(F)(F)F)c1,CC(C)OC(=O)CCC/C=C\C[C@@H]1[C@@H](/C=C/[C@@H](O)COc2cccc(C(F)(F)F)c2)[C@H](O)C[C@@H]1O,MKPLKVHSHYCHOC-AHTXBMBWSA-N,True
DB00606,drugbank,NS(=O)(=O)C1=C(Cl)C=C2NC(NS(=O)(=O)C2=C1)C1CC2CC1C=C2,NS(=O)(=O)c1cc2c(cc1Cl)NC(C1CC3C=CC1C3)NS2(=O)=O,NS(=O)(=O)c1cc2c(cc1Cl)NC(C1CC3C=CC1C3)NS2(=O)=O,BOCUKUHCLICSIY-UHFFFAOYSA-N,True
DB06403,drugbank,COC([C@H](OC1=NC(C)=CC(C)=N1)C(O)=O)(C1=CC=CC=C1)C1=CC=CC=C1,COC(c1ccccc1)(c1ccccc1)C(Oc1nc(C)cc(C)n1)C(=O)O,COC(c1ccccc1)(c1ccccc1)[C@H](Oc1nc(C)cc(C)n1)C(=O)O,OUJTZYPIHDYQMC-LJQANCHMSA-N,True
DB01324,drugbank,CN1C(CSCC(F)(F)F)NC2=CC(Cl)=C(C=C2S1(=O)=O)S(N)(=O)=O,CN1C(CSCC(F)(F)F)Nc2cc(Cl)c(S(N)(=O)=O)cc2S1(=O)=O,CN1C(CSCC(F)(F)F)Nc2cc(Cl)c(S(N)(=O)=O)cc2S1(=O)=O,CYLWJCABXYDINA-UHFFFAOYSA-N,True
DB00212,drugbank,CC(C)(C)S(=O)(=O)C[C@@H](CC1=CC=CC=C1)C(=O)N[C@@H](CC1=CN=CN1)C(=O)N[C@@H](CC1CCCCC1)[C@@H](O)[C@@H](O)C1CC1,CC(C)(C)S(=O)(=O)CC(Cc1ccccc1)C(=O)NC(Cc1cnc[nH]1)C(=O)NC(CC1CCCCC1)C(O)C(O)C1CC1,CC(C)(C)S(=O)(=O)C[C@@H](Cc1ccccc1)C(=O)N[C@@H](Cc1cnc[nH]1)C(=O)N[C@@H](CC1CCCCC1)[C@@H](O)[C@@H](O)C1CC1,UXIGZRQVLGFTOU-VQXQMPIVSA-N,True
DB00374,drugbank,[H][C@]12C[C@@H](O)[C@H](CC[C@@H](O)CCCCC)[C@@]1([H])CC1=C(C2)C(OCC(O)=O)=CC=C1,CCCCCC(O)CCC1C(O)CC2Cc3c(cccc3OCC(=O)O)CC21,CCCCC[C@H](O)CC[C@@H]1[C@H]2Cc3cccc(OCC(=O)O)c3C[C@H]2C[C@H]1O,PAJMKGZZBBTTOY-ZFORQUDYSA-N,True
DB00226,drugbank,NC(N)=NCC1COC2(CCCCC2)O1,NC(N)=NCC1COC2(CCCCC2)O1,NC(N)=NCC1COC2(CCCCC2)O1,HPBNRIOWIXYZFK-UHFFFAOYSA-N,True
DB00765,drugbank,C[C@](N)(CC1=CC=C(O)C=C1)C(O)=O,CC(N)(Cc1ccc(O)cc1)C(=O)O,C[C@](N)(Cc1ccc(O)cc1)C(=O)O,NHTGHBARYWONDQ-JTQLQIEISA-N,True
DB04840,drugbank,NC(=N)N1CCC2=CC=CC=C2C1,N=C(N)N1CCc2ccccc2C1,N=C(N)N1CCc2ccccc2C1,JWPGJSVJDAJRLW-UHFFFAOYSA-N,True
DB01170,drugbank,NC(N)=NCCN1CCCCCCC1,NC(N)=NCCN1CCCCCCC1,NC(N)=NCCN1CCCCCCC1,ACGDKVXYNVEAGU-UHFFFAOYSA-N,True
DB00654,drugbank,CC(C)OC(=O)CCC\C=C/C[C@H]1[C@@H](O)C[C@@H](O)[C@@H]1CC[C@@H](O)CCC1=CC=CC=C1,CC(C)OC(=O)CCCC=CCC1C(O)CC(O)C1CCC(O)CCc1ccccc1,CC(C)OC(=O)CCC/C=C\C[C@@H]1[C@@H](CC[C@@H](O)CCc2ccccc2)[C@H](O)C[C@@H]1O,GGXICVAJURFBLW-CEYXHVGTSA-N,True
DB06826,drugbank,CCCCCCCC(=O)CC[C@H]1[C@H](O)C[C@H](O)[C@@H]1C\C=C/CCCC(O)=O,CCCCCCCC(=O)CCC1C(O)CC(O)C1CC=CCCCC(=O)O,CCCCCCCC(=O)CC[C@@H]1[C@@H](C/C=C\CCCC(=O)O)[C@@H](O)C[C@H]1O,TVHAZVBUYQMHBC-SNHXEXRGSA-N,True
DB00869,drugbank,CCN[C@H]1C[C@H](C)S(=O)(=O)C2=C1C=C(S2)S(N)(=O)=O,CCNC1CC(C)S(=O)(=O)c2sc(S(N)(=O)=O)cc21,CCN[C@H]1C[C@H](C)S(=O)(=O)c2sc(S(N)(=O)=O)cc21,IAVUPMFITXYVAF-XPUUQOCRSA-N,True
DB01089,drugbank,[H][C@]12C[C@@H](OC(=O)C3=CC(OC)=C(OC)C(OC)=C3)[C@H](OC)[C@@H](C(=O)OC)[C@@]1([H])C[C@@]1([H])N(CCC3=C1NC1=CC=CC=C31)C2,COC(=O)C1C2CC3c4[nH]c5ccccc5c4CCN3CC2CC(OC(=O)c2cc(OC)c(OC)c(OC)c2)C1OC,COC(=O)[C@H]1[C@H]2C[C@@H]3c4[nH]c5ccccc5c4CCN3C[C@H]2C[C@@H](OC(=O)c2cc(OC)c(OC)c(OC)c2)[C@@H]1OC,CVBMAZKKCSYWQR-WCGOZPBSSA-N,True
DB01119,drugbank,CC1=NS(=O)(=O)C2=C(N1)C=CC(Cl)=C2,CC1=NS(=O)(=O)c2cc(Cl)ccc2N1,CC1=NS(=O)(=O)c2cc(Cl)ccc2N1,GDLBFKVLRPITMI-UHFFFAOYSA-N,True
DB01021,drugbank,NS(=O)(=O)C1=C(Cl)C=C2NC(NS(=O)(=O)C2=C1)C(Cl)Cl,NS(=O)(=O)c1cc2c(cc1Cl)NC(C(Cl)Cl)NS2(=O)=O,NS(=O)(=O)c1cc2c(cc1Cl)NC(C(Cl)Cl)NS2(=O)=O,LMJSLTNSBFUCMU-UHFFFAOYSA-N,True
DB06268,drugbank,CC1=NOC(NS(=O)(=O)C2=C(SC=C2)C(=O)CC2=CC3=C(OCO3)C=C2C)=C1Cl,Cc1cc2c(cc1CC(=O)c1sccc1S(=O)(=O)Nc1onc(C)c1Cl)OCO2,Cc1cc2c(cc1CC(=O)c1sccc1S(=O)(=O)Nc1onc(C)c1Cl)OCO2,PHWXUGHIIBDVKD-UHFFFAOYSA-N,True
DB02638,drugbank,NCCCC[C@H](NC(=O)[C@@H]1CCCN1C(=O)[C@@H]1CSSC[C@H](NC(=O)CNC(=O)CNC(=O)CN)C(=O)N[C@@H](CC2=CC=C(O)C=C2)C(=O)N[C@@H](CC2=CC=CC=C2)C(=O)N[C@@H](CCC(N)=O)C(=O)N[C@@H](CC(N)=O)C(=O)N1)C(=O)NCC(N)=O,NCCCCC(NC(=O)C1CCCN1C(=O)C1CSSCC(NC(=O)CNC(=O)CNC(=O)CN)C(=O)NC(Cc2ccc(O)cc2)C(=O)NC(Cc2ccccc2)C(=O)NC(CCC(N)=O)C(=O)NC(CC(N)=O)C(=O)N1)C(=O)NCC(N)=O,NCCCC[C@H](NC(=O)[C@@H]1CCCN1C(=O)[C@@H]1CSSC[C@H](NC(=O)CNC(=O)CNC(=O)CN)C(=O)N[C@@H](Cc2ccc(O)cc2)C(=O)N[C@@H](Cc2ccccc2)C(=O)N[C@@H](CCC(N)=O)C(=O)N[C@@H](CC(N)=O)C(=O)N1)C(=O)NCC(N)=O,BENFXAYNYRLAIU-QSVFAHTRSA-N,True
DB01613,drugbank,[O-][N+](=O)OC[C@@H](O[N+]([O-])=O)[C@H](CO[N+]([O-])=O)O[N+]([O-])=O,O=[N+]([O-])OCC(O[N+](=O)[O-])C(CO[N+](=O)[O-])O[N+](=O)[O-],O=[N+]([O-])OC[C@H](O[N+](=O)[O-])[C@@H](CO[N+](=O)[O-])O[N+](=O)[O-],SNFOERUNNSHUGP-ZXZARUISSA-N,True
DB00836,drugbank,CN(C)C(=O)C(CCN1CCC(O)(CC1)C1=CC=C(Cl)C=C1)(C1=CC=CC=C1)C1=CC=CC=C1,CN(C)C(=O)C(CCN1CCC(O)(c2ccc(Cl)cc2)CC1)(c1ccccc1)c1ccccc1,CN(C)C(=O)C(CCN1CCC(O)(c2ccc(Cl)cc2)CC1)(c1ccccc1)c1ccccc1,RDOIQAHITMMDAJ-UHFFFAOYSA-N,True
DB00969,drugbank,CN1C2=C(C3=CC=CC=C13)C(=O)N(CC1=C(C)NC=N1)CC2,Cc1[nH]cnc1CN1CCc2c(c3ccccc3n2C)C1=O,Cc1[nH]cnc1CN1CCc2c(c3ccccc3n2C)C1=O,JSWZEAMFRNKZNL-UHFFFAOYSA-N,True
DB08824,drugbank,[H][C@]12CC[C@]([H])([C@H]([C@H](C1)C1=CC=C([123I])C=C1)C(=O)OC)N2CCCF,COC(=O)C1C(c2ccc(I)cc2)CC2CCC1N2CCCF,COC(=O)[C@H]1[C@@H](c2ccc([123I])cc2)C[C@@H]2CC[C@H]1N2CCCF,HXWLAJVUJSVENX-HFIFKADTSA-N,True
DB00518,drugbank,CCCSC1=CC2=C(C=C1)N=C(NC(=O)OC)N2,CCCSc1ccc2nc(NC(=O)OC)[nH]c2c1,CCCSc1ccc2nc(NC(=O)OC)[nH]c2c1,HXHWSAZORRCQMX-UHFFFAOYSA-N,True
DB01179,drugbank,[H][C@]12COC(=O)[C@]1([H])[C@H](C1=CC(OC)=C(OC)C(OC)=C1)C1=CC3=C(OCO3)C=C1[C@@H]2O,COc1cc(C2c3cc4c(cc3C(O)C3COC(=O)C23)OCO4)cc(OC)c1OC,COc1cc([C@@H]2c3cc4c(cc3[C@H](O)[C@H]3COC(=O)[C@H]23)OCO4)cc(OC)c1OC,YJGVMLPVUAXIQN-XVVDYKMHSA-N,True
DB00153,drugbank,CC(C)[C@@H](C)\C=C\[C@@H](C)[C@@]1([H])CC[C@@]2([H])\C(CCC[C@]12C)=C\C=C1\C[C@@H](O)CCC1=C,C=C1CCC(O)CC1=CC=C1CCCC2(C)C1CCC2C(C)C=CC(C)C(C)C,C=C1CC[C@H](O)C/C1=C/C=C1\CCC[C@]2(C)[C@@H]([C@H](C)/C=C/[C@H](C)C(C)C)CC[C@@H]12,MECHNRXZTMCUDQ-RKHKHRCZSA-N,True
DB11614,drugbank,CC1=CC(CN2CCC(CC2)=C2C3=CC=C(Cl)C=C3CCC3=C2N=CC=C3)=CN=C1,Cc1cncc(CN2CCC(=C3c4ccc(Cl)cc4CCc4cccnc43)CC2)c1,Cc1cncc(CN2CCC(=C3c4ccc(Cl)cc4CCc4cccnc43)CC2)c1,WUZYKBABMWJHDL-UHFFFAOYSA-N,True
DB00379,drugbank,CC(N)COC1=C(C)C=CC=C1C,Cc1cccc(C)c1OCC(C)N,Cc1cccc(C)c1OCC(C)N,VLPIATFUUWWMKC-UHFFFAOYSA-N,True
DB00699,drugbank,[H][C@@]12CC3=CN(C)C4=CC=CC(=C34)[C@]1(C[C@@H](COC(=O)C1=CN=CC(Br)=C1)CN2C)OC,COC12CC(COC(=O)c3cncc(Br)c3)CN(C)C1Cc1cn(C)c3cccc2c13,CO[C@]12C[C@@H](COC(=O)c3cncc(Br)c3)CN(C)[C@@H]1Cc1cn(C)c3cccc2c13,YSEXMKHXIOCEJA-FVFQAYNVSA-N,True
DB06217,drugbank,COC1=C(OC)C=C(CCO[C@@H]2CCCC[C@H]2N2CC[C@@H](O)C2)C=C1,COc1ccc(CCOC2CCCCC2N2CCC(O)C2)cc1OC,COc1ccc(CCO[C@@H]2CCCC[C@H]2N2CC[C@@H](O)C2)cc1OC,VBHQKCBVWWUUKN-KZNAEPCWSA-N,True
DB01107,drugbank,CCC1(CC)C(=O)NCC(C)C1=O,CCC1(CC)C(=O)NCC(C)C1=O,CCC1(CC)C(=O)NCC(C)C1=O,SIDLZWOQUZRBRU-UHFFFAOYSA-N,True
DB01559,drugbank,CCC1=CC2=C(S1)N(C)C(=O)CN=C2C1=CC=CC=C1Cl,CCc1cc2c(s1)N(C)C(=O)CN=C2c1ccccc1Cl,CCc1cc2c(s1)N(C)C(=O)CN=C2c1ccccc1Cl,CHBRHODLKOZEPZ-UHFFFAOYSA-N,True
DB11613,drugbank,COC[C@H]1C[C@H](N(C1)C(=O)[C@H](NC(=O)OC)C1=CC=CC=C1)C1=NC=C(N1)C1=CC=C2C(COC3=CC4=C(C=CC5=C4NC(=N5)[C@@H]4CC[C@H](C)N4C(=O)[C@@H](NC(=O)OC)C(C)C)C=C23)=C1,COCC1CC(c2ncc(-c3ccc4c(c3)COc3cc5c(ccc6nc(C7CCC(C)N7C(=O)C(NC(=O)OC)C(C)C)[nH]c65)cc3-4)[nH]2)N(C(=O)C(NC(=O)OC)c2ccccc2)C1,COC[C@H]1C[C@@H](c2ncc(-c3ccc4c(c3)COc3cc5c(ccc6nc([C@@H]7CC[C@H](C)N7C(=O)[C@@H](NC(=O)OC)C(C)C)[nH]c65)cc3-4)[nH]2)N(C(=O)[C@H](NC(=O)OC)c2ccccc2)C1,FHCUMDQMBHQXKK-CDIODLITSA-N,True
DB01427,drugbank,NC1=CC(=CNC1=O)C1=CC=NC=C1,Nc1cc(-c2ccncc2)c[nH]c1=O,Nc1cc(-c2ccncc2)c[nH]c1=O,RNLQIBCLLYYYFJ-UHFFFAOYSA-N,True
DB01424,drugbank,CN(C)C1=C(C)N(C)N(C1=O)C1=CC=CC=C1,Cc1c(N(C)C)c(=O)n(-c2ccccc2)n1C,Cc1c(N(C)C)c(=O)n(-c2ccccc2)n1C,RMMXTBMQSGEXHJ-UHFFFAOYSA-N,True
DB01228,drugbank,COC1=CC=C(C=C1)C(=O)NC1=CC=CC=C1CCC1CCCCN1C,COc1ccc(C(=O)Nc2ccccc2CCC2CCCCN2C)cc1,COc1ccc(C(=O)Nc2ccccc2CCC2CCCCN2C)cc1,PJWPNDMDCLXCOM-UHFFFAOYSA-N,True
DB00317,drugbank,COC1=C(OCCCN2CCOCC2)C=C2C(NC3=CC(Cl)=C(F)C=C3)=NC=NC2=C1,COc1cc2ncnc(Nc3ccc(F)c(Cl)c3)c2cc1OCCCN1CCOCC1,COc1cc2ncnc(Nc3ccc(F)c(Cl)c3)c2cc1OCCCN1CCOCC1,XGALLCVXEZPNRQ-UHFFFAOYSA-N,True
DB00175,drugbank,[H][C@]12[C@H](C[C@H](O)C=C1C=C[C@H](C)[C@@H]2CC[C@@H](O)C[C@@H](O)CC(O)=O)OC(=O)[C@@H](C)CC,CCC(C)C(=O)OC1CC(O)C=C2C=CC(C)C(CCC(O)CC(O)CC(=O)O)C21,CC[C@H](C)C(=O)O[C@H]1C[C@H](O)C=C2C=C[C@H](C)[C@H](CC[C@@H](O)C[C@@H](O)CC(=O)O)[C@H]21,TUZYXOIXSAXUGO-PZAWKZKUSA-N,True
DB00336,drugbank,NC(=O)N\N=C\C1=CC=C(O1)[N+]([O-])=O,NC(=O)NN=Cc1ccc([N+](=O)[O-])o1,NC(=O)N/N=C/c1ccc([N+](=O)[O-])o1,IAIWVQXQOWNYOU-FPYGCLRLSA-N,True
DB06145,drugbank,CO[C@H]1[C@H](O)CC(=O)O[C@H](C)C\C=C\C=C\[C@H](O[C@H]2CC[C@@H]([C@H](C)O2)N(C)C)[C@H](C)C[C@H](CC=O)[C@@H]1O[C@@H]1O[C@H](C)[C@@H](O[C@H]2C[C@@](C)(O)[C@@H](O)[C@H](C)O2)[C@@H]([C@H]1O)N(C)C,COC1C(O)CC(=O)OC(C)CC=CC=CC(OC2CCC(N(C)C)C(C)O2)C(C)CC(CC=O)C1OC1OC(C)C(OC2CC(C)(O)C(O)C(C)O2)C(N(C)C)C1O,CO[C@@H]1[C@@H](O[C@@H]2O[C@H](C)[C@@H](O[C@H]3C[C@@](C)(O)[C@@H](O)[C@H](C)O3)[C@H](N(C)C)[C@H]2O)[C@@H](CC=O)C[C@@H](C)[C@@H](O[C@H]2CC[C@H](N(C)C)[C@H](C)O2)/C=C/C=C/C[C@@H](C)OC(=O)C[C@H]1O,ACTOXUHEUCPTEW-KWBWCIJSSA-N,True
DB00471,drugbank,OC(=O)CC1(CC1)CS[C@H](CCC1=CC=CC=C1C(O)(C)C)C1=CC=CC(\C=C\C2=NC3=C(C=CC(Cl)=C3)C=C2)=C1,CC(C)(O)c1ccccc1CCC(SCC1(CC(=O)O)CC1)c1cccc(C=Cc2ccc3ccc(Cl)cc3n2)c1,CC(C)(O)c1ccccc1CC[C@@H](SCC1(CC(=O)O)CC1)c1cccc(/C=C/c2ccc3ccc(Cl)cc3n2)c1,UCHDWCPVSPXUMX-TZIWLTJVSA-N,True
DB00567,drugbank,[H][C@]12SCC(C)=C(N1C(=O)[C@H]2NC(=O)[C@H](N)C1=CC=CC=C1)C(O)=O,CC1=C(C(=O)O)N2C(=O)C(NC(=O)C(N)c3ccccc3)C2SC1,CC1=C(C(=O)O)N2C(=O)[C@@H](NC(=O)[C@H](N)c3ccccc3)[C@H]2SC1,ZAIPMKNFIOOWCQ-UEKVPHQBSA-N,True
DB00277,drugbank,CN1C2=C(NC=N2)C(=O)N(C)C1=O,Cn1c(=O)c2[nH]cnc2n(C)c1=O,Cn1c(=O)c2[nH]cnc2n(C)c1=O,ZFXYFBGIUFBOJW-UHFFFAOYSA-N,True
DB00740,drugbank,NC1=NC2=C(S1)C=C(OC(F)(F)F)C=C2,Nc1nc2ccc(OC(F)(F)F)cc2s1,Nc1nc2ccc(OC(F)(F)F)cc2s1,FTALBRSUTCGOEG-UHFFFAOYSA-N,True
DB01303,drugbank,C[N+](C)(C)CCO.CN1C2=C([N-]C=N2)C(=O)N(C)C1=O,C[N+](C)(C)CCO.Cn1c(=O)c2[n-]cnc2n(C)c1=O,C[N+](C)(C)CCO.Cn1c(=O)c2[n-]cnc2n(C)c1=O,RLANKEDHRWMNRO-UHFFFAOYSA-M,True
DB00546,drugbank,CN(C)CC1=NN=C2CN=C(C3=CC=CC=C3)C3=C(C=CC(Cl)=C3)N12,CN(C)Cc1nnc2n1-c1ccc(Cl)cc1C(c1ccccc1)=NC2,CN(C)Cc1nnc2n1-c1ccc(Cl)cc1C(c1ccccc1)=NC2,GJSLOMWRLALDCT-UHFFFAOYSA-N,True
DB06016,drugbank,CN(C)C(=O)N[C@H]1CC[C@H](CCN2CCN(CC2)C2=C(Cl)C(Cl)=CC=C2)CC1,CN(C)C(=O)NC1CCC(CCN2CCN(c3cccc(Cl)c3Cl)CC2)CC1,CN(C)C(=O)N[C@H]1CC[C@H](CCN2CCN(c3cccc(Cl)c3Cl)CC2)CC1,KPWSJANDNDDRMB-QAQDUYKDSA-N,True
DB00568,drugbank,C(C=CC1=CC=CC=C1)N1CCN(CC1)C(C1=CC=CC=C1)C1=CC=CC=C1,C(=Cc1ccccc1)CN1CCN(C(c2ccccc2)c2ccccc2)CC1,C(=Cc1ccccc1)CN1CCN(C(c2ccccc2)c2ccccc2)CC1,DERZBLKQOCDDDZ-UHFFFAOYSA-N,True
DB01259,drugbank,CS(=O)(=O)CCNCC1=CC=C(O1)C1=CC2=C(C=C1)N=CN=C2NC1=CC(Cl)=C(OCC2=CC(F)=CC=C2)C=C1,CS(=O)(=O)CCNCc1ccc(-c2ccc3ncnc(Nc4ccc(OCc5cccc(F)c5)c(Cl)c4)c3c2)o1,CS(=O)(=O)CCNCc1ccc(-c2ccc3ncnc(Nc4ccc(OCc5cccc(F)c5)c(Cl)c4)c3c2)o1,BCFGMOOMADDAQU-UHFFFAOYSA-N,True
DB00911,drugbank,CCS(=O)(=O)CCN1C(C)=NC=C1[N+]([O-])=O,CCS(=O)(=O)CCn1c([N+](=O)[O-])cnc1C,CCS(=O)(=O)CCn1c([N+](=O)[O-])cnc1C,HJLSLZFTEKNLFI-UHFFFAOYSA-N,True
DB13874,drugbank,CC(C)(O)CNC1=NC(=NC(NC2=CC(=NC=C2)C(F)(F)F)=N1)C1=NC(=CC=C1)C(F)(F)F,CC(C)(O)CNc1nc(Nc2ccnc(C(F)(F)F)c2)nc(-c2cccc(C(F)(F)F)n2)n1,CC(C)(O)CNc1nc(Nc2ccnc(C(F)(F)F)c2)nc(-c2cccc(C(F)(F)F)n2)n1,DYLUUSLLRIQKOE-UHFFFAOYSA-N,True
DB08896,drugbank,CNC(=O)C1=CC(OC2=CC(F)=C(NC(=O)NC3=CC=C(Cl)C(=C3)C(F)(F)F)C=C2)=CC=N1,CNC(=O)c1cc(Oc2ccc(NC(=O)Nc3ccc(Cl)c(C(F)(F)F)c3)c(F)c2)ccn1,CNC(=O)c1cc(Oc2ccc(NC(=O)Nc3ccc(Cl)c(C(F)(F)F)c3)c(F)c2)ccn1,FNHKPVJBJVTLMP-UHFFFAOYSA-N,True
DB11828,drugbank,CCOC1=C(NC(=O)\C=C\CN(C)C)C=C2C(NC3=CC=C(OCC4=CC=CC=N4)C(Cl)=C3)=C(C=NC2=C1)C#N,CCOc1cc2ncc(C#N)c(Nc3ccc(OCc4ccccn4)c(Cl)c3)c2cc1NC(=O)C=CCN(C)C,CCOc1cc2ncc(C#N)c(Nc3ccc(OCc4ccccn4)c(Cl)c3)c2cc1NC(=O)/C=C/CN(C)C,JWNPDZNEKVCWMY-VQHVLOKHSA-N,True
DB01138,drugbank,O=C1C(CCS(=O)C2=CC=CC=C2)C(=O)N(N1C1=CC=CC=C1)C1=CC=CC=C1,O=C1C(CCS(=O)c2ccccc2)C(=O)N(c2ccccc2)N1c1ccccc1,O=C1C(CCS(=O)c2ccccc2)C(=O)N(c2ccccc2)N1c1ccccc1,MBGGBVCUIVRRBF-UHFFFAOYSA-N,True
DB00185,drugbank,CC1O[C@@]2(CS1)CN1CCC2CC1,CC1OC2(CS1)CN1CCC2CC1,CC1O[C@@]2(CS1)CN1CCC2CC1,WUTYZMFRCNBCHQ-LHIURRSHSA-N,True
DB00514,drugbank,[H][C@]12CCCC[C@]11CCN(C)[C@H]2CC2=C1C=C(OC)C=C2,COc1ccc2c(c1)C13CCCCC1C(C2)N(C)CC3,COc1ccc2c(c1)[C@]13CCCC[C@@H]1[C@H](C2)N(C)CC3,MKXZASYAUGDDCJ-NJAFHUGGSA-N,True
DB08901,drugbank,CN1CCN(CC2=CC=C(NC(=O)C3=CC(C#CC4=CN=C5C=CC=NN45)=C(C)C=C3)C=C2C(F)(F)F)CC1,Cc1ccc(C(=O)Nc2ccc(CN3CCN(C)CC3)c(C(F)(F)F)c2)cc1C#Cc1cnc2cccnn12,Cc1ccc(C(=O)Nc2ccc(CN3CCN(C)CC3)c(C(F)(F)F)c2)cc1C#Cc1cnc2cccnn12,PHXJVRSECIGDHY-UHFFFAOYSA-N,True
DB09570,drugbank,CC(C)C[C@H](NC(=O)CNC(=O)C1=CC(Cl)=CC=C1Cl)B(O)O,CC(C)CC(NC(=O)CNC(=O)c1cc(Cl)ccc1Cl)B(O)O,CC(C)C[C@H](NC(=O)CNC(=O)c1cc(Cl)ccc1Cl)B(O)O,MXAYKZJJDUDWDS-LBPRGKRZSA-N,True
DB06148,drugbank,CN1CCN2C(C1)C1=CC=CC=C1CC1=CC=CC=C21,CN1CCN2c3ccccc3Cc3ccccc3C2C1,CN1CCN2c3ccccc3Cc3ccccc3C2C1,UEQUQVLFIPOEMF-UHFFFAOYSA-N,True
DB00759,drugbank,[H][C@@]12C[C@@]3([H])C(=C(O)[C@]1(O)C(=O)C(C(N)=O)=C(O)[C@H]2N(C)C)C(=O)C1=C(O)C=CC=C1[C@@]3(C)O,CN(C)C1C(O)=C(C(N)=O)C(=O)C2(O)C(O)=C3C(=O)c4c(O)cccc4C(C)(O)C3CC12,CN(C)[C@@H]1C(O)=C(C(N)=O)C(=O)[C@@]2(O)C(O)=C3C(=O)c4c(O)cccc4[C@@](C)(O)[C@H]3C[C@@H]12,OFVLGDICTFRJMM-WESIUVDSSA-N,True
DB00641,drugbank,[H][C@]12[C@H](C[C@@H](C)C=C1C=C[C@H](C)[C@@H]2CC[C@@H]1C[C@@H](O)CC(=O)O1)OC(=O)C(C)(C)CC,CCC(C)(C)C(=O)OC1CC(C)C=C2C=CC(C)C(CCC3CC(O)CC(=O)O3)C21,CCC(C)(C)C(=O)O[C@H]1C[C@@H](C)C=C2C=C[C@H](C)[C@H](CC[C@@H]3C[C@@H](O)CC(=O)O3)[C@H]21,RYMZZMVNJRMUDD-HGQWONQESA-N,True
DB06777,drugbank,[H][C@@]1(CC[C@@]2([H])[C@]3([H])[C@H](O)C[C@]4([H])C[C@H](O)CC[C@]4(C)[C@@]3([H])CC[C@]12C)[C@H](C)CCC(O)=O,CC(CCC(=O)O)C1CCC2C3C(O)CC4CC(O)CCC4(C)C3CCC12C,C[C@H](CCC(=O)O)[C@H]1CC[C@H]2[C@@H]3[C@H](O)C[C@@H]4C[C@H](O)CC[C@]4(C)[C@H]3CC[C@]12C,RUDATBOHQWOJDD-BSWAIDMHSA-N,True
DB11915,drugbank,COC1=C(OC)C=C2[C@H]3C[C@@H](OC(=O)[C@@H](N)C(C)C)[C@H](CC(C)C)CN3CCC2=C1,COc1cc2c(cc1OC)C1CC(OC(=O)C(N)C(C)C)C(CC(C)C)CN1CC2,COc1cc2c(cc1OC)[C@H]1C[C@@H](OC(=O)[C@@H](N)C(C)C)[C@H](CC(C)C)CN1CC2,GEJDGVNQKABXKG-CFKGEZKQSA-N,True
DB00396,drugbank,[H][C@@]12CC[C@H](C(C)=O)[C@@]1(C)CC[C@@]1([H])[C@@]2([H])CCC2=CC(=O)CC[C@]12C,CC(=O)C1CCC2C3CCC4=CC(=O)CCC4(C)C3CCC12C,CC(=O)[C@H]1CC[C@H]2[C@@H]3CCC4=CC(=O)CC[C@]4(C)[C@H]3CC[C@]12C,RJKFOVLPORLFTN-LEKSSAKUSA-N,True
DB00910,drugbank,[H][C@@]1(CC[C@@]2([H])\C(CCC[C@]12C)=C\C=C1C[C@@H](O)C[C@H](O)C1)[C@H](C)\C=C\[C@H](C)C(C)(C)O,CC(C=CC(C)C(C)(C)O)C1CCC2C(=CC=C3CC(O)CC(O)C3)CCCC21C,C[C@H](/C=C/[C@H](C)C(C)(C)O)[C@H]1CC[C@H]2/C(=C/C=C3C[C@@H](O)C[C@H](O)C3)CCC[C@]12C,BPKAHTKRCLCHEA-UBFJEZKGSA-N,True
DB12161,drugbank,[2H]C([2H])([2H])OC1=CC2=C(C=C1OC([2H])([2H])[2H])[C@@H]1CC(=O)[C@@H](CC(C)C)CN1CC2,[H]C([H])([H])Oc1cc2c(cc1OC([H])([H])[H])C1CC(=O)C(CC(C)C)CN1CC2,[2H]C([2H])([2H])Oc1cc2c(cc1OC([2H])([2H])[2H])[C@@H]1CC(=O)[C@@H](CC(C)C)CN1CC2,MKJIEFSOBYUXJB-WEZHFFAMSA-N,True
DB00778,drugbank,CC[C@H]1OC(=O)[C@H](C)[C@@H](O[C@H]2C[C@@](C)(OC)[C@@H](O)[C@H](C)O2)[C@H](C)[C@@H](O[C@@H]2O[C@H](C)C[C@@H]([C@H]2O)N(C)C)[C@](C)(O)C[C@@H](C)C(=NOCOCCOC)[C@H](C)[C@@H](O)[C@]1(C)O,CCC1OC(=O)C(C)C(OC2CC(C)(OC)C(O)C(C)O2)C(C)C(OC2OC(C)CC(N(C)C)C2O)C(C)(O)CC(C)C(=NOCOCCOC)C(C)C(O)C1(C)O,CC[C@H]1OC(=O)[C@H](C)[C@@H](O[C@H]2C[C@@](C)(OC)[C@@H](O)[C@H](C)O2)[C@H](C)[C@@H](O[C@@H]2O[C@H](C)C[C@H](N(C)C)[C@H]2O)[C@](C)(O)C[C@@H](C)C(=NOCOCCOC)[C@H](C)[C@@H](O)[C@]1(C)O,RXZBMPWDPOLZGW-HITVVWEBSA-N,True
DB09102,drugbank,COC(=O)N[C@@H](C(C)C)C(=O)N1CCC[C@H]1C1=NC=C(N1)C1=CC=C(C=C1)C1=CC=C(C=C1)C1=CN=C(N1)[C@@H]1CCCN1C(=O)[C@@H](NC(=O)OC)C(C)C,COC(=O)NC(C(=O)N1CCCC1c1ncc(-c2ccc(-c3ccc(-c4cnc(C5CCCN5C(=O)C(NC(=O)OC)C(C)C)[nH]4)cc3)cc2)[nH]1)C(C)C,COC(=O)N[C@H](C(=O)N1CCC[C@H]1c1ncc(-c2ccc(-c3ccc(-c4cnc([C@@H]5CCCN5C(=O)[C@@H](NC(=O)OC)C(C)C)[nH]4)cc3)cc2)[nH]1)C(C)C,FKRSSPOQAMALKA-CUPIEXAXSA-N,True
DB00481,drugbank,OC1=CC=C(C=C1)C1=C(C(=O)C2=CC=C(OCCN3CCCCC3)C=C2)C2=C(S1)C=C(O)C=C2,O=C(c1ccc(OCCN2CCCCC2)cc1)c1c(-c2ccc(O)cc2)sc2cc(O)ccc12,O=C(c1ccc(OCCN2CCCCC2)cc1)c1c(-c2ccc(O)cc2)sc2cc(O)ccc12,GZUITABIAKMVPG-UHFFFAOYSA-N,True
DB06210,drugbank,CC1=NN(C(=O)\C1=N/NC1=CC=CC(C2=CC=CC(=C2)C(O)=O)=C1O)C1=CC=C(C)C(C)=C1,CC1=NN(c2ccc(C)c(C)c2)C(=O)C1=NNc1cccc(-c2cccc(C(=O)O)c2)c1O,CC1=NN(c2ccc(C)c(C)c2)C(=O)/C1=N\Nc1cccc(-c2cccc(C(=O)O)c2)c1O,XDXWLKQMMKQXPV-QYQHSDTDSA-N,True
DB09555,drugbank,OC(=O)\C=C/C(O)=O.CN(C)CC[C@@H](C1=CC=C(Cl)C=C1)C1=CC=CC=N1,CN(C)CCC(c1ccc(Cl)cc1)c1ccccn1.O=C(O)C=CC(=O)O,CN(C)CC[C@@H](c1ccc(Cl)cc1)c1ccccn1.O=C(O)/C=C\C(=O)O,DBAKFASWICGISY-DASCVMRKSA-N,True
DB11737,drugbank,C#CC1=CC=CC(NC2=NC=NC3=CC4=C(OCCOCCOCCO4)C=C23)=C1,C#Cc1cccc(Nc2ncnc3cc4c(cc23)OCCOCCOCCO4)c1,C#Cc1cccc(Nc2ncnc3cc4c(cc23)OCCOCCOCCO4)c1,QQLKULDARVNMAL-UHFFFAOYSA-N,True
DB09183,drugbank,COC1=C(C=C(C=C1C1=CC2=CC=C(NS(C)(=O)=O)C=C2C=C1)N1C=CC(=O)NC1=O)C(C)(C)C,COc1c(-c2ccc3cc(NS(C)(=O)=O)ccc3c2)cc(-n2ccc(=O)[nH]c2=O)cc1C(C)(C)C,COc1c(-c2ccc3cc(NS(C)(=O)=O)ccc3c2)cc(-n2ccc(=O)[nH]c2=O)cc1C(C)(C)C,NBRBXGKOEOGLOI-UHFFFAOYSA-N,True
DB00316,drugbank,CC(=O)NC1=CC=C(O)C=C1,CC(=O)Nc1ccc(O)cc1,CC(=O)Nc1ccc(O)cc1,RZVAJINKPMORJF-UHFFFAOYSA-N,True
DB00988,drugbank,NCCC1=CC(O)=C(O)C=C1,NCCc1ccc(O)c(O)c1,NCCc1ccc(O)c(O)c1,VYFYYTLLBUKUHU-UHFFFAOYSA-N,True
DB00783,drugbank,[H][C@@]12CC[C@H](O)[C@@]1(C)CC[C@]1([H])C3=C(CC[C@@]21[H])C=C(O)C=C3,CC12CCC3c4ccc(O)cc4CCC3C1CCC2O,C[C@]12CC[C@@H]3c4ccc(O)cc4CC[C@H]3[C@@H]1CC[C@@H]2O,VOXZDWNPVJITMN-ZBRFXRBCSA-N,True
DB01296,drugbank,N[C@H]1C(O)O[C@H](CO)[C@@H](O)[C@@H]1O,NC1C(O)OC(CO)C(O)C1O,N[C@H]1C(O)O[C@H](CO)[C@@H](O)[C@@H]1O,MSWZFWKMSRAUBD-IVMDWMLBSA-N,True
DB06769,drugbank,CN1C(CCCC(O)=O)=NC2=CC(=CC=C12)N(CCCl)CCCl,Cn1c(CCCC(=O)O)nc2cc(N(CCCl)CCCl)ccc21,Cn1c(CCCC(=O)O)nc2cc(N(CCCl)CCCl)ccc21,YTKUWDBFDASYHO-UHFFFAOYSA-N,True
DB12001,drugbank,CCN1CCN(CC2=CC=C(NC3=NC=C(F)C(=N3)C3=CC(F)=C4N=C(C)N(C(C)C)C4=C3)N=C2)CC1,CCN1CCN(Cc2ccc(Nc3ncc(F)c(-c4cc(F)c5nc(C)n(C(C)C)c5c4)n3)nc2)CC1,CCN1CCN(Cc2ccc(Nc3ncc(F)c(-c4cc(F)c5nc(C)n(C(C)C)c5c4)n3)nc2)CC1,UZWDCWONPYILKI-UHFFFAOYSA-N,True
DB01431,drugbank,[H][C@@]12CC[C@@](O)(CC=C)[C@@]1(C)CC[C@]1([H])[C@@]3([H])CCCC=C3CC[C@@]21[H],C=CCC1(O)CCC2C3CCC4=CCCCC4C3CCC21C,C=CC[C@]1(O)CC[C@H]2[C@@H]3CCC4=CCCC[C@@H]4[C@H]3CC[C@@]21C,ATXHVCQZZJYMCF-XUDSTZEESA-N,True
DB06626,drugbank,CNC(=O)C1=C(SC2=CC=C3C(NN=C3\C=C\C3=CC=CC=N3)=C2)C=CC=C1,CNC(=O)c1ccccc1Sc1ccc2c(C=Cc3ccccn3)n[nH]c2c1,CNC(=O)c1ccccc1Sc1ccc2c(/C=C/c3ccccn3)n[nH]c2c1,RITAVMQDGBJQJZ-FMIVXFBMSA-N,True
DB00499,drugbank,CC(C)C(=O)NC1=CC(=C(C=C1)[N+]([O-])=O)C(F)(F)F,CC(C)C(=O)Nc1ccc([N+](=O)[O-])c(C(F)(F)F)c1,CC(C)C(=O)Nc1ccc([N+](=O)[O-])c(C(F)(F)F)c1,MKXKFYHWDHIYRV-UHFFFAOYSA-N,True
DB12070,drugbank,COC1=CC=CC(=C1)N1CCN(CC1)C1=NC2=C(C=CC=C2F)[C@H](CC(O)=O)N1C1=CC(=CC=C1OC)C(F)(F)F,COc1cccc(N2CCN(C3=Nc4c(F)cccc4C(CC(=O)O)N3c3cc(C(F)(F)F)ccc3OC)CC2)c1,COc1cccc(N2CCN(C3=Nc4c(F)cccc4[C@H](CC(=O)O)N3c3cc(C(F)(F)F)ccc3OC)CC2)c1,FWYSMLBETOMXAG-QHCPKHFHSA-N,True
DB00665,drugbank,CC1(C)NC(=O)N(C1=O)C1=CC(=C(C=C1)[N+]([O-])=O)C(F)(F)F,CC1(C)NC(=O)N(c2ccc([N+](=O)[O-])c(C(F)(F)F)c2)C1=O,CC1(C)NC(=O)N(c2ccc([N+](=O)[O-])c(C(F)(F)F)c2)C1=O,XWXYUMMDTVBTOU-UHFFFAOYSA-N,True
DB01357,drugbank,[H][C@@]12CC[C@@](O)(C#C)[C@@]1(C)CC[C@]1([H])C3=C(CC[C@@]21[H])C=C(OC)C=C3,C#CC1(O)CCC2C3CCc4cc(OC)ccc4C3CCC21C,C#C[C@]1(O)CC[C@H]2[C@@H]3CCc4cc(OC)ccc4[C@H]3CC[C@@]21C,IMSSROKUHAOUJS-MJCUULBUSA-N,True
DB00201,drugbank,CN1C=NC2=C1C(=O)N(C)C(=O)N2C,Cn1c(=O)c2c(ncn2C)n(C)c1=O,Cn1c(=O)c2c(ncn2C)n(C)c1=O,RYYVLZVUVIJVGH-UHFFFAOYSA-N,True
DB01407,drugbank,CC(C)(C)NCC(O)C1=CC(Cl)=C(N)C(Cl)=C1,CC(C)(C)NCC(O)c1cc(Cl)c(N)c(Cl)c1,CC(C)(C)NCC(O)c1cc(Cl)c(N)c(Cl)c1,STJMRWALKKWQGH-UHFFFAOYSA-N,True
DB08828,drugbank,CS(=O)(=O)C1=CC(Cl)=C(C=C1)C(=O)NC1=CC=C(Cl)C(=C1)C1=CC=CC=N1,CS(=O)(=O)c1ccc(C(=O)Nc2ccc(Cl)c(-c3ccccn3)c2)c(Cl)c1,CS(=O)(=O)c1ccc(C(=O)Nc2ccc(Cl)c(-c3ccccn3)c2)c(Cl)c1,BPQMGSKTAYIVFO-UHFFFAOYSA-N,True
DB11574,drugbank,[H][C@]1(CCCN1C(=O)[C@@H](NC(=O)OC)C(C)C)C1=NC=C(N1)C1=CC2=C(C=C1)N1[C@@H](OC3=C(C=CC(=C3)C3=CN=C(N3)[C@]3([H])CCCN3C(=O)[C@@H](NC(=O)OC)C(C)C)C1=C2)C1=CC=CC=C1,COC(=O)NC(C(=O)N1CCCC1c1ncc(-c2ccc3c(c2)OC(c2ccccc2)n2c-3cc3cc(-c4cnc(C5CCCN5C(=O)C(NC(=O)OC)C(C)C)[nH]4)ccc32)[nH]1)C(C)C,COC(=O)N[C@H](C(=O)N1CCC[C@H]1c1ncc(-c2ccc3c(c2)O[C@@H](c2ccccc2)n2c-3cc3cc(-c4cnc([C@@H]5CCCN5C(=O)[C@@H](NC(=O)OC)C(C)C)[nH]4)ccc32)[nH]1)C(C)C,BVAZQCUMNICBAQ-PZHYSIFUSA-N,True
DB01256,drugbank,[H][C@@]12C(=O)CC[C@]11CC[C@@H](C)[C@@]2(C)[C@@H](C[C@@](C)(C=C)[C@@H](O)[C@@H]1C)OC(=O)CS[C@H]1C[C@@H]2CC[C@H](C1)N2C,C=CC1(C)CC(OC(=O)CSC2CC3CCC(C2)N3C)C2(C)C(C)CCC3(CCC(=O)C32)C(C)C1O,C=C[C@]1(C)C[C@@H](OC(=O)CS[C@@H]2C[C@H]3CC[C@@H](C2)N3C)[C@]2(C)[C@H](C)CC[C@]3(CCC(=O)[C@H]32)[C@@H](C)[C@@H]1O,STZYTFJPGGDRJD-NHUWBDDWSA-N,True
DB00990,drugbank,[H][C@@]12CCC(=O)[C@@]1(C)CC[C@@]1([H])[C@@]2([H])CC(=C)C2=CC(=O)C=C[C@]12C,C=C1CC2C(CCC3(C)C(=O)CCC23)C2(C)C=CC(=O)C=C12,C=C1C[C@@H]2[C@H](CC[C@]3(C)C(=O)CC[C@@H]23)[C@@]2(C)C=CC(=O)C=C12,BFYIZQONLCFLEV-DAELLWKTSA-N,True
DB06710,drugbank,[H][C@@]12CC[C@](C)(O)[C@@]1(C)CC[C@@]1([H])[C@@]2([H])CCC2=CC(=O)CC[C@]12C,CC12CCC(=O)C=C1CCC1C2CCC2(C)C1CCC2(C)O,C[C@]12CCC(=O)C=C1CC[C@@H]1[C@@H]2CC[C@@]2(C)[C@H]1CC[C@]2(C)O,GCKMFJBGXUYNAG-HLXURNFRSA-N,True
DB00592,drugbank,C1CNCCN1,C1CNCCN1,C1CNCCN1,GLUUGHFHXGJENI-UHFFFAOYSA-N,True
DB01412,drugbank,CN1C=NC2=C1C(=O)NC(=O)N2C,Cn1cnc2c1c(=O)[nH]c(=O)n2C,Cn1cnc2c1c(=O)[nH]c(=O)n2C,YAPQBXQYLJRXSA-UHFFFAOYSA-N,True
DB00983,drugbank,COC1=CC=C(CC(C)NCC(O)C2=CC(NC=O)=C(O)C=C2)C=C1,COc1ccc(CC(C)NCC(O)c2ccc(O)c(NC=O)c2)cc1,COc1ccc(CC(C)NCC(O)c2ccc(O)c(NC=O)c2)cc1,BPZSYCZIITTYBL-UHFFFAOYSA-N,True
DB08860,drugbank,O[C@H](C[C@H](O)\C=C\C1=C(N=C2C=CC=CC2=C1C1=CC=C(F)C=C1)C1CC1)CC(O)=O,O=C(O)CC(O)CC(O)C=Cc1c(C2CC2)nc2ccccc2c1-c1ccc(F)cc1,O=C(O)C[C@H](O)C[C@H](O)/C=C/c1c(C2CC2)nc2ccccc2c1-c1ccc(F)cc1,VGYFMXBACGZSIL-MCBHFWOFSA-N,True
DB00549,drugbank,COC1=CC(=CC=C1CC1=CN(C)C2=C1C=C(NC(=O)OC1CCCC1)C=C2)C(=O)NS(=O)(=O)C1=CC=CC=C1C,COc1cc(C(=O)NS(=O)(=O)c2ccccc2C)ccc1Cc1cn(C)c2ccc(NC(=O)OC3CCCC3)cc12,COc1cc(C(=O)NS(=O)(=O)c2ccccc2C)ccc1Cc1cn(C)c2ccc(NC(=O)OC3CCCC3)cc12,YEEZWCHGZNKEEK-UHFFFAOYSA-N,True
DB06155,drugbank,CC1=C(N(N=C1C(=O)NN1CCCCC1)C1=C(Cl)C=C(Cl)C=C1)C1=CC=C(Cl)C=C1,Cc1c(C(=O)NN2CCCCC2)nn(-c2ccc(Cl)cc2Cl)c1-c1ccc(Cl)cc1,Cc1c(C(=O)NN2CCCCC2)nn(-c2ccc(Cl)cc2Cl)c1-c1ccc(Cl)cc1,JZCPYUJPEARBJL-UHFFFAOYSA-N,True
DB00624,drugbank,[H][C@@]12CC[C@H](O)[C@@]1(C)CC[C@@]1([H])[C@@]2([H])CCC2=CC(=O)CC[C@]12C,CC12CCC(=O)C=C1CCC1C2CCC2(C)C(O)CCC12,C[C@]12CC[C@H]3[C@@H](CCC4=CC(=O)CC[C@@]43C)[C@@H]1CC[C@@H]2O,MUMGGOZAMZWBJJ-DYKIIFRCSA-N,True
DB00377,drugbank,[H][C@]12CCCC3=C1C(=CC=C3)C(=O)N(C2)[C@@H]1CN2CCC1CC2,O=C1c2cccc3c2C(CCC3)CN1C1CN2CCC1CC2,O=C1c2cccc3c2[C@H](CCC3)CN1[C@@H]1CN2CCC1CC2,CPZBLNMUGSZIPR-NVXWUHKLSA-N,True
DB01393,drugbank,CC(C)(OC1=CC=C(CCNC(=O)C2=CC=C(Cl)C=C2)C=C1)C(O)=O,CC(C)(Oc1ccc(CCNC(=O)c2ccc(Cl)cc2)cc1)C(=O)O,CC(C)(Oc1ccc(CCNC(=O)c2ccc(Cl)cc2)cc1)C(=O)O,IIBYAHWJQTYFKB-UHFFFAOYSA-N,True
DB05541,drugbank,CCC[C@H]1CN([C@@H](CC)C(N)=O)C(=O)C1,CCCC1CC(=O)N(C(CC)C(N)=O)C1,CCC[C@@H]1CC(=O)N([C@@H](CC)C(N)=O)C1,MSYKRHVOOPPJKU-BDAKNGLRSA-N,True
DB00822,drugbank,CCN(CC)C(=S)SSC(=S)N(CC)CC,CCN(CC)C(=S)SSC(=S)N(CC)CC,CCN(CC)C(=S)SSC(=S)N(CC)CC,AUZONCFQVSMFAP-UHFFFAOYSA-N,True
DB01274,drugbank,COC1=CC=C(C[C@@H](C)NC[C@H](O)C2=CC(NC=O)=C(O)C=C2)C=C1,COc1ccc(CC(C)NCC(O)c2ccc(O)c(NC=O)c2)cc1,COc1ccc(C[C@@H](C)NC[C@H](O)c2ccc(O)c(NC=O)c2)cc1,BPZSYCZIITTYBL-YJYMSZOUSA-N,True
DB00617,drugbank,CCC1(C)OC(=O)N(C)C1=O,CCC1(C)OC(=O)N(C)C1=O,CCC1(C)OC(=O)N(C)C1=O,VQASKUSHBVDKGU-UHFFFAOYSA-N,True
DB01095,drugbank,CC(C)N1C(\C=C\[C@H](O)C[C@H](O)CC(O)=O)=C(C2=CC=C(F)C=C2)C2=CC=CC=C12,CC(C)n1c(C=CC(O)CC(O)CC(=O)O)c(-c2ccc(F)cc2)c2ccccc21,CC(C)n1c(/C=C/[C@H](O)C[C@H](O)CC(=O)O)c(-c2ccc(F)cc2)c2ccccc21,FJLGEFLZQAZZCD-JUFISIKESA-N,True
DB00307,drugbank,CC1=CC2=C(C=C1C(=C)C1=CC=C(C=C1)C(O)=O)C(C)(C)CCC2(C)C,C=C(c1ccc(C(=O)O)cc1)c1cc2c(cc1C)C(C)(C)CCC2(C)C,C=C(c1ccc(C(=O)O)cc1)c1cc2c(cc1C)C(C)(C)CCC2(C)C,NAVMQTYZDKMPEU-UHFFFAOYSA-N,True
DB09396,drugbank,O.OS(=O)(=O)C1=CC2=CC=CC=C2C=C1.CCC(=O)O[C@@](CC1=CC=CC=C1)([C@H](C)CN(C)C)C1=CC=CC=C1,CCC(=O)OC(Cc1ccccc1)(c1ccccc1)C(C)CN(C)C.O.O=S(=O)(O)c1ccc2ccccc2c1,CCC(=O)O[C@](Cc1ccccc1)(c1ccccc1)[C@H](C)CN(C)C.O.O=S(=O)(O)c1ccc2ccccc2c1,GBKONKCASNNUQD-VGHSCWAPSA-N,True
DB11581,drugbank,CC1(C)CCC(CN2CCN(CC2)C2=CC=C(C(=O)NS(=O)(=O)C3=CC=C(NCC4CCOCC4)C(=C3)[N+]([O-])=O)C(OC3=CN=C4NC=CC4=C3)=C2)=C(C1)C1=CC=C(Cl)C=C1,CC1(C)CCC(CN2CCN(c3ccc(C(=O)NS(=O)(=O)c4ccc(NCC5CCOCC5)c([N+](=O)[O-])c4)c(Oc4cnc5[nH]ccc5c4)c3)CC2)=C(c2ccc(Cl)cc2)C1,CC1(C)CCC(CN2CCN(c3ccc(C(=O)NS(=O)(=O)c4ccc(NCC5CCOCC5)c([N+](=O)[O-])c4)c(Oc4cnc5[nH]ccc5c4)c3)CC2)=C(c2ccc(Cl)cc2)C1,LQBVNQSMGBZMKD-UHFFFAOYSA-N,True
DB04938,drugbank,OCCOC1=CC=C(C=C1)C(=C(\CCCl)C1=CC=CC=C1)\C1=CC=CC=C1,OCCOc1ccc(C(=C(CCCl)c2ccccc2)c2ccccc2)cc1,OCCOc1ccc(/C(=C(/CCCl)c2ccccc2)c2ccccc2)cc1,LUMKNAVTFCDUIE-VHXPQNKSSA-N,True
DB01349,drugbank,CC1=NC(C)=C2CCC(=O)N(CC3=CC=C(C=C3)C3=CC=CC=C3C3=NNN=N3)C2=N1,Cc1nc(C)c2c(n1)N(Cc1ccc(-c3ccccc3-c3nn[nH]n3)cc1)C(=O)CC2,Cc1nc(C)c2c(n1)N(Cc1ccc(-c3ccccc3-c3nn[nH]n3)cc1)C(=O)CC2,ADXGNEYLLLSOAR-UHFFFAOYSA-N,True
DB00916,drugbank,CC1=NC=C(N1CCO)[N+]([O-])=O,Cc1ncc([N+](=O)[O-])n1CCO,Cc1ncc([N+](=O)[O-])n1CCO,VAOCPAMSLUNLGC-UHFFFAOYSA-N,True
DB00675,drugbank,CC\C(=C(/C1=CC=CC=C1)C1=CC=C(OCCN(C)C)C=C1)C1=CC=CC=C1,CCC(=C(c1ccccc1)c1ccc(OCCN(C)C)cc1)c1ccccc1,CC/C(=C(\c1ccccc1)c1ccc(OCCN(C)C)cc1)c1ccccc1,NKANXQFJJICGDU-QPLCGJKRSA-N,True
DB06654,drugbank,C[C@H](NCC1=CC=C(OCC2=CC(F)=CC=C2)C=C1)C(N)=O,CC(NCc1ccc(OCc2cccc(F)c2)cc1)C(N)=O,C[C@H](NCc1ccc(OCc2cccc(F)c2)cc1)C(N)=O,NEMGRZFTLSKBAP-LBPRGKRZSA-N,True
DB01094,drugbank,COC1=C(O)C=C(C=C1)[C@@H]1CC(=O)C2=C(O)C=C(O)C=C2O1,COc1ccc(C2CC(=O)c3c(O)cc(O)cc3O2)cc1O,COc1ccc([C@@H]2CC(=O)c3c(O)cc(O)cc3O2)cc1O,AIONOLUJZLIMTK-AWEZNQCLSA-N,True
DB01183,drugbank,OC1=CC=C2C[C@H]3N(CC=C)CC[C@@]45[C@@H](OC1=C24)C(=O)CC[C@@]35O,C=CCN1CCC23c4c5ccc(O)c4OC2C(=O)CCC3(O)C1C5,C=CCN1CC[C@]23c4c5ccc(O)c4O[C@H]2C(=O)CC[C@@]3(O)[C@H]1C5,UZHSEJADLWPNLE-GRGSLBFTSA-N,True
DB08875,drugbank,COC1=CC2=C(C=C1OC)C(OC1=CC=C(NC(=O)C3(CC3)C(=O)NC3=CC=C(F)C=C3)C=C1)=CC=N2,COc1cc2nccc(Oc3ccc(NC(=O)C4(C(=O)Nc5ccc(F)cc5)CC4)cc3)c2cc1OC,COc1cc2nccc(Oc3ccc(NC(=O)C4(C(=O)Nc5ccc(F)cc5)CC4)cc3)c2cc1OC,ONIQOQHATWINJY-UHFFFAOYSA-N,True
DB01074,drugbank,C(C(C1CCCCC1)C1CCCCC1)C1CCCCN1,C1CCC(C(CC2CCCCN2)C2CCCCC2)CC1,C1CCC(C(CC2CCCCN2)C2CCCCC2)CC1,CYXKNKQEMFBLER-UHFFFAOYSA-N,True
DB00717,drugbank,[H][C@@]12CC[C@@](O)(C#C)[C@@]1(C)CC[C@]1([H])[C@@]3([H])CCC(=O)C=C3CC[C@@]21[H],C#CC1(O)CCC2C3CCC4=CC(=O)CCC4C3CCC21C,C#C[C@]1(O)CC[C@H]2[C@@H]3CCC4=CC(=O)CC[C@@H]4[C@H]3CC[C@@]21C,VIKNJXKGJWUCNN-XGXHKTLJSA-N,True
DB00422,drugbank,COC(=O)C(C1CCCCN1)C1=CC=CC=C1,COC(=O)C(c1ccccc1)C1CCCCN1,COC(=O)C(c1ccccc1)C1CCCCN1,DUGOZIWVEXMGBE-UHFFFAOYSA-N,True
DB06176,drugbank,C\C=C1/NC(=O)[C@H]2CSSCC\C=C\[C@H](CC(=O)N[C@H](C(C)C)C(=O)N2)OC(=O)[C@@H](NC1=O)C(C)C,CC=C1NC(=O)C2CSSCCC=CC(CC(=O)NC(C(C)C)C(=O)N2)OC(=O)C(C(C)C)NC1=O,C/C=C1\NC(=O)[C@H]2CSSCC/C=C/[C@H](CC(=O)N[C@H](C(C)C)C(=O)N2)OC(=O)[C@H](C(C)C)NC1=O,OHRURASPPZQGQM-GCCNXGTGSA-N,True
DB00426,drugbank,CC(=O)OCC(CCN1C=NC2=CN=C(N)N=C12)COC(C)=O,CC(=O)OCC(CCn1cnc2cnc(N)nc21)COC(C)=O,CC(=O)OCC(CCn1cnc2cnc(N)nc21)COC(C)=O,GGXKWVWZWMLJEH-UHFFFAOYSA-N,True
DB05381,drugbank,NCCC1=CNC=N1,NCCc1c[nH]cn1,NCCc1c[nH]cn1,NTYJJOPFIAHURM-UHFFFAOYSA-N,True
DB00947,drugbank,[H][C@@]12CC[C@H](O)[C@@]1(C)CC[C@]1([H])C3=CC=C(O)C=C3C[C@@H](CCCCCCCCCS(=O)CCCC(F)(F)C(F)(F)F)[C@@]21[H],CC12CCC3c4ccc(O)cc4CC(CCCCCCCCCS(=O)CCCC(F)(F)C(F)(F)F)C3C1CCC2O,C[C@]12CC[C@@H]3c4ccc(O)cc4C[C@@H](CCCCCCCCCS(=O)CCCC(F)(F)C(F)(F)F)[C@H]3[C@@H]1CC[C@@H]2O,VWUXBMIQPBEWFH-WCCTWKNTSA-N,True
DB01058,drugbank,O=C(C1CCCCC1)N1CC2N(CCC3=CC=CC=C23)C(=O)C1,O=C(C1CCCCC1)N1CC(=O)N2CCc3ccccc3C2C1,O=C(C1CCCCC1)N1CC(=O)N2CCc3ccccc3C2C1,FSVJFNAIGNNGKK-UHFFFAOYSA-N,True
DB01194,drugbank,CCN[C@H]1CN(CCCOC)S(=O)(=O)C2=C1C=C(S2)S(N)(=O)=O,CCNC1CN(CCCOC)S(=O)(=O)c2sc(S(N)(=O)=O)cc21,CCN[C@H]1CN(CCCOC)S(=O)(=O)c2sc(S(N)(=O)=O)cc21,HCRKCZRJWPKOAR-JTQLQIEISA-N,True
DB09101,drugbank,[H][C@@](CO)(C(C)C)N1C=C(C(O)=O)C(=O)C2=C1C=C(OC)C(CC1=C(F)C(Cl)=CC=C1)=C2,COc1cc2c(cc1Cc1cccc(Cl)c1F)c(=O)c(C(=O)O)cn2C(CO)C(C)C,COc1cc2c(cc1Cc1cccc(Cl)c1F)c(=O)c(C(=O)O)cn2[C@H](CO)C(C)C,JUZYLCPPVHEVSV-LJQANCHMSA-N,True
DB04835,drugbank,CC(C)C1=NN=C(C)N1[C@H]1C[C@@H]2CC[C@H](C1)N2CC[C@H](NC(=O)C1CCC(F)(F)CC1)C1=CC=CC=C1,Cc1nnc(C(C)C)n1C1CC2CCC(C1)N2CCC(NC(=O)C1CCC(F)(F)CC1)c1ccccc1,Cc1nnc(C(C)C)n1[C@@H]1C[C@H]2CC[C@@H](C1)N2CC[C@H](NC(=O)C1CCC(F)(F)CC1)c1ccccc1,GSNHKUDZZFZSJB-QYOOZWMWSA-N,True
DB00339,drugbank,NC(=O)C1=NC=CN=C1,NC(=O)c1cnccn1,NC(=O)c1cnccn1,IPEHBUMCGVEMRF-UHFFFAOYSA-N,True
DB00943,drugbank,NC1=NC(=O)N(C=C1)[C@H]1CC[C@@H](CO)O1,Nc1ccn(C2CCC(CO)O2)c(=O)n1,Nc1ccn([C@H]2CC[C@@H](CO)O2)c(=O)n1,WREGKURFCTUGRC-POYBYMJQSA-N,True
DB09297,drugbank,[H][C@@]12C[C@]1(NC(=O)[C@]1([H])C[C@H](CN1C(=O)[C@H](CCCCC\C=C/2)NC(=O)C1=CN=C(C)C=N1)OC1=NC2=C(C=CC=C2)C2=C1C=CC=C2)C(=O)NS(=O)(=O)C1CC1,Cc1cnc(C(=O)NC2CCCCCC=CC3CC3(C(=O)NS(=O)(=O)C3CC3)NC(=O)C3CC(Oc4nc5ccccc5c5ccccc45)CN3C2=O)cn1,Cc1cnc(C(=O)N[C@H]2CCCCC/C=C\[C@@H]3C[C@@]3(C(=O)NS(=O)(=O)C3CC3)NC(=O)[C@@H]3C[C@@H](Oc4nc5ccccc5c5ccccc45)CN3C2=O)cn1,UAUIUKWPKRJZJV-QPLHLKROSA-N,True
DB00530,drugbank,COCCOC1=CC2=C(C=C1OCCOC)C(NC1=CC(=CC=C1)C#C)=NC=N2,C#Cc1cccc(Nc2ncnc3cc(OCCOC)c(OCCOC)cc23)c1,C#Cc1cccc(Nc2ncnc3cc(OCCOC)c(OCCOC)cc23)c1,AAKJLRGGTJKAMG-UHFFFAOYSA-N,True
DB06803,drugbank,OC1=C(C=C(Cl)C=C1)C(=O)NC1=C(Cl)C=C(C=C1)[N+]([O-])=O,O=C(Nc1ccc([N+](=O)[O-])cc1Cl)c1cc(Cl)ccc1O,O=C(Nc1ccc([N+](=O)[O-])cc1Cl)c1cc(Cl)ccc1O,RJMUSRYZPJIFPJ-UHFFFAOYSA-N,True
DB00651,drugbank,CN1C2=C(N(CC(O)CO)C=N2)C(=O)N(C)C1=O,Cn1c(=O)c2c(ncn2CC(O)CO)n(C)c1=O,Cn1c(=O)c2c(ncn2CC(O)CO)n(C)c1=O,KSCFJBIXMNOVSH-UHFFFAOYSA-N,True
DB11817,drugbank,CCS(=O)(=O)N1CC(CC#N)(C1)N1C=C(C=N1)C1=C2C=CNC2=NC=N1,CCS(=O)(=O)N1CC(CC#N)(n2cc(-c3ncnc4[nH]ccc34)cn2)C1,CCS(=O)(=O)N1CC(CC#N)(n2cc(-c3ncnc4[nH]ccc34)cn2)C1,XUZMWHLSFXCVMG-UHFFFAOYSA-N,True
DB00841,drugbank,CC(CCC1=CC=C(O)C=C1)NCCC1=CC(O)=C(O)C=C1,CC(CCc1ccc(O)cc1)NCCc1ccc(O)c(O)c1,CC(CCc1ccc(O)cc1)NCCc1ccc(O)c(O)c1,JRWZLRBJNMZMFE-UHFFFAOYSA-N,True
DB00799,drugbank,CCOC(=O)C1=CN=C(C=C1)C#CC1=CC2=C(SCCC2(C)C)C=C1,CCOC(=O)c1ccc(C#Cc2ccc3c(c2)C(C)(C)CCS3)nc1,CCOC(=O)c1ccc(C#Cc2ccc3c(c2)C(C)(C)CCS3)nc1,OGQICQVSFDPSEI-UHFFFAOYSA-N,True
DB01039,drugbank,CC(C)OC(=O)C(C)(C)OC1=CC=C(C=C1)C(=O)C1=CC=C(Cl)C=C1,CC(C)OC(=O)C(C)(C)Oc1ccc(C(=O)c2ccc(Cl)cc2)cc1,CC(C)OC(=O)C(C)(C)Oc1ccc(C(=O)c2ccc(Cl)cc2)cc1,YMTINGFKWWXKFG-UHFFFAOYSA-N,True
DB03756,drugbank,CC\C=C/C\C=C/C\C=C/C\C=C/C\C=C/C\C=C/CCC(O)=O,CCC=CCC=CCC=CCC=CCC=CCC=CCCC(=O)O,CC/C=C\C/C=C\C/C=C\C/C=C\C/C=C\C/C=C\CCC(=O)O,MBMBGCFOFBJSGT-KUBAVDMBSA-N,True
DB00602,drugbank,CO[C@H]1C[C@@H](O[C@@H](C)[C@@H]1O)O[C@H]1[C@H](C)O[C@H](C[C@@H]1OC)O[C@H]1[C@@H](C)\C=C\C=C2/CO[C@@H]3[C@H](O)C(C)=C[C@@H](C(=O)O[C@H]4C[C@@H](C\C=C1/C)O[C@@]1(CC[C@H](C)[C@@H](C(C)C)O1)C4)[C@]23O.CC[C@@H](C)[C@H]1O[C@@]2(CC[C@@H]1C)O[C@@H]1C\C=C(C)\[C@@H](O[C@@H]3O[C@@H](C)[C@H](O[C@@H]4O[C@@H](C)[C@H](O)[C@@H](OC)C4)[C@@H](OC)C3)[C@@H](C)\C=C\C=C3/CO[C@@H]4[C@H](O)C(C)=C[C@@H](C(=O)O[C@@H](C1)C2)[C@]34O,CCC(C)C1OC2(CCC1C)CC1CC(CC=C(C)C(OC3CC(OC)C(OC4CC(OC)C(O)C(C)O4)C(C)O3)C(C)C=CC=C3COC4C(O)C(C)=CC(C(=O)O1)C34O)O2.COC1CC(OC2C(C)OC(OC3C(C)=CCC4CC(CC5(CCC(C)C(C(C)C)O5)O4)OC(=O)C4C=C(C)C(O)C5OCC(=CC=CC3C)C45O)CC2OC)OC(C)C1O,CC[C@@H](C)[C@H]1O[C@]2(CC[C@@H]1C)C[C@@H]1C[C@@H](C/C=C(\C)[C@@H](O[C@H]3C[C@H](OC)[C@@H](O[C@H]4C[C@H](OC)[C@@H](O)[C@H](C)O4)[C@H](C)O3)[C@@H](C)/C=C/C=C3\CO[C@@H]4[C@H](O)C(C)=C[C@@H](C(=O)O1)[C@]34O)O2.CO[C@H]1C[C@H](O[C@H]2[C@H](C)O[C@@H](O[C@@H]3/C(C)=C/C[C@@H]4C[C@@H](C[C@]5(CC[C@H](C)[C@@H](C(C)C)O5)O4)OC(=O)[C@@H]4C=C(C)[C@@H](O)[C@H]5OC/C(=C\C=C\[C@@H]3C)[C@]54O)C[C@@H]2OC)O[C@@H](C)[C@@H]1O,SPBDXSGPUHCETR-CVSKBELMSA-N,True
DB01396,drugbank,[H][C@@]1(CC[C@]2(O)[C@]3([H])CC[C@]4([H])C[C@H](CC[C@]4(C)[C@@]3([H])CC[C@]12C)O[C@H]1C[C@H](O)[C@H](O[C@H]2C[C@H](O)[C@H](O[C@H]3C[C@H](O)[C@H](O)[C@@H](C)O3)[C@@H](C)O2)[C@@H](C)O1)C1=CC(=O)OC1,CC1OC(OC2C(O)CC(OC3C(O)CC(OC4CCC5(C)C(CCC6C5CCC5(C)C(C7=CC(=O)OC7)CCC65O)C4)OC3C)OC2C)CC(O)C1O,C[C@H]1O[C@@H](O[C@H]2[C@@H](O)C[C@H](O[C@H]3[C@@H](O)C[C@H](O[C@H]4CC[C@@]5(C)[C@H](CC[C@@H]6[C@@H]5CC[C@]5(C)[C@@H](C7=CC(=O)OC7)CC[C@]65O)C4)O[C@@H]3C)O[C@@H]2C)C[C@H](O)[C@@H]1O,WDJUZGPOPHTGOT-XUDUSOBPSA-N,True
DB00347,drugbank,CN1C(=O)OC(C)(C)C1=O,CN1C(=O)OC(C)(C)C1=O,CN1C(=O)OC(C)(C)C1=O,IRYJRGCIQBGHIV-UHFFFAOYSA-N,True
DB00730,drugbank,N1C2=CC=CC=C2N=C1C1=CSC=N1,c1ccc2[nH]c(-c3cscn3)nc2c1,c1ccc2[nH]c(-c3cscn3)nc2c1,WJCNZQLZVWNLKY-UHFFFAOYSA-N,True
DB06789,drugbank,[H][C@@]12CC[C@](OC(=O)CCCCC)(C(C)=O)[C@@]1(C)CC[C@@]1([H])[C@@]2([H])CCC2=CC(=O)CC[C@]12C,CCCCCC(=O)OC1(C(C)=O)CCC2C3CCC4=CC(=O)CCC4(C)C3CCC21C,CCCCCC(=O)O[C@]1(C(C)=O)CC[C@H]2[C@@H]3CCC4=CC(=O)CC[C@]4(C)[C@H]3CC[C@@]21C,DOMWKUIIPQCAJU-LJHIYBGHSA-N,True
DB01126,drugbank,[H][C@@]1(CC[C@@]2([H])[C@]3([H])CC[C@@]4([H])NC(=O)C=C[C@]4(C)[C@@]3([H])CC[C@]12C)C(=O)NC1=CC(=CC=C1C(F)(F)F)C(F)(F)F,CC12C=CC(=O)NC1CCC1C2CCC2(C)C(C(=O)Nc3cc(C(F)(F)F)ccc3C(F)(F)F)CCC12,C[C@]12C=CC(=O)N[C@@H]1CC[C@@H]1[C@@H]2CC[C@]2(C)[C@@H](C(=O)Nc3cc(C(F)(F)F)ccc3C(F)(F)F)CC[C@@H]12,JWJOTENAMICLJG-QWBYCMEYSA-N,True
DB01223,drugbank,NCCN.CN1C2=C(NC=N2)C(=O)N(C)C1=O.CN1C2=C(NC=N2)C(=O)N(C)C1=O,Cn1c(=O)c2[nH]cnc2n(C)c1=O.Cn1c(=O)c2[nH]cnc2n(C)c1=O.NCCN,Cn1c(=O)c2[nH]cnc2n(C)c1=O.Cn1c(=O)c2[nH]cnc2n(C)c1=O.NCCN,FQPFAHBPWDRTLU-UHFFFAOYSA-N,True
DB11575,drugbank,COC1=CC2=NC3=C(CCCCC[C@@H]4C[C@H]4OC(=O)N[C@H](C(=O)N4C[C@@H](C[C@H]4C(=O)N[C@@]4(C[C@H]4C=C)C(=O)NS(=O)(=O)C4CC4)O3)C(C)(C)C)N=C2C=C1,C=CC1CC1(NC(=O)C1CC2CN1C(=O)C(C(C)(C)C)NC(=O)OC1CC1CCCCCc1nc3ccc(OC)cc3nc1O2)C(=O)NS(=O)(=O)C1CC1,C=C[C@@H]1C[C@]1(NC(=O)[C@@H]1C[C@@H]2CN1C(=O)[C@H](C(C)(C)C)NC(=O)O[C@@H]1C[C@H]1CCCCCc1nc3ccc(OC)cc3nc1O2)C(=O)NS(=O)(=O)C1CC1,OBMNJSNZOWALQB-NCQNOWPTSA-N,True
DB11560,drugbank,OC(=O)CSC1=NN=C(Br)N1C1=CC=C(C2CC2)C2=C1C=CC=C2,O=C(O)CSc1nnc(Br)n1-c1ccc(C2CC2)c2ccccc12,O=C(O)CSc1nnc(Br)n1-c1ccc(C2CC2)c2ccccc12,FGQFOYHRJSUHMR-UHFFFAOYSA-N,True
DB12267,drugbank,COC1=CC(=CC=C1NC1=NC=C(Cl)C(NC2=CC=CC=C2P(C)(C)=O)=N1)N1CCC(CC1)N1CCN(C)CC1,COc1cc(N2CCC(N3CCN(C)CC3)CC2)ccc1Nc1ncc(Cl)c(Nc2ccccc2P(C)(C)=O)n1,COc1cc(N2CCC(N3CCN(C)CC3)CC2)ccc1Nc1ncc(Cl)c(Nc2ccccc2P(C)(C)=O)n1,AILRADAXUVEEIR-UHFFFAOYSA-N,True
DB01392,drugbank,[H][C@@]12CC[C@H](O)[C@H](C(=O)OC)[C@@]1([H])C[C@]1([H])N(CCC3=C1NC1=CC=CC=C31)C2,COC(=O)C1C(O)CCC2CN3CCc4c([nH]c5ccccc45)C3CC21,COC(=O)[C@@H]1[C@H]2C[C@H]3c4[nH]c5ccccc5c4CCN3C[C@@H]2CC[C@@H]1O,BLGXFZZNTVWLAY-SCYLSFHTSA-N,True
DB08912,drugbank,CC(C)(C)C1=NC(=C(S1)C1=NC(N)=NC=C1)C1=C(F)C(NS(=O)(=O)C2=C(F)C=CC=C2F)=CC=C1,CC(C)(C)c1nc(-c2cccc(NS(=O)(=O)c3c(F)cccc3F)c2F)c(-c2ccnc(N)n2)s1,CC(C)(C)c1nc(-c2cccc(NS(=O)(=O)c3c(F)cccc3F)c2F)c(-c2ccnc(N)n2)s1,BFSMGDJOXZAERB-UHFFFAOYSA-N,True
DB00845,drugbank,CC(C)N=C1C=C2N(C3=CC=C(Cl)C=C3)C3=C(C=CC=C3)N=C2C=C1NC1=CC=C(Cl)C=C1,CC(C)N=c1cc2n(-c3ccc(Cl)cc3)c3ccccc3nc-2cc1Nc1ccc(Cl)cc1,CC(C)N=c1cc2n(-c3ccc(Cl)cc3)c3ccccc3nc-2cc1Nc1ccc(Cl)cc1,WDQPAMHFFCXSNU-UHFFFAOYSA-N,True
DB01098,drugbank,CC(C)C1=NC(=NC(C2=CC=C(F)C=C2)=C1\C=C\[C@@H](O)C[C@@H](O)CC(=O)O)N(C)S(C)(=O)=O,CC(C)c1nc(N(C)S(C)(=O)=O)nc(-c2ccc(F)cc2)c1C=CC(O)CC(O)CC(=O)O,CC(C)c1nc(N(C)S(C)(=O)=O)nc(-c2ccc(F)cc2)c1/C=C/[C@@H](O)C[C@@H](O)CC(=O)O,BPRHUIZQVSMCRT-VEUZHWNKSA-N,True
DB00470,drugbank,[H][C@@]12C=C(C)CC[C@@]1([H])C(C)(C)OC1=C2C(O)=CC(CCCCC)=C1,CCCCCc1cc(O)c2c(c1)OC(C)(C)C1CCC(C)=CC21,CCCCCc1cc(O)c2c(c1)OC(C)(C)[C@@H]1CCC(C)=C[C@@H]21,CYQFCXCEBYINGO-IAGOWNOFSA-N,True
DB06701,drugbank,[H][C@@](C(=O)OC)(C1=CC=CC=C1)[C@@]1([H])CCCCN1,COC(=O)C(c1ccccc1)C1CCCCN1,COC(=O)[C@H](c1ccccc1)[C@H]1CCCCN1,DUGOZIWVEXMGBE-CHWSQXEVSA-N,True
DB00136,drugbank,C[C@H](CCCC(C)(C)O)[C@@]1([H])CC[C@@]2([H])\C(CCC[C@]12C)=C\C=C1\C[C@@H](O)C[C@H](O)C1=C,C=C1C(=CC=C2CCCC3(C)C2CCC3C(C)CCCC(C)(C)O)CC(O)CC1O,C=C1/C(=C\C=C2/CCC[C@]3(C)[C@@H]([C@H](C)CCCC(C)(C)O)CC[C@@H]23)C[C@@H](O)C[C@@H]1O,GMRQFYUYWCNGIN-NKMMMXOESA-N,True
DB12026,drugbank,CC[C@@H]1[C@@H]2CN([C@@H]1C(=O)N[C@@]1(C[C@H]1C(F)F)C(=O)NS(=O)(=O)C1(C)CC1)C(=O)[C@@H](NC(=O)O[C@@H]1C[C@H]1CCCCC(F)(F)C1=C(O2)N=C2C=C(OC)C=CC2=N1)C(C)(C)C,CCC1C2CN(C(=O)C(C(C)(C)C)NC(=O)OC3CC3CCCCC(F)(F)c3nc4ccc(OC)cc4nc3O2)C1C(=O)NC1(C(=O)NS(=O)(=O)C2(C)CC2)CC1C(F)F,CC[C@@H]1[C@@H]2CN(C(=O)[C@H](C(C)(C)C)NC(=O)O[C@@H]3C[C@H]3CCCCC(F)(F)c3nc4ccc(OC)cc4nc3O2)[C@@H]1C(=O)N[C@]1(C(=O)NS(=O)(=O)C2(C)CC2)C[C@H]1C(F)F,MZBLZLWXUBZHSL-FZNJKFJKSA-N,True
DB03128,drugbank,CC(=O)OCC[N+](C)(C)C,CC(=O)OCC[N+](C)(C)C,CC(=O)OCC[N+](C)(C)C,OIPILFWXSMYKGL-UHFFFAOYSA-N,True
DB00643,drugbank,COC(=O)NC1=NC2=C(N1)C=C(C=C2)C(=O)C1=CC=CC=C1,COC(=O)Nc1nc2ccc(C(=O)c3ccccc3)cc2[nH]1,COC(=O)Nc1nc2ccc(C(=O)c3ccccc3)cc2[nH]1,OPXLLQIJSORQAM-UHFFFAOYSA-N,True
DB01429,drugbank,CCN(CC)CCCN(C1CC2=CC=CC=C2C1)C1=CC=CC=C1,CCN(CC)CCCN(c1ccccc1)C1Cc2ccccc2C1,CCN(CC)CCCN(c1ccccc1)C1Cc2ccccc2C1,NZLBHDRPUJLHCE-UHFFFAOYSA-N,True
DB08798,drugbank,CC1=C(C)N=C(NS(=O)(=O)C2=CC=C(N)C=C2)O1,Cc1nc(NS(=O)(=O)c2ccc(N)cc2)oc1C,Cc1nc(NS(=O)(=O)c2ccc(N)cc2)oc1C,CYFLXLSBHQBMFT-UHFFFAOYSA-N,True
DB00250,drugbank,NC1=CC=C(C=C1)S(=O)(=O)C1=CC=C(N)C=C1,Nc1ccc(S(=O)(=O)c2ccc(N)cc2)cc1,Nc1ccc(S(=O)(=O)c2ccc(N)cc2)cc1,MQJKPEGWNLWLTK-UHFFFAOYSA-N,True
DB06742,drugbank,NC1=C(Br)C=C(Br)C=C1CN[C@H]1CC[C@H](O)CC1,Nc1c(Br)cc(Br)cc1CNC1CCC(O)CC1,Nc1c(Br)cc(Br)cc1CN[C@H]1CC[C@H](O)CC1,JBDGDEWWOUBZPM-XYPYZODXSA-N,True
DB04930,drugbank,CC1(C)C(C=C(Cl)Cl)C1C(=O)OCC1=CC(OC2=CC=CC=C2)=CC=C1,CC1(C)C(C=C(Cl)Cl)C1C(=O)OCc1cccc(Oc2ccccc2)c1,CC1(C)C(C=C(Cl)Cl)C1C(=O)OCc1cccc(Oc2ccccc2)c1,RLLPVAHGXHCWKJ-UHFFFAOYSA-N,True
DB09048,drugbank,CN(C(=O)C(C)(C)C1=CC(=CC(=C1)C(F)(F)F)C(F)(F)F)C1=CN=C(C=C1C1=CC=CC=C1C)N1CCN(C)CC1,Cc1ccccc1-c1cc(N2CCN(C)CC2)ncc1N(C)C(=O)C(C)(C)c1cc(C(F)(F)F)cc(C(F)(F)F)c1,Cc1ccccc1-c1cc(N2CCN(C)CC2)ncc1N(C)C(=O)C(C)(C)c1cc(C(F)(F)F)cc(C(F)(F)F)c1,WAXQNWCZJDTGBU-UHFFFAOYSA-N,True
DB01105,drugbank,CC(C)CC(N(C)C)C1(CCC1)C1=CC=C(Cl)C=C1,CC(C)CC(N(C)C)C1(c2ccc(Cl)cc2)CCC1,CC(C)CC(N(C)C)C1(c2ccc(Cl)cc2)CCC1,UNAANXDKBXWMLN-UHFFFAOYSA-N,True
DB09296,drugbank,COC(=O)N[C@@H](C(C)C)C(=O)N1CCC[C@H]1C(=O)NC1=CC=C(C=C1)[C@@H]1CC[C@H](N1C1=CC=C(C=C1)C(C)(C)C)C1=CC=C(NC(=O)[C@@H]2CCCN2C(=O)[C@@H](NC(=O)OC)C(C)C)C=C1,COC(=O)NC(C(=O)N1CCCC1C(=O)Nc1ccc(C2CCC(c3ccc(NC(=O)C4CCCN4C(=O)C(NC(=O)OC)C(C)C)cc3)N2c2ccc(C(C)(C)C)cc2)cc1)C(C)C,COC(=O)N[C@H](C(=O)N1CCC[C@H]1C(=O)Nc1ccc([C@@H]2CC[C@@H](c3ccc(NC(=O)[C@@H]4CCCN4C(=O)[C@@H](NC(=O)OC)C(C)C)cc3)N2c2ccc(C(C)(C)C)cc2)cc1)C(C)C,PIDFDZJZLOTZTM-KHVQSSSXSA-N,True
DB00977,drugbank,[H][C@@]12CC[C@@](O)(C#C)[C@@]1(C)CC[C@]1([H])C3=C(CC[C@@]21[H])C=C(O)C=C3,C#CC1(O)CCC2C3CCc4cc(O)ccc4C3CCC21C,C#C[C@]1(O)CC[C@H]2[C@@H]3CCc4cc(O)ccc4[C@H]3CC[C@@]21C,BFPYWIDHMRZLRN-SLHNCBLASA-N,True
DB01128,drugbank,CC(O)(CS(=O)(=O)C1=CC=C(F)C=C1)C(=O)NC1=CC(=C(C=C1)C#N)C(F)(F)F,CC(O)(CS(=O)(=O)c1ccc(F)cc1)C(=O)Nc1ccc(C#N)c(C(F)(F)F)c1,CC(O)(CS(=O)(=O)c1ccc(F)cc1)C(=O)Nc1ccc(C#N)c(C(F)(F)F)c1,LKJPYSCBVHEWIU-UHFFFAOYSA-N,True
DB00158,drugbank,NC1=NC(=O)C2=NC(CNC3=CC=C(C=C3)C(=O)N[C@@H](CCC(O)=O)C(O)=O)=CN=C2N1,Nc1nc(=O)c2nc(CNc3ccc(C(=O)NC(CCC(=O)O)C(=O)O)cc3)cnc2[nH]1,Nc1nc(=O)c2nc(CNc3ccc(C(=O)N[C@@H](CCC(=O)O)C(=O)O)cc3)cnc2[nH]1,OVBPIULPVIDEAO-LBPRGKRZSA-N,True
DB06637,drugbank,NC1=CC=NC=C1,Nc1ccncc1,Nc1ccncc1,NUKYPUAOHBNCPY-UHFFFAOYSA-N,True
DB00701,drugbank,CC(C)CN(C[C@@H](O)[C@H](CC1=CC=CC=C1)NC(=O)O[C@H]1CCOC1)S(=O)(=O)C1=CC=C(N)C=C1,CC(C)CN(CC(O)C(Cc1ccccc1)NC(=O)OC1CCOC1)S(=O)(=O)c1ccc(N)cc1,CC(C)CN(C[C@@H](O)[C@H](Cc1ccccc1)NC(=O)O[C@H]1CCOC1)S(=O)(=O)c1ccc(N)cc1,YMARZQAQMVYCKC-OEMFJLHTSA-N,True
DB04845,drugbank,[H][C@]12C[C@H](NC(=O)C[C@H](O)C(C)(C)C(=O)[C@H](C)[C@@H](O)[C@@H](C)CCC[C@@]1(C)O2)C(\C)=C\C1=CSC(C)=N1,CC(=Cc1csc(C)n1)C1CC2OC2(C)CCCC(C)C(O)C(C)C(=O)C(C)(C)C(O)CC(=O)N1,C/C(=C\c1csc(C)n1)[C@@H]1C[C@@H]2O[C@]2(C)CCC[C@H](C)[C@H](O)[C@@H](C)C(=O)C(C)(C)[C@@H](O)CC(=O)N1,FABUFPQFXZVHFB-PVYNADRNSA-N,True
DB01216,drugbank,[H][C@@]12CC[C@H](C(=O)NC(C)(C)C)[C@@]1(C)CC[C@@]1([H])[C@@]2([H])CC[C@@]2([H])NC(=O)C=C[C@]12C,CC(C)(C)NC(=O)C1CCC2C3CCC4NC(=O)C=CC4(C)C3CCC12C,CC(C)(C)NC(=O)[C@H]1CC[C@H]2[C@@H]3CC[C@H]4NC(=O)C=C[C@]4(C)[C@H]3CC[C@]12C,DBEPLOCGEIEOCV-WSBQPABSSA-N,True
DB09262,drugbank,CC1=NC=CN1CCC(C(N)=O)(C1=CC=CC=C1)C1=CC=CC=C1,Cc1nccn1CCC(C(N)=O)(c1ccccc1)c1ccccc1,Cc1nccn1CCC(C(N)=O)(c1ccccc1)c1ccccc1,SQKXYSGRELMAAU-UHFFFAOYSA-N,True
DB00234,drugbank,[H][C@@](OC1=CC=CC=C1OCC)(C1=CC=CC=C1)[C@@]1([H])CNCCO1,CCOc1ccccc1OC(c1ccccc1)C1CNCCO1,CCOc1ccccc1O[C@H](c1ccccc1)[C@H]1CNCCO1,CBQGYUDMJHNJBX-RTBURBONSA-N,True
DB09090,drugbank,COC1=C(OC)C=C(C[N+]2(CCOCCC3CCC4CC3C4(C)C)CCOCC2)C(Br)=C1,COc1cc(Br)c(C[N+]2(CCOCCC3CCC4CC3C4(C)C)CCOCC2)cc1OC,COc1cc(Br)c(C[N+]2(CCOCCC3CCC4CC3C4(C)C)CCOCC2)cc1OC,DDHUTBKXLWCZCO-UHFFFAOYSA-N,True
DB06774,drugbank,COC1=C(O)C=CC(CNC(=O)CCCC\C=C\C(C)C)=C1,COc1cc(CNC(=O)CCCCC=CC(C)C)ccc1O,COc1cc(CNC(=O)CCCC/C=C/C(C)C)ccc1O,YKPUWZUDDOIDPM-SOFGYWHQSA-N,True
DB00917,drugbank,CCCCC[C@H](O)\C=C\[C@H]1[C@H](O)CC(=O)[C@@H]1C\C=C/CCCC(O)=O,CCCCCC(O)C=CC1C(O)CC(=O)C1CC=CCCCC(=O)O,CCCCC[C@H](O)/C=C/[C@H]1[C@H](O)CC(=O)[C@@H]1C/C=C\CCCC(=O)O,XEYBRNLFEZDVAW-ARSRFYASSA-N,True
DB12483,drugbank,COC1=C(OCCCN2CCOCC2)C=CC2=C1N=C(NC(=O)C1=CN=C(N)N=C1)N1CCN=C21,COc1c(OCCCN2CCOCC2)ccc2c1N=C(NC(=O)c1cnc(N)nc1)N1CCN=C21,COc1c(OCCCN2CCOCC2)ccc2c1N=C(NC(=O)c1cnc(N)nc1)N1CCN=C21,PZBCKZWLPGJMAO-UHFFFAOYSA-N,True
DB09080,drugbank,COC1=CC=C(CC(C)(C)NC[C@H](O)C2=C3OCC(=O)NC3=CC(O)=C2)C=C1,COc1ccc(CC(C)(C)NCC(O)c2cc(O)cc3c2OCC(=O)N3)cc1,COc1ccc(CC(C)(C)NC[C@H](O)c2cc(O)cc3c2OCC(=O)N3)cc1,COUYJEVMBVSIHV-SFHVURJKSA-N,True
DB09231,drugbank,COC(=O)C1=C(C)NC(C)=C([C@@H]1C1=CC=CC(=C1)[N+]([O-])=O)C(=O)O[C@@H]1CCCN(CC2=CC=CC=C2)C1,COC(=O)C1=C(C)NC(C)=C(C(=O)OC2CCCN(Cc3ccccc3)C2)C1c1cccc([N+](=O)[O-])c1,COC(=O)C1=C(C)NC(C)=C(C(=O)O[C@@H]2CCCN(Cc3ccccc3)C2)[C@@H]1c1cccc([N+](=O)[O-])c1,QZVNQOLPLYWLHQ-ZEQKJWHPSA-N,True
DB01190,drugbank,CCC[C@@H]1C[C@H](N(C)C1)C(=O)NC(C(C)Cl)[C@H]1O[C@H](SC)[C@H](O)[C@@H](O)[C@H]1O,CCCC1CC(C(=O)NC(C(C)Cl)C2OC(SC)C(O)C(O)C2O)N(C)C1,CCC[C@@H]1C[C@@H](C(=O)NC(C(C)Cl)[C@H]2O[C@H](SC)[C@H](O)[C@@H](O)[C@H]2O)N(C)C1,KDLRVYVGXIQJDK-NOWPCOIGSA-N,True
DB01076,drugbank,CC(C)C1=C(C(=O)NC2=CC=CC=C2)C(=C(N1CC[C@@H](O)C[C@@H](O)CC(O)=O)C1=CC=C(F)C=C1)C1=CC=CC=C1,CC(C)c1c(C(=O)Nc2ccccc2)c(-c2ccccc2)c(-c2ccc(F)cc2)n1CCC(O)CC(O)CC(=O)O,CC(C)c1c(C(=O)Nc2ccccc2)c(-c2ccccc2)c(-c2ccc(F)cc2)n1CC[C@@H](O)C[C@@H](O)CC(=O)O,XUKUURHRXDUEBC-KAYWLYCHSA-N,True
DB06264,drugbank,CC(CN1CCCCC1)C(=O)C1=CC=C(C)C=C1,Cc1ccc(C(=O)C(C)CN2CCCCC2)cc1,Cc1ccc(C(=O)C(C)CN2CCCCC2)cc1,FSKFPVLPFLJRQB-UHFFFAOYSA-N,True
DB08867,drugbank,CN(C)C1=CC=C(C=C1)[C@H]1C[C@@]2(C)[C@@H](CC[C@]2(O)C(C)=O)[C@@H]2CCC3=CC(=O)CCC3=C12,CC(=O)C1(O)CCC2C3CCC4=CC(=O)CCC4=C3C(c3ccc(N(C)C)cc3)CC21C,CC(=O)[C@@]1(O)CC[C@H]2[C@@H]3CCC4=CC(=O)CCC4=C3[C@@H](c3ccc(N(C)C)cc3)C[C@@]21C,HKDLNTKNLJPAIY-WKWWZUSTSA-N,True
DB00978,drugbank,CCN1C=C(C(O)=O)C(=O)C2=CC(F)=C(N3CCNC(C)C3)C(F)=C12,CCn1cc(C(=O)O)c(=O)c2cc(F)c(N3CCNC(C)C3)c(F)c21,CCn1cc(C(=O)O)c(=O)c2cc(F)c(N3CCNC(C)C3)c(F)c21,ZEKZLJVOYLTDKK-UHFFFAOYSA-N,True
DB09230,drugbank,CC(C)OC(=O)C1=C(C)NC(N)=C(C1C1=CC=CC(=C1)[N+]([O-])=O)C(=O)OC1CN(C1)C(C1=CC=CC=C1)C1=CC=CC=C1,CC1=C(C(=O)OC(C)C)C(c2cccc([N+](=O)[O-])c2)C(C(=O)OC2CN(C(c3ccccc3)c3ccccc3)C2)=C(N)N1,CC1=C(C(=O)OC(C)C)C(c2cccc([N+](=O)[O-])c2)C(C(=O)OC2CN(C(c3ccccc3)c3ccccc3)C2)=C(N)N1,ZKFQEACEUNWPMT-UHFFFAOYSA-N,True
DB06689,drugbank,NCCO.CCCCCCCC\C=C/CCCCCCCC(O)=O,CCCCCCCCC=CCCCCCCCC(=O)O.NCCO,CCCCCCCC/C=C\CCCCCCCC(=O)O.NCCO,KGWDUNBJIMUFAP-KVVVOXFISA-N,True
DB08992,drugbank,CCC1=CC=C(C=C1)C(=O)C(C)CN1CCCCC1,CCc1ccc(C(=O)C(C)CN2CCCCC2)cc1,CCc1ccc(C(=O)C(C)CN2CCCCC2)cc1,SQUNAWUMZGQQJD-UHFFFAOYSA-N,True
DB00890,drugbank,[H]\C(C)=C(/C(=C(\[H])C)/C1=CC=C(O)C=C1)\C1=CC=C(O)C=C1,CC=C(C(=CC)c1ccc(O)cc1)c1ccc(O)cc1,C/C=C(C(=C/C)/c1ccc(O)cc1)\c1ccc(O)cc1,NFDFQCUYFHCNBW-SCGPFSFSSA-N,True
DB01394,drugbank,COC1=CC2=C(C(OC)=C1OC)C1=CC=C(OC)C(=O)C=C1C(CC2)NC(C)=O,COc1cc2c(c(OC)c1OC)-c1ccc(OC)c(=O)cc1C(NC(C)=O)CC2,COc1cc2c(c(OC)c1OC)-c1ccc(OC)c(=O)cc1C(NC(C)=O)CC2,IAKHMKGGTNLKSZ-UHFFFAOYSA-N,True
DB08983,drugbank,CC(C)(OC1=CC=C(Cl)C=C1)C(=O)OCCOC(=O)C1=CN=CC=C1,CC(C)(Oc1ccc(Cl)cc1)C(=O)OCCOC(=O)c1cccnc1,CC(C)(Oc1ccc(Cl)cc1)C(=O)OCCOC(=O)c1cccnc1,XXRVYAFBUDSLJX-UHFFFAOYSA-N,True
DB13873,drugbank,CC(C)(OC1=CC=C(C=C1)C(=O)C1=CC=C(Cl)C=C1)C(O)=O,CC(C)(Oc1ccc(C(=O)c2ccc(Cl)cc2)cc1)C(=O)O,CC(C)(Oc1ccc(C(=O)c2ccc(Cl)cc2)cc1)C(=O)O,MQOBSOSZFYZQOK-UHFFFAOYSA-N,True
DB01288,drugbank,CC(CC1=CC=C(O)C=C1)NCC(O)C1=CC(O)=CC(O)=C1,CC(Cc1ccc(O)cc1)NCC(O)c1cc(O)cc(O)c1,CC(Cc1ccc(O)cc1)NCC(O)c1cc(O)cc(O)c1,LSLYOANBFKQKPT-UHFFFAOYSA-N,True
DB06201,drugbank,NC(=O)C1=CN(CC2=C(F)C=CC=C2F)N=N1,NC(=O)c1cn(Cc2c(F)cccc2F)nn1,NC(=O)c1cn(Cc2c(F)cccc2F)nn1,POGQSBRIGCQNEG-UHFFFAOYSA-N,True
DB00150,drugbank,N[C@@H](CC1=CNC2=C1C=CC=C2)C(O)=O,NC(Cc1c[nH]c2ccccc12)C(=O)O,N[C@@H](Cc1c[nH]c2ccccc12)C(=O)O,QIVBCDIJIAJPQS-VIFPVBQESA-N,True
DB09295,drugbank,FC(F)(F)C1=CC(NC2=C(C=CC=N2)C(=O)OC2OC(=O)C3=CC=CC=C23)=CC=C1,O=C1OC(OC(=O)c2cccnc2Nc2cccc(C(F)(F)F)c2)c2ccccc21,O=C1OC(OC(=O)c2cccnc2Nc2cccc(C(F)(F)F)c2)c2ccccc21,ANMLJLFWUCQGKZ-UHFFFAOYSA-N,True
DB09211,drugbank,CCCC[C@H](C)C[C@H](O)\C=C\[C@H]1[C@H](O)CC(=O)[C@@H]1CCCC\C=C\C(O)=O,CCCCC(C)CC(O)C=CC1C(O)CC(=O)C1CCCCC=CC(=O)O,CCCC[C@H](C)C[C@H](O)/C=C/[C@H]1[C@H](O)CC(=O)[C@@H]1CCCC/C=C/C(=O)O,OJZYRQPMEIEQFC-UAWLTFRCSA-N,True
DB00816,drugbank,CC(C)NCC(O)C1=CC(O)=CC(O)=C1,CC(C)NCC(O)c1cc(O)cc(O)c1,CC(C)NCC(O)c1cc(O)cc(O)c1,LMOINURANNBYCM-UHFFFAOYSA-N,True
DB01246,drugbank,CC(CN(C)C)CN1C2=CC=CC=C2SC2=CC=CC=C12,CC(CN(C)C)CN1c2ccccc2Sc2ccccc21,CC(CN(C)C)CN1c2ccccc2Sc2ccccc21,ZZHLYYDVIOPZBE-UHFFFAOYSA-N,True
DB09214,drugbank,[H][C@@](C)(C(O)=O)C1=CC(=CC=C1)C(=O)C1=CC=CC=C1,CC(C(=O)O)c1cccc(C(=O)c2ccccc2)c1,C[C@H](C(=O)O)c1cccc(C(=O)c2ccccc2)c1,DKYWVDODHFEZIM-NSHDSACASA-N,True
DB00680,drugbank,CCOC(=O)NC1=CC2=C(SC3=CC=CC=C3N2C(=O)CCN2CCOCC2)C=C1,CCOC(=O)Nc1ccc2c(c1)N(C(=O)CCN1CCOCC1)c1ccccc1S2,CCOC(=O)Nc1ccc2c(c1)N(C(=O)CCN1CCOCC1)c1ccccc1S2,FUBVWMNBEHXPSU-UHFFFAOYSA-N,True
DB00601,drugbank,CC(=O)NC[C@H]1CN(C(=O)O1)C1=CC(F)=C(C=C1)N1CCOCC1,CC(=O)NCC1CN(c2ccc(N3CCOCC3)c(F)c2)C(=O)O1,CC(=O)NC[C@H]1CN(c2ccc(N3CCOCC3)c(F)c2)C(=O)O1,TYZROVQLWOKYKF-ZDUSSCGKSA-N,True
DB06152,drugbank,CC(CCC1=CC=CC=C1)NC(C)C(O)C1=CC=C(O)C=C1,CC(CCc1ccccc1)NC(C)C(O)c1ccc(O)cc1,CC(CCc1ccccc1)NC(C)C(O)c1ccc(O)cc1,PTGXAUBQBSGPKF-UHFFFAOYSA-N,True
DB01064,drugbank,CC(C)NCC(O)C1=CC(O)=C(O)C=C1,CC(C)NCC(O)c1ccc(O)c(O)c1,CC(C)NCC(O)c1ccc(O)c(O)c1,JWZZKOKVBUJMES-UHFFFAOYSA-N,True
DB01597,drugbank,CC1(C)C[C@@H]1C(=O)N\C(=C/CCCCSC[C@H](N)C(O)=O)C(O)=O,CC1(C)CC1C(=O)NC(=CCCCCSCC(N)C(=O)O)C(=O)O,CC1(C)C[C@@H]1C(=O)N/C(=C\CCCCSC[C@H](N)C(=O)O)C(=O)O,DHSUYTOATWAVLW-WFVMDLQDSA-N,True
DB11093,drugbank,[Ca++].[Ca++].[Ca++].OC(CC([O-])=O)(CC([O-])=O)C([O-])=O.OC(CC([O-])=O)(CC([O-])=O)C([O-])=O,O=C([O-])CC(O)(CC(=O)[O-])C(=O)[O-].O=C([O-])CC(O)(CC(=O)[O-])C(=O)[O-].[Ca+2].[Ca+2].[Ca+2],O=C([O-])CC(O)(CC(=O)[O-])C(=O)[O-].O=C([O-])CC(O)(CC(=O)[O-])C(=O)[O-].[Ca+2].[Ca+2].[Ca+2],FNAQSUUGMSOBHW-UHFFFAOYSA-H,True
DB00247,drugbank,[H][C@@]12CC3=CN(C)C4=C3C(=CC=C4)C1=C[C@H](CN2C)C(=O)NC(CC)CO,CCC(CO)NC(=O)C1C=C2c3cccc4c3c(cn4C)CC2N(C)C1,CCC(CO)NC(=O)[C@@H]1C=C2c3cccc4c3c(cn4C)C[C@H]2N(C)C1,KPJZHOPZRAFDTN-NQUBZZJWSA-N,True
DB01365,drugbank,CNC(C)(C)CC1=CC=CC=C1,CNC(C)(C)Cc1ccccc1,CNC(C)(C)Cc1ccccc1,RXQCGGRTAILOIN-UHFFFAOYSA-N,True
DB13231,drugbank,[Ca++].CC(O)C([O-])=O.CC(O)C([O-])=O,CC(O)C(=O)[O-].CC(O)C(=O)[O-].[Ca+2],CC(O)C(=O)[O-].CC(O)C(=O)[O-].[Ca+2],MKJXYGKVIBWPFZ-UHFFFAOYSA-L,True
DB13142,drugbank,OC[C@@H](O)[C@@H](O)[C@H](O)[C@@H](O)C(=O)O[Ca]OC(=O)[C@H](O)[C@@H](O)[C@H](O[C@@H]1O[C@H](CO)[C@H](O)[C@H](O)[C@H]1O)[C@H](O)CO,O=C(O[Ca]OC(=O)C(O)C(O)C(OC1OC(CO)C(O)C(O)C1O)C(O)CO)C(O)C(O)C(O)C(O)CO,O=C(O[Ca]OC(=O)[C@H](O)[C@@H](O)[C@H](O[C@@H]1O[C@H](CO)[C@H](O)[C@H](O)[C@H]1O)[C@H](O)CO)[C@H](O)[C@@H](O)[C@H](O)[C@H](O)CO,YPCRNBPOUVJVMU-LCGAVOCYSA-L,True
DB09285,drugbank,FC(F)(F)C1=CC(NC2=C(C=CC=N2)C(=O)OCCN2CCOCC2)=CC=C1,O=C(OCCN1CCOCC1)c1cccnc1Nc1cccc(C(F)(F)F)c1,O=C(OCCN1CCOCC1)c1cccnc1Nc1cccc(C(F)(F)F)c1,LDXSPUSKBDTEKA-UHFFFAOYSA-N,True
DB09042,drugbank,CN1N=NC(=N1)C1=CC=C(C=N1)C1=CC=C(C=C1F)N1C[C@H](COP(O)(O)=O)OC1=O,Cn1nnc(-c2ccc(-c3ccc(N4CC(COP(=O)(O)O)OC4=O)cc3F)cn2)n1,Cn1nnc(-c2ccc(-c3ccc(N4C[C@H](COP(=O)(O)O)OC4=O)cc3F)cn2)n1,QCGUSIANLFXSGE-GFCCVEGCSA-N,True
DB00830,drugbank,CC1NCCOC1C1=CC=CC=C1,CC1NCCOC1c1ccccc1,CC1NCCOC1c1ccccc1,OOBHFESNSZDWIU-UHFFFAOYSA-N,True
DB00867,drugbank,C[C@H](NCCC1=CC=C(O)C=C1)[C@H](O)C1=CC=C(O)C=C1,CC(NCCc1ccc(O)cc1)C(O)c1ccc(O)cc1,C[C@H](NCCc1ccc(O)cc1)[C@H](O)c1ccc(O)cc1,IOVGROKTTNBUGK-SJCJKPOMSA-N,True
DB00397,drugbank,[H][C@@](C)(N)[C@]([H])(O)C1=CC=CC=C1,CC(N)C(O)c1ccccc1,C[C@H](N)[C@H](O)c1ccccc1,DLNKOYKMWOXYQA-CBAPKCEASA-N,True
DB05265,drugbank,[H][C@@]12CCC3=CC(C(C)C)=C(C=C3[C@@]1(C)CCC[C@@]2(C)C(O)=O)S(O)(=O)=O,CC(C)c1cc2c(cc1S(=O)(=O)O)C1(C)CCCC(C)(C(=O)O)C1CC2,CC(C)c1cc2c(cc1S(=O)(=O)O)[C@@]1(C)CCC[C@@](C)(C(=O)O)[C@@H]1CC2,IWCWQNVIUXZOMJ-MISYRCLQSA-N,True
DB00627,drugbank,OC(=O)C1=CN=CC=C1,O=C(O)c1cccnc1,O=C(O)c1cccnc1,PVNIIMVLHYAWGP-UHFFFAOYSA-N,True
DB11596,drugbank,NC1=NC(=O)C2=C(NC[C@H](CNC3=CC=C(C=C3)C(=O)N[C@@H](CCC(O)=O)C(O)=O)N2C=O)N1,Nc1nc(=O)c2c([nH]1)NCC(CNc1ccc(C(=O)NC(CCC(=O)O)C(=O)O)cc1)N2C=O,Nc1nc(=O)c2c([nH]1)NC[C@H](CNc1ccc(C(=O)N[C@@H](CCC(=O)O)C(=O)O)cc1)N2C=O,VVIAGPKUTFNRDU-STQMWFEESA-N,True
DB01330,drugbank,[H][C@]12SCC(CSC3=NN=NN3C)=C(N1C(=O)[C@]2(NC(=O)C1SC(S1)=C(C(N)=O)C(O)=O)OC)C(O)=O,COC1(NC(=O)C2SC(=C(C(N)=O)C(=O)O)S2)C(=O)N2C(C(=O)O)=C(CSc3nnnn3C)CSC21,CO[C@@]1(NC(=O)C2SC(=C(C(N)=O)C(=O)O)S2)C(=O)N2C(C(=O)O)=C(CSc3nnnn3C)CS[C@@H]21,SRZNHPXWXCNNDU-RHBCBLIFSA-N,True
DB09093,drugbank,[H][C@@]12C[C@@]3([H])C(=C(O)[C@]1(O)C(=O)C(C(N)=O)=C(O)[C@H]2N(C)C)C(=O)C1=C(O)C=CC(Cl)=C1[C@@]3(C)O,CN(C)C1C(O)=C(C(N)=O)C(=O)C2(O)C(O)=C3C(=O)c4c(O)ccc(Cl)c4C(C)(O)C3CC12,CN(C)[C@@H]1C(O)=C(C(N)=O)C(=O)[C@@]2(O)C(O)=C3C(=O)c4c(O)ccc(Cl)c4[C@@](C)(O)[C@H]3C[C@@H]12,CYDMQBQPVICBEU-XRNKAMNCSA-N,True
DB01685,drugbank,N#CC1=NC=CC(=C1)C1=NNC(=N1)C1=CC=NC=C1,N#Cc1cc(-c2n[nH]c(-c3ccncc3)n2)ccn1,N#Cc1cc(-c2n[nH]c(-c3ccncc3)n2)ccn1,UBVZQGOVTLIHLH-UHFFFAOYSA-N,True
DB11633,drugbank,C[C@@H](C1=NC(=CS1)C1=CC=C(C=C1)C#N)[C@](O)(CN1C=NC=N1)C1=C(F)C=CC(F)=C1,CC(c1nc(-c2ccc(C#N)cc2)cs1)C(O)(Cn1cncn1)c1cc(F)ccc1F,C[C@@H](c1nc(-c2ccc(C#N)cc2)cs1)[C@](O)(Cn1cncn1)c1cc(F)ccc1F,DDFOUSQFMYRUQK-RCDICMHDSA-N,True
DB01164,drugbank,[Cl-].[Cl-].[Ca++],[Ca+2].[Cl-].[Cl-],[Ca+2].[Cl-].[Cl-],UXVMQQNJUSDDNG-UHFFFAOYSA-L,True
DB01325,drugbank,CCC1NC(=O)C2=CC(=C(Cl)C=C2N1)S(N)(=O)=O,CCC1NC(=O)c2cc(S(N)(=O)=O)c(Cl)cc2N1,CCC1NC(=O)c2cc(S(N)(=O)=O)c(Cl)cc2N1,AGMMTXLNIQSRCG-UHFFFAOYSA-N,True
DB00360,drugbank,[H][C@@]1(CNC2=C(N1)C(=O)NC(N)=N2)[C@@H](O)[C@H](C)O,CC(O)C(O)C1CNc2nc(N)[nH]c(=O)c2N1,C[C@H](O)[C@H](O)[C@H]1CNc2nc(N)[nH]c(=O)c2N1,FNKQXYHWGSIFBK-RPDRRWSUSA-N,True
DB00929,drugbank,CCCCC(C)(O)C\C=C\[C@H]1[C@H](O)CC(=O)[C@@H]1CCCCCCC(=O)OC,CCCCC(C)(O)CC=CC1C(O)CC(=O)C1CCCCCCC(=O)OC,CCCCC(C)(O)C/C=C/[C@H]1[C@H](O)CC(=O)[C@@H]1CCCCCCC(=O)OC,OJLOPKGSLYJEMD-URPKTTJQSA-N,True
DB00610,drugbank,C[C@H](N)[C@H](O)C1=CC(O)=CC=C1,CC(N)C(O)c1cccc(O)c1,C[C@H](N)[C@H](O)c1cccc(O)c1,WXFIGDLSSYIKKV-RCOVLWMOSA-N,True
DB01262,drugbank,NC1=NC(=O)N(C=N1)[C@H]1C[C@H](O)[C@@H](CO)O1,Nc1ncn(C2CC(O)C(CO)O2)c(=O)n1,Nc1ncn([C@H]2C[C@H](O)[C@@H](CO)O2)c(=O)n1,XAUDJQYHKZQPEU-KVQBGUIXSA-N,True
DB01420,drugbank,[H][C@@]12CC[C@H](OC(=O)CC)[C@@]1(C)CC[C@@]1([H])[C@@]2([H])CCC2=CC(=O)CC[C@]12C,CCC(=O)OC1CCC2C3CCC4=CC(=O)CCC4(C)C3CCC12C,CCC(=O)O[C@H]1CC[C@H]2[C@@H]3CCC4=CC(=O)CC[C@]4(C)[C@H]3CC[C@]12C,PDMMFKSKQVNJMI-BLQWBTBKSA-N,True
DB00723,drugbank,COC1=CC(C(O)C(C)N)=C(OC)C=C1,COc1ccc(OC)c(C(O)C(C)N)c1,COc1ccc(OC)c(C(O)C(C)N)c1,WJAJPNHVVFWKKL-UHFFFAOYSA-N,True
DB00618,drugbank,[H][C@]12C[C@@]3([H])[C@H](N(C)C)C(O)=C(C(N)=O)C(=O)[C@@]3(O)C(O)=C1C(=O)C1=C([C@H]2O)C(Cl)=CC=C1O,CN(C)C1C(O)=C(C(N)=O)C(=O)C2(O)C(O)=C3C(=O)c4c(O)ccc(Cl)c4C(O)C3CC12,CN(C)[C@@H]1C(O)=C(C(N)=O)C(=O)[C@@]2(O)C(O)=C3C(=O)c4c(O)ccc(Cl)c4[C@@H](O)[C@H]3C[C@@H]12,FMTDIUIBLCQGJB-SEYHBJAFSA-N,True
DB00258,drugbank,[Ca++].CC([O-])=O.CC([O-])=O,CC(=O)[O-].CC(=O)[O-].[Ca+2],CC(=O)[O-].CC(=O)[O-].[Ca+2],VSGNNIFQASZAOI-UHFFFAOYSA-L,True
DB01004,drugbank,NC1=NC2=C(N=CN2COC(CO)CO)C(=O)N1,Nc1nc2c(ncn2COC(CO)CO)c(=O)[nH]1,Nc1nc2c(ncn2COC(CO)CO)c(=O)[nH]1,IRSCQMHQWWYFCW-UHFFFAOYSA-N,True
DB01364,drugbank,CN[C@@H](C)[C@H](O)C1=CC=CC=C1,CNC(C)C(O)c1ccccc1,CN[C@@H](C)[C@H](O)c1ccccc1,KWGRBVOPPLSCSI-WPRPVWTQSA-N,True
DB00259,drugbank,NC1=CC=C(C=C1)S(N)(=O)=O,Nc1ccc(S(N)(=O)=O)cc1,Nc1ccc(S(N)(=O)=O)cc1,FDDDEECHVMSUSB-UHFFFAOYSA-N,True
DB01032,drugbank,CCCN(CCC)S(=O)(=O)C1=CC=C(C=C1)C(O)=O,CCCN(CCC)S(=O)(=O)c1ccc(C(=O)O)cc1,CCCN(CCC)S(=O)(=O)c1ccc(C(=O)O)cc1,DBABZHXKTCFAPX-UHFFFAOYSA-N,True
DB00819,drugbank,CC(=O)NC1=NN=C(S1)S(N)(=O)=O,CC(=O)Nc1nnc(S(N)(=O)=O)s1,CC(=O)Nc1nnc(S(N)(=O)=O)s1,BZKPWHYZMXOIDC-UHFFFAOYSA-N,True
DB08874,drugbank,[H][C@@]1(O[C@@H]2[C@@H](CC)\C=C(C)\[C@@H](O)C\C=C\C=C(CO[C@@H]3O[C@H](C)[C@@H](OC(=O)C4=C(CC)C(Cl)=C(O)C(Cl)=C4O)[C@H](O)[C@@H]3OC)\C(=O)O[C@@H](C\C=C(/C)\C=C2/C)[C@@H](C)O)OC(C)(C)[C@@H](OC(=O)C(C)C)[C@H](O)[C@@H]1O,CCc1c(Cl)c(O)c(Cl)c(O)c1C(=O)OC1C(C)OC(OCC2=CC=CCC(O)C(C)=CC(CC)C(OC3OC(C)(C)C(OC(=O)C(C)C)C(O)C3O)C(C)=CC(C)=CCC(C(C)O)OC2=O)C(OC)C1O,CCc1c(Cl)c(O)c(Cl)c(O)c1C(=O)O[C@H]1[C@H](O)[C@H](OC)[C@H](OC/C2=C\C=C\C[C@H](O)/C(C)=C/[C@H](CC)[C@@H](O[C@@H]3OC(C)(C)[C@@H](OC(=O)C(C)C)[C@H](O)[C@@H]3O)/C(C)=C/C(C)=C/C[C@@H]([C@@H](C)O)OC2=O)O[C@@H]1C,ZVGNESXIJDCBKN-UUEYKCAUSA-N,True
DB08827,drugbank,FC(F)(F)CNC(=O)C1(CCCCN2CCC(CC2)NC(=O)C2=C(C=CC=C2)C2=CC=C(C=C2)C(F)(F)F)C2=CC=CC=C2C2=CC=CC=C12,O=C(NC1CCN(CCCCC2(C(=O)NCC(F)(F)F)c3ccccc3-c3ccccc32)CC1)c1ccccc1-c1ccc(C(F)(F)F)cc1,O=C(NC1CCN(CCCCC2(C(=O)NCC(F)(F)F)c3ccccc3-c3ccccc32)CC1)c1ccccc1-c1ccc(C(F)(F)F)cc1,MBBCVAKAJPKAKM-UHFFFAOYSA-N,True
DB00429,drugbank,OCC([NH3+])(CO)CO.CCCCC[C@@](O)(C)\C=C\[C@H]1[C@@H](O)C[C@H](O)[C@@H]1C\C=C/CCCC(=O)[O-],CCCCCC(C)(O)C=CC1C(O)CC(O)C1CC=CCCCC(=O)[O-].[NH3+]C(CO)(CO)CO,CCCCC[C@](C)(O)/C=C/[C@@H]1[C@@H](C/C=C\CCCC(=O)[O-])[C@@H](O)C[C@@H]1O.[NH3+]C(CO)(CO)CO,UMMADZJLZAPZAW-OVXHCKHTSA-N,True
DB09096,drugbank,O=C(OOC(=O)C1=CC=CC=C1)C1=CC=CC=C1,O=C(OOC(=O)c1ccccc1)c1ccccc1,O=C(OOC(=O)c1ccccc1)c1ccccc1,OMPJBNCRMGITSC-UHFFFAOYSA-N,True
DB00146,drugbank,C[C@H](CCCC(C)(C)O)[C@@]1([H])CC[C@@]2([H])\C(CCC[C@]12C)=C\C=C1\C[C@@H](O)CCC1=C,C=C1CCC(O)CC1=CC=C1CCCC2(C)C1CCC2C(C)CCCC(C)(C)O,C=C1CC[C@H](O)C/C1=C/C=C1\CCC[C@]2(C)[C@@H]([C@H](C)CCCC(C)(C)O)CC[C@@H]12,JWUBBDSIWDLEOM-DTOXIADCSA-N,True
DB09134,drugbank,OCCN(C(=O)CO)C1=C(I)C(C(=O)NCC(O)CO)=C(I)C(C(=O)NCC(O)CO)=C1I,O=C(NCC(O)CO)c1c(I)c(C(=O)NCC(O)CO)c(I)c(N(CCO)C(=O)CO)c1I,O=C(NCC(O)CO)c1c(I)c(C(=O)NCC(O)CO)c(I)c(N(CCO)C(=O)CO)c1I,AMDBBAQNWSUWGN-UHFFFAOYSA-N,True
DB00388,drugbank,CNC[C@H](O)C1=CC(O)=CC=C1,CNCC(O)c1cccc(O)c1,CNC[C@H](O)c1cccc(O)c1,SONNWYBIRXJNDC-VIFPVBQESA-N,True
DB08889,drugbank,CC(C)C[C@H](NC(=O)[C@H](CCC1=CC=CC=C1)NC(=O)CN1CCOCC1)C(=O)N[C@@H](CC1=CC=CC=C1)C(=O)N[C@@H](CC(C)C)C(=O)[C@@]1(C)CO1,CC(C)CC(NC(=O)C(CCc1ccccc1)NC(=O)CN1CCOCC1)C(=O)NC(Cc1ccccc1)C(=O)NC(CC(C)C)C(=O)C1(C)CO1,CC(C)C[C@H](NC(=O)[C@H](CCc1ccccc1)NC(=O)CN1CCOCC1)C(=O)N[C@@H](Cc1ccccc1)C(=O)N[C@@H](CC(C)C)C(=O)[C@@]1(C)CO1,BLMPQMFVWMYDKT-NZTKNTHTSA-N,True
DB01610,drugbank,CC(C)[C@H](N)C(=O)OCC(CO)OCN1C=NC2=C1NC(N)=NC2=O,CC(C)C(N)C(=O)OCC(CO)OCn1cnc2c(=O)nc(N)[nH]c21,CC(C)[C@H](N)C(=O)OCC(CO)OCn1cnc2c(=O)nc(N)[nH]c21,WPVFJKSGQUFQAP-GKAPJAKFSA-N,True
DB06202,drugbank,[H][C@@]1(CCC2=CC(O)=CC=C2[C@@]1([H])C1=CC=C(OCCN2CCCC2)C=C1)C1=CC=CC=C1,Oc1ccc2c(c1)CCC(c1ccccc1)C2c1ccc(OCCN2CCCC2)cc1,Oc1ccc2c(c1)CC[C@H](c1ccccc1)[C@@H]2c1ccc(OCCN2CCCC2)cc1,GXESHMAMLJKROZ-IAPPQJPRSA-N,True
DB00380,drugbank,C[C@@H](CN1CC(=O)NC(=O)C1)N1CC(=O)NC(=O)C1,CC(CN1CC(=O)NC(=O)C1)N1CC(=O)NC(=O)C1,C[C@@H](CN1CC(=O)NC(=O)C1)N1CC(=O)NC(=O)C1,BMKDZUISNHGIBY-ZETCQYMHSA-N,True
DB09135,drugbank,CC(=O)N(CC(O)CO)C1=C(I)C(C(=O)NCC(O)CO)=C(I)C(C(=O)NCCO)=C1I,CC(=O)N(CC(O)CO)c1c(I)c(C(=O)NCCO)c(I)c(C(=O)NCC(O)CO)c1I,CC(=O)N(CC(O)CO)c1c(I)c(C(=O)NCCO)c(I)c(C(=O)NCC(O)CO)c1I,UUMLTINZBQPNGF-UHFFFAOYSA-N,True
DB02701,drugbank,NC(=O)C1=CC=CN=C1,NC(=O)c1cccnc1,NC(=O)c1cccnc1,DFPAKSUCGFBDDF-UHFFFAOYSA-N,True
DB09272,drugbank,COC1=CC=C(CN([C@@H](C)C2=NC(=CN2)C2=CC=CC=C2)C(=O)[C@@H](N)CC2=C(C)C=C(C=C2C)C(N)=O)C=C1C(O)=O,COc1ccc(CN(C(=O)C(N)Cc2c(C)cc(C(N)=O)cc2C)C(C)c2nc(-c3ccccc3)c[nH]2)cc1C(=O)O,COc1ccc(CN(C(=O)[C@@H](N)Cc2c(C)cc(C(N)=O)cc2C)[C@@H](C)c2nc(-c3ccccc3)c[nH]2)cc1C(=O)O,QFNHIDANIVGXPE-FNZWTVRRSA-N,True
DB00609,drugbank,CCC1=NC=CC(=C1)C(N)=S,CCc1cc(C(N)=S)ccn1,CCc1cc(C(N)=S)ccn1,AEOCXXJPGCBFJA-UHFFFAOYSA-N,True
DB00326,drugbank,[Ca++].OC[C@@H](O)[C@@H](O)[C@H](O)[C@@H](O)C(O)C([O-])=O.OC[C@@H](O)[C@@H](O)[C@H](O)[C@@H](O)C(O)C([O-])=O,O=C([O-])C(O)C(O)C(O)C(O)C(O)CO.O=C([O-])C(O)C(O)C(O)C(O)C(O)CO.[Ca+2],O=C([O-])C(O)[C@H](O)[C@@H](O)[C@H](O)[C@H](O)CO.O=C([O-])C(O)[C@H](O)[C@@H](O)[C@H](O)[C@H](O)CO.[Ca+2],FATUQANACHZLRT-KMRXSBRUSA-L,True
DB01298,drugbank,CCN1C=CC(NS(=O)(=O)C2=CC=C(N)C=C2)=NC1=O,CCn1ccc(NS(=O)(=O)c2ccc(N)cc2)nc1=O,CCn1ccc(NS(=O)(=O)c2ccc(N)cc2)nc1=O,SIBQAECNSSQUOD-UHFFFAOYSA-N,True
DB11126,drugbank,[Ca++].[H][C@@](O)(CO)[C@@]([H])(O)[C@]([H])(O)[C@@]([H])(O)C([O-])=O.[H][C@@](O)(CO)[C@@]([H])(O)[C@]([H])(O)[C@@]([H])(O)C([O-])=O,O=C([O-])C(O)C(O)C(O)C(O)CO.O=C([O-])C(O)C(O)C(O)C(O)CO.[Ca+2],O=C([O-])[C@H](O)[C@@H](O)[C@H](O)[C@H](O)CO.O=C([O-])[C@H](O)[C@@H](O)[C@H](O)[C@H](O)CO.[Ca+2],NEEHYRZPVYRGPP-IYEMJOQQSA-L,True
DB00211,drugbank,COC1=CC(C(O)CNC(=O)CN)=C(OC)C=C1,COc1ccc(OC)c(C(O)CNC(=O)CN)c1,COc1ccc(OC)c(C(O)CNC(=O)CN)c1,PTKSEFOSCHHMPD-UHFFFAOYSA-N,True
DB06799,drugbank,C1N2CN3CN1CN(C2)C3,C1N2CN3CN1CN(C2)C3,C1N2CN3CN1CN(C2)C3,VKYKSIONXSXAKP-UHFFFAOYSA-N,True
DB01608,drugbank,OC1CCN(CCCN2C3=CC=CC=C3SC3=C2C=C(C=C3)C#N)CC1,N#Cc1ccc2c(c1)N(CCCN1CCC(O)CC1)c1ccccc1S2,N#Cc1ccc2c(c1)N(CCCN1CCC(O)CC1)c1ccccc1S2,LUALIOATIOESLM-UHFFFAOYSA-N,True
DB00698,drugbank,[O-][N+](=O)C1=CC=C(O1)\C=N\N1CC(=O)NC1=O,O=C1CN(N=Cc2ccc([N+](=O)[O-])o2)C(=O)N1,O=C1CN(/N=C/c2ccc([N+](=O)[O-])o2)C(=O)N1,NXFQHRVNIOXGAQ-YCRREMRBSA-N,True
DB00162,drugbank,C\C(=C/CO)\C=C\C=C(/C)\C=C\C1=C(C)CCCC1(C)C,CC(C=CC1=C(C)CCCC1(C)C)=CC=CC(C)=CCO,CC1=C(/C=C/C(C)=C/C=C/C(C)=C/CO)C(C)(C)CCC1,FPIPGXGPPPQFEQ-OVSJKPMPSA-N,True
DB06410,drugbank,[H][C@@]1(CC[C@@]2([H])\C(CCC[C@]12C)=C\C=C1\C[C@@H](O)C[C@H](O)C1=C)[C@H](C)\C=C\[C@H](C)C(C)C,C=C1C(=CC=C2CCCC3(C)C2CCC3C(C)C=CC(C)C(C)C)CC(O)CC1O,C=C1/C(=C\C=C2/CCC[C@]3(C)[C@@H]([C@H](C)/C=C/[C@H](C)C(C)C)CC[C@@H]23)C[C@@H](O)C[C@@H]1O,HKXBNHCUPKIYDM-CGMHZMFXSA-N,True
DB06290,drugbank,[H][C@]12C[C@]1(NC(=O)[C@]1([H])C[C@H](C[C@@]1([H])C(=O)N(C)CCCC\C=C/2)OC1=CC(=NC2=C1C=CC(OC)=C2C)C1=NC(=CS1)C(C)C)C(=O)NS(=O)(=O)C1CC1,COc1ccc2c(OC3CC4C(=O)NC5(C(=O)NS(=O)(=O)C6CC6)CC5C=CCCCCN(C)C(=O)C4C3)cc(-c3nc(C(C)C)cs3)nc2c1C,COc1ccc2c(O[C@@H]3C[C@H]4C(=O)N[C@]5(C(=O)NS(=O)(=O)C6CC6)C[C@@H]5/C=C\CCCCN(C)C(=O)[C@@H]4C3)cc(-c3nc(C(C)C)cs3)nc2c1C,JTZZSQYMACOLNN-DKNYXMQZSA-N,True
DB01581,drugbank,CC1=NC(NS(=O)(=O)C2=CC=C(N)C=C2)=NC=C1,Cc1ccnc(NS(=O)(=O)c2ccc(N)cc2)n1,Cc1ccnc(NS(=O)(=O)c2ccc(N)cc2)n1,QPPBRPIAZZHUNT-UHFFFAOYSA-N,True
DB01273,drugbank,C1C2CNCC1C1=C2C=C2N=CC=NC2=C1,c1cnc2cc3c(cc2n1)C1CNCC3C1,c1cnc2cc3c(cc2n1)C1CNCC3C1,JQSHBVHOMNKWFT-UHFFFAOYSA-N,True
DB08811,drugbank,CCC1C2=CC(OC)=C(OC)C=C2C(=NN=C1C)C1=CC(OC)=C(OC)C=C1,CCC1C(C)=NN=C(c2ccc(OC)c(OC)c2)c2cc(OC)c(OC)cc21,CCC1C(C)=NN=C(c2ccc(OC)c(OC)c2)c2cc(OC)c(OC)cc21,RUJBDQSFYCKFAA-UHFFFAOYSA-N,True
DB11348,drugbank,[Ca++].[Ca++].[Ca++].[O-]P([O-])([O-])=O.[O-]P([O-])([O-])=O,O=P([O-])([O-])[O-].O=P([O-])([O-])[O-].[Ca+2].[Ca+2].[Ca+2],O=P([O-])([O-])[O-].O=P([O-])([O-])[O-].[Ca+2].[Ca+2].[Ca+2],QORWJWZARLRLPR-UHFFFAOYSA-H,True
DB09210,drugbank,NC(=O)CN1CCCC1=O,NC(=O)CN1CCCC1=O,NC(=O)CN1CCCC1=O,GMZVRMREEHBGGF-UHFFFAOYSA-N,True
DB09099,drugbank,C[C@@H](O)[C@@H]1NC(=O)[C@H](CC2=CC=CC=C2)NC(=O)[C@@H](NC(=O)[C@H](CCCCN)NC(=O)[C@H](CC2=CNC3=C2C=CC=C3)NC(=O)[C@H](CC2=CC=CC=C2)NC(=O)[C@H](CC2=CC=CC=C2)NC(=O)[C@H](CC(N)=O)NC(=O)[C@H](CCCCN)NC(=O)[C@H](CSSC[C@H](NC(=O)[C@H](CO)NC1=O)C(O)=O)NC(=O)CNC(=O)[C@H](C)N)[C@@H](C)O,CC(N)C(=O)NCC(=O)NC1CSSCC(C(=O)O)NC(=O)C(CO)NC(=O)C(C(C)O)NC(=O)C(Cc2ccccc2)NC(=O)C(C(C)O)NC(=O)C(CCCCN)NC(=O)C(Cc2c[nH]c3ccccc23)NC(=O)C(Cc2ccccc2)NC(=O)C(Cc2ccccc2)NC(=O)C(CC(N)=O)NC(=O)C(CCCCN)NC1=O,C[C@H](N)C(=O)NCC(=O)N[C@H]1CSSC[C@@H](C(=O)O)NC(=O)[C@H](CO)NC(=O)[C@H]([C@@H](C)O)NC(=O)[C@H](Cc2ccccc2)NC(=O)[C@H]([C@@H](C)O)NC(=O)[C@H](CCCCN)NC(=O)[C@H](Cc2c[nH]c3ccccc23)NC(=O)[C@H](Cc2ccccc2)NC(=O)[C@H](Cc2ccccc2)NC(=O)[C@H](CC(N)=O)NC(=O)[C@H](CCCCN)NC1=O,NHXLMOGPVYXJNR-ATOGVRKGSA-N,True
DB01017,drugbank,[H][C@@]12CC3=C(C(O)=CC=C3N(C)C)C(=O)C1=C(O)[C@]1(O)C(=O)C(C(N)=O)=C(O)[C@@H](N(C)C)[C@]1([H])C2,CN(C)c1ccc(O)c2c1CC1CC3C(N(C)C)C(O)=C(C(N)=O)C(=O)C3(O)C(O)=C1C2=O,CN(C)c1ccc(O)c2c1C[C@H]1C[C@H]3[C@H](N(C)C)C(O)=C(C(N)=O)C(=O)[C@@]3(O)C(O)=C1C2=O,DYKFCLLONBREIL-KVUCHLLUSA-N,True
DB01622,drugbank,CN(C)S(=O)(=O)C1=CC2=C(SC3=CC=CC=C3N2CCCN2CCN(C)CC2)C=C1,CN1CCN(CCCN2c3ccccc3Sc3ccc(S(=O)(=O)N(C)C)cc32)CC1,CN1CCN(CCCN2c3ccccc3Sc3ccc(S(=O)(=O)N(C)C)cc32)CC1,VZYCZNZBPPHOFY-UHFFFAOYSA-N,True
DB08909,drugbank,O=C(CCCC1=CC=CC=C1)OCC(COC(=O)CCCC1=CC=CC=C1)OC(=O)CCCC1=CC=CC=C1,O=C(CCCc1ccccc1)OCC(COC(=O)CCCc1ccccc1)OC(=O)CCCc1ccccc1,O=C(CCCc1ccccc1)OCC(COC(=O)CCCc1ccccc1)OC(=O)CCCc1ccccc1,ZSDBFLMJVAGKOU-UHFFFAOYSA-N,True
DB06706,drugbank,CNC(C)CCC=C(C)C,CNC(C)CCC=C(C)C,CNC(C)CCC=C(C)C,XVQUOJBERHHONY-UHFFFAOYSA-N,True
DB01070,drugbank,CC(C)[C@@H](C)\C=C\[C@@H](C)[C@@]1([H])CC[C@@]2([H])\C(CCC[C@]12C)=C\C=C1/C[C@@H](O)CC[C@@H]1C,CC1CCC(O)CC1=CC=C1CCCC2(C)C1CCC2C(C)C=CC(C)C(C)C,CC(C)[C@@H](C)/C=C/[C@@H](C)[C@H]1CC[C@H]2/C(=C/C=C3\C[C@@H](O)CC[C@@H]3C)CCC[C@]12C,ILYCWAKSDCYMBB-OPCMSESCSA-N,True
DB13145,drugbank,[H][N]([H])([H])[Pt]1(OCC(=O)O1)[N]([H])([H])[H],N->[Pt]1(<-N)OCC(=O)O1,N->[Pt]1(<-N)OCC(=O)O1,,True
DB11641,drugbank,CC[C@@]12C=CCN3CC[C@@]4([C@H]13)[C@@H](N(C)C1=CC(OC)=C(C=C41)[C@]1(C[C@@H]3C[C@H](C[N@@](C3)CC3=C1NC1=CC=CC=C31)C(C)(F)F)C(=O)OC)[C@](O)([C@@H]2OC(C)=O)C(=O)OC,CCC12C=CCN3CCC4(c5cc(C6(C(=O)OC)CC7CC(C(C)(F)F)CN(Cc8c6[nH]c6ccccc86)C7)c(OC)cc5N(C)C4C(O)(C(=O)OC)C1OC(C)=O)C32,CC[C@]12C=CCN3CC[C@@]4(c5cc([C@@]6(C(=O)OC)C[C@@H]7C[C@@H](C(C)(F)F)C[N@](Cc8c6[nH]c6ccccc86)C7)c(OC)cc5N(C)[C@H]4[C@@](O)(C(=O)OC)[C@@H]1OC(C)=O)[C@@H]32,NMDYYWFGPIMTKO-KLCPSUAYSA-N,True
DB04711,drugbank,OC(=O)C1=C(I)C(NC(=O)CCCCC(=O)NC2=C(I)C=C(I)C(C(O)=O)=C2I)=C(I)C=C1I,O=C(CCCCC(=O)Nc1c(I)cc(I)c(C(=O)O)c1I)Nc1c(I)cc(I)c(C(=O)O)c1I,O=C(CCCCC(=O)Nc1c(I)cc(I)c(C(=O)O)c1I)Nc1c(I)cc(I)c(C(=O)O)c1I,FFINMCNLQNTKLU-UHFFFAOYSA-N,True
DB01582,drugbank,CC1=CC(C)=NC(NS(=O)(=O)C2=CC=C(N)C=C2)=N1,Cc1cc(C)nc(NS(=O)(=O)c2ccc(N)cc2)n1,Cc1cc(C)nc(NS(=O)(=O)c2ccc(N)cc2)n1,ASWVTGNCAZCNNR-UHFFFAOYSA-N,True
DB00437,drugbank,OC1=NC=NC2=C1C=NN2,Oc1ncnc2[nH]ncc12,Oc1ncnc2[nH]ncc12,OFCNXPDARWKPPY-UHFFFAOYSA-N,True
DB01366,drugbank,CC[C@H](NC(C)C)[C@H](O)C1=C2C=CC(=O)NC2=C(O)C=C1,CCC(NC(C)C)C(O)c1ccc(O)c2[nH]c(=O)ccc12,CC[C@H](NC(C)C)[C@H](O)c1ccc(O)c2[nH]c(=O)ccc12,FKNXQNWAXFXVNW-BLLLJJGKSA-N,True
DB01362,drugbank,CC(=O)N(CC(O)CO)C1=C(I)C(C(=O)NCC(O)CO)=C(I)C(C(=O)NCC(O)CO)=C1I,CC(=O)N(CC(O)CO)c1c(I)c(C(=O)NCC(O)CO)c(I)c(C(=O)NCC(O)CO)c1I,CC(=O)N(CC(O)CO)c1c(I)c(C(=O)NCC(O)CO)c(I)c(C(=O)NCC(O)CO)c1I,NTHXOOBQLCIOLC-UHFFFAOYSA-N,True
DB00650,drugbank,[H]C(=O)N1C(CNC2=CC=C(C=C2)C(=O)N[C@@H](CCC(O)=O)C(O)=O)CNC2=C1C(=O)NC(N)=N2,Nc1nc2c(c(=O)[nH]1)N(C=O)C(CNc1ccc(C(=O)NC(CCC(=O)O)C(=O)O)cc1)CN2,Nc1nc2c(c(=O)[nH]1)N(C=O)C(CNc1ccc(C(=O)N[C@@H](CCC(=O)O)C(=O)O)cc1)CN2,VVIAGPKUTFNRDU-ABLWVSNPSA-N,True
DB08820,drugbank,CC(C)(C)C1=CC(=C(O)C=C1NC(=O)C1=CNC2=CC=CC=C2C1=O)C(C)(C)C,CC(C)(C)c1cc(C(C)(C)C)c(NC(=O)c2c[nH]c3ccccc3c2=O)cc1O,CC(C)(C)c1cc(C(C)(C)C)c(NC(=O)c2c[nH]c3ccccc3c2=O)cc1O,PURKAOJPTOLRMP-UHFFFAOYSA-N,True
DB01205,drugbank,CCOC(=O)C1=C2CN(C)C(=O)C3=C(C=CC(F)=C3)N2C=N1,CCOC(=O)c1ncn2c1CN(C)C(=O)c1cc(F)ccc1-2,CCOC(=O)c1ncn2c1CN(C)C(=O)c1cc(F)ccc1-2,OFBIFZUFASYYRE-UHFFFAOYSA-N,True
DB01249,drugbank,CC(=O)N(CC(O)CN(C(C)=O)C1=C(I)C(C(=O)NCC(O)CO)=C(I)C(C(=O)NCC(O)CO)=C1I)C1=C(I)C(C(=O)NCC(O)CO)=C(I)C(C(=O)NCC(O)CO)=C1I,CC(=O)N(CC(O)CN(C(C)=O)c1c(I)c(C(=O)NCC(O)CO)c(I)c(C(=O)NCC(O)CO)c1I)c1c(I)c(C(=O)NCC(O)CO)c(I)c(C(=O)NCC(O)CO)c1I,CC(=O)N(CC(O)CN(C(C)=O)c1c(I)c(C(=O)NCC(O)CO)c(I)c(C(=O)NCC(O)CO)c1I)c1c(I)c(C(=O)NCC(O)CO)c(I)c(C(=O)NCC(O)CO)c1I,NBQNWMBBSKPBAY-UHFFFAOYSA-N,True
DB01489,drugbank,CN(C)C(=O)OC1N=C(C2=CC=CC=C2)C2=C(C=CC(Cl)=C2)N(C)C1=O,CN(C)C(=O)OC1N=C(c2ccccc2)c2cc(Cl)ccc2N(C)C1=O,CN(C)C(=O)OC1N=C(c2ccccc2)c2cc(Cl)ccc2N(C)C1=O,PXBVEXGRHZFEOF-UHFFFAOYSA-N,True
DB01764,drugbank,CCN(CC)CCS(=O)(=O)[C@@H]1CCN2[C@H]1C(=O)O[C@H](C(C)C)[C@H](C)\C=C\C(=O)NC\C=C\C(\C)=C\[C@@H](O)CC(=O)CC1=NC(=CO1)C2=O,CCN(CC)CCS(=O)(=O)C1CCN2C(=O)c3coc(n3)CC(=O)CC(O)C=C(C)C=CCNC(=O)C=CC(C)C(C(C)C)OC(=O)C12,CCN(CC)CCS(=O)(=O)[C@@H]1CCN2C(=O)c3coc(n3)CC(=O)C[C@H](O)/C=C(C)/C=C/CNC(=O)/C=C/[C@@H](C)[C@@H](C(C)C)OC(=O)[C@@H]12,SUYRLXYYZQTJHF-VMBLUXKRSA-N,True
DB06412,drugbank,[H][C@@]12CC[C@](C)(O)[C@@]1(C)CC[C@@]1([H])[C@@]2([H])CC[C@@]2([H])CC(=O)\C(C[C@]12C)=C/O,CC12CC(=CO)C(=O)CC1CCC1C2CCC2(C)C1CCC2(C)O,C[C@]12C/C(=C/O)C(=O)C[C@@H]1CC[C@@H]1[C@@H]2CC[C@@]2(C)[C@H]1CC[C@]2(C)O,ICMWWNHDUZJFDW-DHODBPELSA-N,True
DB00779,drugbank,CCN1C=C(C(O)=O)C(=O)C2=C1N=C(C)C=C2,CCn1cc(C(=O)O)c(=O)c2ccc(C)nc21,CCn1cc(C(=O)O)c(=O)c2ccc(C)nc21,MHWLWQUZZRMNGJ-UHFFFAOYSA-N,True
DB01511,drugbank,ClC1=CC2=C(NC(=O)CN=C2C2=CC=CC=C2Cl)C=C1,O=C1CN=C(c2ccccc2Cl)c2cc(Cl)ccc2N1,O=C1CN=C(c2ccccc2Cl)c2cc(Cl)ccc2N1,CHIFCDOIPRCHCF-UHFFFAOYSA-N,True
DB02703,drugbank,[H][C@@]12C[C@@H](O)[C@@]3([H])[C@@]4(C)CC[C@@H](O)[C@@H](C)[C@]4([H])CC[C@]3(C)[C@@]1(C)C[C@H](OC(C)=O)\C2=C(\CCC=C(C)C)C(O)=O,CC(=O)OC1CC2(C)C(CC(O)C3C4(C)CCC(O)C(C)C4CCC32C)C1=C(CCC=C(C)C)C(=O)O,CC(=O)O[C@H]1C[C@@]2(C)[C@@H](C[C@@H](O)[C@H]3[C@@]4(C)CC[C@@H](O)[C@@H](C)[C@@H]4CC[C@@]32C)/C1=C(\CCC=C(C)C)C(=O)O,IECPWNUMDGFDKC-MZJAQBGESA-N,True
DB13139,drugbank,CC(C)(C)NC[C@H](O)C1=CC(CO)=C(O)C=C1,CC(C)(C)NCC(O)c1ccc(O)c(CO)c1,CC(C)(C)NC[C@H](O)c1ccc(O)c(CO)c1,NDAUXUAQIAJITI-LBPRGKRZSA-N,True
DB00746,drugbank,CC(=O)N(O)CCCCCNC(=O)CCC(=O)N(O)CCCCCNC(=O)CCC(=O)N(O)CCCCCN,CC(=O)N(O)CCCCCNC(=O)CCC(=O)N(O)CCCCCNC(=O)CCC(=O)N(O)CCCCCN,CC(=O)N(O)CCCCCNC(=O)CCC(=O)N(O)CCCCCNC(=O)CCC(=O)N(O)CCCCCN,UBQYURCVBFRUQT-UHFFFAOYSA-N,True
DB05015,drugbank,ONC(=O)\C=C\C1=CC=CC(=C1)S(=O)(=O)NC1=CC=CC=C1,O=C(C=Cc1cccc(S(=O)(=O)Nc2ccccc2)c1)NO,O=C(/C=C/c1cccc(S(=O)(=O)Nc2ccccc2)c1)NO,NCNRHFGMJRPRSK-MDZDMXLPSA-N,True
DB11586,drugbank,COC1=CN=C(O[C@@H]2C[C@H](N(C2)C(=O)[C@@H](NC(=O)OC(C)(C)C)C(C)(C)C)C(=O)N[C@@]2(C[C@H]2C=C)C(=O)NS(=O)(=O)C2CC2)C2=C1C=CC(Cl)=C2,C=CC1CC1(NC(=O)C1CC(Oc2ncc(OC)c3ccc(Cl)cc23)CN1C(=O)C(NC(=O)OC(C)(C)C)C(C)(C)C)C(=O)NS(=O)(=O)C1CC1,C=C[C@@H]1C[C@]1(NC(=O)[C@@H]1C[C@@H](Oc2ncc(OC)c3ccc(Cl)cc23)CN1C(=O)[C@@H](NC(=O)OC(C)(C)C)C(C)(C)C)C(=O)NS(=O)(=O)C1CC1,XRWSZZJLZRKHHD-WVWIJVSJSA-N,True
DB08911,drugbank,CN1C(=O)C(C)=C2N(C(=O)N(C3CC3)C(=O)C2=C1NC1=CC=C(I)C=C1F)C1=CC(NC(C)=O)=CC=C1,CC(=O)Nc1cccc(-n2c(=O)n(C3CC3)c(=O)c3c(Nc4ccc(I)cc4F)n(C)c(=O)c(C)c32)c1,CC(=O)Nc1cccc(-n2c(=O)n(C3CC3)c(=O)c3c(Nc4ccc(I)cc4F)n(C)c(=O)c(C)c32)c1,LIRYPHYGHXZJBZ-UHFFFAOYSA-N,True
DB06764,drugbank,C1CN=C(N1)C1CCCC2=CC=CC=C12,c1ccc2c(c1)CCCC2C1=NCCN1,c1ccc2c(c1)CCCC2C1=NCCN1,BYJAVTDNIXVSPW-UHFFFAOYSA-N,True
DB01438,drugbank,NC1=NC(N)=C(C=C1)\N=N\C1=CC=CC=C1,Nc1ccc(N=Nc2ccccc2)c(N)n1,Nc1ccc(/N=N/c2ccccc2)c(N)n1,QPFYXYFORQJZEC-FOCLMDBBSA-N,True
DB00345,drugbank,NC1=CC=C(C=C1)C(=O)NCC(O)=O,Nc1ccc(C(=O)NCC(=O)O)cc1,Nc1ccc(C(=O)NCC(=O)O)cc1,HSMNQINEKMPTIC-UHFFFAOYSA-N,True
DB01301,drugbank,[H][C@@]12C[C@@]3([H])C(C(=O)C4=C(O)C=CC=C4[C@@]3(C)O)=C(O)[C@]1(O)C(=O)C(C(=O)NCN1CCCC1)=C(O)[C@H]2N(C)C,CN(C)C1C(O)=C(C(=O)NCN2CCCC2)C(=O)C2(O)C(O)=C3C(=O)c4c(O)cccc4C(C)(O)C3CC12,CN(C)[C@@H]1C(O)=C(C(=O)NCN2CCCC2)C(=O)[C@@]2(O)C(O)=C3C(=O)c4c(O)cccc4[C@@](C)(O)[C@H]3C[C@@H]12,HMEYVGGHISAPJR-IAHYZSEUSA-N,True
DB00634,drugbank,CC(=O)NS(=O)(=O)C1=CC=C(N)C=C1,CC(=O)NS(=O)(=O)c1ccc(N)cc1,CC(=O)NS(=O)(=O)c1ccc(N)cc1,SKIVFJLNDNKQPD-UHFFFAOYSA-N,True
DB06274,drugbank,C[C@H]1CN(C[C@H](CC2=CC=CC=C2)C(=O)NCC(O)=O)CC[C@@]1(C)C1=CC(O)=CC=C1,CC1CN(CC(Cc2ccccc2)C(=O)NCC(=O)O)CCC1(C)c1cccc(O)c1,C[C@H]1CN(C[C@H](Cc2ccccc2)C(=O)NCC(=O)O)CC[C@@]1(C)c1cccc(O)c1,UPNUIXSCZBYVBB-JVFUWBCBSA-N,True
DB00550,drugbank,CCCC1=CC(=O)NC(=S)N1,CCCc1cc(=O)[nH]c(=S)[nH]1,CCCc1cc(=O)[nH]c(=S)[nH]1,KNAHARQHSZJURB-UHFFFAOYSA-N,True
DB00562,drugbank,NS(=O)(=O)C1=CC2=C(C=C1Cl)N=C(CSCC1=CC=CC=C1)NS2(=O)=O,NS(=O)(=O)c1cc2c(cc1Cl)N=C(CSCc1ccccc1)NS2(=O)=O,NS(=O)(=O)c1cc2c(cc1Cl)N=C(CSCc1ccccc1)NS2(=O)=O,NDTSRXAMMQDVSW-UHFFFAOYSA-N,True
DB09018,drugbank,CCN(CC)CCNC(=O)C1=CC(Br)=C(N)C=C1OC,CCN(CC)CCNC(=O)c1cc(Br)c(N)cc1OC,CCN(CC)CCNC(=O)c1cc(Br)c(N)cc1OC,GIYAQDDTCWHPPL-UHFFFAOYSA-N,True
DB00649,drugbank,CC1=CN([C@@H]2O[C@H](CO)C=C2)C(=O)NC1=O,Cc1cn(C2C=CC(CO)O2)c(=O)[nH]c1=O,Cc1cn([C@H]2C=C[C@@H](CO)O2)c(=O)[nH]c1=O,XNKLLVCARDGLGL-JGVFFNPUSA-N,True
DB06147,drugbank,NC1=CC=C(C=C1)S(=O)(=O)NC1=NC=CS1,Nc1ccc(S(=O)(=O)Nc2nccs2)cc1,Nc1ccc(S(=O)(=O)Nc2nccs2)cc1,JNMRHUJNCSQMMB-UHFFFAOYSA-N,True
DB09049,drugbank,COCCOCCOCCOCCOCCOCCOCCO[C@H]1CC[C@@]2(O)[C@H]3CC4=CC=C(O)C5=C4[C@@]2(CCN3CC=C)[C@H]1O5,C=CCN1CCC23c4c5ccc(O)c4OC2C(OCCOCCOCCOCCOCCOCCOCCOC)CCC3(O)C1C5,C=CCN1CC[C@]23c4c5ccc(O)c4O[C@H]2[C@@H](OCCOCCOCCOCCOCCOCCOCCOC)CC[C@@]3(O)[C@H]1C5,XNKCCCKFOQNXKV-ZRSCBOBOSA-N,True
DB01217,drugbank,CC(C)(C#N)C1=CC(=CC(CN2C=NC=N2)=C1)C(C)(C)C#N,CC(C)(C#N)c1cc(Cn2cncn2)cc(C(C)(C)C#N)c1,CC(C)(C#N)c1cc(Cn2cncn2)cc(C(C)(C)C#N)c1,YBBLVLTVTVSKRW-UHFFFAOYSA-N,True
DB01321,drugbank,CO[C@H]1[C@@H](CC(=O)O[C@H](C)C\C=C\C=C\[C@H](O)[C@H](C)C[C@H](CC=O)[C@@H]1O[C@@H]1O[C@H](C)[C@@H](O[C@H]2C[C@@](C)(O)[C@@H](OC(=O)CC(C)C)[C@H](C)O2)[C@@H]([C@H]1O)N(C)C)OC(C)=O,COC1C(OC(C)=O)CC(=O)OC(C)CC=CC=CC(O)C(C)CC(CC=O)C1OC1OC(C)C(OC2CC(C)(O)C(OC(=O)CC(C)C)C(C)O2)C(N(C)C)C1O,CO[C@@H]1[C@@H](O[C@@H]2O[C@H](C)[C@@H](O[C@H]3C[C@@](C)(O)[C@@H](OC(=O)CC(C)C)[C@H](C)O3)[C@H](N(C)C)[C@H]2O)[C@@H](CC=O)C[C@@H](C)[C@@H](O)/C=C/C=C/C[C@@H](C)OC(=O)C[C@H]1OC(C)=O,XJSFLOJWULLJQS-NGVXBBESSA-N,True
DB00891,drugbank,NC1=CC=C(C=C1)S(=O)(=O)NC1=CC=CC=N1,Nc1ccc(S(=O)(=O)Nc2ccccn2)cc1,Nc1ccc(S(=O)(=O)Nc2ccccn2)cc1,GECHUMIMRBOMGK-UHFFFAOYSA-N,True
DB00271,drugbank,CC(=O)NC1=C(I)C(C(O)=O)=C(I)C(NC(C)=O)=C1I,CC(=O)Nc1c(I)c(NC(C)=O)c(I)c(C(=O)O)c1I,CC(=O)Nc1c(I)c(NC(C)=O)c(I)c(C(=O)O)c1I,YVPYQUNUQOZFHG-UHFFFAOYSA-N,True
DB11691,drugbank,[H][C@@]12OC3=C4C(C[C@@]5([H])N(CC6CC6)CC[C@@]14[C@@]5(O)CC(C(=O)NC(C)(C)C1=NC(=NO1)C1=CC=CC=C1)=C2O)=CC=C3O,CC(C)(NC(=O)C1=C(O)C2Oc3c(O)ccc4c3C23CCN(CC2CC2)C(C4)C3(O)C1)c1nc(-c2ccccc2)no1,CC(C)(NC(=O)C1=C(O)[C@@H]2Oc3c(O)ccc4c3[C@@]23CCN(CC2CC2)[C@H](C4)[C@]3(O)C1)c1nc(-c2ccccc2)no1,AXQACEQYCPKDMV-RZAWKFBISA-N,True
DB09153,drugbank,[Na+].[Cl-],[Cl-].[Na+],[Cl-].[Na+],FAPWRFPIFSIZLT-UHFFFAOYSA-M,True
DB00504,drugbank,[H][C@@]12CCCC[C@@]11CCN(CC=C)[C@@H]2CC2=C1C=C(O)C=C2,C=CCN1CCC23CCCCC2C1Cc1ccc(O)cc13,C=CCN1CC[C@]23CCCC[C@H]2[C@H]1Cc1ccc(O)cc13,OZYUPQUCAUTOBP-QXAKKESOSA-N,True
DB00709,drugbank,NC1=NC(=O)N(C=C1)[C@@H]1CS[C@H](CO)O1,Nc1ccn(C2CSC(CO)O2)c(=O)n1,Nc1ccn([C@@H]2CS[C@H](CO)O2)c(=O)n1,JTEGQNOMFQHVDC-NKWVEPMBSA-N,True
DB06401,drugbank,CC1=C(N(CC2=CC=C(OCCN3CCCCCC3)C=C2)C2=C1C=C(O)C=C2)C1=CC=C(O)C=C1,Cc1c(-c2ccc(O)cc2)n(Cc2ccc(OCCN3CCCCCC3)cc2)c2ccc(O)cc12,Cc1c(-c2ccc(O)cc2)n(Cc2ccc(OCCN3CCCCCC3)cc2)c2ccc(O)cc12,UCJGJABZCDBEDK-UHFFFAOYSA-N,True
DB00576,drugbank,CC1=NN=C(NS(=O)(=O)C2=CC=C(N)C=C2)S1,Cc1nnc(NS(=O)(=O)c2ccc(N)cc2)s1,Cc1nnc(NS(=O)(=O)c2ccc(N)cc2)s1,VACCAVUAMIDAGB-UHFFFAOYSA-N,True
DB01063,drugbank,CC(=O)C1=CC=C2SC3=C(C=CC=C3)N(CCCN3CCN(CCO)CC3)C2=C1,CC(=O)c1ccc2c(c1)N(CCCN1CCN(CCO)CC1)c1ccccc1S2,CC(=O)c1ccc2c(c1)N(CCCN1CCN(CCO)CC1)c1ccccc1S2,WNTYBHLDCKXEOT-UHFFFAOYSA-N,True
DB00811,drugbank,NC(=O)C1=NN(C=N1)[C@@H]1O[C@H](CO)[C@@H](O)[C@H]1O,NC(=O)c1ncn(C2OC(CO)C(O)C2O)n1,NC(=O)c1ncn([C@@H]2O[C@H](CO)[C@@H](O)[C@H]2O)n1,IWUCXVSUMQZMFG-AFCXAGJDSA-N,True
DB09156,drugbank,COCC(=O)NC1=C(I)C(C(=O)N(C)CC(O)CO)=C(I)C(C(=O)NCC(O)CO)=C1I,COCC(=O)Nc1c(I)c(C(=O)NCC(O)CO)c(I)c(C(=O)N(C)CC(O)CO)c1I,COCC(=O)Nc1c(I)c(C(=O)NCC(O)CO)c(I)c(C(=O)N(C)CC(O)CO)c1I,DGAIEPBNLOQYER-UHFFFAOYSA-N,True
DB08947,drugbank,C[C@H](O)C(=O)NC1=C(I)C(C(=O)NC(CO)CO)=C(I)C(C(=O)NC(CO)CO)=C1I,CC(O)C(=O)Nc1c(I)c(C(=O)NC(CO)CO)c(I)c(C(=O)NC(CO)CO)c1I,C[C@H](O)C(=O)Nc1c(I)c(C(=O)NC(CO)CO)c(I)c(C(=O)NC(CO)CO)c1I,XQZXYNRDCRIARQ-LURJTMIESA-N,True
DB04575,drugbank,[H][C@@]12CC[C@@](O)(C#C)[C@@]1(C)CC[C@]1([H])C3=C(CC[C@@]21[H])C=C(OC1CCCC1)C=C3,C#CC1(O)CCC2C3CCc4cc(OC5CCCC5)ccc4C3CCC21C,C#C[C@]1(O)CC[C@H]2[C@@H]3CCc4cc(OC5CCCC5)ccc4[C@H]3CC[C@@]21C,PWZUUYSISTUNDW-VAFBSOEGSA-N,True
DB00973,drugbank,[H][C@]1(CC[C@H](O)C2=CC=C(F)C=C2)C(=O)N(C2=CC=C(F)C=C2)[C@]1([H])C1=CC=C(O)C=C1,O=C1C(CCC(O)c2ccc(F)cc2)C(c2ccc(O)cc2)N1c1ccc(F)cc1,O=C1[C@H](CC[C@H](O)c2ccc(F)cc2)[C@@H](c2ccc(O)cc2)N1c1ccc(F)cc1,OLNTVTPDXPETLC-XPWALMASSA-N,True
DB06795,drugbank,NCC1=CC=C(C=C1)S(N)(=O)=O,NCc1ccc(S(N)(=O)=O)cc1,NCc1ccc(S(N)(=O)=O)cc1,TYMRLRRVMHJFTF-UHFFFAOYSA-N,True
DB01369,drugbank,[H][C@@]12CCCN1C(=O)[C@@H](CC)NC(=O)[C@@H](NC(=O)C1=NC=CC=C1O)[C@@H](C)OC(=O)[C@@H](NC(=O)[C@]1([H])CC(=O)[C@]([H])(CS[C@@H]3CN4CCC3CC4)CN1C(=O)[C@H](CC1=CC=C(C=C1)N(C)C)N(C)C2=O)C1=CC=CC=C1,CCC1NC(=O)C(NC(=O)c2ncccc2O)C(C)OC(=O)C(c2ccccc2)NC(=O)C2CC(=O)C(CSC3CN4CCC3CC4)CN2C(=O)C(Cc2ccc(N(C)C)cc2)N(C)C(=O)C2CCCN2C1=O,CC[C@H]1NC(=O)[C@@H](NC(=O)c2ncccc2O)[C@@H](C)OC(=O)[C@H](c2ccccc2)NC(=O)[C@@H]2CC(=O)[C@H](CS[C@@H]3CN4CCC3CC4)CN2C(=O)[C@H](Cc2ccc(N(C)C)cc2)N(C)C(=O)[C@@H]2CCCN2C1=O,WTHRRGMBUAHGNI-LCYNINFDSA-N,True
DB04573,drugbank,[H][C@@]12C[C@@H](O)[C@H](O)[C@@]1(C)CC[C@]1([H])C3=C(CC[C@@]21[H])C=C(O)C=C3,CC12CCC3c4ccc(O)cc4CCC3C1CC(O)C2O,C[C@]12CC[C@@H]3c4ccc(O)cc4CC[C@H]3[C@@H]1C[C@@H](O)[C@@H]2O,PROQIPRRNZUXQM-ZXXIGWHRSA-N,True
DB00293,drugbank,CN(CC1=CC2=C(NC(C)=NC2=O)C=C1)C1=CC=C(S1)C(=O)N[C@@H](CCC(O)=O)C(O)=O,Cc1nc(=O)c2cc(CN(C)c3ccc(C(=O)NC(CCC(=O)O)C(=O)O)s3)ccc2[nH]1,Cc1nc(=O)c2cc(CN(C)c3ccc(C(=O)N[C@@H](CCC(=O)O)C(=O)O)s3)ccc2[nH]1,IVTVGDXNLFLDRM-HNNXBMFYSA-N,True
DB06717,drugbank,C[C@@H](O[C@H]1OCCN(CC2=NC(=O)N(N2)P(O)(O)=O)[C@H]1C1=CC=C(F)C=C1)C1=CC(=CC(=C1)C(F)(F)F)C(F)(F)F,CC(OC1OCCN(Cc2nc(=O)n(P(=O)(O)O)[nH]2)C1c1ccc(F)cc1)c1cc(C(F)(F)F)cc(C(F)(F)F)c1,C[C@@H](O[C@H]1OCCN(Cc2nc(=O)n(P(=O)(O)O)[nH]2)[C@H]1c1ccc(F)cc1)c1cc(C(F)(F)F)cc(C(F)(F)F)c1,BARDROPHSZEBKC-OITMNORJSA-N,True
DB06150,drugbank,COC1=NC(OC)=NC(NS(=O)(=O)C2=CC=C(N)C=C2)=C1,COc1cc(NS(=O)(=O)c2ccc(N)cc2)nc(OC)n1,COc1cc(NS(=O)(=O)c2ccc(N)cc2)nc(OC)n1,ZZORFUFYDOWNEF-UHFFFAOYSA-N,True
DB00704,drugbank,[H][C@@]12OC3=C(O)C=CC4=C3[C@@]11CCN(CC3CC3)[C@]([H])(C4)[C@]1(O)CCC2=O,O=C1CCC2(O)C3Cc4ccc(O)c5c4C2(CCN3CC2CC2)C1O5,O=C1CC[C@@]2(O)[C@H]3Cc4ccc(O)c5c4[C@@]2(CCN3CC2CC2)[C@H]1O5,DQCKKXVULJGBQN-XFWGSAIBSA-N,True
DB01093,drugbank,CS(C)=O,CS(C)=O,CS(C)=O,IAZDPXIOMUYVGZ-UHFFFAOYSA-N,True
DB05245,drugbank,[Ag+].NC1=CC=C(C=C1)S(=O)(=O)[N-]C1=NC=CC=N1,Nc1ccc(S(=O)(=O)[N-]c2ncccn2)cc1.[Ag+],Nc1ccc(S(=O)(=O)[N-]c2ncccn2)cc1.[Ag+],UEJSSZHHYBHCEL-UHFFFAOYSA-N,True
DB08796,drugbank,O=C(OCCOCCN1CCCCC1)N1C2=CC=CC=C2SC2=C1N=CC=C2,O=C(OCCOCCN1CCCCC1)N1c2ccccc2Sc2cccnc21,O=C(OCCOCCN1CCCCC1)N1c2ccccc2Sc2cccnc21,DTVJXCOMJLLMAK-UHFFFAOYSA-N,True
DB06616,drugbank,COC1=CC(NC2=C(C=NC3=CC(OCCCN4CCN(C)CC4)=C(OC)C=C23)C#N)=C(Cl)C=C1Cl,COc1cc(Nc2c(C#N)cnc3cc(OCCCN4CCN(C)CC4)c(OC)cc23)c(Cl)cc1Cl,COc1cc(Nc2c(C#N)cnc3cc(OCCCN4CCN(C)CC4)c(OC)cc23)c(Cl)cc1Cl,UBPYILGKFZZVDX-UHFFFAOYSA-N,True
DB02300,drugbank,O[C@H](\C=C\[C@@H](C)[C@@]1([H])CC[C@@]2([H])\C(CCC[C@]12C)=C\C=C1\C[C@@H](O)C[C@H](O)C1=C)C1CC1,C=C1C(=CC=C2CCCC3(C)C2CCC3C(C)C=CC(O)C2CC2)CC(O)CC1O,C=C1/C(=C\C=C2/CCC[C@]3(C)[C@@H]([C@H](C)/C=C/[C@@H](O)C4CC4)CC[C@@H]23)C[C@@H](O)C[C@@H]1O,LWQQLNNNIPYSNX-UROSTWAQSA-N,True
DB01078,drugbank,C[C@H]1O[C@H](C[C@H](O)[C@@H]1O[C@H]1C[C@H](O)[C@H](O[C@H]2C[C@H](O)[C@H](O[C@@H]3O[C@H](CO)[C@@H](O)[C@H](O)[C@H]3O)[C@@H](C)O2)[C@@H](C)O1)O[C@H]1CC[C@@]2(C)[C@H](CC[C@@H]3[C@@H]2C[C@@H](O)[C@]2(C)[C@H](CC[C@]32O)C2=CC(=O)OC2)C1,CC1OC(OC2CCC3(C)C(CCC4C3CC(O)C3(C)C(C5=CC(=O)OC5)CCC43O)C2)CC(O)C1OC1CC(O)C(OC2CC(O)C(OC3OC(CO)C(O)C(O)C3O)C(C)O2)C(C)O1,C[C@H]1O[C@@H](O[C@H]2CC[C@@]3(C)[C@H](CC[C@@H]4[C@@H]3C[C@@H](O)[C@]3(C)[C@@H](C5=CC(=O)OC5)CC[C@]43O)C2)C[C@H](O)[C@@H]1O[C@H]1C[C@H](O)[C@H](O[C@H]2C[C@H](O)[C@H](O[C@@H]3O[C@H](CO)[C@@H](O)[C@H](O)[C@H]3O)[C@@H](C)O2)[C@@H](C)O1,OBATZBGFDSVCJD-LALPQLPRSA-N,True
DB00511,drugbank,[H][C@@]1(CC[C@]2(O)[C@]3([H])CC[C@]4([H])C[C@H](CC[C@]4(C)[C@@]3([H])CC[C@]12C)O[C@H]1C[C@H](O)[C@H](O[C@H]2C[C@H](O)[C@H](O[C@H]3C[C@H](OC(C)=O)[C@H](O)[C@@H](C)O3)[C@@H](C)O2)[C@@H](C)O1)C1=CC(=O)OC1,CC(=O)OC1CC(OC2C(O)CC(OC3C(O)CC(OC4CCC5(C)C(CCC6C5CCC5(C)C(C7=CC(=O)OC7)CCC65O)C4)OC3C)OC2C)OC(C)C1O,CC(=O)O[C@H]1C[C@H](O[C@H]2[C@@H](O)C[C@H](O[C@H]3[C@@H](O)C[C@H](O[C@H]4CC[C@@]5(C)[C@H](CC[C@@H]6[C@@H]5CC[C@]5(C)[C@@H](C7=CC(=O)OC7)CC[C@]65O)C4)O[C@@H]3C)O[C@@H]2C)O[C@H](C)[C@H]1O,HPMZBILYSWLILX-UMDUKNJSSA-N,True
DB01092,drugbank,[H][C@@]12CC[C@]3(O)C[C@H](C[C@@H](O)[C@]3(CO)[C@@]1([H])[C@H](O)C[C@]1(C)[C@H](CC[C@]21O)C1=CC(=O)OC1)O[C@@H]1O[C@@H](C)[C@H](O)[C@@H](O)[C@H]1O,CC1OC(OC2CC(O)C3(CO)C4C(O)CC5(C)C(C6=CC(=O)OC6)CCC5(O)C4CCC3(O)C2)C(O)C(O)C1O,C[C@@H]1O[C@@H](O[C@H]2C[C@@H](O)[C@]3(CO)[C@H]4[C@H](O)C[C@]5(C)[C@@H](C6=CC(=O)OC6)CC[C@]5(O)[C@@H]4CC[C@]3(O)C2)[C@H](O)[C@H](O)[C@H]1O,LPMXVESGRSUGHW-HBYQJFLCSA-N,True
DB08934,drugbank,CC(C)OC(=O)[C@H](C)N[P@](=O)(OC[C@H]1O[C@@H](N2C=CC(=O)NC2=O)[C@](C)(F)[C@@H]1O)OC1=CC=CC=C1,CC(C)OC(=O)C(C)NP(=O)(OCC1OC(n2ccc(=O)[nH]c2=O)C(C)(F)C1O)Oc1ccccc1,CC(C)OC(=O)[C@H](C)N[P@](=O)(OC[C@H]1O[C@@H](n2ccc(=O)[nH]c2=O)[C@](C)(F)[C@@H]1O)Oc1ccccc1,TTZHDVOVKQGIBA-IQWMDFIBSA-N,True
DB09449,drugbank,[Na+].OP(O)([O-])=O,O=P([O-])(O)O.[Na+],O=P([O-])(O)O.[Na+],AJPJDKMHJJGVTQ-UHFFFAOYSA-M,True
DB09146,drugbank,O.O.O.[OH-].[O--].[O--].[O--].[O--].[O--].[O--].[O--].[O--].[Na+].[Na+].[Fe+3].[Fe+3].[Fe+3].[Fe+3].[Fe+3].OC[C@H]1O[C@@](CO)(O[C@H]2O[C@H](CO)[C@@H](O)[C@H](O)[C@H]2O)[C@@H](O)[C@@H]1O,O.O.O.OCC1OC(OC2(CO)OC(CO)C(O)C2O)C(O)C(O)C1O.[Fe+3].[Fe+3].[Fe+3].[Fe+3].[Fe+3].[Na+].[Na+].[O-2].[O-2].[O-2].[O-2].[O-2].[O-2].[O-2].[O-2].[OH-],O.O.O.OC[C@H]1O[C@@](CO)(O[C@H]2O[C@H](CO)[C@@H](O)[C@H](O)[C@H]2O)[C@@H](O)[C@@H]1O.[Fe+3].[Fe+3].[Fe+3].[Fe+3].[Fe+3].[Na+].[Na+].[O-2].[O-2].[O-2].[O-2].[O-2].[O-2].[O-2].[O-2].[OH-],FWZTTZUKDVJDCM-CEJAUHOTSA-M,True
DB01592,drugbank,[Fe],[Fe],[Fe],XEEYBQQBJWHFJM-UHFFFAOYSA-N,True
DB09147,drugbank,[Fe+3].[Fe+3].[Fe+3].[Fe+3].[O-]P([O-])(=O)OP([O-])([O-])=O.[O-]P([O-])(=O)OP([O-])([O-])=O.[O-]P([O-])(=O)OP([O-])([O-])=O,O=P([O-])([O-])OP(=O)([O-])[O-].O=P([O-])([O-])OP(=O)([O-])[O-].O=P([O-])([O-])OP(=O)([O-])[O-].[Fe+3].[Fe+3].[Fe+3].[Fe+3],O=P([O-])([O-])OP(=O)([O-])[O-].O=P([O-])([O-])OP(=O)([O-])[O-].O=P([O-])([O-])OP(=O)([O-])[O-].[Fe+3].[Fe+3].[Fe+3].[Fe+3],CADNYOZXMIKYPR-UHFFFAOYSA-B,True
DB00626,drugbank,CC[C@H](C)[C@H](N)C1=N[C@@H](CS1)C(=O)N[C@@H](CC(C)C)C(=O)N[C@H](CCC(O)=O)C(=O)N[C@@H]([C@@H](C)CC)C(=O)N[C@H]1CCCCNC(=O)[C@H](CC(N)=O)NC(=O)[C@@H](CC(O)=O)NC(=O)[C@H](CC2=CNC=N2)NC(=O)[C@@H](CC2=CC=CC=C2)NC(=O)[C@@H](NC(=O)[C@@H](CCCN)NC1=O)[C@@H](C)CC,CCC(C)C(N)C1=NC(C(=O)NC(CC(C)C)C(=O)NC(CCC(=O)O)C(=O)NC(C(=O)NC2CCCCNC(=O)C(CC(N)=O)NC(=O)C(CC(=O)O)NC(=O)C(Cc3c[nH]cn3)NC(=O)C(Cc3ccccc3)NC(=O)C(C(C)CC)NC(=O)C(CCCN)NC2=O)C(C)CC)CS1,CC[C@H](C)[C@H](N)C1=N[C@H](C(=O)N[C@@H](CC(C)C)C(=O)N[C@H](CCC(=O)O)C(=O)N[C@H](C(=O)N[C@H]2CCCCNC(=O)[C@H](CC(N)=O)NC(=O)[C@@H](CC(=O)O)NC(=O)[C@H](Cc3c[nH]cn3)NC(=O)[C@@H](Cc3ccccc3)NC(=O)[C@H]([C@@H](C)CC)NC(=O)[C@@H](CCCN)NC2=O)[C@@H](C)CC)CS1,CLKOFPXJLQSYAH-ABRJDSQDSA-N,True
DB09162,drugbank,[Fe+3].OC(CC([O-])=O)(CC([O-])=O)C([O-])=O,O=C([O-])CC(O)(CC(=O)[O-])C(=O)[O-].[Fe+3],O=C([O-])CC(O)(CC(=O)[O-])C(=O)[O-].[Fe+3],NPFOYSMITVOQOS-UHFFFAOYSA-K,True
DB00512,drugbank,CN[C@H](CC(C)C)C(=O)N[C@@H]1[C@H](O)C2=CC=C(OC3=C(O[C@@H]4O[C@H](CO)[C@@H](O)[C@H](O)[C@H]4O[C@H]4C[C@](C)(N)[C@H](O)[C@H](C)O4)C4=CC(=C3)[C@@H](NC(=O)[C@H](CC(N)=O)NC1=O)C(=O)N[C@@H]1C3=CC(=C(O)C=C3)C3=C(O)C=C(O)C=C3[C@H](NC(=O)[C@@H](NC1=O)[C@H](O)C1=CC(Cl)=C(O4)C=C1)C(O)=O)C(Cl)=C2,CNC(CC(C)C)C(=O)NC1C(=O)NC(CC(N)=O)C(=O)NC2C(=O)NC3C(=O)NC(C(=O)NC(C(=O)O)c4cc(O)cc(O)c4-c4cc3ccc4O)C(O)c3ccc(c(Cl)c3)Oc3cc2cc(c3OC2OC(CO)C(O)C(O)C2OC2CC(C)(N)C(O)C(C)O2)Oc2ccc(cc2Cl)C1O,CN[C@H](CC(C)C)C(=O)N[C@H]1C(=O)N[C@@H](CC(N)=O)C(=O)N[C@H]2C(=O)N[C@H]3C(=O)N[C@H](C(=O)N[C@H](C(=O)O)c4cc(O)cc(O)c4-c4cc3ccc4O)[C@H](O)c3ccc(c(Cl)c3)Oc3cc2cc(c3O[C@@H]2O[C@H](CO)[C@@H](O)[C@H](O)[C@H]2O[C@H]2C[C@](C)(N)[C@H](O)[C@H](C)O2)Oc2ccc(cc2Cl)[C@H]1O,MYPYJXKWCTUITO-LYRMYLQWSA-N,True
DB00300,drugbank,[H][C@@](C)(CN1C=NC2=C(N)N=CN=C12)OCP(=O)(OCOC(=O)OC(C)C)OCOC(=O)OC(C)C,CC(C)OC(=O)OCOP(=O)(COC(C)Cn1cnc2c(N)ncnc21)OCOC(=O)OC(C)C,CC(C)OC(=O)OCOP(=O)(CO[C@H](C)Cn1cnc2c(N)ncnc21)OCOC(=O)OC(C)C,JFVZFKDSXNQEJW-CQSZACIVSA-N,True
DB05239,drugbank,OC1(CN(C1)C(=O)C1=C(NC2=C(F)C=C(I)C=C2)C(F)=C(F)C=C1)[C@@H]1CCCCN1,O=C(c1ccc(F)c(F)c1Nc1ccc(I)cc1F)N1CC(O)(C2CCCCN2)C1,O=C(c1ccc(F)c(F)c1Nc1ccc(I)cc1F)N1CC(O)([C@@H]2CCCCN2)C1,BSMCAPRUBJMWDF-KRWDZBQOSA-N,True
DB06771,drugbank,N[C@@H]1CCCCN(C1)C1=C(F)C=C2C(=O)C(=CN(C3CC3)C2=C1Cl)C(O)=O,NC1CCCCN(c2c(F)cc3c(=O)c(C(=O)O)cn(C4CC4)c3c2Cl)C1,N[C@@H]1CCCCN(c2c(F)cc3c(=O)c(C(=O)O)cn(C4CC4)c3c2Cl)C1,QFFGVLORLPOAEC-SNVBAGLBSA-N,True
DB09256,drugbank,FC1=CN(C2CCCO2)C(=O)NC1=O,O=c1[nH]c(=O)n(C2CCCO2)cc1F,O=c1[nH]c(=O)n(C2CCCO2)cc1F,WFWLQNSHRPWKFK-UHFFFAOYSA-N,True
DB00523,drugbank,C\C(\C=C\C1=C(C)CCCC1(C)C)=C\C=C\C(\C)=C\C(O)=O,CC(C=CC1=C(C)CCCC1(C)C)=CC=CC(C)=CC(=O)O,CC1=C(/C=C/C(C)=C\C=C\C(C)=C\C(=O)O)C(C)(C)CCC1,SHGAZHPCJJPHSC-ZVCIMWCZSA-N,True
DB00236,drugbank,BrCCC(=O)N1CCN(CC1)C(=O)CCBr,O=C(CCBr)N1CCN(C(=O)CCBr)CC1,O=C(CCBr)N1CCN(C(=O)CCBr)CC1,NJBFOOCLYDNZJN-UHFFFAOYSA-N,True
DB00791,drugbank,ClCCN(CCCl)C1=CNC(=O)NC1=O,O=c1[nH]cc(N(CCCl)CCCl)c(=O)[nH]1,O=c1[nH]cc(N(CCCl)CCCl)c(=O)[nH]1,IDPUKCWIGUEADI-UHFFFAOYSA-N,True
DB11363,drugbank,CCC1=CC2=C(C=C1N1CCC(CC1)N1CCOCC1)C(C)(C)C1=C(C3=CC=C(C=C3N1)C#N)C2=O,CCc1cc2c(cc1N1CCC(N3CCOCC3)CC1)C(C)(C)c1[nH]c3cc(C#N)ccc3c1C2=O,CCc1cc2c(cc1N1CCC(N3CCOCC3)CC1)C(C)(C)c1[nH]c3cc(C#N)ccc3c1C2=O,KDGFLJKFZUIJMX-UHFFFAOYSA-N,True
DB00894,drugbank,[H][C@@]12CCC3=CC(=O)C=C[C@]3(C)[C@@]1([H])CC[C@]1(C)OC(=O)CC[C@@]21[H],CC12CCC3C(CCC4=CC(=O)C=CC43C)C1CCC(=O)O2,C[C@]12C=CC(=O)C=C1CC[C@@H]1[C@@H]2CC[C@]2(C)OC(=O)CC[C@@H]12,BPEWUONYVDABNZ-DZBHQSCQSA-N,True
DB06243,drugbank,NCCCC(N)(C(F)F)C(O)=O,NCCCC(N)(C(=O)O)C(F)F,NCCCC(N)(C(=O)O)C(F)F,VLCYCQAOQCDTCN-UHFFFAOYSA-N,True
DB00685,drugbank,[H][C@@]12CN(C[C@]1([H])[C@H]2N)C1=NC2=C(C=C1F)C(=O)C(=CN2C1=C(F)C=C(F)C=C1)C(O)=O,NC1C2CN(c3nc4c(cc3F)c(=O)c(C(=O)O)cn4-c3ccc(F)cc3F)CC12,N[C@@H]1[C@H]2CN(c3nc4c(cc3F)c(=O)c(C(=O)O)cn4-c3ccc(F)cc3F)C[C@@H]12,WVPSKSLAZQPAKQ-CDMJZVDBSA-N,True
DB08913,drugbank,[Cl-].[Cl-].[223Ra++],[Cl-].[Cl-].[Ra+2],[223Ra+2].[Cl-].[Cl-],RWRDJVNMSZYMDV-SIUYXFDKSA-L,True
DB09079,drugbank,COC(=O)C1=CC=C2C(NC(=O)\C2=C(/NC2=CC=C(C=C2)N(C)C(=O)CN2CCN(C)CC2)C2=CC=CC=C2)=C1,COC(=O)c1ccc2c(c1)NC(=O)C2=C(Nc1ccc(N(C)C(=O)CN2CCN(C)CC2)cc1)c1ccccc1,COC(=O)c1ccc2c(c1)NC(=O)/C2=C(\Nc1ccc(N(C)C(=O)CN2CCN(C)CC2)cc1)c1ccccc1,XZXHXSATPCNXJR-ZIADKAODSA-N,True
DB00992,drugbank,COC(=O)CCC(=O)CN,COC(=O)CCC(=O)CN,COC(=O)CCC(=O)CN,YUUAYBAIHCDHHD-UHFFFAOYSA-N,True
DB00467,drugbank,CCN1C=C(C(O)=O)C(=O)C2=CC(F)=C(N=C12)N1CCNCC1,CCn1cc(C(=O)O)c(=O)c2cc(F)c(N3CCNCC3)nc21,CCn1cc(C(=O)O)c(=O)c2cc(F)c(N3CCNCC3)nc21,IDYZIJYBMGIQMJ-UHFFFAOYSA-N,True
DB00487,drugbank,CCN1C=C(C(O)=O)C(=O)C2=CC(F)=C(C=C12)N1CCN(C)CC1,CCn1cc(C(=O)O)c(=O)c2cc(F)c(N3CCN(C)CC3)cc21,CCn1cc(C(=O)O)c(=O)c2cc(F)c(N3CCN(C)CC3)cc21,FHFYDNQZQSQIAI-UHFFFAOYSA-N,True
DB00548,drugbank,OC(=O)CCCCCCCC(O)=O,O=C(O)CCCCCCCC(=O)O,O=C(O)CCCCCCCC(=O)O,BDJRBEYXGGNYIS-UHFFFAOYSA-N,True
DB00827,drugbank,CCN1N=C(C(O)=O)C(=O)C2=CC3=C(OCO3)C=C12,CCn1nc(C(=O)O)c(=O)c2cc3c(cc21)OCO3,CCn1nc(C(=O)O)c(=O)c2cc3c(cc21)OCO3,VDUWPHTZYNWKRN-UHFFFAOYSA-N,True
DB09269,drugbank,OC(=O)CC1=CC=CC=C1,O=C(O)Cc1ccccc1,O=C(O)Cc1ccccc1,WLJVXDMOQOGPHL-UHFFFAOYSA-N,True
DB01208,drugbank,C[C@H]1CN(C[C@@H](C)N1)C1=C(F)C(N)=C2C(=O)C(=CN(C3CC3)C2=C1F)C(O)=O,CC1CN(c2c(F)c(N)c3c(=O)c(C(=O)O)cn(C4CC4)c3c2F)CC(C)N1,C[C@@H]1CN(c2c(F)c(N)c3c(=O)c(C(=O)O)cn(C4CC4)c3c2F)C[C@H](C)N1,DZZWHBIBMUVIIW-DTORHVGOSA-N,True
DB11793,drugbank,NC(=O)C1=CC=CC2=CN(N=C12)C1=CC=C(C=C1)[C@@H]1CCCNC1,NC(=O)c1cccc2cn(-c3ccc(C4CCCNC4)cc3)nc12,NC(=O)c1cccc2cn(-c3ccc([C@@H]4CCCNC4)cc3)nc12,PCHKPVIQAHNQLW-CQSZACIVSA-N,True
DB04894,drugbank,CC(C)[C@@H]1NC(=O)[C@H](CCCCN)NC(=O)[C@@H](CC2=CNC3=CC=CC=C23)NC(=O)[C@H](CC2=CC=C(O)C=C2)NC(=O)[C@H](CSSC[C@H](NC1=O)C(=O)N[C@@H](CC1=CNC2=CC=CC=C12)C(N)=O)NC(=O)[C@H](N)CC1=CC=CC=C1,CC(C)C1NC(=O)C(CCCCN)NC(=O)C(Cc2c[nH]c3ccccc23)NC(=O)C(Cc2ccc(O)cc2)NC(=O)C(NC(=O)C(N)Cc2ccccc2)CSSCC(C(=O)NC(Cc2c[nH]c3ccccc23)C(N)=O)NC1=O,CC(C)[C@@H]1NC(=O)[C@H](CCCCN)NC(=O)[C@@H](Cc2c[nH]c3ccccc23)NC(=O)[C@H](Cc2ccc(O)cc2)NC(=O)[C@@H](NC(=O)[C@H](N)Cc2ccccc2)CSSC[C@@H](C(=O)N[C@@H](Cc2c[nH]c3ccccc23)C(N)=O)NC1=O,SWXOGPJRIDTIRL-DOUNNPEJSA-N,True
DB00460,drugbank,COC(=O)CCC1=C2NC(\C=C3/N=C(/C=C4\N\C(=C/C5=N/C(=C\2)/C(CCC(O)=O)=C5C)C(C=C)=C4C)C2=CC=C([C@@H](C(=O)OC)[C@@]32C)C(=O)OC)=C1C,C=Cc1c(C)c2cc3nc(cc4[nH]c(cc5nc(cc1[nH]2)C(C)=C5CCC(=O)O)c(CCC(=O)OC)c4C)C1(C)C3=CC=C(C(=O)OC)C1C(=O)OC,C=Cc1c(C)c2cc3nc(cc4[nH]c(cc5nc(cc1[nH]2)C(C)=C5CCC(=O)O)c(CCC(=O)OC)c4C)[C@@]1(C)C3=CC=C(C(=O)OC)[C@H]1C(=O)OC,YTZALCGQUPRCGW-ZSFNYQMMSA-N,True
DB01108,drugbank,[H][C@@]12CC[C@H](O)[C@@]1(C)CC[C@@]1([H])[C@@]2([H])CC[C@@]23O[C@@H]2C(O)=C(C[C@]13C)C#N,CC12CCC3C(CCC45OC4C(O)=C(C#N)CC35C)C1CCC2O,C[C@]12CC[C@H]3[C@@H](CC[C@@]45O[C@@H]4C(O)=C(C#N)C[C@]35C)[C@@H]1CC[C@@H]2O,KVJXBPDAXMEYOA-CXANFOAXSA-N,True
DB09143,drugbank,[H][C@]1(C)CN(C[C@@]([H])(C)O1)C1=CC=C(NC(=O)C2=CC=CC(=C2C)C2=CC=C(OC(F)(F)F)C=C2)C=N1,Cc1c(C(=O)Nc2ccc(N3CC(C)OC(C)C3)nc2)cccc1-c1ccc(OC(F)(F)F)cc1,Cc1c(C(=O)Nc2ccc(N3C[C@@H](C)O[C@@H](C)C3)nc2)cccc1-c1ccc(OC(F)(F)F)cc1,VZZJRYRQSPEMTK-CALCHBBNSA-N,True
DB04839,drugbank,[H][C@@]12C[C@]1([H])[C@@]1(C)C(=CC2=O)C(Cl)=C[C@@]2([H])[C@]3([H])CC[C@](OC(C)=O)(C(C)=O)[C@@]3(C)CC[C@]12[H],CC(=O)OC1(C(C)=O)CCC2C3C=C(Cl)C4=CC(=O)C5CC5C4(C)C3CCC21C,CC(=O)O[C@]1(C(C)=O)CC[C@H]2[C@@H]3C=C(Cl)C4=CC(=O)[C@@H]5C[C@@H]5[C@]4(C)[C@H]3CC[C@@]21C,UWFYSQMTEOIJJG-FDTZYFLXSA-N,True
DB04786,drugbank,CC1=C(NC(=O)C2=CC(NC(=O)NC3=CC=CC(=C3)C(=O)NC3=C(C)C=CC(=C3)C(=O)NC3=C4C(C=C(C=C4S(O)(=O)=O)S(O)(=O)=O)=C(C=C3)S(O)(=O)=O)=CC=C2)C=C(C=C1)C(=O)NC1=C2C(C=C(C=C2S(O)(=O)=O)S(O)(=O)=O)=C(C=C1)S(O)(=O)=O,Cc1ccc(C(=O)Nc2ccc(S(=O)(=O)O)c3cc(S(=O)(=O)O)cc(S(=O)(=O)O)c23)cc1NC(=O)c1cccc(NC(=O)Nc2cccc(C(=O)Nc3cc(C(=O)Nc4ccc(S(=O)(=O)O)c5cc(S(=O)(=O)O)cc(S(=O)(=O)O)c45)ccc3C)c2)c1,Cc1ccc(C(=O)Nc2ccc(S(=O)(=O)O)c3cc(S(=O)(=O)O)cc(S(=O)(=O)O)c23)cc1NC(=O)c1cccc(NC(=O)Nc2cccc(C(=O)Nc3cc(C(=O)Nc4ccc(S(=O)(=O)O)c5cc(S(=O)(=O)O)cc(S(=O)(=O)O)c45)ccc3C)c2)c1,FIAFUQMPZJWCLV-UHFFFAOYSA-N,True
DB06704,drugbank,NC(N)=NCC1=CC(I)=CC=C1,NC(N)=NCc1cccc(I)c1,NC(N)=NCc1cccc(I)c1,PDWUPXJEEYOOTR-UHFFFAOYSA-N,True
DB04865,drugbank,[H][C@@]1(OC(=O)[C@@](O)(CCCC(C)(C)O)CC(=O)OC)C(OC)=C[C@]23CCCN2CCC2=CC4=C(OCO4)C=C2[C@]13[H],COC(=O)CC(O)(CCCC(C)(C)O)C(=O)OC1C(OC)=CC23CCCN2CCc2cc4c(cc2C13)OCO4,COC(=O)C[C@](O)(CCCC(C)(C)O)C(=O)O[C@@H]1C(OC)=C[C@]23CCCN2CCc2cc4c(cc2[C@H]13)OCO4,HYFHYPWGAURHIV-JFIAXGOJSA-N,True
DB00357,drugbank,CCC1(CCC(=O)NC1=O)C1=CC=C(N)C=C1,CCC1(c2ccc(N)cc2)CCC(=O)NC1=O,CCC1(c2ccc(N)cc2)CCC(=O)NC1=O,ROBVIMPUHSLWNV-UHFFFAOYSA-N,True
DB08916,drugbank,CN(C)C\C=C\C(=O)NC1=C(O[C@H]2CCOC2)C=C2N=CN=C(NC3=CC(Cl)=C(F)C=C3)C2=C1,CN(C)CC=CC(=O)Nc1cc2c(Nc3ccc(F)c(Cl)c3)ncnc2cc1OC1CCOC1,CN(C)C/C=C/C(=O)Nc1cc2c(Nc3ccc(F)c(Cl)c3)ncnc2cc1O[C@H]1CCOC1,ULXXDDBFHOBEHA-CWDCEQMOSA-N,True
DB01044,drugbank,COC1=C2N(C=C(C(O)=O)C(=O)C2=CC(F)=C1N1CCNC(C)C1)C1CC1,COc1c(N2CCNC(C)C2)c(F)cc2c(=O)c(C(=O)O)cn(C3CC3)c12,COc1c(N2CCNC(C)C2)c(F)cc2c(=O)c(C(=O)O)cn(C3CC3)c12,XUBOMFCQGDBHNK-UHFFFAOYSA-N,True
DB09516,drugbank,COC1=CC=C(O)C=C1,COc1ccc(O)cc1,COc1ccc(O)cc1,NWVVVBRKAWDGAB-UHFFFAOYSA-N,True
DB09094,drugbank,COC1=CC(=CC(OC)=C1OC)C1C2C(COC2=O)C(O)C2=CC3=C(OCO3)C=C12.COC1=CC(=CC(OC)=C1OC)C1C2C(COC2=O)C(O)C2=CC3=C(OCO3)C=C12.COC1=CC(=CC(OC)=C1OC)C1C(C(CO)C(O)C2=CC3=C(OCO3)C=C12)C(O)=O.COC1=CC(=CC(OC)=C1OC)C1C(C(CO)C(O)C2=CC3=C(OCO3)C=C12)C(O)=O,COc1cc(C2c3cc4c(cc3C(O)C(CO)C2C(=O)O)OCO4)cc(OC)c1OC.COc1cc(C2c3cc4c(cc3C(O)C(CO)C2C(=O)O)OCO4)cc(OC)c1OC.COc1cc(C2c3cc4c(cc3C(O)C3COC(=O)C23)OCO4)cc(OC)c1OC.COc1cc(C2c3cc4c(cc3C(O)C3COC(=O)C23)OCO4)cc(OC)c1OC,COc1cc(C2c3cc4c(cc3C(O)C(CO)C2C(=O)O)OCO4)cc(OC)c1OC.COc1cc(C2c3cc4c(cc3C(O)C(CO)C2C(=O)O)OCO4)cc(OC)c1OC.COc1cc(C2c3cc4c(cc3C(O)C3COC(=O)C23)OCO4)cc(OC)c1OC.COc1cc(C2c3cc4c(cc3C(O)C3COC(=O)C23)OCO4)cc(OC)c1OC,KOUZYZCESNTXJO-UHFFFAOYSA-N,True
DB00351,drugbank,[H][C@@]12CC[C@](OC(C)=O)(C(C)=O)[C@@]1(C)CC[C@@]1([H])[C@@]2([H])C=C(C)C2=CC(=O)CC[C@]12C,CC(=O)OC1(C(C)=O)CCC2C3C=C(C)C4=CC(=O)CCC4(C)C3CCC21C,CC(=O)O[C@]1(C(C)=O)CC[C@H]2[C@@H]3C=C(C)C4=CC(=O)CC[C@]4(C)[C@H]3CC[C@@]21C,RQZAXGRLVPAYTJ-GQFGMJRRSA-N,True
DB04576,drugbank,CN1CCN(CC1)C1=C(F)C=C2C(=O)C(=CN(CCF)C2=C1F)C(O)=O,CN1CCN(c2c(F)cc3c(=O)c(C(=O)O)cn(CCF)c3c2F)CC1,CN1CCN(c2c(F)cc3c(=O)c(C(=O)O)cn(CCF)c3c2F)CC1,XBJBPGROQZJDOJ-UHFFFAOYSA-N,True
DB06819,drugbank,OC(=O)CCCC1=CC=CC=C1,O=C(O)CCCc1ccccc1,O=C(O)CCCc1ccccc1,OBKXEAXTFZPCHS-UHFFFAOYSA-N,True
DB06193,drugbank,NCCNC1=CC=C(NCCN)C2=C1C(=O)C1=C(C=NC=C1)C2=O,NCCNc1ccc(NCCN)c2c1C(=O)c1ccncc1C2=O,NCCNc1ccc(NCCN)c2c1C(=O)c1ccncc1C2=O,PEZPMAYDXJQYRV-UHFFFAOYSA-N,True
DB00432,drugbank,OC[C@H]1O[C@H](C[C@@H]1O)N1C=C(C(=O)NC1=O)C(F)(F)F,O=c1[nH]c(=O)n(C2CC(O)C(CO)O2)cc1C(F)(F)F,O=c1[nH]c(=O)n([C@H]2C[C@H](O)[C@@H](CO)O2)cc1C(F)(F)F,VSQQQLOSPVPRAZ-RRKCRQDMSA-N,True
DB09124,drugbank,[H][C@@]12CC[C@](C)(C(C)=O)[C@@]1(C)CC[C@@]1([H])[C@@]2([H])C=C(C)C2=CC(=O)CC[C@]12C,CC(=O)C1(C)CCC2C3C=C(C)C4=CC(=O)CCC4(C)C3CCC21C,CC(=O)[C@@]1(C)CC[C@H]2[C@@H]3C=C(C)C4=CC(=O)CC[C@]4(C)[C@H]3CC[C@@]21C,HCFSGRMEEXUOSS-JXEXPEPMSA-N,True
DB11231,drugbank,CC(C)=CCC\C(C)=C\C=C\C(\C)=C\C=C\C(\C)=C\C=C\C=C(/C)\C=C\C=C(/C)\C=C\C=C(/C)CCC=C(C)C,CC(C)=CCCC(C)=CC=CC(C)=CC=CC(C)=CC=CC=C(C)C=CC=C(C)C=CC=C(C)CCC=C(C)C,CC(C)=CCC/C(C)=C/C=C/C(C)=C/C=C/C(C)=C/C=C/C=C(C)/C=C/C=C(C)/C=C/C=C(\C)CCC=C(C)C,OAIJSZIZWZSQBC-GYZMGTAESA-N,True
DB09330,drugbank,COC1=C(NC2=NC=CC(=N2)C2=CN(C)C3=C2C=CC=C3)C=C(NC(=O)C=C)C(=C1)N(C)CCN(C)C,C=CC(=O)Nc1cc(Nc2nccc(-c3cn(C)c4ccccc34)n2)c(OC)cc1N(C)CCN(C)C,C=CC(=O)Nc1cc(Nc2nccc(-c3cn(C)c4ccccc34)n2)c(OC)cc1N(C)CCN(C)C,DUYJMQONPNNFPI-UHFFFAOYSA-N,True
DB09282,drugbank,CCOC(=O)[N-]C1=C[N+](=NO1)N1CCOCC1,CCOC(=O)[N-]c1c[n+](N2CCOCC2)no1,CCOC(=O)[N-]c1c[n+](N2CCOCC2)no1,XLFWDASMENKTKL-UHFFFAOYSA-N,True
DB11699,drugbank,[H][C@]12CC[C@]([H])(C[C@@]([H])(C1)OC(=O)C1=CNC3=CC=CC=C13)N2C,CN1C2CCC1CC(OC(=O)c1c[nH]c3ccccc13)C2,CN1[C@@H]2CC[C@H]1C[C@@H](OC(=O)c1c[nH]c3ccccc13)C2,ZNRGQMMCGHDTEI-ITGUQSILSA-N,True
DB09273,drugbank,CN1C2=C(N(CC3OCCO3)C=N2)C(=O)N(C)C1=O,Cn1c(=O)c2c(ncn2CC2OCCO2)n(C)c1=O,Cn1c(=O)c2c(ncn2CC2OCCO2)n(C)c1=O,HWXIGFIVGWUZAO-UHFFFAOYSA-N,True
DB12364,drugbank,COC1=CC=C(NC(=O)C2=CC=C(C=C2)C(=N)N(C)C)C(=C1)C(=O)NC1=CC=C(Cl)C=N1,COc1ccc(NC(=O)c2ccc(C(=N)N(C)C)cc2)c(C(=O)Nc2ccc(Cl)cn2)c1,COc1ccc(NC(=O)c2ccc(C(=N)N(C)C)cc2)c(C(=O)Nc2ccc(Cl)cn2)c1,XHOLNRLADUSQLD-UHFFFAOYSA-N,True
DB06824,drugbank,NCCNCCNCCN,NCCNCCNCCN,NCCNCCNCCN,VILCJCGEZXAXTO-UHFFFAOYSA-N,True
DB00859,drugbank,[H][C@](N)(C(O)=O)C(C)(C)S,CC(C)(S)C(N)C(=O)O,CC(C)(S)[C@@H](N)C(=O)O,VVNCNSJFMMFHPL-VKHMYHEASA-N,True
DB01112,drugbank,[H][C@]12SCC(COC(N)=O)=C(N1C(=O)[C@H]2NC(=O)C(=N/OC)\C1=CC=CO1)C(O)=O,CON=C(C(=O)NC1C(=O)N2C(C(=O)O)=C(COC(N)=O)CSC12)c1ccco1,CO/N=C(\C(=O)N[C@@H]1C(=O)N2C(C(=O)O)=C(COC(N)=O)CS[C@H]12)c1ccco1,JFPVXVDWJQMJEE-IZRZKJBUSA-N,True
DB00817,drugbank,CCN1C=C(C(O)=O)C(=O)C2=C1C=C(C=C2)C1=CC=NC=C1,CCn1cc(C(=O)O)c(=O)c2ccc(-c3ccncc3)cc21,CCn1cc(C(=O)O)c(=O)c2ccc(-c3ccncc3)cc21,XBPZXDSZHPDXQU-UHFFFAOYSA-N,True
DB09561,drugbank,[Na+].[Na+].OCC(O)COP([O-])([O-])=O,O=P([O-])([O-])OCC(O)CO.[Na+].[Na+],O=P([O-])([O-])OCC(O)CO.[Na+].[Na+],GEKBIENFFVFKRG-UHFFFAOYSA-L,True
DB09414,drugbank,[K+].[K+].OP([O-])([O-])=O,O=P([O-])([O-])O.[K+].[K+],O=P([O-])([O-])O.[K+].[K+],ZPWVASYFFYYZEW-UHFFFAOYSA-L,True
DB01416,drugbank,[H][C@]12SCC(COC)=C(N1C(=O)[C@H]2NC(=O)C(=N/OC)\C1=CSC(N)=N1)C(O)=O,COCC1=C(C(=O)O)N2C(=O)C(NC(=O)C(=NOC)c3csc(N)n3)C2SC1,COCC1=C(C(=O)O)N2C(=O)[C@@H](NC(=O)/C(=N\OC)c3csc(N)n3)[C@H]2SC1,WYUSVOMTXWRGEK-HBWVYFAYSA-N,True
DB00166,drugbank,OC(=O)CCCC[C@@H]1CCSS1,O=C(O)CCCCC1CCSS1,O=C(O)CCCC[C@@H]1CCSS1,AGBQKNBQESQNJD-SSDOTTSWSA-N,True
DB02659,drugbank,[H][C@@](C)(CCC(O)=O)[C@@]1([H])CC[C@@]2([H])[C@]3([H])[C@]([H])(O)C[C@]4([H])C[C@]([H])(O)CC[C@]4(C)[C@@]3([H])C[C@]([H])(O)[C@]12C,CC(CCC(=O)O)C1CCC2C3C(O)CC4CC(O)CCC4(C)C3CC(O)C12C,C[C@H](CCC(=O)O)[C@H]1CC[C@H]2[C@@H]3[C@H](O)C[C@@H]4C[C@H](O)CC[C@]4(C)[C@H]3C[C@H](O)[C@]12C,BHQCQFFYRZLCQQ-OELDTZBJSA-N,True
DB01627,drugbank,[H][C@]1(C[C@@H](CCC)CN1C)C(=O)N[C@H]([C@@H](C)O)[C@H]1O[C@H](SC)[C@H](O)[C@@H](O)[C@H]1O,CCCC1CC(C(=O)NC(C(C)O)C2OC(SC)C(O)C(O)C2O)N(C)C1,CCC[C@@H]1C[C@@H](C(=O)N[C@@H]([C@H]2O[C@H](SC)[C@H](O)[C@@H](O)[C@H]2O)[C@@H](C)O)N(C)C1,OJMMVQQUTAEWLP-KIDUDLJLSA-N,True
DB00330,drugbank,CC[C@@H](CO)NCCN[C@@H](CC)CO,CCC(CO)NCCNC(CC)CO,CC[C@@H](CO)NCCN[C@@H](CC)CO,AEUTYOVWOVBAKS-UWVGGRQHSA-N,True
DB00256,drugbank,[H][C@@]12C[C@@]3([H])C(C(=O)C4=C(O)C=CC=C4[C@@]3(C)O)=C(O)[C@]1(O)C(=O)C(C(=O)NCNCCCC[C@H](N)C(O)=O)=C(O)[C@H]2N(C)C,CN(C)C1C(O)=C(C(=O)NCNCCCCC(N)C(=O)O)C(=O)C2(O)C(O)=C3C(=O)c4c(O)cccc4C(C)(O)C3CC12,CN(C)[C@@H]1C(O)=C(C(=O)NCNCCCC[C@H](N)C(=O)O)C(=O)[C@@]2(O)C(O)=C3C(=O)c4c(O)cccc4[C@@](C)(O)[C@H]3C[C@@H]12,AHEVKYYGXVEWNO-UEPZRUIBSA-N,True
DB00689,drugbank,[H][C@]12SCC(COC(C)=O)=C(N1C(=O)[C@H]2NC(=O)[C@H](N)C1=CC=CC=C1)C(O)=O,CC(=O)OCC1=C(C(=O)O)N2C(=O)C(NC(=O)C(N)c3ccccc3)C2SC1,CC(=O)OCC1=C(C(=O)O)N2C(=O)[C@@H](NC(=O)[C@H](N)c3ccccc3)[C@H]2SC1,FUBBGQLTSCSAON-PBFPGSCMSA-N,True
DB06698,drugbank,CNCCC1=CC=CC=N1,CNCCc1ccccn1,CNCCc1ccccn1,UUQMNUMQCIQDMZ-UHFFFAOYSA-N,True
DB11636,drugbank,CC(=O)[C@@]1(O)CC[C@H]2[C@@H]3C=C(C)C4=CC(=O)CC[C@@H]4[C@H]3CC[C@]12C,CC(=O)C1(O)CCC2C3C=C(C)C4=CC(=O)CCC4C3CCC21C,CC(=O)[C@@]1(O)CC[C@H]2[C@@H]3C=C(C)C4=CC(=O)CC[C@@H]4[C@H]3CC[C@@]21C,KZUIYQJTUIACIG-YBZCJVABSA-N,True
DB00459,drugbank,COC1=C(C)C(C)=C(\C=C\C(\C)=C\C=C\C(\C)=C\C(O)=O)C(C)=C1,COc1cc(C)c(C=CC(C)=CC=CC(C)=CC(=O)O)c(C)c1C,COc1cc(C)c(/C=C/C(C)=C/C=C/C(C)=C/C(=O)O)c(C)c1C,IHUNBGSDBOWDMA-AQFIFDHZSA-N,True
DB01406,drugbank,[H][C@@]12CC[C@@](O)(C#C)[C@@]1(C)CC[C@@]1([H])[C@@]2([H])CCC2=CC3=C(C[C@]12C)C=NO3,C#CC1(O)CCC2C3CCC4=Cc5oncc5CC4(C)C3CCC21C,C#C[C@]1(O)CC[C@H]2[C@@H]3CCC4=Cc5oncc5C[C@]4(C)[C@H]3CC[C@@]21C,POZRVZJJTULAOH-LHZXLZLDSA-N,True
DB05316,drugbank,CC(C)COC1=CC=C(CNC(=O)N(CC2=CC=C(F)C=C2)C2CCN(C)CC2)C=C1,CC(C)COc1ccc(CNC(=O)N(Cc2ccc(F)cc2)C2CCN(C)CC2)cc1,CC(C)COc1ccc(CNC(=O)N(Cc2ccc(F)cc2)C2CCN(C)CC2)cc1,RKEWSXXUOLRFBX-UHFFFAOYSA-N,True
DB09343,drugbank,ClC1=C(CN2CCCC2=N)NC(=O)NC1=O,N=C1CCCN1Cc1[nH]c(=O)[nH]c(=O)c1Cl,N=C1CCCN1Cc1[nH]c(=O)[nH]c(=O)c1Cl,QQHMKNYGKVVGCZ-UHFFFAOYSA-N,True
DB01413,drugbank,CO\N=C(/C(=O)N[C@@H]1C(=O)N2[C@]1([H])SCC(C[N+]1(C)CCCC1)=C2C([O-])=O)C1=CSC(N)=N1,CON=C(C(=O)NC1C(=O)N2C(C(=O)[O-])=C(C[N+]3(C)CCCC3)CSC12)c1csc(N)n1,CO/N=C(\C(=O)N[C@@H]1C(=O)N2C(C(=O)[O-])=C(C[N+]3(C)CCCC3)CS[C@H]12)c1csc(N)n1,HVFLCNVBZFFHBT-ZKDACBOMSA-N,True
DB11619,drugbank,[H][C@@]12CC[C@@](O)(C#C)[C@@]1(CC)C=CC1=C3CCC(=O)C=C3CC[C@@]21[H],C#CC1(O)CCC2C3CCC4=CC(=O)CCC4=C3C=CC21CC,C#C[C@]1(O)CC[C@H]2[C@@H]3CCC4=CC(=O)CCC4=C3C=C[C@@]21CC,BJJXHLWLUDYTGC-ANULTFPQSA-N,True
DB00982,drugbank,C\C(\C=C\C1=C(C)CCCC1(C)C)=C/C=C/C(/C)=C\C(O)=O,CC(C=CC1=C(C)CCCC1(C)C)=CC=CC(C)=CC(=O)O,CC1=C(/C=C/C(C)=C/C=C/C(C)=C\C(=O)O)C(C)(C)CCC1,SHGAZHPCJJPHSC-XFYACQKRSA-N,True
DB00378,drugbank,[H][C@@]12CC[C@H](C(C)=O)[C@@]1(C)CC[C@]1([H])[C@@]2([H])C=CC2=CC(=O)CC[C@@]12C,CC(=O)C1CCC2C3C=CC4=CC(=O)CCC4(C)C3CCC12C,CC(=O)[C@H]1CC[C@H]2[C@@H]3C=CC4=CC(=O)CC[C@@]4(C)[C@@H]3CC[C@]12C,JGMOKGBVKVMRFX-HQZYFCCVSA-N,True
DB06794,drugbank,OC(=O)C(=O)NC1=CC(=CC(NC(=O)C(O)=O)=C1Cl)C#N,N#Cc1cc(NC(=O)C(=O)O)c(Cl)c(NC(=O)C(=O)O)c1,N#Cc1cc(NC(=O)C(=O)O)c(Cl)c(NC(=O)C(=O)O)c1,RVGLGHVJXCETIO-UHFFFAOYSA-N,True
DB01328,drugbank,[H][C@]12SCC(CSC3=NN=NN3CS(O)(=O)=O)=C(N1C(=O)[C@H]2NC(=O)[C@H](O)C1=CC=CC=C1)C(O)=O,O=C(O)C1=C(CSc2nnnn2CS(=O)(=O)O)CSC2C(NC(=O)C(O)c3ccccc3)C(=O)N12,O=C(O)C1=C(CSc2nnnn2CS(=O)(=O)O)CS[C@@H]2[C@H](NC(=O)[C@H](O)c3ccccc3)C(=O)N12,DYAIAHUQIPBDIP-AXAPSJFSSA-N,True
DB11235,drugbank,COC1=CC=C(CN(CCN(C)C)C2=NC=CC=N2)C=C1,COc1ccc(CN(CCN(C)C)c2ncccn2)cc1,COc1ccc(CN(CCN(C)C)c2ncccn2)cc1,GULNIHOSWFYMRN-UHFFFAOYSA-N,True
DB00718,drugbank,CC(C)(C)C(=O)OCOP(=O)(COCCN1C=NC2=C(N)N=CN=C12)OCOC(=O)C(C)(C)C,CC(C)(C)C(=O)OCOP(=O)(COCCn1cnc2c(N)ncnc21)OCOC(=O)C(C)(C)C,CC(C)(C)C(=O)OCOP(=O)(COCCn1cnc2c(N)ncnc21)OCOC(=O)C(C)(C)C,WOZSCQDILHKSGG-UHFFFAOYSA-N,True
DB00355,drugbank,C[C@H]1[C@H](NC(=O)C(=N/OC(C)(C)C(=O)O)\C2=CSC([NH3+])=N2)C(=O)N1S([O-])(=O)=O,CC1C(NC(=O)C(=NOC(C)(C)C(=O)O)c2csc([NH3+])n2)C(=O)N1S(=O)(=O)[O-],C[C@H]1[C@H](NC(=O)/C(=N\OC(C)(C)C(=O)O)c2csc([NH3+])n2)C(=O)N1S(=O)(=O)[O-],WZPBZJONDBGPKJ-VEHQQRBSSA-N,True
DB12924,drugbank,CNC1=NC=C(C=C1C)C1=CC=C2C(=O)C(=CN(C3CC3)C2=C1C)C(O)=O,CNc1ncc(-c2ccc3c(=O)c(C(=O)O)cn(C4CC4)c3c2C)cc1C,CNc1ncc(-c2ccc3c(=O)c(C(=O)O)cn(C4CC4)c3c2C)cc1C,XPIJWUTXQAGSLK-UHFFFAOYSA-N,True
DB09223,drugbank,CCN1CCN(CC1)C1=NC2=C(CCCCCC2)C(=C1)C1=CC=C(F)C=C1,CCN1CCN(c2cc(-c3ccc(F)cc3)c3c(n2)CCCCCC3)CC1,CCN1CCN(c2cc(-c3ccc(F)cc3)c3c(n2)CCCCCC3)CC1,XVGOZDAJGBALKS-UHFFFAOYSA-N,True
DB00931,drugbank,[H][C@@]12[C@@H](O)[C@]3([H])C(=C)C4=C(C(O)=CC=C4)C(=O)C3=C(O)[C@]1(O)C(=O)C(C(N)=O)=C(O)[C@H]2N(C)C,C=C1c2cccc(O)c2C(=O)C2=C(O)C3(O)C(=O)C(C(N)=O)=C(O)C(N(C)C)C3C(O)C12,C=C1c2cccc(O)c2C(=O)C2=C(O)[C@]3(O)C(=O)C(C(N)=O)=C(O)[C@@H](N(C)C)[C@@H]3[C@@H](O)[C@H]12,MHIGBKBJSQVXNH-IWVLMIASSA-N,True
DB06827,drugbank,[H][C@@]1(C[C@H](O)NC(=N)N1)[C@]1([H])NC(=O)\C(NC(=O)[C@H](CO)NC(=O)[C@H](CO)NC(=O)[C@H](CNC1=O)NC(=O)C[C@@H](N)CCCN)=C\NC(N)=O,N=C1NC(O)CC(C2NC(=O)C(=CNC(N)=O)NC(=O)C(CO)NC(=O)C(CO)NC(=O)C(NC(=O)CC(N)CCCN)CNC2=O)N1,N=C1N[C@@H](O)C[C@H]([C@@H]2NC(=O)/C(=C/NC(N)=O)NC(=O)[C@H](CO)NC(=O)[C@H](CO)NC(=O)[C@@H](NC(=O)C[C@@H](N)CCCN)CNC2=O)N1,GXFAIFRPOKBQRV-GHXCTMGLSA-N,True
DB00456,drugbank,[H][C@@]1(NC(=O)CC2=CC=CS2)C(=O)N2C(C(O)=O)=C(COC(C)=O)CS[C@]12[H],CC(=O)OCC1=C(C(=O)O)N2C(=O)C(NC(=O)Cc3cccs3)C2SC1,CC(=O)OCC1=C(C(=O)O)N2C(=O)[C@@H](NC(=O)Cc3cccs3)[C@H]2SC1,XIURVHNZVLADCM-IUODEOHRSA-N,True
DB00453,drugbank,[H][C@@]12C[C@@]3([H])C(=C(O)[C@]1(O)C(=O)C(C(=O)NCO)=C(O)[C@H]2N(C)C)C(=O)C1=C(C(Cl)=CC=C1O)[C@@]3(C)O,CN(C)C1C(O)=C(C(=O)NCO)C(=O)C2(O)C(O)=C3C(=O)c4c(O)ccc(Cl)c4C(C)(O)C3CC12,CN(C)[C@@H]1C(O)=C(C(=O)NCO)C(=O)[C@@]2(O)C(O)=C3C(=O)c4c(O)ccc(Cl)c4[C@@](C)(O)[C@H]3C[C@@H]12,GJGDLRSSCNAKGL-KMVLDZISSA-N,True
DB00766,drugbank,[H][C@@]12CC(=O)N1[C@@H](C(O)=O)\C(O2)=C\CO,O=C(O)C1C(=CCO)OC2CC(=O)N21,O=C(O)[C@H]1/C(=C/CO)O[C@@H]2CC(=O)N21,HZZVJAQRINQKSD-PBFISZAISA-N,True
DB13747,drugbank,OCCN(CCO)CCO,OCCN(CCO)CCO,OCCN(CCO)CCO,GSEJCLTVZPLZKY-UHFFFAOYSA-N,True
DB00438,drugbank,[O-]C(=O)C1=C(CS[C@]2([H])[C@H](NC(=O)C(=N/OC(C)(C)C(O)=O)\C3=CSC(N)=N3)C(=O)N12)C[N+]1=CC=CC=C1,CC(C)(ON=C(C(=O)NC1C(=O)N2C(C(=O)[O-])=C(C[n+]3ccccc3)CSC12)c1csc(N)n1)C(=O)O,CC(C)(O/N=C(\C(=O)N[C@@H]1C(=O)N2C(C(=O)[O-])=C(C[n+]3ccccc3)CS[C@H]12)c1csc(N)n1)C(=O)O,ORFOPKXBNMVMKC-DWVKKRMSSA-N,True
DB00923,drugbank,[H][C@]12SCC(CSC3=NN=NN3CC(O)=O)=C(N1C(=O)[C@H]2NC(=O)CC1=CC=CC=C1CN)C(O)=O,NCc1ccccc1CC(=O)NC1C(=O)N2C(C(=O)O)=C(CSc3nnnn3CC(=O)O)CSC12,NCc1ccccc1CC(=O)N[C@@H]1C(=O)N2C(C(=O)O)=C(CSc3nnnn3CC(=O)O)CS[C@H]12,SLAYUXIURFNXPG-CRAIPNDOSA-N,True
DB01333,drugbank,[H][C@]12SCC(C)=C(N1C(=O)[C@H]2NC(=O)[C@H](N)C1=CCC=CC1)C(O)=O,CC1=C(C(=O)O)N2C(=O)C(NC(=O)C(N)C3=CCC=CC3)C2SC1,CC1=C(C(=O)O)N2C(=O)[C@@H](NC(=O)[C@H](N)C3=CCC=CC3)[C@H]2SC1,RDLPVSKMFDYCOR-UEKVPHQBSA-N,True
DB08965,drugbank,[H]C1(OC(=O)[C@]([H])(C(C)C)N(C)C(=O)C([H])(OC(=O)[C@]([H])(C(C)C)N(C)C(=O)C([H])(OC(=O)[C@]([H])(C(C)C)N(C)C1=O)C(C)C)C(C)C)C(C)C,CC(C)C1OC(=O)C(C(C)C)N(C)C(=O)C(C(C)C)OC(=O)C(C(C)C)N(C)C(=O)C(C(C)C)OC(=O)C(C(C)C)N(C)C1=O,CC(C)C1OC(=O)[C@H](C(C)C)N(C)C(=O)C(C(C)C)OC(=O)[C@H](C(C)C)N(C)C(=O)C(C(C)C)OC(=O)[C@H](C(C)C)N(C)C1=O,MIZMDSVSLSIMSC-OGLSAIDSSA-N,True
DB06766,drugbank,CN1CCC(CC1)=C1C2=NC=C(C=O)N2CCC2=CC=CC=C12,CN1CCC(=C2c3ccccc3CCn3c(C=O)cnc32)CC1,CN1CCC(=C2c3ccccc3CCn3c(C=O)cnc32)CC1,MWTBKTRZPHJQLH-UHFFFAOYSA-N,True
DB00954,drugbank,CC[C@H]1OC(=O)[C@H](C)[C@@H](O[C@H]2C[C@@](C)(OC)[C@@H](O)[C@H](C)O2)[C@H](C)[C@@H](O[C@@H]2O[C@H](C)C[C@@H]([C@H]2O)N(C)C)[C@](C)(O)C[C@@H](C)[C@@H]2N[C@@H](COCCOC)O[C@H]([C@H]2C)[C@]1(C)O,CCC1OC(=O)C(C)C(OC2CC(C)(OC)C(O)C(C)O2)C(C)C(OC2OC(C)CC(N(C)C)C2O)C(C)(O)CC(C)C2NC(COCCOC)OC(C2C)C1(C)O,CC[C@H]1OC(=O)[C@H](C)[C@@H](O[C@H]2C[C@@](C)(OC)[C@@H](O)[C@H](C)O2)[C@H](C)[C@@H](O[C@@H]2O[C@H](C)C[C@H](N(C)C)[C@H]2O)[C@](C)(O)C[C@@H](C)[C@@H]2N[C@@H](COCCOC)O[C@H]([C@H]2C)[C@]1(C)O,WLOHNSSYAXHWNR-DWIOZXRMSA-N,True
DB01139,drugbank,[H][C@]12SCC(COC(C)=O)=C(N1C(=O)[C@H]2NC(=O)CSC1=CC=NC=C1)C(O)=O,CC(=O)OCC1=C(C(=O)O)N2C(=O)C(NC(=O)CSc3ccncc3)C2SC1,CC(=O)OCC1=C(C(=O)O)N2C(=O)[C@@H](NC(=O)CSc3ccncc3)[C@H]2SC1,UQLLWWBDSUHNEB-CZUORRHYSA-N,True
DB11610,drugbank,[H][C@@](C)(NC)[C@]([H])(O)C1=CC=C(O)C=C1,CNC(C)C(O)c1ccc(O)cc1,CN[C@@H](C)[C@H](O)c1ccc(O)cc1,OXFGTKPPFSCSMA-XVKPBYJWSA-N,True
DB04911,drugbank,CN[C@H](CC(C)C)C(=O)N[C@@H]1[C@H](O)C2=CC=C(OC3=C(O[C@@H]4O[C@H](CO)[C@@H](O)[C@H](O)[C@H]4O[C@H]4C[C@](C)(NCC5=CC=C(C=C5)C5=CC=C(Cl)C=C5)[C@@H](O)[C@H](C)O4)C4=CC(=C3)[C@@H](NC(=O)[C@H](CC(N)=O)NC1=O)C(=O)N[C@@H]1C3=CC(=C(O)C=C3)C3=C(O)C=C(O)C=C3[C@H](NC(=O)[C@@H](NC1=O)[C@H](O[C@H]1C[C@](C)(N)[C@@H](O)[C@H](C)O1)C1=CC(Cl)=C(O4)C=C1)C(O)=O)C(Cl)=C2,CNC(CC(C)C)C(=O)NC1C(=O)NC(CC(N)=O)C(=O)NC2C(=O)NC3C(=O)NC(C(=O)NC(C(=O)O)c4cc(O)cc(O)c4-c4cc3ccc4O)C(OC3CC(C)(N)C(O)C(C)O3)c3ccc(c(Cl)c3)Oc3cc2cc(c3OC2OC(CO)C(O)C(O)C2OC2CC(C)(NCc3ccc(-c4ccc(Cl)cc4)cc3)C(O)C(C)O2)Oc2ccc(cc2Cl)C1O,CN[C@H](CC(C)C)C(=O)N[C@H]1C(=O)N[C@@H](CC(N)=O)C(=O)N[C@H]2C(=O)N[C@H]3C(=O)N[C@H](C(=O)N[C@H](C(=O)O)c4cc(O)cc(O)c4-c4cc3ccc4O)[C@H](O[C@H]3C[C@](C)(N)[C@@H](O)[C@H](C)O3)c3ccc(c(Cl)c3)Oc3cc2cc(c3O[C@@H]2O[C@H](CO)[C@@H](O)[C@H](O)[C@H]2O[C@H]2C[C@](C)(NCc3ccc(-c4ccc(Cl)cc4)cc3)[C@@H](O)[C@H](C)O2)Oc2ccc(cc2Cl)[C@H]1O,VHFGEBVPHAGQPI-LXKZPTCJSA-N,True
DB01051,drugbank,CO[C@@H]1[C@@H](OC(N)=O)[C@@H](O)[C@H](OC2=C(C)C3=C(C=C2)C(O)=C(NC(=O)C2=CC=C(O)C(CC=C(C)C)=C2)C(=O)O3)OC1(C)C,COC1C(OC(N)=O)C(O)C(Oc2ccc3c(O)c(NC(=O)c4ccc(O)c(CC=C(C)C)c4)c(=O)oc3c2C)OC1(C)C,CO[C@@H]1[C@@H](OC(N)=O)[C@@H](O)[C@H](Oc2ccc3c(O)c(NC(=O)c4ccc(O)c(CC=C(C)C)c4)c(=O)oc3c2C)OC1(C)C,YJQPYGGHQPGBLI-KGSXXDOSSA-N,True
DB09097,drugbank,[H][C@]12C[C@@H](CN(CCC)[C@]1([H])CC1=CC=CC(O)=C1C2)NS(=O)(=O)N(CC)CC,CCCN1CC(NS(=O)(=O)N(CC)CC)CC2Cc3c(O)cccc3CC21,CCCN1C[C@@H](NS(=O)(=O)N(CC)CC)C[C@@H]2Cc3c(O)cccc3C[C@H]21,GDFGTRDCCWFXTG-ZIFCJYIRSA-N,True
DB00411,drugbank,C[N+](C)(C)CCOC(N)=O,C[N+](C)(C)CCOC(N)=O,C[N+](C)(C)CCOC(N)=O,VPJXQGSRWJZDOB-UHFFFAOYSA-O,True
DB00303,drugbank,[H][C@]12[C@@H](C)C(S[C@]3([H])CN[C@@]([H])(C3)C(=O)NC3=CC=CC(=C3)C(O)=O)=C(N1C(=O)[C@]2([H])[C@@H](C)O)C(O)=O,CC(O)C1C(=O)N2C(C(=O)O)=C(SC3CNC(C(=O)Nc4cccc(C(=O)O)c4)C3)C(C)C12,C[C@@H](O)[C@H]1C(=O)N2C(C(=O)O)=C(S[C@@H]3CN[C@H](C(=O)Nc4cccc(C(=O)O)c4)C3)[C@H](C)[C@H]12,JUZNIMUFDBIJCM-ANEDZVCMSA-N,True
DB00027,drugbank,CC(C)C[C@@H](NC(=O)CNC(=O)[C@@H](NC=O)C(C)C)C(=O)N[C@@H](C)C(=O)N[C@H](C(C)C)C(=O)N[C@@H](C(C)C)C(=O)N[C@H](C(C)C)C(=O)N[C@@H](CC1=CNC2=C1C=CC=C2)C(=O)N[C@H](CC(C)C)C(=O)N[C@@H](CC1=CNC2=C1C=CC=C2)C(=O)N[C@H](CC(C)C)C(=O)N[C@@H](CC1=CNC2=C1C=CC=C2)C(=O)N[C@H](CC(C)C)C(=O)N[C@@H](CC1=CNC2=C1C=CC=C2)C(=O)NCCO,CC(C)CC(NC(=O)CNC(=O)C(NC=O)C(C)C)C(=O)NC(C)C(=O)NC(C(=O)NC(C(=O)NC(C(=O)NC(Cc1c[nH]c2ccccc12)C(=O)NC(CC(C)C)C(=O)NC(Cc1c[nH]c2ccccc12)C(=O)NC(CC(C)C)C(=O)NC(Cc1c[nH]c2ccccc12)C(=O)NC(CC(C)C)C(=O)NC(Cc1c[nH]c2ccccc12)C(=O)NCCO)C(C)C)C(C)C)C(C)C,CC(C)C[C@@H](NC(=O)CNC(=O)[C@@H](NC=O)C(C)C)C(=O)N[C@@H](C)C(=O)N[C@@H](C(=O)N[C@H](C(=O)N[C@@H](C(=O)N[C@@H](Cc1c[nH]c2ccccc12)C(=O)N[C@H](CC(C)C)C(=O)N[C@@H](Cc1c[nH]c2ccccc12)C(=O)N[C@H](CC(C)C)C(=O)N[C@@H](Cc1c[nH]c2ccccc12)C(=O)N[C@H](CC(C)C)C(=O)N[C@@H](Cc1c[nH]c2ccccc12)C(=O)NCCO)C(C)C)C(C)C)C(C)C,NDAYQJDHGXTBJL-MWWSRJDJSA-N,True
DB01415,drugbank,[H][C@]12SCC=C(N1C(=O)[C@H]2NC(=O)C(=C/CC(O)=O)\C1=CSC(N)=N1)C(O)=O,Nc1nc(C(=CCC(=O)O)C(=O)NC2C(=O)N3C(C(=O)O)=CCSC23)cs1,Nc1nc(/C(=C/CC(=O)O)C(=O)N[C@@H]2C(=O)N3C(C(=O)O)=CCS[C@H]23)cs1,UNJFKXSSGBWRBZ-BJCIPQKHSA-N,True
DB09488,drugbank,[H]\C(CN1CCCC1)=C(\C1=CC=C(C)C=C1)C1=CC=CC(=N1)C(\[H])=C(/[H])C(O)=O,Cc1ccc(C(=CCN2CCCC2)c2cccc(C=CC(=O)O)n2)cc1,Cc1ccc(/C(=C\CN2CCCC2)c2cccc(/C=C/C(=O)O)n2)cc1,PWACSDKDOHSSQD-IUTFFREVSA-N,True
DB08967,drugbank,CC(CN1C2=CC=CC=C2SC2=C1C=C(C=C2)S(=O)(=O)N(C)C)N(C)C,CC(CN1c2ccccc2Sc2ccc(S(=O)(=O)N(C)C)cc21)N(C)C,CC(CN1c2ccccc2Sc2ccc(S(=O)(=O)N(C)C)cc21)N(C)C,VWNWVCJGUMZDIU-UHFFFAOYSA-N,True
DB00803,drugbank,CCC(C)CCCC(=O)N[C@@H](CCN)C(=O)N[C@@H]([C@@H](C)O)C(=O)N[C@@H](CCN)C(=O)N[C@H]1CCNC(=O)C(NC(=O)[C@@H](CCN)NC(=O)[C@H](CCN)NC(=O)[C@@H](CC(C)C)NC(=O)[C@@H](CC(C)C)NC(=O)[C@H](CCN)NC1=O)[C@@H](C)O,CCC(C)CCCC(=O)NC(CCN)C(=O)NC(C(=O)NC(CCN)C(=O)NC1CCNC(=O)C(C(C)O)NC(=O)C(CCN)NC(=O)C(CCN)NC(=O)C(CC(C)C)NC(=O)C(CC(C)C)NC(=O)C(CCN)NC1=O)C(C)O,CCC(C)CCCC(=O)N[C@@H](CCN)C(=O)N[C@H](C(=O)N[C@@H](CCN)C(=O)N[C@H]1CCNC(=O)C([C@@H](C)O)NC(=O)[C@@H](CCN)NC(=O)[C@H](CCN)NC(=O)[C@@H](CC(C)C)NC(=O)[C@@H](CC(C)C)NC(=O)[C@H](CCN)NC1=O)[C@@H](C)O,YKQOSKADJPQZHB-RGYSVOEGSA-N,True
DB09499,drugbank,OS(O)(=O)=S,O=S(O)(O)=S,O=S(O)(O)=S,DHCDFWKWKRSZHF-UHFFFAOYSA-N,True
DB00354,drugbank,CC(C)(C)C1=CC=C(CN2CCN(CC2)C(C2=CC=CC=C2)C2=CC=C(Cl)C=C2)C=C1,CC(C)(C)c1ccc(CN2CCN(C(c3ccccc3)c3ccc(Cl)cc3)CC2)cc1,CC(C)(C)c1ccc(CN2CCN(C(c3ccccc3)c3ccc(Cl)cc3)CC2)cc1,MOYGZHXDRJNJEP-UHFFFAOYSA-N,True
DB00410,drugbank,C[C@H](O)[C@H](C)[C@@H]1O[C@H]1C[C@H]1CO[C@@H](C\C(C)=C\C(=O)OCCCCCCCCC(O)=O)[C@H](O)[C@@H]1O,CC(=CC(=O)OCCCCCCCCC(=O)O)CC1OCC(CC2OC2C(C)C(C)O)C(O)C1O,C/C(=C\C(=O)OCCCCCCCCC(=O)O)C[C@@H]1OC[C@H](C[C@@H]2O[C@H]2[C@@H](C)[C@H](C)O)[C@@H](O)[C@H]1O,MINDHVHHQZYEEK-HBBNESRFSA-N,True
DB00760,drugbank,[H][C@]1([C@@H](C)O)C(=O)N2C(C(O)=O)=C(S[C@@H]3CN[C@@H](C3)C(=O)N(C)C)[C@H](C)[C@]12[H],CC(O)C1C(=O)N2C(C(=O)O)=C(SC3CNC(C(=O)N(C)C)C3)C(C)C12,C[C@@H](O)[C@H]1C(=O)N2C(C(=O)O)=C(S[C@@H]3CN[C@H](C(=O)N(C)C)C3)[C@H](C)[C@H]12,DMJNNHOOLUXYBV-PQTSNVLCSA-N,True
DB09008,drugbank,[H][C@]12SCC(C[N+]3=CC=CC=C3)=C(N1C(=O)[C@H]2NC(=O)CC1=CC=CS1)C([O-])=O,O=C(Cc1cccs1)NC1C(=O)N2C(C(=O)[O-])=C(C[n+]3ccccc3)CSC12,O=C(Cc1cccs1)N[C@@H]1C(=O)N2C(C(=O)[O-])=C(C[n+]3ccccc3)CS[C@H]12,CZTQZXZIADLWOZ-CRAIPNDOSA-N,True
DB00430,drugbank,[H][C@]12SCC(CSC3=NN=NN3C)=C(N1C(=O)[C@@]2([H])NC(=O)[C@H](NC(=O)C1=C(O)C=C(C)N=C1)C1=CC=C(O)C=C1)C(O)=O,Cc1cc(O)c(C(=O)NC(C(=O)NC2C(=O)N3C(C(=O)O)=C(CSc4nnnn4C)CSC23)c2ccc(O)cc2)cn1,Cc1cc(O)c(C(=O)N[C@@H](C(=O)N[C@@H]2C(=O)N3C(C(=O)O)=C(CSc4nnnn4C)CS[C@H]23)c2ccc(O)cc2)cn1,PWAUCHMQEXVFJR-PMAPCBKXSA-N,True
DB00267,drugbank,[H][C@]12SCC(CSC3=NN=NN3C)=C(N1C(=O)[C@H]2NC(=O)C(=N/OC)\C1=CSC(N)=N1)C(O)=O,CON=C(C(=O)NC1C(=O)N2C(C(=O)O)=C(CSc3nnnn3C)CSC12)c1csc(N)n1,CO/N=C(\C(=O)N[C@@H]1C(=O)N2C(C(=O)O)=C(CSc3nnnn3C)CS[C@H]12)c1csc(N)n1,HJJDBAOLQAWBMH-YCRCPZNHSA-N,True
DB01150,drugbank,[H][C@]12SCC(C=CC)=C(N1C(=O)[C@@]2([H])NC(=O)[C@H](N)C1=CC=C(O)C=C1)C(O)=O,CC=CC1=C(C(=O)O)N2C(=O)C(NC(=O)C(N)c3ccc(O)cc3)C2SC1,CC=CC1=C(C(=O)O)N2C(=O)[C@@H](NC(=O)[C@H](N)c3ccc(O)cc3)[C@H]2SC1,WDLWHQDACQUCJR-PBFPGSCMSA-N,True
DB00671,drugbank,[H][C@]12SCC(C=C)=C(N1C(=O)[C@H]2NC(=O)C(=N/OCC(O)=O)\C1=CSC(N)=N1)C(O)=O,C=CC1=C(C(=O)O)N2C(=O)C(NC(=O)C(=NOCC(=O)O)c3csc(N)n3)C2SC1,C=CC1=C(C(=O)O)N2C(=O)[C@@H](NC(=O)/C(=N\OCC(=O)O)c3csc(N)n3)[C@H]2SC1,OKBVVJOGVLARMR-QSWIMTSFSA-N,True
DB04918,drugbank,[H][C@@]1(NC(=O)C(=N/O)\C2=NSC(N)=N2)C(=O)N2C(C(O)=O)=C(CS[C@]12[H])\C=C1/CCN(C1=O)[C@]1([H])CCNC1,Nc1nc(C(=NO)C(=O)NC2C(=O)N3C(C(=O)O)=C(C=C4CCN(C5CCNC5)C4=O)CSC23)ns1,Nc1nc(/C(=N/O)C(=O)N[C@@H]2C(=O)N3C(C(=O)O)=C(/C=C4\CCN([C@@H]5CCNC5)C4=O)CS[C@H]23)ns1,VOAZJEPQLGBXGO-SDAWRPRTSA-N,True
DB00080,drugbank,CCCCCCCCCC(=O)N[C@@H](CC1=CNC2=C1C=CC=C2)C(=O)N[C@H](CC(N)=O)C(=O)N[C@@H](CC(O)=O)C(=O)N[C@H]1[C@@H](C)OC(=O)[C@H](CC(=O)C2=CC=CC=C2N)NC(=O)[C@@H](NC(=O)[C@@H](CO)NC(=O)CNC(=O)[C@H](CC(O)=O)NC(=O)[C@@H](C)NC(=O)[C@H](CC(O)=O)NC(=O)[C@H](CCCN)NC(=O)CNC1=O)[C@H](C)CC(O)=O,CCCCCCCCCC(=O)NC(Cc1c[nH]c2ccccc12)C(=O)NC(CC(N)=O)C(=O)NC(CC(=O)O)C(=O)NC1C(=O)NCC(=O)NC(CCCN)C(=O)NC(CC(=O)O)C(=O)NC(C)C(=O)NC(CC(=O)O)C(=O)NCC(=O)NC(CO)C(=O)NC(C(C)CC(=O)O)C(=O)NC(CC(=O)c2ccccc2N)C(=O)OC1C,CCCCCCCCCC(=O)N[C@@H](Cc1c[nH]c2ccccc12)C(=O)N[C@H](CC(N)=O)C(=O)N[C@@H](CC(=O)O)C(=O)N[C@@H]1C(=O)NCC(=O)N[C@@H](CCCN)C(=O)N[C@@H](CC(=O)O)C(=O)N[C@H](C)C(=O)N[C@@H](CC(=O)O)C(=O)NCC(=O)N[C@H](CO)C(=O)N[C@@H]([C@H](C)CC(=O)O)C(=O)N[C@@H](CC(=O)c2ccccc2N)C(=O)O[C@@H]1C,DOAKLVKFURWEDJ-QCMAZARJSA-N,True
DB06715,drugbank,[K+].[I-],[I-].[K+],[I-].[K+],NLKNQRATVPKPDG-UHFFFAOYSA-M,True
DB08802,drugbank,CC(CN1C2=CC=CC=C2SC2=C1N=CC=C2)N(C)C,CC(CN1c2ccccc2Sc2cccnc21)N(C)C,CC(CN1c2ccccc2Sc2cccnc21)N(C)C,OQJBSDFFQWMKBQ-UHFFFAOYSA-N,True
DB01329,drugbank,[H][C@]12SCC(CSC3=NN=NN3C)=C(N1C(=O)[C@@]2([H])NC(=O)[C@H](NC(=O)N1CCN(CC)C(=O)C1=O)C1=CC=C(O)C=C1)C(O)=O,CCN1CCN(C(=O)NC(C(=O)NC2C(=O)N3C(C(=O)O)=C(CSc4nnnn4C)CSC23)c2ccc(O)cc2)C(=O)C1=O,CCN1CCN(C(=O)N[C@@H](C(=O)N[C@@H]2C(=O)N3C(C(=O)O)=C(CSc4nnnn4C)CS[C@H]23)c2ccc(O)cc2)C(=O)C1=O,GCFBRXLSHGKWDP-XCGNWRKASA-N,True
DB00134,drugbank,CSCC[C@H](N)C(O)=O,CSCCC(N)C(=O)O,CSCC[C@H](N)C(=O)O,FFEARJCKVFRZRR-BYPYZUCNSA-N,True
DB08993,drugbank,[H][C@@]1(CCN=C(N)N1)[C@]1([H])NC(=O)\C(NC(=O)[C@H](CO)NC(=O)[C@H](CO)NC(=O)[C@H](CNC1=O)NC(=O)C[C@@H](N)[C@H](O)CCN)=C\NC(N)=O,NCCC(O)C(N)CC(=O)NC1CNC(=O)C(C2CCN=C(N)N2)NC(=O)C(=CNC(N)=O)NC(=O)C(CO)NC(=O)C(CO)NC1=O,NCC[C@@H](O)[C@H](N)CC(=O)N[C@H]1CNC(=O)[C@H]([C@H]2CCN=C(N)N2)NC(=O)/C(=C/NC(N)=O)NC(=O)[C@H](CO)NC(=O)[C@H](CO)NC1=O,HPWIIERXAFODPP-GHBBWTPBSA-N,True
DB01331,drugbank,[H][C@]12SCC(COC(N)=O)=C(N1C(=O)[C@]2(NC(=O)CC1=CC=CS1)OC)C(O)=O,COC1(NC(=O)Cc2cccs2)C(=O)N2C(C(=O)O)=C(COC(N)=O)CSC21,CO[C@@]1(NC(=O)Cc2cccs2)C(=O)N2C(C(=O)O)=C(COC(N)=O)CS[C@@H]21,WZOZEZRFJCJXNZ-ZBFHGGJFSA-N,True
DB00190,drugbank,C[C@@](CC1=CC(O)=C(O)C=C1)(NN)C(O)=O,CC(Cc1ccc(O)c(O)c1)(NN)C(=O)O,C[C@@](Cc1ccc(O)c(O)c1)(NN)C(=O)O,TZFNLOMSOLWIDK-JTQLQIEISA-N,True
DB00666,drugbank,CC(C)C[C@H](NC(=O)[C@@H](CC1=CC2=C(C=CC=C2)C=C1)NC(=O)[C@H](CC1=CC=C(O)C=C1)NC(=O)[C@H](CO)NC(=O)[C@H](CC1=CNC2=CC=CC=C12)NC(=O)[C@H](CC1=CNC=N1)NC(=O)[C@@H]1CCC(=O)N1)C(=O)N[C@@H](CCCNC(N)=N)C(=O)N1CCC[C@H]1C(=O)NCC(N)=O,CC(C)CC(NC(=O)C(Cc1ccc2ccccc2c1)NC(=O)C(Cc1ccc(O)cc1)NC(=O)C(CO)NC(=O)C(Cc1c[nH]c2ccccc12)NC(=O)C(Cc1c[nH]cn1)NC(=O)C1CCC(=O)N1)C(=O)NC(CCCNC(=N)N)C(=O)N1CCCC1C(=O)NCC(N)=O,CC(C)C[C@H](NC(=O)[C@@H](Cc1ccc2ccccc2c1)NC(=O)[C@H](Cc1ccc(O)cc1)NC(=O)[C@H](CO)NC(=O)[C@H](Cc1c[nH]c2ccccc12)NC(=O)[C@H](Cc1c[nH]cn1)NC(=O)[C@@H]1CCC(=O)N1)C(=O)N[C@@H](CCCNC(=N)N)C(=O)N1CCC[C@H]1C(=O)NCC(N)=O,RWHUEXWOYVBUCI-ITQXDASVSA-N,True
DB00595,drugbank,[H][C@@]12[C@@H](O)[C@@]3([H])C(C(=O)C4=C(C=CC=C4O)[C@@]3(C)O)=C(O)[C@]1(O)C(=O)C(C(N)=O)=C(O)[C@H]2N(C)C,CN(C)C1C(O)=C(C(N)=O)C(=O)C2(O)C(O)=C3C(=O)c4c(O)cccc4C(C)(O)C3C(O)C12,CN(C)[C@@H]1C(O)=C(C(N)=O)C(=O)[C@@]2(O)C(O)=C3C(=O)c4c(O)cccc4[C@@](C)(O)[C@H]3[C@H](O)[C@@H]12,IWVCMVBTMGNXQD-PXOLEDIWSA-N,True
DB00314,drugbank,[H][C@@]1(CCN=C(N)N1)[C@]1([H])NC(=O)\C(NC(=O)[C@H](CNC(=O)C[C@@H](N)CCCN)NC(=O)[C@H](C)NC(=O)[C@@H](N)CNC1=O)=C/NC(N)=O.[H][C@@]1(CCN=C(N)N1)[C@]1([H])NC(=O)\C(NC(=O)[C@H](CNC(=O)C[C@@H](N)CCCN)NC(=O)[C@H](CO)NC(=O)[C@@H](N)CNC1=O)=C/NC(N)=O,CC1NC(=O)C(N)CNC(=O)C(C2CCN=C(N)N2)NC(=O)C(=CNC(N)=O)NC(=O)C(CNC(=O)CC(N)CCCN)NC1=O.NCCCC(N)CC(=O)NCC1NC(=O)C(CO)NC(=O)C(N)CNC(=O)C(C2CCN=C(N)N2)NC(=O)C(=CNC(N)=O)NC1=O,C[C@@H]1NC(=O)[C@@H](N)CNC(=O)[C@H]([C@H]2CCN=C(N)N2)NC(=O)/C(=C\NC(N)=O)NC(=O)[C@H](CNC(=O)C[C@@H](N)CCCN)NC1=O.NCCC[C@H](N)CC(=O)NC[C@@H]1NC(=O)[C@H](CO)NC(=O)[C@@H](N)CNC(=O)[C@H]([C@H]2CCN=C(N)N2)NC(=O)/C(=C\NC(N)=O)NC1=O,VCOPTHOUUNAYKQ-WBTCAYNUSA-N,True
DB04570,drugbank,[H][C@]12OCC(CSC3=NN=NN3C)=C(N1C(=O)[C@]2(NC(=O)C(C(O)=O)C1=CC=C(O)C=C1)OC)C(O)=O,COC1(NC(=O)C(C(=O)O)c2ccc(O)cc2)C(=O)N2C(C(=O)O)=C(CSc3nnnn3C)COC21,CO[C@@]1(NC(=O)C(C(=O)O)c2ccc(O)cc2)C(=O)N2C(C(=O)O)=C(CSc3nnnn3C)CO[C@@H]21,JWCSIUVGFCSJCK-CAVRMKNVSA-N,True
DB00122,drugbank,C[N+](C)(C)CCO,C[N+](C)(C)CCO,C[N+](C)(C)CCO,OEYIOHPDSNJKLS-UHFFFAOYSA-N,True
DB00130,drugbank,N[C@@H](CCC(N)=O)C(O)=O,NC(=O)CCC(N)C(=O)O,NC(=O)CC[C@H](N)C(=O)O,ZDXPYRJPNDTMRX-VKHMYHEASA-N,True
DB06691,drugbank,COC1=CC=C(CN(CCN(C)C)C2=NC=CC=C2)C=C1,COc1ccc(CN(CCN(C)C)c2ccccn2)cc1,COc1ccc(CN(CCN(C)C)c2ccccn2)cc1,YECBIJXISLIIDS-UHFFFAOYSA-N,True
DB01620,drugbank,CN(C)CCC(C1=CC=CC=C1)C1=CC=CC=N1,CN(C)CCC(c1ccccc1)c1ccccn1,CN(C)CCC(c1ccccc1)c1ccccn1,IJHNSHDBIRRJRN-UHFFFAOYSA-N,True
DB01066,drugbank,[H][C@]12SCC(\C=C/C3=C(C)N=CS3)=C(N1C(=O)[C@H]2NC(=O)C(=N/OC)\C1=CSC(N)=N1)C(O)=O,CON=C(C(=O)NC1C(=O)N2C(C(=O)O)=C(C=Cc3scnc3C)CSC12)c1csc(N)n1,CO/N=C(\C(=O)N[C@@H]1C(=O)N2C(C(=O)O)=C(/C=C\c3scnc3C)CS[C@H]12)c1csc(N)n1,KMIPKYQIOVAHOP-YLGJWRNMSA-N,True
DB06212,drugbank,CC1=CC=CC=C1C(=O)NC1=CC(C)=C(C=C1)C(=O)N1CCC[C@@H](O)C2=C1C=CC(Cl)=C2,Cc1ccccc1C(=O)Nc1ccc(C(=O)N2CCCC(O)c3cc(Cl)ccc32)c(C)c1,Cc1ccccc1C(=O)Nc1ccc(C(=O)N2CCC[C@@H](O)c3cc(Cl)ccc32)c(C)c1,GYHCTFXIZSNGJT-XMMPIXPASA-N,True
DB00833,drugbank,[H][C@]12SCC(Cl)=C(N1C(=O)[C@H]2NC(=O)[C@H](N)C1=CC=CC=C1)C(O)=O,NC(C(=O)NC1C(=O)N2C(C(=O)O)=C(Cl)CSC12)c1ccccc1,N[C@@H](C(=O)N[C@@H]1C(=O)N2C(C(=O)O)=C(Cl)CS[C@H]12)c1ccccc1,QYIYFLOTGYLRGG-GPCCPHFNSA-N,True
DB00792,drugbank,CN(C)CCN(CC1=CC=CC=C1)C1=CC=CC=N1,CN(C)CCN(Cc1ccccc1)c1ccccn1,CN(C)CCN(Cc1ccccc1)c1ccccn1,UFLGIAIHIAPJJC-UHFFFAOYSA-N,True
DB01326,drugbank,[H][C@]12SCC(CSC3=NN=NN3C)=C(N1C(=O)[C@H]2NC(=O)[C@H](O)C1=CC=CC=C1)C(O)=O,Cn1nnnc1SCC1=C(C(=O)O)N2C(=O)C(NC(=O)C(O)c3ccccc3)C2SC1,Cn1nnnc1SCC1=C(C(=O)O)N2C(=O)[C@@H](NC(=O)[C@H](O)c3ccccc3)[C@H]2SC1,OLVCFLKTBJRLHI-AXAPSJFSSA-N,True
DB00920,drugbank,CN1CCC(CC1)=C1C2=C(SC=C2)C(=O)CC2=CC=CC=C12,CN1CCC(=C2c3ccccc3CC(=O)c3sccc32)CC1,CN1CCC(=C2c3ccccc3CC(=O)c3sccc32)CC1,ZCVMWBYGMWKGHF-UHFFFAOYSA-N,True
DB08800,drugbank,CN(C)CCN(CC1=CC=C(Cl)C=C1)C1=CC=CC=N1,CN(C)CCN(Cc1ccc(Cl)cc1)c1ccccn1,CN(C)CCN(Cc1ccc(Cl)cc1)c1ccccn1,ICKFFNBDFNZJSX-UHFFFAOYSA-N,True
DB00260,drugbank,N[C@@H]1CONC1=O,NC1CONC1=O,N[C@@H]1CONC1=O,DYDCUQKUCUHJBH-UWTATZPHSA-N,True
DB00885,drugbank,CC1=CC=CN2C(=O)C(=CN=C12)C1=NNN=N1,Cc1cccn2c(=O)c(-c3nn[nH]n3)cnc12,Cc1cccn2c(=O)c(-c3nn[nH]n3)cnc12,HIANJWSAHKJQTH-UHFFFAOYSA-N,True
DB00560,drugbank,[H][C@@]12CC3=C(C(O)=C(NC(=O)CNC(C)(C)C)C=C3N(C)C)C(=O)C1=C(O)[C@]1(O)C(=O)C(C(N)=O)=C(O)[C@@H](N(C)C)[C@]1([H])C2,CN(C)c1cc(NC(=O)CNC(C)(C)C)c(O)c2c1CC1CC3C(N(C)C)C(O)=C(C(N)=O)C(=O)C3(O)C(O)=C1C2=O,CN(C)c1cc(NC(=O)CNC(C)(C)C)c(O)c2c1C[C@H]1C[C@H]3[C@H](N(C)C)C(O)=C(C(N)=O)C(=O)[C@@]3(O)C(O)=C1C2=O,FPZLLRFZJZRHSY-HJYUBDRYSA-N,True
DB01598,drugbank,[H][C@]12CC(SCC\N=C\N)=C(N1C(=O)[C@]2([H])[C@@H](C)O)C(O)=O,CC(O)C1C(=O)N2C(C(=O)O)=C(SCCN=CN)CC12,C[C@@H](O)[C@H]1C(=O)N2C(C(=O)O)=C(SCC/N=C/N)C[C@H]12,ZSKVGTPCRGIANV-ZXFLCMHBSA-N,True
DB01140,drugbank,[H][C@]12SCC(C)=C(N1C(=O)[C@H]2NC(=O)[C@H](N)C1=CC=C(O)C=C1)C(O)=O,CC1=C(C(=O)O)N2C(=O)C(NC(=O)C(N)c3ccc(O)cc3)C2SC1,CC1=C(C(=O)O)N2C(=O)[C@@H](NC(=O)[C@H](N)c3ccc(O)cc3)[C@H]2SC1,BOEGTKLJZSQCCD-UEKVPHQBSA-N,True
DB00229,drugbank,[H][C@]12SCC(CSC3=NN=NN3CCN(C)C)=C(N1C(=O)[C@H]2NC(=O)CC1=CSC(N)=N1)C(O)=O,CN(C)CCn1nnnc1SCC1=C(C(=O)O)N2C(=O)C(NC(=O)Cc3csc(N)n3)C2SC1,CN(C)CCn1nnnc1SCC1=C(C(=O)O)N2C(=O)[C@@H](NC(=O)Cc3csc(N)n3)[C@H]2SC1,QYQDKDWGWDOFFU-IUODEOHRSA-N,True
DB00535,drugbank,[H][C@]12SCC(C=C)=C(N1C(=O)[C@H]2NC(=O)C(=N/O)\C1=CSC(N)=N1)C(O)=O,C=CC1=C(C(=O)O)N2C(=O)C(NC(=O)C(=NO)c3csc(N)n3)C2SC1,C=CC1=C(C(=O)O)N2C(=O)[C@@H](NC(=O)/C(=N\O)c3csc(N)n3)[C@H]2SC1,RTXOFQZKPXMALH-GHXIOONMSA-N,True
DB01327,drugbank,[H][C@]12SCC(CSC3=NN=C(C)S3)=C(N1C(=O)[C@H]2NC(=O)CN1C=NN=N1)C(O)=O,Cc1nnc(SCC2=C(C(=O)O)N3C(=O)C(NC(=O)Cn4cnnn4)C3SC2)s1,Cc1nnc(SCC2=C(C(=O)O)N3C(=O)[C@@H](NC(=O)Cn4cnnn4)[C@H]3SC2)s1,MLYYVTUWGNIJIB-BXKDBHETSA-N,True
DB00828,drugbank,C[C@@H]1O[C@@H]1P(O)(O)=O,CC1OC1P(=O)(O)O,C[C@@H]1O[C@@H]1P(=O)(O)O,YMDXZJFXQJVXBF-STHAYSLISA-N,True
DB08799,drugbank,C(N(CC1=CC=CC=C1)C1=CC=CC=C1)C1=NCCN1,c1ccc(CN(CC2=NCCN2)c2ccccc2)cc1,c1ccc(CN(CC2=NCCN2)c2ccccc2)cc1,REYFJDPCWQRWAA-UHFFFAOYSA-N,True
DB01084,drugbank,CCOCCN1C(=NC2=CC=CC=C12)N1CCCN(C)CC1,CCOCCn1c(N2CCCN(C)CC2)nc2ccccc21,CCOCCn1c(N2CCCN(C)CC2)nc2ccccc21,KBUZBQVCBVDWKX-UHFFFAOYSA-N,True
DB08801,drugbank,CC(C1=C(CCN(C)C)CC2=CC=CC=C12)C1=CC=CC=N1,CC(C1=C(CCN(C)C)Cc2ccccc21)c1ccccn1,CC(C1=C(CCN(C)C)Cc2ccccc21)c1ccccn1,MVMQESMQSYOVGV-UHFFFAOYSA-N,True
DB01291,drugbank,CC(C)(C)NCC(O)C1=NC(CO)=C(O)C=C1,CC(C)(C)NCC(O)c1ccc(O)c(CO)n1,CC(C)(C)NCC(O)c1ccc(O)c(CO)n1,VQDBNKDJNJQRDG-UHFFFAOYSA-N,True
DB01619,drugbank,CN1CCC2=C(C1)C(C1=CC=CC=C21)C1=CC=CC=C1,CN1CCC2=C(C1)C(c1ccccc1)c1ccccc12,CN1CCC2=C(C1)C(c1ccccc1)c1ccccc12,ISFHAYSTHMVOJR-UHFFFAOYSA-N,True
DB01414,drugbank,[H][C@]12SCC(COC(C)=O)=C(N1C(=O)[C@H]2NC(=O)CC#N)C(O)=O,CC(=O)OCC1=C(C(=O)O)N2C(=O)C(NC(=O)CC#N)C2SC1,CC(=O)OCC1=C(C(=O)O)N2C(=O)[C@@H](NC(=O)CC#N)[C@H]2SC1,RRYMAQUWDLIUPV-BXKDBHETSA-N,True
DB01332,drugbank,[H][C@]12SCC=C(N1C(=O)[C@H]2NC(=O)C(=N/OC)\C1=CSC(N)=N1)C(O)=O,CON=C(C(=O)NC1C(=O)N2C(C(=O)O)=CCSC12)c1csc(N)n1,CO/N=C(\C(=O)N[C@@H]1C(=O)N2C(C(=O)O)=CCS[C@H]12)c1csc(N)n1,NNULBSISHYWZJU-LLKWHZGFSA-N,True
DB09047,drugbank,[H][C@]12CN(C[C@]1([H])OCCN2)C1=C(F)C=C2C(=O)C(=CN(C3CC3)C2=C1C#N)C(O)=O,N#Cc1c(N2CC3NCCOC3C2)c(F)cc2c(=O)c(C(=O)O)cn(C3CC3)c12,N#Cc1c(N2C[C@@H]3NCCO[C@H]3C2)c(F)cc2c(=O)c(C(=O)O)cn(C3CC3)c12,FYMHQCNFKNMJAV-HOTGVXAUSA-N,True
DB00493,drugbank,[H][C@]12SCC(COC(C)=O)=C(N1C(=O)[C@H]2NC(=O)C(=N/OC)\C1=CSC(N)=N1)C(O)=O,CON=C(C(=O)NC1C(=O)N2C(C(=O)O)=C(COC(C)=O)CSC12)c1csc(N)n1,CO/N=C(\C(=O)N[C@@H]1C(=O)N2C(C(=O)O)=C(COC(C)=O)CS[C@H]12)c1csc(N)n1,GPRBEKHLDVQUJE-QSWIMTSFSA-N,True
DB00389,drugbank,CCOC(=O)N1C=CN(C)C1=S,CCOC(=O)n1ccn(C)c1=S,CCOC(=O)n1ccn(C)c1=S,CFOYWRHIYXMDOT-UHFFFAOYSA-N,True
DB00719,drugbank,CN1CCC(CC1)=C1C2=CC=CC=C2CCC2=C1N=CC=C2,CN1CCC(=C2c3ccccc3CCc3cccnc32)CC1,CN1CCC(=C2c3ccccc3CCc3cccnc32)CC1,SEBMTIQKRHYNIT-UHFFFAOYSA-N,True
DB00274,drugbank,[H][C@]12SCC(CSC3=NN=NN3C)=C(N1C(=O)[C@]2(NC(=O)CSCC#N)OC)C(O)=O,COC1(NC(=O)CSCC#N)C(=O)N2C(C(=O)O)=C(CSc3nnnn3C)CSC21,CO[C@@]1(NC(=O)CSCC#N)C(=O)N2C(C(=O)O)=C(CSc3nnnn3C)CS[C@@H]21,SNBUBQHDYVFSQF-HIFRSBDPSA-N,True
DB09060,drugbank,NC(=O)[C@@H]1CC[C@@H]2CN1C(=O)N2OS(O)(=O)=O,NC(=O)C1CCC2CN1C(=O)N2OS(=O)(=O)O,NC(=O)[C@@H]1CC[C@@H]2CN1C(=O)N2OS(=O)(=O)O,NDCUAPJVLWFHHB-UHNVWZDZSA-N,True
DB01212,drugbank,[H][C@]12SCC(CSC3=NC(=O)C(=O)NN3C)=C(N1C(=O)[C@H]2NC(=O)C(=N/OC)\C1=CSC(N)=N1)C(O)=O,CON=C(C(=O)NC1C(=O)N2C(C(=O)O)=C(CSc3nc(=O)c(=O)[nH]n3C)CSC12)c1csc(N)n1,CO/N=C(\C(=O)N[C@@H]1C(=O)N2C(C(=O)O)=C(CSc3nc(=O)c(=O)[nH]n3C)CS[C@H]12)c1csc(N)n1,VAAUVRVFOQPIGI-SPQHTLEESA-N,True
DB00561,drugbank,CCN1CC(CCN2CCOCC2)C(C1=O)(C1=CC=CC=C1)C1=CC=CC=C1,CCN1CC(CCN2CCOCC2)C(c2ccccc2)(c2ccccc2)C1=O,CCN1CC(CCN2CCOCC2)C(c2ccccc2)(c2ccccc2)C1=O,XFDJYSQDBULQSI-UHFFFAOYSA-N,True
DB01102,drugbank,O[C@@H](CNCCCCC1=CC=C(O)C=C1)C1=CC(O)=C(O)C=C1,Oc1ccc(CCCCNCC(O)c2ccc(O)c(O)c2)cc1,Oc1ccc(CCCCNC[C@H](O)c2ccc(O)c(O)c2)cc1,IIRWWTKISYTTBL-SFHVURJKSA-N,True
DB00221,drugbank,CCC(NC(C)C)C(O)C1=CC(O)=C(O)C=C1,CCC(NC(C)C)C(O)c1ccc(O)c(O)c1,CCC(NC(C)C)C(O)c1ccc(O)c(O)c1,HUYWAWARQUIQLE-UHFFFAOYSA-N,True
DB08957,drugbank,OC(CNCCCCCCNCC(O)C1=CC(O)=C(O)C=C1)C1=CC(O)=C(O)C=C1,Oc1ccc(C(O)CNCCCCCCNCC(O)c2ccc(O)c(O)c2)cc1O,Oc1ccc(C(O)CNCCCCCCNCC(O)c2ccc(O)c(O)c2)cc1O,OXLZNBCNGJWPRV-UHFFFAOYSA-N,True
DB13878,drugbank,CO[C@H](C)[C@H](NC(=O)OC)C(=O)N1CCC[C@H]1C1=NC2=C(N1)C=C(F)C(=C2)[C@H]1CC[C@@H](N1C1=CC(F)=C(N2CCC(CC2)C2=CC=C(F)C=C2)C(F)=C1)C1=CC2=C(NC(=N2)[C@@H]2CCCN2C(=O)[C@@H](NC(=O)OC)[C@@H](C)OC)C=C1F,COC(=O)NC(C(=O)N1CCCC1c1nc2cc(C3CCC(c4cc5nc(C6CCCN6C(=O)C(NC(=O)OC)C(C)OC)[nH]c5cc4F)N3c3cc(F)c(N4CCC(c5ccc(F)cc5)CC4)c(F)c3)c(F)cc2[nH]1)C(C)OC,COC(=O)N[C@H](C(=O)N1CCC[C@H]1c1nc2cc([C@H]3CC[C@H](c4cc5nc([C@@H]6CCCN6C(=O)[C@@H](NC(=O)OC)[C@@H](C)OC)[nH]c5cc4F)N3c3cc(F)c(N4CCC(c5ccc(F)cc5)CC4)c(F)c3)c(F)cc2[nH]1)[C@@H](C)OC,VJYSBPDEJWLKKJ-NLIMODCCSA-N,True
DB09027,drugbank,COC(=O)N[C@@H](C(C)C)C(=O)N1CC2(CC2)C[C@H]1C1=NC(=CN1)C1=CC=C2C3=CC=C(C=C3C(F)(F)C2=C1)C1=CC=C2NC(=NC2=C1)[C@@H]1[C@H]2CC[C@H](C2)N1C(=O)[C@@H](NC(=O)OC)C(C)C,COC(=O)NC(C(=O)N1CC2(CC2)CC1c1nc(-c2ccc3c(c2)C(F)(F)c2cc(-c4ccc5[nH]c(C6C7CCC(C7)N6C(=O)C(NC(=O)OC)C(C)C)nc5c4)ccc2-3)c[nH]1)C(C)C,COC(=O)N[C@H](C(=O)N1CC2(CC2)C[C@H]1c1nc(-c2ccc3c(c2)C(F)(F)c2cc(-c4ccc5[nH]c([C@@H]6[C@H]7CC[C@H](C7)N6C(=O)[C@@H](NC(=O)OC)C(C)C)nc5c4)ccc2-3)c[nH]1)C(C)C,VRTWBAAJJOHBQU-KMWAZVGDSA-N,True
DB06480,drugbank,COCCCN1CCC(CC1)NC(=O)C1=C2OCCC2=C(N)C(Cl)=C1,COCCCN1CCC(NC(=O)c2cc(Cl)c(N)c3c2OCC3)CC1,COCCCN1CCC(NC(=O)c2cc(Cl)c(N)c3c2OCC3)CC1,ZPMNHBXQOOVQJL-UHFFFAOYSA-N,True
DB01411,drugbank,O=C(NC1=C2OC(=CC(=O)C2=CC=C1)C1=NNN=N1)C1=CC=C(OCCCCC2=CC=CC=C2)C=C1,O=C(Nc1cccc2c(=O)cc(-c3nn[nH]n3)oc12)c1ccc(OCCCCc2ccccc2)cc1,O=C(Nc1cccc2c(=O)cc(-c3nn[nH]n3)oc12)c1ccc(OCCCCc2ccccc2)cc1,NBQKINXMPLXUET-UHFFFAOYSA-N,True
DB00364,drugbank,O.O[Al](O)O.O[Al](O)OS(=O)(=O)OC[C@H]1O[C@@](COS(=O)(=O)O[Al](O)O)(O[C@H]2O[C@H](COS(=O)(=O)O[Al](O)O)[C@@H](OS(=O)(=O)O[Al](O)O)[C@H](OS(=O)(=O)O[Al](O)O)[C@H]2OS(=O)(=O)O[Al](O)O)[C@@H](OS(=O)(=O)O[Al](O)O)[C@@H]1OS(=O)(=O)O[Al](O)O,O.O=S(=O)(OCC1OC(OC2(COS(=O)(=O)O[Al](O)O)OC(COS(=O)(=O)O[Al](O)O)C(OS(=O)(=O)O[Al](O)O)C2OS(=O)(=O)O[Al](O)O)C(OS(=O)(=O)O[Al](O)O)C(OS(=O)(=O)O[Al](O)O)C1OS(=O)(=O)O[Al](O)O)O[Al](O)O.O[Al](O)O,O.O=S(=O)(OC[C@H]1O[C@@](COS(=O)(=O)O[Al](O)O)(O[C@H]2O[C@H](COS(=O)(=O)O[Al](O)O)[C@@H](OS(=O)(=O)O[Al](O)O)[C@H](OS(=O)(=O)O[Al](O)O)[C@H]2OS(=O)(=O)O[Al](O)O)[C@@H](OS(=O)(=O)O[Al](O)O)[C@@H]1OS(=O)(=O)O[Al](O)O)O[Al](O)O.O[Al](O)O,IPLJAZDIICJQEL-JTJNLBSYSA-A,True
DB06817,drugbank,CN1C(=O)C(O)=C(N=C1C(C)(C)NC(=O)C1=NN=C(C)O1)C(=O)NCC1=CC=C(F)C=C1,Cc1nnc(C(=O)NC(C)(C)c2nc(C(=O)NCc3ccc(F)cc3)c(O)c(=O)n2C)o1,Cc1nnc(C(=O)NC(C)(C)c2nc(C(=O)NCc3ccc(F)cc3)c(O)c(=O)n2C)o1,CZFFBEXEKNGXKS-UHFFFAOYSA-N,True
DB06218,drugbank,COC[C@@H](NC(C)=O)C(=O)NCC1=CC=CC=C1,COCC(NC(C)=O)C(=O)NCc1ccccc1,COC[C@@H](NC(C)=O)C(=O)NCc1ccccc1,VPPJLAIAVCUEMN-GFCCVEGCSA-N,True
DB13146,drugbank,N[C@]1(C[C@H]([18F])C1)C(O)=O,NC1(C(=O)O)CC(F)C1,N[C@]1(C(=O)O)C[C@@H]([18F])C1,NTEDWGYJNHZKQW-DGMDOPGDSA-N,True
DB13153,drugbank,[H][C@@]1(CCC(C)=CC1)[C@@](C)(O)CCC=C(C)C,CC(C)=CCCC(C)(O)C1CC=C(C)CC1,CC(C)=CCC[C@](C)(O)[C@@H]1CC=C(C)CC1,RGZSQWQPBWRIAQ-CABCVRRESA-N,True
DB09161,drugbank,[Tc+].COC(C)(C)C[N+]#[C-].COC(C)(C)C[N+]#[C-].COC(C)(C)C[N+]#[C-].COC(C)(C)C[N+]#[C-].COC(C)(C)C[N+]#[C-].COC(C)(C)C[N+]#[C-],[C-]#[N+]CC(C)(C)OC.[C-]#[N+]CC(C)(C)OC.[C-]#[N+]CC(C)(C)OC.[C-]#[N+]CC(C)(C)OC.[C-]#[N+]CC(C)(C)OC.[C-]#[N+]CC(C)(C)OC.[Tc+],[C-]#[N+]CC(C)(C)OC.[C-]#[N+]CC(C)(C)OC.[C-]#[N+]CC(C)(C)OC.[C-]#[N+]CC(C)(C)OC.[C-]#[N+]CC(C)(C)OC.[C-]#[N+]CC(C)(C)OC.[Tc+],ZBTQTVSNLRPJHI-UHFFFAOYSA-N,True
DB08930,drugbank,[H][C@]12CN3C=C(C(=O)NCC4=CC=C(F)C=C4F)C(=O)C(O)=C3C(=O)N1[C@H](C)CCO2,CC1CCOC2Cn3cc(C(=O)NCc4ccc(F)cc4F)c(=O)c(O)c3C(=O)N12,C[C@@H]1CCO[C@H]2Cn3cc(C(=O)NCc4ccc(F)cc4F)c(=O)c(O)c3C(=O)N12,RHWKPHLQXYSBKR-BMIGLBTASA-N,True
DB13879,drugbank,[H][C@@]12CN(C(=O)[C@@]([H])(NC(=O)O[C@]3([H])CCC[C@@]3([H])OC\C=C\C(F)(F)C3=NC4=C(C=CC=C4)N=C3O1)C(C)(C)C)[C@@]([H])(C2)C(=O)N[C@@]1(C[C@H]1C(F)F)C(=O)NS(=O)(=O)C1(C)CC1,CC(C)(C)C1NC(=O)OC2CCCC2OCC=CC(F)(F)c2nc3ccccc3nc2OC2CC(C(=O)NC3(C(=O)NS(=O)(=O)C4(C)CC4)CC3C(F)F)N(C2)C1=O,CC(C)(C)[C@@H]1NC(=O)O[C@@H]2CCC[C@H]2OC/C=C/C(F)(F)c2nc3ccccc3nc2O[C@@H]2C[C@@H](C(=O)N[C@]3(C(=O)NS(=O)(=O)C4(C)CC4)C[C@H]3C(F)F)N(C2)C1=O,MLSQGNCUYAMAHD-ITNVBOSISA-N,True
DB09137,drugbank,[99Tc].[H]OC(=O)C([H])([H])N(C([H])([H])C(=O)O[H])C([H])([H])C(=O)N([H])C1=C(C(Br)=C(C([H])=C1C([H])([H])[H])C([H])([H])[H])C([H])([H])[H],Cc1cc(C)c(NC(=O)CN(CC(=O)O)CC(=O)O)c(C)c1Br.[Tc],Cc1cc(C)c(NC(=O)CN(CC(=O)O)CC(=O)O)c(C)c1Br.[99Tc],JLJSYHOPCNWUNE-IEOVAKBOSA-N,True
DB00787,drugbank,NC1=NC(=O)C2=C(N1)N(COCCO)C=N2,Nc1nc(=O)c2ncn(COCCO)c2[nH]1,Nc1nc(=O)c2ncn(COCCO)c2[nH]1,MKUXAQIIEYXACX-UHFFFAOYSA-N,True
DB08884,drugbank,[Gd+3].[H][C@@](CN(CCN(CC([O-])=O)CC([O-])=O)CC([O-])=O)(CC1=CC=C(OCC)C=C1)N(CC(O)=O)CC(O)=O,CCOc1ccc(CC(CN(CCN(CC(=O)[O-])CC(=O)[O-])CC(=O)[O-])N(CC(=O)O)CC(=O)O)cc1.[Gd+3],CCOc1ccc(C[C@@H](CN(CCN(CC(=O)[O-])CC(=O)[O-])CC(=O)[O-])N(CC(=O)O)CC(=O)O)cc1.[Gd+3],PCZHWPSNPWAQNF-LMOVPXPDSA-K,True
DB00900,drugbank,OC[C@@H]1CC[C@@H](O1)N1C=NC2=C1NC=NC2=O,O=c1nc[nH]c2c1ncn2C1CCC(CO)O1,O=c1nc[nH]c2c1ncn2[C@H]1CC[C@@H](CO)O1,BXZVVICBKDXVGW-NKWVEPMBSA-N,True
DB11943,drugbank,NC1=NC(N2C=C(C(O)=O)C(=O)C3=CC(F)=C(N4CC(O)C4)C(Cl)=C23)=C(F)C=C1F,Nc1nc(-n2cc(C(=O)O)c(=O)c3cc(F)c(N4CC(O)C4)c(Cl)c32)c(F)cc1F,Nc1nc(-n2cc(C(=O)O)c(=O)c3cc(F)c(N4CC(O)C4)c(Cl)c32)c(F)cc1F,DYDCPNMLZGFQTM-UHFFFAOYSA-N,True
DB00369,drugbank,NC1=NC(=O)N(C[C@@H](CO)OCP(O)(O)=O)C=C1,Nc1ccn(CC(CO)OCP(=O)(O)O)c(=O)n1,Nc1ccn(C[C@@H](CO)OCP(=O)(O)O)c(=O)n1,VWFCHDSQECPREK-LURJTMIESA-N,True
DB06211,drugbank,[H][C@]12[C@@H](C)C(S[C@@H]3CN[C@H](CNS(N)(=O)=O)C3)=C(N1C(=O)[C@]2([H])[C@@H](C)O)C(O)=O,CC(O)C1C(=O)N2C(C(=O)O)=C(SC3CNC(CNS(N)(=O)=O)C3)C(C)C12,C[C@@H](O)[C@H]1C(=O)N2C(C(=O)O)=C(S[C@@H]3CN[C@H](CNS(N)(=O)=O)C3)[C@H](C)[C@H]12,AVAACINZEOAHHE-VFZPANTDSA-N,True
DB01083,drugbank,CCCCCCCCCCC[C@@H](C[C@@H]1OC(=O)[C@H]1CCCCCC)OC(=O)[C@H](CC(C)C)NC=O,CCCCCCCCCCCC(CC1OC(=O)C1CCCCCC)OC(=O)C(CC(C)C)NC=O,CCCCCCCCCCC[C@@H](C[C@@H]1OC(=O)[C@H]1CCCCCC)OC(=O)[C@H](CC(C)C)NC=O,AHLBNYSZXLDEJQ-FWEHEUNISA-N,True
DB06767,drugbank,[NH4+].[Cl-],[Cl-].[NH4+],[Cl-].[NH4+],NLXLAEXVIDQMFP-UHFFFAOYSA-N,True
DB01609,drugbank,OC(=O)C1=CC=C(C=C1)N1N=C(N=C1C1=CC=CC=C1O)C1=CC=CC=C1O,O=C(O)c1ccc(-n2nc(-c3ccccc3O)nc2-c2ccccc2O)cc1,O=C(O)c1ccc(-n2nc(-c3ccccc3O)nc2-c2ccccc2O)cc1,BOFQWVMAQOTZIW-UHFFFAOYSA-N,True
DB06792,drugbank,[La+3].[La+3].[O-]C([O-])=O.[O-]C([O-])=O.[O-]C([O-])=O,O=C([O-])[O-].O=C([O-])[O-].O=C([O-])[O-].[La+3].[La+3],O=C([O-])[O-].O=C([O-])[O-].O=C([O-])[O-].[La+3].[La+3],NZPIUJUFIFZSPW-UHFFFAOYSA-H,True
DB09267,drugbank,[Sr++].[Sr++].[O-]C(=O)CN(CC([O-])=O)C1=C(C#N)C(CC([O-])=O)=C(S1)C([O-])=O,N#Cc1c(N(CC(=O)[O-])CC(=O)[O-])sc(C(=O)[O-])c1CC(=O)[O-].[Sr+2].[Sr+2],N#Cc1c(N(CC(=O)[O-])CC(=O)[O-])sc(C(=O)[O-])c1CC(=O)[O-].[Sr+2].[Sr+2],XXUZFRDUEGQHOV-UHFFFAOYSA-J,True
DB09221,drugbank,NCCC(=O)N1[Zn]OC(=O)[C@@H]1CC1=CN=CN1,NCCC(=O)N1[Zn]OC(=O)C1Cc1cnc[nH]1,NCCC(=O)N1[Zn]OC(=O)[C@@H]1Cc1cnc[nH]1,IGXZLYMCFZHNKW-FJXQXJEOSA-L,True
DB06206,drugbank,O[C@@H]1[C@@H](O)[C@@H]2O[C@H]3O[C@H](CSCCC(O)=O)[C@@H](O[C@H]4O[C@H](CSCCC(O)=O)[C@@H](O[C@H]5O[C@H](CSCCC(O)=O)[C@@H](O[C@H]6O[C@H](CSCCC(O)=O)[C@@H](O[C@H]7O[C@H](CSCCC(O)=O)[C@@H](O[C@H]8O[C@H](CSCCC(O)=O)[C@@H](O[C@H]9O[C@H](CSCCC(O)=O)[C@@H](O[C@H]1O[C@@H]2CSCCC(O)=O)[C@H](O)[C@H]9O)[C@H](O)[C@H]8O)[C@H](O)[C@H]7O)[C@H](O)[C@H]6O)[C@H](O)[C@H]5O)[C@H](O)[C@H]4O)[C@H](O)[C@H]3O,O=C(O)CCSCC1OC2OC3C(CSCCC(=O)O)OC(OC4C(CSCCC(=O)O)OC(OC5C(CSCCC(=O)O)OC(OC6C(CSCCC(=O)O)OC(OC7C(CSCCC(=O)O)OC(OC8C(CSCCC(=O)O)OC(OC9C(CSCCC(=O)O)OC(OC1C(O)C2O)C(O)C9O)C(O)C8O)C(O)C7O)C(O)C6O)C(O)C5O)C(O)C4O)C(O)C3O,O=C(O)CCSC[C@H]1O[C@@H]2O[C@H]3[C@H](O)[C@@H](O)[C@@H](O[C@H]4[C@H](O)[C@@H](O)[C@@H](O[C@H]5[C@H](O)[C@@H](O)[C@@H](O[C@H]6[C@H](O)[C@@H](O)[C@@H](O[C@H]7[C@H](O)[C@@H](O)[C@@H](O[C@H]8[C@H](O)[C@@H](O)[C@@H](O[C@H]9[C@H](O)[C@@H](O)[C@@H](O[C@H]1[C@H](O)[C@H]2O)O[C@@H]9CSCCC(=O)O)O[C@@H]8CSCCC(=O)O)O[C@@H]7CSCCC(=O)O)O[C@@H]6CSCCC(=O)O)O[C@@H]5CSCCC(=O)O)O[C@@H]4CSCCC(=O)O)O[C@@H]3CSCCC(=O)O,WHRODDIHRRDWEW-VTHZAVIASA-N,True
DB01378,drugbank,[Mg++],[Mg+2],[Mg+2],JLVVSXFLKOJNIY-UHFFFAOYSA-N,True
DB01294,drugbank,O[Bi]1OC(=O)C2=CC=CC=C2O1,O=C1O[Bi](O)Oc2ccccc21,O=C1O[Bi](O)Oc2ccccc21,ZREIPSZUJIFJNP-UHFFFAOYSA-K,True
DB09130,drugbank,[Cu],[Cu],[Cu],RYGMFSIKBFXOCR-UHFFFAOYSA-N,True
DB09321,drugbank,O=[Zn],O=[Zn],O=[Zn],XLOMVQKBTHCTTD-UHFFFAOYSA-N,True
DB00769,drugbank,[H][C@@]12CC[C@](O)(C(=O)COC(=O)CN(CC)CC)[C@@]1(C)C[C@H](O)[C@@]1([H])[C@@]2([H])CCC2=CC(=O)CC[C@]12C,CCN(CC)CC(=O)OCC(=O)C1(O)CCC2C3CCC4=CC(=O)CCC4(C)C3C(O)CC21C,CCN(CC)CC(=O)OCC(=O)[C@@]1(O)CC[C@H]2[C@@H]3CCC4=CC(=O)CC[C@]4(C)[C@H]3[C@@H](O)C[C@@]21C,FWFVLWGEFDIZMJ-FOMYWIRZSA-N,True
DB01575,drugbank,O.O.[Al+3].[Al+3].[O-][Si]([O-])([O-])O[Si]([O-])([O-])[O-],O.O.[Al+3].[Al+3].[O-][Si]([O-])([O-])O[Si]([O-])([O-])[O-],O.O.[Al+3].[Al+3].[O-][Si]([O-])([O-])O[Si]([O-])([O-])[O-],KGOIAFZMMLWXLM-UHFFFAOYSA-N,True
DB09087,drugbank,[Al+3].[K+].[O-]S([O-])(=O)=O.[O-]S([O-])(=O)=O,O=S(=O)([O-])[O-].O=S(=O)([O-])[O-].[Al+3].[K+],O=S(=O)([O-])[O-].O=S(=O)([O-])[O-].[Al+3].[K+],GRLPQNLYRHEGIJ-UHFFFAOYSA-J,True
DB00152,drugbank,CC1=C(CCO)SC=[N+]1CC1=CN=C(C)N=C1N,Cc1ncc(C[n+]2csc(CCO)c2C)c(N)n1,Cc1ncc(C[n+]2csc(CCO)c2C)c(N)n1,JZRWCGZRTZMZEH-UHFFFAOYSA-N,True
DB00856,drugbank,OCC(O)COC1=CC=C(Cl)C=C1,OCC(O)COc1ccc(Cl)cc1,OCC(O)COc1ccc(Cl)cc1,MXOAEAUPQDYUQM-UHFFFAOYSA-N,True
DB00658,drugbank,NCC=C.ClCC1CO1,C=CCN.ClCC1CO1,C=CCN.ClCC1CO1,ZNSIZMQNQCNRBW-UHFFFAOYSA-N,True
DB00163,drugbank,CC(C)CCC[C@@H](C)CCC[C@@H](C)CCC[C@]1(C)CCC2=C(O1)C(C)=C(C)C(O)=C2C,Cc1c(C)c2c(c(C)c1O)CCC(C)(CCCC(C)CCCC(C)CCCC(C)C)O2,Cc1c(C)c2c(c(C)c1O)CC[C@@](C)(CCC[C@H](C)CCC[C@H](C)CCCC(C)C)O2,GVJHHUAWPYXKBD-IEOSBIPESA-N,True
DB00142,drugbank,N[C@@H](CCC(O)=O)C(O)=O,NC(CCC(=O)O)C(=O)O,N[C@@H](CCC(=O)O)C(=O)O,WHUUTDBJXJRKMK-VKHMYHEASA-N,True
DB11135,drugbank,[Se],[Se],[Se],BUGBHKTXTAQXES-UHFFFAOYSA-N,True
DB09322,drugbank,[Zn++].[O-]S([O-])(=O)=O,O=S(=O)([O-])[O-].[Zn+2],O=S(=O)([O-])[O-].[Zn+2],NWONKYPBYAMBJT-UHFFFAOYSA-L,True
DB11239,drugbank,[Al+3].[Al+3].[O-]S([O-])(=O)=O.[O-]S([O-])(=O)=O.[O-]S([O-])(=O)=O,O=S(=O)([O-])[O-].O=S(=O)([O-])[O-].O=S(=O)([O-])[O-].[Al+3].[Al+3],O=S(=O)([O-])[O-].O=S(=O)([O-])[O-].O=S(=O)([O-])[O-].[Al+3].[Al+3],DIZPMCHEQGEION-UHFFFAOYSA-H,True
DB11342,drugbank,[O--].[O--].[O--].[Al+3].[Al+3],[Al+3].[Al+3].[O-2].[O-2].[O-2],[Al+3].[Al+3].[O-2].[O-2].[O-2],PNEYBMLMFCGWSK-UHFFFAOYSA-N,True
DB11136,drugbank,[Cr],[Cr],[Cr],VYZAMTAEIAYCRO-UHFFFAOYSA-N,True
DB06800,drugbank,C[N@+]1(CC2CC2)CC[C@]23[C@H]4OC5=C(O)C=CC(C[C@@H]1[C@]2(O)CCC4=O)=C35,C[N+]1(CC2CC2)CCC23c4c5ccc(O)c4OC2C(=O)CCC3(O)C1C5,C[N@+]1(CC2CC2)CC[C@]23c4c5ccc(O)c4O[C@H]2C(=O)CC[C@@]3(O)[C@H]1C5,JVLBPIPGETUEET-WIXLDOGYSA-O,True
DB03796,drugbank,CCCCCCCCCCCCCCCC(O)=O,CCCCCCCCCCCCCCCC(=O)O,CCCCCCCCCCCCCCCC(=O)O,IPCSVZSSVZVIGE-UHFFFAOYSA-N,True
DB04854,drugbank,CC(C)COC1=C(C=C(C=C1)C1=NC(C)=C(S1)C(O)=O)C#N,Cc1nc(-c2ccc(OCC(C)C)c(C#N)c2)sc1C(=O)O,Cc1nc(-c2ccc(OCC(C)C)c(C#N)c2)sc1C(=O)O,BQSJTQLCZDPROO-UHFFFAOYSA-N,True
DB01096,drugbank,CC(C)NCC1CCC2=CC(CO)=C(C=C2N1)[N+]([O-])=O,CC(C)NCC1CCc2cc(CO)c([N+](=O)[O-])cc2N1,CC(C)NCC1CCc2cc(CO)c([N+](=O)[O-])cc2N1,XCGYUJZMCCFSRP-UHFFFAOYSA-N,True
DB09257,drugbank,OC1=CC(=O)NC=C1Cl,O=c1cc(O)c(Cl)c[nH]1,O=c1cc(O)c(Cl)c[nH]1,ZPLQIPFOCGIIHV-UHFFFAOYSA-N,True
DB11994,drugbank,CC(=O)OC1=CC=CC2=C1C(=O)C1=C(OC(C)=O)C=C(C=C1C2=O)C(O)=O,CC(=O)Oc1cccc2c1C(=O)c1c(OC(C)=O)cc(C(=O)O)cc1C2=O,CC(=O)Oc1cccc2c1C(=O)c1c(OC(C)=O)cc(C(=O)O)cc1C2=O,TYNLGDBUJLVSMA-UHFFFAOYSA-N,True
DB09462,drugbank,OCC(O)CO,OCC(O)CO,OCC(O)CO,PEDCQBHIVMGVHV-UHFFFAOYSA-N,True
DB05528,drugbank,COCCO[C@@H]1[C@H](O)[C@@H](COP(S)(=O)O[C@@H]2[C@@H](COP(S)(=O)O[C@@H]3[C@@H](COP(S)(=O)O[C@@H]4[C@@H](COP(S)(=O)O[C@@H]5[C@@H](COP(S)(=O)O[C@H]6C[C@@H](O[C@@H]6COP(S)(=O)O[C@H]6C[C@@H](O[C@@H]6COP(S)(=O)O[C@H]6C[C@@H](O[C@@H]6COP(S)(=O)O[C@H]6C[C@@H](O[C@@H]6COP(S)(=O)O[C@H]6C[C@@H](O[C@@H]6COP(S)(=O)O[C@H]6C[C@@H](O[C@@H]6COP(S)(=O)O[C@H]6C[C@@H](O[C@@H]6COP(S)(=O)O[C@H]6C[C@@H](O[C@@H]6COP(S)(=O)O[C@H]6C[C@@H](O[C@@H]6COP(S)(=O)O[C@H]6C[C@@H](O[C@@H]6COP(S)(=O)O[C@@H]6[C@@H](COP(S)(=O)O[C@@H]7[C@@H](COP(S)(=O)O[C@@H]8[C@@H](COP(S)(=O)O[C@@H]9[C@@H](COP(S)(=O)O[C@@H]%10[C@@H](CO)O[C@H]([C@@H]%10OCCOC)N%10C=NC%11=C%10N=C(N)NC%11=O)O[C@H]([C@@H]9OCCOC)N9C=C(C)C(N)=NC9=O)O[C@H]([C@@H]8OCCOC)N8C=C(C)C(N)=NC8=O)O[C@H]([C@@H]7OCCOC)N7C=C(C)C(=O)NC7=O)O[C@H]([C@@H]6OCCOC)N6C=C(C)C(N)=NC6=O)N6C=NC7=C6N=CN=C7N)N6C=NC7=C6N=C(N)NC7=O)N6C=C(C)C(=O)NC6=O)N6C=C(C)C(N)=NC6=O)N6C=C(C)C(=O)NC6=O)N6C=NC7=C6N=C(N)NC7=O)N6C=C(C)C(N)=NC6=O)N6C=C(C)C(=O)NC6=O)N6C=C(C)C(=O)NC6=O)N6C=C(C)C(N)=NC6=O)O[C@H]([C@@H]5OCCOC)N5C=NC6=C5N=C(N)NC6=O)O[C@H]([C@@H]4OCCOC)N4C=C(C)C(N)=NC4=O)O[C@H]([C@@H]3OCCOC)N3C=NC4=C3N=CN=C4N)O[C@H]([C@@H]2OCCOC)N2C=C(C)C(N)=NC2=O)O[C@H]1N1C=C(C)C(N)=NC1=O,COCCOC1C(O)C(COP(=O)(S)OC2C(COP(=O)(S)OC3C(COP(=O)(S)OC4C(COP(=O)(S)OC5C(COP(=O)(S)OC6CC(n7cc(C)c(N)nc7=O)OC6COP(=O)(S)OC6CC(n7cc(C)c(=O)[nH]c7=O)OC6COP(=O)(S)OC6CC(n7cc(C)c(=O)[nH]c7=O)OC6COP(=O)(S)OC6CC(n7cc(C)c(N)nc7=O)OC6COP(=O)(S)OC6CC(n7cnc8c(=O)[nH]c(N)nc87)OC6COP(=O)(S)OC6CC(n7cc(C)c(=O)[nH]c7=O)OC6COP(=O)(S)OC6CC(n7cc(C)c(N)nc7=O)OC6COP(=O)(S)OC6CC(n7cc(C)c(=O)[nH]c7=O)OC6COP(=O)(S)OC6CC(n7cnc8c(=O)[nH]c(N)nc87)OC6COP(=O)(S)OC6CC(n7cnc8c(N)ncnc87)OC6COP(=O)(S)OC6C(COP(=O)(S)OC7C(COP(=O)(S)OC8C(COP(=O)(S)OC9C(COP(=O)(S)OC%10C(CO)OC(n%11cnc%12c(=O)[nH]c(N)nc%12%11)C%10OCCOC)OC(n%10cc(C)c(N)nc%10=O)C9OCCOC)OC(n9cc(C)c(N)nc9=O)C8OCCOC)OC(n8cc(C)c(=O)[nH]c8=O)C7OCCOC)OC(n7cc(C)c(N)nc7=O)C6OCCOC)OC(n6cnc7c(=O)[nH]c(N)nc76)C5OCCOC)OC(n5cc(C)c(N)nc5=O)C4OCCOC)OC(n4cnc5c(N)ncnc54)C3OCCOC)OC(n3cc(C)c(N)nc3=O)C2OCCOC)OC1n1cc(C)c(N)nc1=O,COCCO[C@@H]1[C@H](O)[C@@H](COP(=O)(S)O[C@H]2[C@@H](OCCOC)[C@H](n3cc(C)c(N)nc3=O)O[C@@H]2COP(=O)(S)O[C@H]2[C@@H](OCCOC)[C@H](n3cnc4c(N)ncnc43)O[C@@H]2COP(=O)(S)O[C@H]2[C@@H](OCCOC)[C@H](n3cc(C)c(N)nc3=O)O[C@@H]2COP(=O)(S)O[C@H]2[C@@H](OCCOC)[C@H](n3cnc4c(=O)[nH]c(N)nc43)O[C@@H]2COP(=O)(S)O[C@H]2C[C@H](n3cc(C)c(N)nc3=O)O[C@@H]2COP(=O)(S)O[C@H]2C[C@H](n3cc(C)c(=O)[nH]c3=O)O[C@@H]2COP(=O)(S)O[C@H]2C[C@H](n3cc(C)c(=O)[nH]c3=O)O[C@@H]2COP(=O)(S)O[C@H]2C[C@H](n3cc(C)c(N)nc3=O)O[C@@H]2COP(=O)(S)O[C@H]2C[C@H](n3cnc4c(=O)[nH]c(N)nc43)O[C@@H]2COP(=O)(S)O[C@H]2C[C@H](n3cc(C)c(=O)[nH]c3=O)O[C@@H]2COP(=O)(S)O[C@H]2C[C@H](n3cc(C)c(N)nc3=O)O[C@@H]2COP(=O)(S)O[C@H]2C[C@H](n3cc(C)c(=O)[nH]c3=O)O[C@@H]2COP(=O)(S)O[C@H]2C[C@H](n3cnc4c(=O)[nH]c(N)nc43)O[C@@H]2COP(=O)(S)O[C@H]2C[C@H](n3cnc4c(N)ncnc43)O[C@@H]2COP(=O)(S)O[C@H]2[C@@H](OCCOC)[C@H](n3cc(C)c(N)nc3=O)O[C@@H]2COP(=O)(S)O[C@H]2[C@@H](OCCOC)[C@H](n3cc(C)c(=O)[nH]c3=O)O[C@@H]2COP(=O)(S)O[C@H]2[C@@H](OCCOC)[C@H](n3cc(C)c(N)nc3=O)O[C@@H]2COP(=O)(S)O[C@H]2[C@@H](OCCOC)[C@H](n3cc(C)c(N)nc3=O)O[C@@H]2COP(=O)(S)O[C@H]2[C@@H](OCCOC)[C@H](n3cnc4c(=O)[nH]c(N)nc43)O[C@@H]2CO)O[C@H]1n1cc(C)c(N)nc1=O,XLTMQWVJFPYGMC-QVKFEXRMSA-N,True
DB01048,drugbank,NC1=NC2=C(N=CN2[C@@H]2C[C@H](CO)C=C2)C(NC2CC2)=N1,Nc1nc(NC2CC2)c2ncn(C3C=CC(CO)C3)c2n1,Nc1nc(NC2CC2)c2ncn([C@H]3C=C[C@@H](CO)C3)c2n1,MCGSCOLBFJQGHM-SCZZXKLOSA-N,True
DB00879,drugbank,NC1=NC(=O)N(C=C1F)[C@@H]1CS[C@H](CO)O1,Nc1nc(=O)n(C2CSC(CO)O2)cc1F,Nc1nc(=O)n([C@@H]2CS[C@H](CO)O2)cc1F,XQSPYNMVSIKCOC-NTSWFWBYSA-N,True
DB00442,drugbank,NC1=NC(=O)C2=C(N1)N(C=N2)[C@H]1C[C@H](O)[C@@H](CO)C1=C,C=C1C(CO)C(O)CC1n1cnc2c(=O)nc(N)[nH]c21,C=C1[C@H](CO)[C@@H](O)C[C@@H]1n1cnc2c(=O)nc(N)[nH]c21,QDGZDCVAUDNJFG-FXQIFTODSA-N,True
DB00302,drugbank,NC[C@H]1CC[C@@H](CC1)C(O)=O,NCC1CCC(C(=O)O)CC1,NC[C@H]1CC[C@H](C(=O)O)CC1,GYDJEQRTZSCIOI-LJGSYFOKSA-N,True
DB00513,drugbank,NCCCCCC(O)=O,NCCCCCC(=O)O,NCCCCCC(=O)O,SLXKOJJOQWFEFD-UHFFFAOYSA-N,True
DB01022,drugbank,CC(C)CCC[C@@H](C)CCC[C@@H](C)CCC\C(C)=C\CC1=C(C)C(=O)C2=C(C=CC=C2)C1=O,CC(=CCC1=C(C)C(=O)c2ccccc2C1=O)CCCC(C)CCCC(C)CCCC(C)C,CC1=C(C/C=C(\C)CCC[C@H](C)CCC[C@H](C)CCCC(C)C)C(=O)c2ccccc2C1=O,MBWXNTAXLNYFJB-NKFFZRIASA-N,True
DB08804,drugbank,[H][C@@]12CC[C@H](OC(=O)CCCCCCCCC)[C@@]1(C)CC[C@]1([H])[C@@]3([H])CCC(=O)C=C3CC[C@@]21[H],CCCCCCCCCC(=O)OC1CCC2C3CCC4=CC(=O)CCC4C3CCC12C,CCCCCCCCCC(=O)O[C@H]1CC[C@H]2[C@@H]3CCC4=CC(=O)CC[C@@H]4[C@H]3CC[C@]12C,JKWKMORAXJQQSR-MOPIKTETSA-N,True
DB06718,drugbank,[H][C@@]12CC[C@](C)(O)[C@@]1(C)CC[C@@]1([H])[C@@]2([H])CC[C@@]2([H])CC3=NNC=C3C[C@]12C,CC12Cc3c[nH]nc3CC1CCC1C2CCC2(C)C1CCC2(C)O,C[C@]12Cc3c[nH]nc3C[C@@H]1CC[C@@H]1[C@@H]2CC[C@@]2(C)[C@H]1CC[C@]2(C)O,LKAJKIOFIWVMDJ-IYRCEVNGSA-N,True
DB01185,drugbank,[H][C@@]12CC[C@](C)(O)[C@@]1(C)C[C@H](O)[C@@]1(F)[C@@]2([H])CCC2=CC(=O)CC[C@]12C,CC1(O)CCC2C3CCC4=CC(=O)CCC4(C)C3(F)C(O)CC21C,C[C@]1(O)CC[C@H]2[C@@H]3CCC4=CC(=O)CC[C@]4(C)[C@@]3(F)[C@@H](O)C[C@@]21C,YLRFCQOZQXIBAB-RBZZARIASA-N,True
DB00583,drugbank,C[N+](C)(C)C[C@H](O)CC([O-])=O,C[N+](C)(C)CC(O)CC(=O)[O-],C[N+](C)(C)C[C@H](O)CC(=O)[O-],PHIQHXFUZVPYII-ZCFIWIBFSA-N,True
DB00621,drugbank,[H][C@@]12CC[C@](C)(O)[C@@]1(C)CC[C@@]1([H])[C@@]2([H])CC[C@@]2([H])CC(=O)OC[C@]12C,CC12COC(=O)CC1CCC1C2CCC2(C)C1CCC2(C)O,C[C@]12COC(=O)C[C@@H]1CC[C@@H]1[C@@H]2CC[C@@]2(C)[C@H]1CC[C@]2(C)O,QSLJIVKCVHQPLV-PEMPUTJUSA-N,True
DB00577,drugbank,CC(C)[C@H](N)C(=O)OCCOCN1C=NC2=C1NC(N)=NC2=O,CC(C)C(N)C(=O)OCCOCn1cnc2c(=O)nc(N)[nH]c21,CC(C)[C@H](N)C(=O)OCCOCn1cnc2c(=O)nc(N)[nH]c21,HDOVUKNUBWVHOX-QMMMGPOBSA-N,True
DB00640,drugbank,NC1=C2N=CN([C@@H]3O[C@H](CO)[C@@H](O)[C@H]3O)C2=NC=N1,Nc1ncnc2c1ncn2C1OC(CO)C(O)C1O,Nc1ncnc2c1ncn2[C@@H]1O[C@H](CO)[C@@H](O)[C@H]1O,OIRDTQYFTABQOQ-KQYNXXCUSA-N,True
DB09185,drugbank,CCOC1=CC=CC=C1OCC1CNCCO1,CCOc1ccccc1OCC1CNCCO1,CCOc1ccccc1OCC1CNCCO1,YWPHCCPCQOJSGZ-UHFFFAOYSA-N,True
DB00837,drugbank,NC(=O)CCC\N=C(\C1=CC=C(Cl)C=C1)C1=C(O)C=CC(F)=C1,NC(=O)CCCN=C(c1ccc(Cl)cc1)c1cc(F)ccc1O,NC(=O)CCC/N=C(/c1ccc(Cl)cc1)c1cc(F)ccc1O,IBALRBWGSVJPAP-FXBPSFAMSA-N,True
DB01599,drugbank,CC(C)(SC1=CC(=C(O)C(=C1)C(C)(C)C)C(C)(C)C)SC1=CC(=C(O)C(=C1)C(C)(C)C)C(C)(C)C,CC(C)(Sc1cc(C(C)(C)C)c(O)c(C(C)(C)C)c1)Sc1cc(C(C)(C)C)c(O)c(C(C)(C)C)c1,CC(C)(Sc1cc(C(C)(C)C)c(O)c(C(C)(C)C)c1)Sc1cc(C(C)(C)C)c(O)c(C(C)(C)C)c1,FYPMFJGVHOHGLL-UHFFFAOYSA-N,True
DB08996,drugbank,CN(C)CCCN1C2=CC=CC=C2C(C)(C)C2=CC=CC=C12,CN(C)CCCN1c2ccccc2C(C)(C)c2ccccc21,CN(C)CCCN1c2ccccc2C(C)(C)c2ccccc21,RYQOGSFEJBUZBX-UHFFFAOYSA-N,True
DB02959,drugbank,N[C@@H](CC1=CNC2=C1C=C(O)C=C2)C(O)=O,NC(Cc1c[nH]c2ccc(O)cc12)C(=O)O,N[C@@H](Cc1c[nH]c2ccc(O)cc12)C(=O)O,LDCYZAJDBXYCGN-VIFPVBQESA-N,True
DB09290,drugbank,CN1C=C(C(=O)[C@@H]2CCC3=C(C2)N=CN3)C2=C1C=CC=C2,Cn1cc(C(=O)C2CCc3[nH]cnc3C2)c2ccccc21,Cn1cc(C(=O)[C@@H]2CCc3[nH]cnc3C2)c2ccccc21,NTHPAPBPFQJABD-LLVKDONJSA-N,True
DB06709,drugbank,CC(C[N+](C)(C)C)OC(C)=O,CC(=O)OC(C)C[N+](C)(C)C,CC(=O)OC(C)C[N+](C)(C)C,NZWOPGCLSHLLPA-UHFFFAOYSA-N,True
DB05219,drugbank,OB1OCC2=C1C=CC(OC1=CC=C(C=C1)C#N)=C2,N#Cc1ccc(Oc2ccc3c(c2)COB3O)cc1,N#Cc1ccc(Oc2ccc3c(c2)COB3O)cc1,USZAGAREISWJDP-UHFFFAOYSA-N,True
DB09055,drugbank,CC1=[N+]([O-])C=C(N=C1)C(O)=O,Cc1cnc(C(=O)O)c[n+]1[O-],Cc1cnc(C(=O)O)c[n+]1[O-],DJQOOSBJCLSSEY-UHFFFAOYSA-N,True
DB01345,drugbank,[K+],[K+],[K+],NPYPAHLBTDXSSS-UHFFFAOYSA-N,True
DB09276,drugbank,[Na+].[Na+].[O-]C(=O)CC(S[Au])C([O-])=O,O=C([O-])CC(S[Au])C(=O)[O-].[Na+].[Na+],O=C([O-])CC(S[Au])C(=O)[O-].[Na+].[Na+],VXIHRIQNJCRFQX-UHFFFAOYSA-K,True
DB03619,drugbank,[H][C@@]12CC[C@H]([C@H](C)CCC(O)=O)[C@@]1(C)[C@@H](O)C[C@@]1([H])[C@@]2([H])CC[C@]2([H])C[C@H](O)CC[C@]12C,CC(CCC(=O)O)C1CCC2C3CCC4CC(O)CCC4(C)C3CC(O)C12C,C[C@H](CCC(=O)O)[C@H]1CC[C@H]2[C@@H]3CC[C@@H]4C[C@H](O)CC[C@]4(C)[C@H]3C[C@H](O)[C@]12C,KXGVEGMKQFWNSR-LLQZFEROSA-N,True
DB00035,drugbank,NC(=O)CC[C@@H]1NC(=O)[C@H](CC2=CC=CC=C2)NC(=O)[C@H](CC2=CC=C(O)C=C2)NC(=O)CCSSC[C@H](NC(=O)[C@H](CC(N)=O)NC1=O)C(=O)N1CCC[C@H]1C(=O)N[C@H](CCCNC(N)=N)C(=O)NCC(N)=O,N=C(N)NCCCC(NC(=O)C1CCCN1C(=O)C1CSSCCC(=O)NC(Cc2ccc(O)cc2)C(=O)NC(Cc2ccccc2)C(=O)NC(CCC(N)=O)C(=O)NC(CC(N)=O)C(=O)N1)C(=O)NCC(N)=O,N=C(N)NCCC[C@@H](NC(=O)[C@@H]1CCCN1C(=O)[C@@H]1CSSCCC(=O)N[C@@H](Cc2ccc(O)cc2)C(=O)N[C@@H](Cc2ccccc2)C(=O)N[C@@H](CCC(N)=O)C(=O)N[C@@H](CC(N)=O)C(=O)N1)C(=O)NCC(N)=O,NFLWUMRGJYTJIN-PNIOQBSNSA-N,True
DB09015,drugbank,[H][C@@]12CC[C@@](O)(CCC(O)=O)[C@@]1(C)CC[C@@]1([H])[C@@]2([H])C=CC2=CC(=O)CC[C@]12C,CC12CCC(=O)C=C1C=CC1C2CCC2(C)C1CCC2(O)CCC(=O)O,C[C@]12CCC(=O)C=C1C=C[C@@H]1[C@@H]2CC[C@@]2(C)[C@H]1CC[C@@]2(O)CCC(=O)O,PBKZPPIHUVSDNM-WNHSNXHDSA-N,True
DB01019,drugbank,CC(C[N+](C)(C)C)OC(N)=O,CC(C[N+](C)(C)C)OC(N)=O,CC(C[N+](C)(C)C)OC(N)=O,NZUPCNDJBJXXRF-UHFFFAOYSA-O,True
DB09338,drugbank,COC(CNC(=O)C1=CC=CC=C1OCC(O)=O)C[Hg]O,COC(CNC(=O)c1ccccc1OCC(=O)O)C[Hg]O,COC(CNC(=O)c1ccccc1OCC(=O)O)C[Hg]O,HQRSUIDICNOLPX-UHFFFAOYSA-M,True
DB11106,drugbank,CC(C)(N)CO.CN1C2=C(NC(Br)=N2)C(=O)N(C)C1=O,CC(C)(N)CO.Cn1c(=O)c2[nH]c(Br)nc2n(C)c1=O,CC(C)(N)CO.Cn1c(=O)c2[nH]c(Br)nc2n(C)c1=O,ATOTUUBRFJHZQG-UHFFFAOYSA-N,True
DB04339,drugbank,N[C@@H](CSCC(O)=O)C(O)=O,NC(CSCC(=O)O)C(=O)O,N[C@@H](CSCC(=O)O)C(=O)O,GBFLZEXEOZUWRN-VKHMYHEASA-N,True
DB09069,drugbank,COC1=C(OC)C(OC)=C(CN2CCNCC2)C=C1,COc1ccc(CN2CCNCC2)c(OC)c1OC,COc1ccc(CN2CCNCC2)c(OC)c1OC,UHWVSEOVJBQKBE-UHFFFAOYSA-N,True
DB06213,drugbank,CNC(=O)C1=CN(N=C1)C1=NC2=C(N=CN2[C@@H]2O[C@H](CO)[C@@H](O)[C@H]2O)C(N)=N1,CNC(=O)c1cnn(-c2nc(N)c3ncn(C4OC(CO)C(O)C4O)c3n2)c1,CNC(=O)c1cnn(-c2nc(N)c3ncn([C@@H]4O[C@H](CO)[C@@H](O)[C@H]4O)c3n2)c1,LZPZPHGJDAGEJZ-AKAIJSEGSA-N,True
DB00761,drugbank,[Cl-].[K+],[Cl-].[K+],[Cl-].[K+],WCUXLLCKKVVCTQ-UHFFFAOYSA-M,True
DB01160,drugbank,NC(CO)(CO)CO.CCCCC[C@H](O)\C=C\[C@H]1[C@H](O)C[C@H](O)[C@@H]1C\C=C/CCCC(O)=O,CCCCCC(O)C=CC1C(O)CC(O)C1CC=CCCCC(=O)O.NC(CO)(CO)CO,CCCCC[C@H](O)/C=C/[C@@H]1[C@@H](C/C=C\CCCC(=O)O)[C@@H](O)C[C@H]1O.NC(CO)(CO)CO,IYGXEHDCSOYNKY-RZHHZEQLSA-N,True
DB00847,drugbank,NCCS,NCCS,NCCS,UFULAYFCSOUIOV-UHFFFAOYSA-N,True
DB01579,drugbank,C[C@H]1[C@@H](OCCN1C)C1=CC=CC=C1,CC1C(c2ccccc2)OCCN1C,C[C@H]1[C@H](c2ccccc2)OCCN1C,MFOCDFTXLCYLKU-CMPLNLGQSA-N,True
DB00551,drugbank,CC(=O)NO,CC(=O)NO,CC(=O)NO,RRUDCFGSUDOHDG-UHFFFAOYSA-N,True
DB06782,drugbank,OCC(S)CS,OCC(S)CS,OCC(S)CS,WQABCVAJNWAXTE-UHFFFAOYSA-N,True
DB09209,drugbank,[H][C@@]12OC3=C(OCCN4CCOCC4)C=CC4=C3[C@@]11CCN(C)[C@]([H])(C4)[C@]1([H])C=C[C@@H]2O,CN1CCC23c4c5ccc(OCCN6CCOCC6)c4OC2C(O)C=CC3C1C5,CN1CC[C@]23c4c5ccc(OCCN6CCOCC6)c4O[C@H]2[C@@H](O)C=C[C@H]3[C@H]1C5,GPFAJKDEDBRFOS-FKQDBXSBSA-N,True
DB09265,drugbank,CC[C@H](C)[C@H](NC(=O)[C@H](CC1=CC=CC=C1)NC(=O)[C@H](CC(C)C)NC(=O)[C@H](CCCNC(N)=N)NC(=O)[C@@H](NC(=O)[C@H](C)NC(=O)[C@H](CCC(O)=O)NC(=O)[C@H](CCC(O)=O)NC(=O)[C@H](CCC(O)=O)NC(=O)[C@H](CCSC)NC(=O)[C@H](CCC(N)=O)NC(=O)[C@H](CCCCN)NC(=O)[C@H](CO)NC(=O)[C@H](CC(C)C)NC(=O)[C@H](CC(O)=O)NC(=O)[C@H](CO)NC(=O)[C@@H](NC(=O)[C@H](CC1=CC=CC=C1)NC(=O)[C@@H](NC(=O)CNC(=O)[C@H](CCC(O)=O)NC(=O)CNC(=O)[C@@H](N)CC1=CNC=N1)[C@@H](C)O)[C@@H](C)O)C(C)C)C(=O)N[C@@H](CCC(O)=O)C(=O)N[C@@H](CC1=CNC2=C1C=CC=C2)C(=O)N[C@@H](CC(C)C)C(=O)N[C@@H](CCCCN)C(=O)N[C@@H](CC(N)=O)C(=O)NCC(=O)NCC(=O)N1CCC[C@H]1C(=O)N[C@@H](CO)C(=O)N[C@@H](CO)C(=O)NCC(=O)N[C@@H](C)C(=O)N1CCC[C@H]1C(=O)N1CCC[C@H]1C(=O)N[C@@H](CO)C(=O)N[C@@H](CCCCN)C(=O)N[C@@H](CCCCN)C(=O)N[C@@H](CCCCN)C(=O)N[C@@H](CCCCN)C(=O)N[C@@H](CCCCN)C(=O)N[C@@H](CCCCN)C(N)=O,CCC(C)C(NC(=O)C(Cc1ccccc1)NC(=O)C(CC(C)C)NC(=O)C(CCCNC(=N)N)NC(=O)C(NC(=O)C(C)NC(=O)C(CCC(=O)O)NC(=O)C(CCC(=O)O)NC(=O)C(CCC(=O)O)NC(=O)C(CCSC)NC(=O)C(CCC(N)=O)NC(=O)C(CCCCN)NC(=O)C(CO)NC(=O)C(CC(C)C)NC(=O)C(CC(=O)O)NC(=O)C(CO)NC(=O)C(NC(=O)C(Cc1ccccc1)NC(=O)C(NC(=O)CNC(=O)C(CCC(=O)O)NC(=O)CNC(=O)C(N)Cc1c[nH]cn1)C(C)O)C(C)O)C(C)C)C(=O)NC(CCC(=O)O)C(=O)NC(Cc1c[nH]c2ccccc12)C(=O)NC(CC(C)C)C(=O)NC(CCCCN)C(=O)NC(CC(N)=O)C(=O)NCC(=O)NCC(=O)N1CCCC1C(=O)NC(CO)C(=O)NC(CO)C(=O)NCC(=O)NC(C)C(=O)N1CCCC1C(=O)N1CCCC1C(=O)NC(CO)C(=O)NC(CCCCN)C(=O)NC(CCCCN)C(=O)NC(CCCCN)C(=O)NC(CCCCN)C(=O)NC(CCCCN)C(=O)NC(CCCCN)C(N)=O,CC[C@H](C)[C@H](NC(=O)[C@H](Cc1ccccc1)NC(=O)[C@H](CC(C)C)NC(=O)[C@H](CCCNC(=N)N)NC(=O)[C@@H](NC(=O)[C@H](C)NC(=O)[C@H](CCC(=O)O)NC(=O)[C@H](CCC(=O)O)NC(=O)[C@H](CCC(=O)O)NC(=O)[C@H](CCSC)NC(=O)[C@H](CCC(N)=O)NC(=O)[C@H](CCCCN)NC(=O)[C@H](CO)NC(=O)[C@H](CC(C)C)NC(=O)[C@H](CC(=O)O)NC(=O)[C@H](CO)NC(=O)[C@@H](NC(=O)[C@H](Cc1ccccc1)NC(=O)[C@@H](NC(=O)CNC(=O)[C@H](CCC(=O)O)NC(=O)CNC(=O)[C@@H](N)Cc1c[nH]cn1)[C@@H](C)O)[C@@H](C)O)C(C)C)C(=O)N[C@@H](CCC(=O)O)C(=O)N[C@@H](Cc1c[nH]c2ccccc12)C(=O)N[C@@H](CC(C)C)C(=O)N[C@@H](CCCCN)C(=O)N[C@@H](CC(N)=O)C(=O)NCC(=O)NCC(=O)N1CCC[C@H]1C(=O)N[C@@H](CO)C(=O)N[C@@H](CO)C(=O)NCC(=O)N[C@@H](C)C(=O)N1CCC[C@H]1C(=O)N1CCC[C@H]1C(=O)N[C@@H](CO)C(=O)N[C@@H](CCCCN)C(=O)N[C@@H](CCCCN)C(=O)N[C@@H](CCCCN)C(=O)N[C@@H](CCCCN)C(=O)N[C@@H](CCCCN)C(=O)N[C@@H](CCCCN)C(N)=O,XVVOERDUTLJJHN-IAEQDCLQSA-N,True
DB01586,drugbank,[H][C@@]1(CC[C@@]2([H])[C@]3([H])[C@@H](O)C[C@]4([H])C[C@H](O)CC[C@]4(C)[C@@]3([H])CC[C@]12C)[C@H](C)CCC(O)=O,CC(CCC(=O)O)C1CCC2C3C(O)CC4CC(O)CCC4(C)C3CCC12C,C[C@H](CCC(=O)O)[C@H]1CC[C@H]2[C@@H]3[C@@H](O)C[C@@H]4C[C@H](O)CC[C@]4(C)[C@H]3CC[C@]12C,RUDATBOHQWOJDD-UZVSRGJWSA-N,True
DB09268,drugbank,OS(=O)(=O)OC1=CC=C(C=C1)C(C1=CC=C(OS(O)(=O)=O)C=C1)C1=CC=CC=N1,O=S(=O)(O)Oc1ccc(C(c2ccc(OS(=O)(=O)O)cc2)c2ccccn2)cc1,O=S(=O)(O)Oc1ccc(C(c2ccc(OS(=O)(=O)O)cc2)c2ccccn2)cc1,UJIDKYTZIQTXPM-UHFFFAOYSA-N,True
DB08964,drugbank,CCCCC(C)(C)[C@H](O)\C=C\[C@H]1[C@H](O)CC(=O)[C@@H]1CCCC\C=C\C(=O)OC,CCCCC(C)(C)C(O)C=CC1C(O)CC(=O)C1CCCCC=CC(=O)OC,CCCCC(C)(C)[C@H](O)/C=C/[C@H]1[C@H](O)CC(=O)[C@@H]1CCCC/C=C/C(=O)OC,KYBOHGVERHWSSV-VNIVIJDLSA-N,True
DB11660,drugbank,O[C@H](CC[C@H]1[C@H](O)C[C@H](O)[C@@H]1C\C=C/CCCC(=O)OCCCCO[N+]([O-])=O)CCC1=CC=CC=C1,O=C(CCCC=CCC1C(O)CC(O)C1CCC(O)CCc1ccccc1)OCCCCO[N+](=O)[O-],O=C(CCC/C=C\C[C@@H]1[C@@H](CC[C@@H](O)CCc2ccccc2)[C@H](O)C[C@@H]1O)OCCCCO[N+](=O)[O-],LOVMMUBRQUFEAH-UIEAZXIASA-N,True
DB01046,drugbank,[H][C@@]12CC(=O)[C@H](CCCCCCC(O)=O)[C@@]1([H])CC[C@@](O)(O2)C(F)(F)CCCC,CCCCC(F)(F)C1(O)CCC2C(CC(=O)C2CCCCCCC(=O)O)O1,CCCCC(F)(F)[C@@]1(O)CC[C@H]2[C@@H](CC(=O)[C@@H]2CCCCCCC(=O)O)O1,WGFOBBZOWHGYQH-MXHNKVEKSA-N,True
DB08819,drugbank,CC(C)OC(=O)CCC\C=C/C[C@H]1[C@@H](O)C[C@@H](O)[C@@H]1\C=C\C(F)(F)COC1=CC=CC=C1,CC(C)OC(=O)CCCC=CCC1C(O)CC(O)C1C=CC(F)(F)COc1ccccc1,CC(C)OC(=O)CCC/C=C\C[C@@H]1[C@@H](/C=C/C(F)(F)COc2ccccc2)[C@H](O)C[C@@H]1O,WSNODXPBBALQOF-VEJSHDCNSA-N,True
DB09020,drugbank,CC(=O)OC1=CC=C(C=C1)C(C1=CC=C(OC(C)=O)C=C1)C1=CC=CC=N1,CC(=O)Oc1ccc(C(c2ccc(OC(C)=O)cc2)c2ccccn2)cc1,CC(=O)Oc1ccc(C(c2ccc(OC(C)=O)cc2)c2ccccn2)cc1,KHOITXIGCFIULA-UHFFFAOYSA-N,True
DB09067,drugbank,CC[C@H](C)[C@H](NC(=O)[C@H](CC(O)=O)NC(=O)[C@H](CC(C)C)NC(=O)[C@H](CC(C)C)NC(=O)[C@H](CCCCN)NC(=O)[C@H](CCCNC(N)=N)NC(=O)[C@H](CC(N)=O)NC(=O)[C@H](CO)NC(=O)[C@H](CC1=CN=CN1)NC(=O)[C@H](C)NC(=O)[C@H](CCC(N)=O)NC(=O)[C@H](CCC(N)=O)NC(=O)[C@H](C)NC(=O)[C@H](CC(C)C)NC(=O)[C@H](CCC(N)=O)NC(=O)[C@H](CC(O)=O)NC(=O)[C@H](C)NC(=O)[C@H](CCCCN)NC(=O)[C@@H](NC(=O)[C@H](CCSC)NC(=O)[C@H](CCC(O)=O)NC(=O)[C@H](CC(C)C)NC(=O)[C@@H](NC(=O)[C@H](CCC(O)=O)NC(=O)[C@H](CCCNC(N)=N)NC(=O)[C@H](CC(C)C)NC(=O)[C@H](CC(C)C)NC(=O)[C@H](CC1=CN=CN1)NC(=O)[C@H](CC1=CC=CC=C1)NC(=O)[C@@H](NC(=O)[C@H](CC(C)C)NC(=O)[C@H](CC(O)=O)NC(=O)[C@H](CC(C)C)NC(=O)[C@H](CO)NC(=O)[C@@H](NC(=O)[C@@H]1CCCN1C(=O)[C@@H]1CCCN1C(=O)[C@H](CCC(O)=O)NC(=O)[C@H](CCC(N)=O)NC(=O)[C@@H](N)CO)[C@@H](C)CC)[C@@H](C)O)C(C)C)[C@@H](C)O)C(=O)N[C@@H](C)C(N)=O,CCC(C)C(NC(=O)C(CC(=O)O)NC(=O)C(CC(C)C)NC(=O)C(CC(C)C)NC(=O)C(CCCCN)NC(=O)C(CCCNC(=N)N)NC(=O)C(CC(N)=O)NC(=O)C(CO)NC(=O)C(Cc1cnc[nH]1)NC(=O)C(C)NC(=O)C(CCC(N)=O)NC(=O)C(CCC(N)=O)NC(=O)C(C)NC(=O)C(CC(C)C)NC(=O)C(CCC(N)=O)NC(=O)C(CC(=O)O)NC(=O)C(C)NC(=O)C(CCCCN)NC(=O)C(NC(=O)C(CCSC)NC(=O)C(CCC(=O)O)NC(=O)C(CC(C)C)NC(=O)C(NC(=O)C(CCC(=O)O)NC(=O)C(CCCNC(=N)N)NC(=O)C(CC(C)C)NC(=O)C(CC(C)C)NC(=O)C(Cc1cnc[nH]1)NC(=O)C(Cc1ccccc1)NC(=O)C(NC(=O)C(CC(C)C)NC(=O)C(CC(=O)O)NC(=O)C(CC(C)C)NC(=O)C(CO)NC(=O)C(NC(=O)C1CCCN1C(=O)C1CCCN1C(=O)C(CCC(=O)O)NC(=O)C(CCC(N)=O)NC(=O)C(N)CO)C(C)CC)C(C)O)C(C)C)C(C)O)C(=O)NC(C)C(N)=O,CC[C@H](C)[C@H](NC(=O)[C@H](CC(=O)O)NC(=O)[C@H](CC(C)C)NC(=O)[C@H](CC(C)C)NC(=O)[C@H](CCCCN)NC(=O)[C@H](CCCNC(=N)N)NC(=O)[C@H](CC(N)=O)NC(=O)[C@H](CO)NC(=O)[C@H](Cc1cnc[nH]1)NC(=O)[C@H](C)NC(=O)[C@H](CCC(N)=O)NC(=O)[C@H](CCC(N)=O)NC(=O)[C@H](C)NC(=O)[C@H](CC(C)C)NC(=O)[C@H](CCC(N)=O)NC(=O)[C@H](CC(=O)O)NC(=O)[C@H](C)NC(=O)[C@H](CCCCN)NC(=O)[C@@H](NC(=O)[C@H](CCSC)NC(=O)[C@H](CCC(=O)O)NC(=O)[C@H](CC(C)C)NC(=O)[C@@H](NC(=O)[C@H](CCC(=O)O)NC(=O)[C@H](CCCNC(=N)N)NC(=O)[C@H](CC(C)C)NC(=O)[C@H](CC(C)C)NC(=O)[C@H](Cc1cnc[nH]1)NC(=O)[C@H](Cc1ccccc1)NC(=O)[C@@H](NC(=O)[C@H](CC(C)C)NC(=O)[C@H](CC(=O)O)NC(=O)[C@H](CC(C)C)NC(=O)[C@H](CO)NC(=O)[C@@H](NC(=O)[C@@H]1CCCN1C(=O)[C@@H]1CCCN1C(=O)[C@H](CCC(=O)O)NC(=O)[C@H](CCC(N)=O)NC(=O)[C@@H](N)CO)[C@@H](C)CC)[C@@H](C)O)C(C)C)[C@@H](C)O)C(=O)N[C@@H](C)C(N)=O,QEEJLLNYQOBRRM-KSHGRFHLSA-N,True
DB13925,drugbank,[68Ga+3].C[C@@H](O)[C@H](NC(=O)[C@@H]1CSSC[C@H](NC(=O)[C@@H](CC2=CC=CC=C2)NC(=O)CN2CCN(CC([O-])=O)CCN(CC([O-])=O)CCN(CC([O-])=O)CC2)C(=O)N[C@@H](CC2=CC=C(O)C=C2)C(=O)N[C@H](CC2=CNC3=C2C=CC=C3)C(=O)N[C@@H](CCCCN)C(=O)N[C@@H]([C@@H](C)O)C(=O)N1)C(O)=O,CC(O)C(NC(=O)C1CSSCC(NC(=O)C(Cc2ccccc2)NC(=O)CN2CCN(CC(=O)[O-])CCN(CC(=O)[O-])CCN(CC(=O)[O-])CC2)C(=O)NC(Cc2ccc(O)cc2)C(=O)NC(Cc2c[nH]c3ccccc23)C(=O)NC(CCCCN)C(=O)NC(C(C)O)C(=O)N1)C(=O)O.[Ga+3],C[C@@H](O)[C@H](NC(=O)[C@@H]1CSSC[C@H](NC(=O)[C@@H](Cc2ccccc2)NC(=O)CN2CCN(CC(=O)[O-])CCN(CC(=O)[O-])CCN(CC(=O)[O-])CC2)C(=O)N[C@@H](Cc2ccc(O)cc2)C(=O)N[C@H](Cc2c[nH]c3ccccc23)C(=O)N[C@@H](CCCCN)C(=O)N[C@@H]([C@@H](C)O)C(=O)N1)C(=O)O.[68Ga+3],XBJPSVQFCQFGDC-WSCOIBMGSA-K,True
DB01121,drugbank,NC(=O)NC(=O)CC1=CC=CC=C1,NC(=O)NC(=O)Cc1ccccc1,NC(=O)NC(=O)Cc1ccccc1,XPFRXWCVYUEORT-UHFFFAOYSA-N,True
DB06804,drugbank,CCCCCCCCCC1=CC=C(OCCOCCOCCOCCOCCOCCOCCOCCOCCO)C=C1,CCCCCCCCCc1ccc(OCCOCCOCCOCCOCCOCCOCCOCCOCCO)cc1,CCCCCCCCCc1ccc(OCCOCCOCCOCCOCCOCCOCCOCCOCCO)cc1,FBWNMEQMRUMQSO-UHFFFAOYSA-N,True
DB09277,drugbank,[Cl-].C[N+](C)([11CH3])CCO,C[N+](C)(C)CCO.[Cl-],C[N+](C)([11CH3])CCO.[Cl-],SGMZJAMFUVOLNK-ULWFUOSBSA-M,True
DB09021,drugbank,CNCC12CCC(C3=CC=CC=C13)C1=CC=CC=C21,CNCC12CCC(c3ccccc31)c1ccccc12,CNCC12CCC(c3ccccc31)c1ccccc12,GNRXCIONJWKSEA-UHFFFAOYSA-N,True
DB09293,drugbank,[131I-],[I-],[131I-],XMBWDFGMSWQBCA-RNFDNDRNSA-M,True
DB00832,drugbank,CN1C(=O)CC(C1=O)C1=CC=CC=C1,CN1C(=O)CC(c2ccccc2)C1=O,CN1C(=O)CC(c2ccccc2)C1=O,WLWFNJKHKGIJNW-UHFFFAOYSA-N,True
DB00115,drugbank,C[C@H](CNC(=O)CC[C@]1(C)[C@@H](CC(N)=O)[C@H]2N=C1\C(C)=C1/N=C(/C=C3\N=C(\C(\C)=C4\[C@@H](CCC(N)=O)[C@](C)(CC(N)=O)[C@@]2(C)N4[Co+]C#N)[C@@](C)(CC(N)=O)[C@@H]3CCC(N)=O)C(C)(C)[C@@H]1CCC(N)=O)OP([O-])(=O)O[C@@H]1[C@@H](CO)O[C@@H]([C@@H]1O)N1C=NC2=C1C=C(C)C(C)=C2,CC1=C2N=C(C=C3N=C(C(C)=C4C(CCC(N)=O)C(C)(CC(N)=O)C(C)(C5N=C1C(C)(CCC(=O)NCC(C)OP(=O)([O-])OC1C(CO)OC(n6cnc7cc(C)c(C)cc76)C1O)C5CC(N)=O)N4[Co+]C#N)C(C)(CC(N)=O)C3CCC(N)=O)C(C)(C)C2CCC(N)=O,C/C1=C2/N=C(/C=C3\N=C(/C(C)=C4/[C@@H](CCC(N)=O)[C@](C)(CC(N)=O)[C@](C)([C@@H]5N=C1[C@](C)(CCC(=O)NC[C@@H](C)OP(=O)([O-])O[C@H]1[C@@H](O)[C@@H](n6cnc7cc(C)c(C)cc76)O[C@@H]1CO)[C@H]5CC(N)=O)N4[Co+]C#N)[C@@](C)(CC(N)=O)[C@@H]3CCC(N)=O)C(C)(C)[C@@H]2CCC(N)=O,RMRCNWBMXRMIRW-WZHZPDAFSA-L,True
DB00581,drugbank,OC[C@H]1O[C@](O)(CO)[C@@H](O)[C@@H]1O[C@@H]1O[C@H](CO)[C@H](O)[C@H](O)[C@H]1O,OCC1OC(OC2C(CO)OC(O)(CO)C2O)C(O)C(O)C1O,OC[C@H]1O[C@@H](O[C@@H]2[C@@H](CO)O[C@](O)(CO)[C@H]2O)[C@H](O)[C@@H](O)[C@H]1O,JCQLYHFGKNRPGE-FCVZTGTOSA-N,True
DB09014,drugbank,CCCCSC1=CC=C(C=C1)C(SCCN(C)C)C1=CC=CC=C1,CCCCSc1ccc(C(SCCN(C)C)c2ccccc2)cc1,CCCCSc1ccc(C(SCCN(C)C)c2ccccc2)cc1,IZLPZXSZLLELBJ-UHFFFAOYSA-N,True
DB01553,drugbank,ClC1=CC2=C(NC(=O)CN3CCOC23C2=CC=CC=C2Cl)C=C1,O=C1CN2CCOC2(c2ccccc2Cl)c2cc(Cl)ccc2N1,O=C1CN2CCOC2(c2ccccc2Cl)c2cc(Cl)ccc2N1,ZIXNZOBDFKSQTC-UHFFFAOYSA-N,True
DB04398,drugbank,CC(O)C(O)=O,CC(O)C(=O)O,CC(O)C(=O)O,JVTAAEKCZFNVCJ-UHFFFAOYSA-N,True
DB01436,drugbank,CC(C)CCC[C@@H](C)[C@@]1([H])CC[C@@]2([H])\C(CCC[C@]12C)=C\C=C1\C[C@@H](O)C[C@H](O)C1=C,C=C1C(=CC=C2CCCC3(C)C2CCC3C(C)CCCC(C)C)CC(O)CC1O,C=C1/C(=C\C=C2/CCC[C@]3(C)[C@@H]([C@H](C)CCCC(C)C)CC[C@@H]23)C[C@@H](O)C[C@@H]1O,OFHCOWSQAMBJIW-AVJTYSNKSA-N,True
DB05990,drugbank,[H][C@@]1(CC[C@@]2([H])[C@]3([H])[C@H](O)[C@H](CC)[C@]4([H])C[C@H](O)CC[C@]4(C)[C@@]3([H])CC[C@]12C)[C@H](C)CCC(O)=O,CCC1C(O)C2C3CCC(C(C)CCC(=O)O)C3(C)CCC2C2(C)CCC(O)CC12,CC[C@H]1[C@@H](O)[C@@H]2[C@H](CC[C@]3(C)[C@@H]([C@H](C)CCC(=O)O)CC[C@@H]23)[C@@]2(C)CC[C@@H](O)C[C@@H]12,ZXERDUOLZKYMJM-ZWECCWDJSA-N,True
DB08826,drugbank,CN1C=CC(=O)C(O)=C1C,Cc1c(O)c(=O)ccn1C,Cc1c(O)c(=O)ccn1C,TZXKOCQBRNJULO-UHFFFAOYSA-N,True
DB05630,drugbank,O.O.O.O.O.O.O.O.O.[Na+].[Na+].[Na+].[H][C@@]1(O[Sb]2(O)(O[Sb]34([O-])O[C@@H](C([O-])=O)[C@@]([H])(O3)[C@]([H])(O4)[C@H](O)CO)O[C@@H](C([O-])=O)[C@@]1([H])O2)[C@H](O)CO,O.O.O.O.O.O.O.O.O.O=C([O-])C1O[Sb]2([O-])(O[Sb]34(O)OC(C(=O)[O-])C(O3)C(C(O)CO)O4)OC(C(O)CO)C1O2.[Na+].[Na+].[Na+],O.O.O.O.O.O.O.O.O.O=C([O-])[C@@H]1O[Sb]2([O-])(O[Sb]34(O)O[C@H]([C@H](O)CO)[C@H](O3)[C@H](C(=O)[O-])O4)O[C@H]([C@H](O)CO)[C@@H]1O2.[Na+].[Na+].[Na+],YQDGWZZYGYKDLR-UZVLBLASSA-K,True
DB04967,drugbank,CCN(CC)CCNC1=C2C(=O)C3=CC=CC=C3SC2=C(C)C=C1,CCN(CC)CCNc1ccc(C)c2sc3ccccc3c(=O)c12,CCN(CC)CCNc1ccc(C)c2sc3ccccc3c(=O)c12,FBQPGGIHOFZRGH-UHFFFAOYSA-N,True
DB08974,drugbank,COC(=O)NC1=NC2=C(N1)C=CC(=C2)C(=O)C1=CC=C(F)C=C1,COC(=O)Nc1nc2cc(C(=O)c3ccc(F)cc3)ccc2[nH]1,COC(=O)Nc1nc2cc(C(=O)c3ccc(F)cc3)ccc2[nH]1,CPEUVMUXAHMANV-UHFFFAOYSA-N,True
DB06816,drugbank,CN(C)C1=CC2=C(C=C1)[N+](C)=C(\C=C\C1=C(C)N(C(C)=C1)C1=CC=CC=C1)C=C2,Cc1cc(C=Cc2ccc3cc(N(C)C)ccc3[n+]2C)c(C)n1-c1ccccc1,Cc1cc(/C=C/c2ccc3cc(N(C)C)ccc3[n+]2C)c(C)n1-c1ccccc1,QMHSXPLYMTVAMK-UHFFFAOYSA-N,True
DB11254,drugbank,CCCCCCC1=C(O)C=C(O)C=C1,CCCCCCc1ccc(O)cc1O,CCCCCCc1ccc(O)cc1O,WFJIVOKAWHGMBH-UHFFFAOYSA-N,True
DB11121,drugbank,CC1=CC(O)=CC(C)=C1Cl,Cc1cc(O)cc(C)c1Cl,Cc1cc(O)cc(C)c1Cl,OSDLLIBGSJNGJE-UHFFFAOYSA-N,True
DB00711,drugbank,CCN(CC)C(=O)N1CCN(C)CC1,CCN(CC)C(=O)N1CCN(C)CC1,CCN(CC)C(=O)N1CCN(C)CC1,RCKMWOKWVGPNJF-UHFFFAOYSA-N,True
DB09061,drugbank,CCCCCC1=CC(O)=C([C@@H]2C=C(C)CC[C@H]2C(C)=C)C(O)=C1,C=C(C)C1CCC(C)=CC1c1c(O)cc(CCCCC)cc1O,C=C(C)[C@@H]1CCC(C)=C[C@H]1c1c(O)cc(CCCCC)cc1O,QHMBSVQNZZTUGM-ZWKOTPCHSA-N,True
DB00198,drugbank,CCOC(=O)C1=C[C@@H](OC(CC)CC)[C@H](NC(C)=O)[C@@H](N)C1,CCOC(=O)C1=CC(OC(CC)CC)C(NC(C)=O)C(N)C1,CCOC(=O)C1=C[C@@H](OC(CC)CC)[C@H](NC(C)=O)[C@@H](N)C1,VSZGPKBBMSAYNT-RRFJBIMHSA-N,True
DB01284,drugbank,CSCC[C@H](NC(=O)[C@H](CO)NC(=O)[C@H](CC1=CC=C(O)C=C1)NC(=O)[C@@H](N)CO)C(=O)N[C@@H](CCC(O)=O)C(=O)N[C@@H](CC1=CN=CN1)C(=O)N[C@@H](CC1=CC=CC=C1)C(=O)N[C@@H](CCCNC(N)=N)C(=O)N[C@@H](CC1=CNC2=C1C=CC=C2)C(=O)NCC(=O)N[C@@H](CCCCN)C(=O)N1CCC[C@H]1C(=O)N[C@@H](C(C)C)C(=O)NCC(=O)N[C@@H](CCCCN)C(=O)N[C@@H](CCCCN)C(=O)N[C@@H](CCCNC(N)=N)C(=O)N[C@@H](CCCNC(N)=N)C(=O)N1CCC[C@H]1C(=O)N[C@@H](C(C)C)C(=O)N[C@@H](CCCCN)C(=O)N[C@@H](C(C)C)C(=O)N[C@@H](CC1=CC=C(O)C=C1)C(=O)N1CCC[C@H]1C(O)=O,CSCCC(NC(=O)C(CO)NC(=O)C(Cc1ccc(O)cc1)NC(=O)C(N)CO)C(=O)NC(CCC(=O)O)C(=O)NC(Cc1cnc[nH]1)C(=O)NC(Cc1ccccc1)C(=O)NC(CCCNC(=N)N)C(=O)NC(Cc1c[nH]c2ccccc12)C(=O)NCC(=O)NC(CCCCN)C(=O)N1CCCC1C(=O)NC(C(=O)NCC(=O)NC(CCCCN)C(=O)NC(CCCCN)C(=O)NC(CCCNC(=N)N)C(=O)NC(CCCNC(=N)N)C(=O)N1CCCC1C(=O)NC(C(=O)NC(CCCCN)C(=O)NC(C(=O)NC(Cc1ccc(O)cc1)C(=O)N1CCCC1C(=O)O)C(C)C)C(C)C)C(C)C,CSCC[C@H](NC(=O)[C@H](CO)NC(=O)[C@H](Cc1ccc(O)cc1)NC(=O)[C@@H](N)CO)C(=O)N[C@@H](CCC(=O)O)C(=O)N[C@@H](Cc1cnc[nH]1)C(=O)N[C@@H](Cc1ccccc1)C(=O)N[C@@H](CCCNC(=N)N)C(=O)N[C@@H](Cc1c[nH]c2ccccc12)C(=O)NCC(=O)N[C@@H](CCCCN)C(=O)N1CCC[C@H]1C(=O)N[C@H](C(=O)NCC(=O)N[C@@H](CCCCN)C(=O)N[C@@H](CCCCN)C(=O)N[C@@H](CCCNC(=N)N)C(=O)N[C@@H](CCCNC(=N)N)C(=O)N1CCC[C@H]1C(=O)N[C@H](C(=O)N[C@@H](CCCCN)C(=O)N[C@H](C(=O)N[C@@H](Cc1ccc(O)cc1)C(=O)N1CCC[C@H]1C(=O)O)C(C)C)C(C)C)C(C)C,ZOEFCCMDUURGSE-SQKVDDBVSA-N,True
