internal_drug_id,entity_type,source_membership,canonical_smiles,inchikey
DRUG_000001,CONFIRMED_INTEGRATED_ENTITY,drugbank_only,CCC(C)C(NC(=O)C(CCC(=O)O)NC(=O)C(CCC(=O)O)NC(=O)C(Cc1ccccc1)NC(=O)C(CC(=O)O)NC(=O)CNC(=O)C(CC(N)=O)NC(=O)CNC(=O)CNC(=O)CNC(=O)CNC(=O)C1CCCN1C(=O)C(CCCNC(=N)N)NC(=O)C1CCCN1C(=O)C(N)Cc1ccccc1)C(=O)N1CCCC1C(=O)NC(CCC(=O)O)C(=O)NC(CCC(=O)O)C(=O)NC(Cc1ccc(O)cc1)C(=O)NC(CC(C)C)C(=O)O,OIRCOABEOLEUMC-GEJPAHFPSA-N
DRUG_000002,CONFIRMED_INTEGRATED_ENTITY,both,CC(C)CC(NC(=O)C(COC(C)(C)C)NC(=O)C(Cc1ccc(O)cc1)NC(=O)C(CO)NC(=O)C(Cc1c[nH]c2ccccc12)NC(=O)C(Cc1cnc[nH]1)NC(=O)C1CCC(=O)N1)C(=O)NC(CCCN=C(N)N)C(=O)N1CCCC1C(=O)NNC(N)=O,BLCLNMBMMGCOAS-URPVMXJPSA-N
DRUG_000003,CONFIRMED_INTEGRATED_ENTITY,drugbank_only,CC(C)CC(NC(=O)CNC(=O)C(NC=O)C(C)C)C(=O)NC(C)C(=O)NC(C(=O)NC(C(=O)NC(C(=O)NC(Cc1c[nH]c2ccccc12)C(=O)NC(CC(C)C)C(=O)NC(Cc1c[nH]c2ccccc12)C(=O)NC(CC(C)C)C(=O)NC(Cc1c[nH]c2ccccc12)C(=O)NC(CC(C)C)C(=O)NC(Cc1c[nH]c2ccccc12)C(=O)NCCO)C(C)C)C(C)C)C(C)C,NDAYQJDHGXTBJL-MWWSRJDJSA-N
DRUG_000004,CONFIRMED_INTEGRATED_ENTITY,drugbank_only,N=C(N)NCCCC(NC(=O)C1CCCN1C(=O)C1CSSCCC(=O)NC(Cc2ccc(O)cc2)C(=O)NC(Cc2ccccc2)C(=O)NC(CCC(N)=O)C(=O)NC(CC(N)=O)C(=O)N1)C(=O)NCC(N)=O,NFLWUMRGJYTJIN-PNIOQBSNSA-N
DRUG_000005,CONFIRMED_INTEGRATED_ENTITY,drugbank_only,CCCCCCCCCC(=O)NC(Cc1c[nH]c2ccccc12)C(=O)NC(CC(N)=O)C(=O)NC(CC(=O)O)C(=O)NC1C(=O)NCC(=O)NC(CCCN)C(=O)NC(CC(=O)O)C(=O)NC(C)C(=O)NC(CC(=O)O)C(=O)NCC(=O)NC(CO)C(=O)NC(C(C)CC(=O)O)C(=O)NC(CC(=O)c2ccccc2N)C(=O)OC1C,DOAKLVKFURWEDJ-QCMAZARJSA-N
DRUG_000006,CONFIRMED_INTEGRATED_ENTITY,both,CC=CCC(C)C(O)C1C(=O)NC(CC)C(=O)N(C)CC(=O)N(C)C(CC(C)C)C(=O)NC(C(C)C)C(=O)N(C)C(CC(C)C)C(=O)NC(C)C(=O)NC(C)C(=O)N(C)C(CC(C)C)C(=O)N(C)C(CC(C)C)C(=O)N(C)C(C(C)C)C(=O)N1C,PMATZTZNYRCHOR-CGLBZJNRSA-N
DRUG_000007,CONFIRMED_INTEGRATED_ENTITY,both,CC(O)C(CO)NC(=O)C1CSSCC(NC(=O)C(N)Cc2ccccc2)C(=O)NC(Cc2ccccc2)C(=O)NC(Cc2c[nH]c3ccccc23)C(=O)NC(CCCCN)C(=O)NC(C(C)O)C(=O)N1,DEQANNDTNATYII-OULOTJBUSA-N
DRUG_000008,CONFIRMED_INTEGRATED_ENTITY,drugbank_only,CC1=C2N=C(C=C3N=C(C(C)=C4C(CCC(N)=O)C(C)(CC(N)=O)C(C)(C5N=C1C(C)(CCC(=O)NCC(C)OP(=O)([O-])OC1C(CO)OC(n6cnc7cc(C)c(C)cc76)C1O)C5CC(N)=O)N4[Co+]C#N)C(C)(CC(N)=O)C3CCC(N)=O)C(C)(C)C2CCC(N)=O,RMRCNWBMXRMIRW-WZHZPDAFSA-L
DRUG_000009,CONFIRMED_INTEGRATED_ENTITY,drugbank_only,NC(Cc1ccccc1)C(=O)O,COLNVLDHVKWLRT-QMMMGPOBSA-N
DRUG_000010,CONFIRMED_INTEGRATED_ENTITY,drugbank_only,C[N+](C)(C)CCO,OEYIOHPDSNJKLS-UHFFFAOYSA-N
DRUG_000011,CONFIRMED_INTEGRATED_ENTITY,drugbank_only,O=C1OC(C(O)CO)C(O)=C1O,CIWBSHSKHKDKBQ-JLAZNSOCSA-N
DRUG_000012,CONFIRMED_INTEGRATED_ENTITY,drugbank_only,NC(=O)CCC(N)C(=O)O,ZDXPYRJPNDTMRX-VKHMYHEASA-N
DRUG_000013,CONFIRMED_INTEGRATED_ENTITY,drugbank_only,CSCCC(N)C(=O)O,FFEARJCKVFRZRR-BYPYZUCNSA-N
DRUG_000014,CONFIRMED_INTEGRATED_ENTITY,both,C=C1C(=CC=C2CCCC3(C)C2CCC3C(C)CCCC(C)(C)O)CC(O)CC1O,GMRQFYUYWCNGIN-NKMMMXOESA-N
DRUG_000015,CONFIRMED_INTEGRATED_ENTITY,drugbank_only,Cc1cc2nc3c(=O)[nH]c(=O)nc-3n(CC(O)C(O)C(O)CO)c2cc1C,AUNGANRZJHBGPY-SCRDCRAPSA-N
DRUG_000016,CONFIRMED_INTEGRATED_ENTITY,drugbank_only,NC(CCC(=O)O)C(=O)O,WHUUTDBJXJRKMK-VKHMYHEASA-N
DRUG_000017,CONFIRMED_INTEGRATED_ENTITY,drugbank_only,C=C1CCC(O)CC1=CC=C1CCCC2(C)C1CCC2C(C)CCCC(C)(C)O,JWUBBDSIWDLEOM-DTOXIADCSA-N
DRUG_000018,CONFIRMED_INTEGRATED_ENTITY,drugbank_only,NC(Cc1c[nH]c2ccccc12)C(=O)O,QIVBCDIJIAJPQS-VIFPVBQESA-N
DRUG_000019,CONFIRMED_INTEGRATED_ENTITY,drugbank_only,Cc1ncc(C[n+]2csc(CCO)c2C)c(N)n1,JZRWCGZRTZMZEH-UHFFFAOYSA-N
DRUG_000020,CONFIRMED_INTEGRATED_ENTITY,both,C=C1CCC(O)CC1=CC=C1CCCC2(C)C1CCC2C(C)C=CC(C)C(C)C,MECHNRXZTMCUDQ-RKHKHRCZSA-N
DRUG_000021,CONFIRMED_INTEGRATED_ENTITY,both,Nc1nc(=O)c2nc(CNc3ccc(C(=O)NC(CCC(=O)O)C(=O)O)cc3)cnc2[nH]1,OVBPIULPVIDEAO-LBPRGKRZSA-N
DRUG_000022,CONFIRMED_INTEGRATED_ENTITY,both,CC(C=CC1=C(C)CCCC1(C)C)=CC=CC(C)=CCO,FPIPGXGPPPQFEQ-OVSJKPMPSA-N
DRUG_000023,CONFIRMED_INTEGRATED_ENTITY,drugbank_only,Cc1c(C)c2c(c(C)c1O)CCC(C)(CCCC(C)CCCC(C)CCCC(C)C)O2,GVJHHUAWPYXKBD-IEOSBIPESA-N
DRUG_000024,CONFIRMED_INTEGRATED_ENTITY,drugbank_only,Cc1ncc(CO)c(CO)c1O,LXNHXLLTXMVWPM-UHFFFAOYSA-N
DRUG_000025,CONFIRMED_INTEGRATED_ENTITY,drugbank_only,O=C(O)CCCCC1CCSS1,AGBQKNBQESQNJD-SSDOTTSWSA-N
DRUG_000026,CONFIRMED_INTEGRATED_ENTITY,drugbank_only,C=C1CCC(O)CC1=CC=C1CCCC2(C)C1CCC2C(C)CCCC(C)C,QYSXJUFSXHHAJI-YRZJJWOYSA-N
DRUG_000027,CONFIRMED_INTEGRATED_ENTITY,drugbank_only,CC1=CC(=O)c2ccccc2C1=O,MJVAVZPDRWSRRC-UHFFFAOYSA-N
DRUG_000028,CONFIRMED_INTEGRATED_ENTITY,both,CCC(C)C(=O)OC1CC(O)C=C2C=CC(C)C(CCC(O)CC(O)CC(=O)O)C21,TUZYXOIXSAXUGO-PZAWKZKUSA-N
DRUG_000029,CONFIRMED_INTEGRATED_ENTITY,both,COCCCCC(=NOCCN)c1ccc(C(F)(F)F)cc1,CJOFXWAVKWHTFT-XSFVSMFZSA-N
DRUG_000030,CONFIRMED_INTEGRATED_ENTITY,both,CCCCC(=O)N(Cc1ccc(-c2ccccc2-c2nn[nH]n2)cc1)C(C(=O)O)C(C)C,ACWBQPMHZXGDFX-QFIPXVFZSA-N
DRUG_000031,CONFIRMED_INTEGRATED_ENTITY,both,CCOC(=O)C(CCc1ccccc1)NC(C)C(=O)N1C(C(=O)O)CC2CCCC21,HDACQVRGBOVJII-JBDAPHQKSA-N
DRUG_000032,CONFIRMED_INTEGRATED_ENTITY,drugbank_only,CC(Cc1ccc(O)c(O)c1)C(C)Cc1ccc(O)c(O)c1,HCZKYJDFEPMADG-TXEJJXNPSA-N
DRUG_000033,CONFIRMED_INTEGRATED_ENTITY,both,CC1(C)OC2CC3C4CC(F)C5=CC(=O)C=CC5(C)C4C(O)CC3(C)C2(C(=O)CO)O1,XSFJVAJPIHIPKU-XWCQMRHXSA-N
DRUG_000034,CONFIRMED_INTEGRATED_ENTITY,both,NCC(CC(=O)O)c1ccc(Cl)cc1,KPYSYYIEGFHWSV-UHFFFAOYSA-N
DRUG_000035,AMBIGUOUS_MAPPING_COMPONENT,drugbank_only,CC(N)Cc1ccccc1,KWTSXDURSIMDCE-UHFFFAOYSA-N
DRUG_000036,AMBIGUOUS_MAPPING_COMPONENT,drugbank_only,CC(N)Cc1ccccc1,KWTSXDURSIMDCE-QMMMGPOBSA-N
DRUG_000037,AMBIGUOUS_MAPPING_COMPONENT,twosides_only,CC(N)Cc1ccccc1,KWTSXDURSIMDCE-UHFFFAOYSA-N
DRUG_000038,CONFIRMED_INTEGRATED_ENTITY,both,CN1CCCC1c1cccnc1,SNICXCGAKADSCV-JTQLQIEISA-N
DRUG_000039,CONFIRMED_INTEGRATED_ENTITY,drugbank_only,CC1OC2(CS1)CN1CCC2CC1,WUTYZMFRCNBCHQ-LHIURRSHSA-N
DRUG_000040,CONFIRMED_INTEGRATED_ENTITY,both,O=C1Nc2ccc(Cl)cc2C(c2ccccc2Cl)=NC1O,DIWRORZWFLOCLC-UHFFFAOYSA-N
DRUG_000041,CONFIRMED_INTEGRATED_ENTITY,drugbank_only,COC(=O)CCc1ccc(OCC(O)CNC(C)C)cc1,AQNDDEOPVVGCPG-UHFFFAOYSA-N
DRUG_000042,CONFIRMED_INTEGRATED_ENTITY,both,CC(C)CC(NC(=O)C(Cc1ccccc1)NC(=O)c1cnccn1)B(O)O,GXJABQQUPOEUTA-RDJZCZTQSA-N
DRUG_000043,CONFIRMED_INTEGRATED_ENTITY,drugbank_only,C#CC(O)(C=CCl)CC,ZEHYJZXQEQOSON-AATRIKPKSA-N
DRUG_000044,CONFIRMED_INTEGRATED_ENTITY,drugbank_only,CC(Cc1ccc(O)c(O)c1)(NN)C(=O)O,TZFNLOMSOLWIDK-JTQLQIEISA-N
DRUG_000045,CONFIRMED_INTEGRATED_ENTITY,both,CC(C)(N)Cc1ccccc1,DHHVAGZRUROJKS-UHFFFAOYSA-N
DRUG_000046,CONFIRMED_INTEGRATED_ENTITY,both,COc1cccc(C2(O)CCCCC2CN(C)C)c1,TVYLLZQTGLZFBW-ZBFHGGJFSA-N
DRUG_000047,CONFIRMED_INTEGRATED_ENTITY,both,CC(C)NCC(O)COc1ccc(CCOCC2CC2)cc1,NWIUTZDMDHAVTP-UHFFFAOYSA-N
DRUG_000048,CONFIRMED_INTEGRATED_ENTITY,both,OC(Cn1cncn1)(Cn1cncn1)c1ccc(F)cc1F,RFHAOTPXVQNOHP-UHFFFAOYSA-N
DRUG_000049,CONFIRMED_INTEGRATED_ENTITY,both,CCOC(=O)C1=CC(OC(CC)CC)C(NC(C)=O)C(N)C1,VSZGPKBBMSAYNT-RRFJBIMHSA-N
DRUG_000050,CONFIRMED_INTEGRATED_ENTITY,both,CCC1OC(=O)C(C)C(OC2CC(C)(OC)C(O)C(C)O2)C(C)C(OC2OC(C)CC(N(C)C)C2O)C(C)(O)CC(C)C(=O)C(C)C(O)C1(C)O,ULGZDMOVFRHVEP-RWJQBGPGSA-N
DRUG_000051,CONFIRMED_INTEGRATED_ENTITY,both,Cn1c(=O)c2c(ncn2C)n(C)c1=O,RYYVLZVUVIJVGH-UHFFFAOYSA-N
DRUG_000052,CONFIRMED_INTEGRATED_ENTITY,drugbank_only,C[N+](C)(C)CCOC(=O)CCC(=O)OCC[N+](C)(C)C,AXOIZCJOOAYSMI-UHFFFAOYSA-N
DRUG_000053,CONFIRMED_INTEGRATED_ENTITY,both,CCCc1nn(C)c2c(=O)[nH]c(-c3cc(S(=O)(=O)N4CCN(C)CC4)ccc3OCC)nc12,BNRNXUUZRGQAQC-UHFFFAOYSA-N
DRUG_000054,CONFIRMED_INTEGRATED_ENTITY,both,CN(CCOc1ccc(NS(C)(=O)=O)cc1)CCc1ccc(NS(C)(=O)=O)cc1,IXTMWRCNAAVVAI-UHFFFAOYSA-N
DRUG_000055,CONFIRMED_INTEGRATED_ENTITY,both,CCc1nc(N)nc(N)c1-c1ccc(Cl)cc1,WKSAUQYGYAYLPV-UHFFFAOYSA-N
DRUG_000056,CONFIRMED_INTEGRATED_ENTITY,both,COC(=O)C1C2CC3c4[nH]c5cc(OC)ccc5c4CCN3CC2CC(OC(=O)c2cc(OC)c(OC)c(OC)c2)C1OC,QEVHRUUCFGRFIF-MDEJGZGSSA-N
DRUG_000057,CONFIRMED_INTEGRATED_ENTITY,both,CCC1OC(=O)C(C)C(OC2CC(C)(OC)C(O)C(C)O2)C(C)C(OC2OC(C)CC(N(C)C)C2O)C(C)(O)CC(C)CN(C)C(C)C(O)C1(C)O,MQTOSJVFKKJCRP-BICOPXKESA-N
DRUG_000058,CONFIRMED_INTEGRATED_ENTITY,both,Clc1ccccc1CN1CCc2sccc2C1,PHWBOXQYWZNQIN-UHFFFAOYSA-N
DRUG_000059,CONFIRMED_INTEGRATED_ENTITY,both,O=C(OC1CC2CCC(C1)[N+]21CCCC1)C(O)(c1ccccc1)c1ccccc1,OYYDSUSKLWTMMQ-JKHIJQBDSA-N
DRUG_000060,CONFIRMED_INTEGRATED_ENTITY,both,COc1ccc(-c2ccc3cc(C(=O)O)ccc3c2)cc1C12CC3CC(CC(C3)C1)C2,LZCDAPDGXCYOEH-UHFFFAOYSA-N
DRUG_000061,CONFIRMED_INTEGRATED_ENTITY,both,COc1ccc(OC)c(C(O)CNC(=O)CN)c1,PTKSEFOSCHHMPD-UHFFFAOYSA-N
DRUG_000062,CONFIRMED_INTEGRATED_ENTITY,drugbank_only,CC(C)(C)S(=O)(=O)CC(Cc1ccccc1)C(=O)NC(Cc1cnc[nH]1)C(=O)NC(CC1CCCCC1)C(O)C(O)C1CC1,UXIGZRQVLGFTOU-VQXQMPIVSA-N
DRUG_000063,CONFIRMED_INTEGRATED_ENTITY,both,COc1ccnc(CS(=O)c2nc3ccc(OC(F)F)cc3[nH]2)c1OC,IQPSEEYGBUAQFF-UHFFFAOYSA-N
DRUG_000064,CONFIRMED_INTEGRATED_ENTITY,both,Cc1cccc(Nc2ccncc2S(=O)(=O)NC(=O)NC(C)C)c1,NGBFQHCMQULJNZ-UHFFFAOYSA-N
DRUG_000065,AMBIGUOUS_MAPPING_COMPONENT,drugbank_only,CN(C)CCCC1(c2ccc(F)cc2)OCc2cc(C#N)ccc21,WSEQXVZVJXJVFP-UHFFFAOYSA-N
DRUG_000066,AMBIGUOUS_MAPPING_COMPONENT,drugbank_only,CN(C)CCCC1(c2ccc(F)cc2)OCc2cc(C#N)ccc21,WSEQXVZVJXJVFP-FQEVSTJZSA-N
DRUG_000067,AMBIGUOUS_MAPPING_COMPONENT,twosides_only,CN(C)CCCC1(c2ccc(F)cc2)OCc2cc(C#N)ccc21,WSEQXVZVJXJVFP-UHFFFAOYSA-N
DRUG_000068,CONFIRMED_INTEGRATED_ENTITY,both,CN1CCCC1Cc1c[nH]c2ccc(CCS(=O)(=O)c3ccccc3)cc12,PWVXXGRKLHYWKM-LJQANCHMSA-N
DRUG_000069,CONFIRMED_INTEGRATED_ENTITY,drugbank_only,CN=C(NC)NCc1ccccc1,NIVZHWNOUVJHKV-UHFFFAOYSA-N
DRUG_000070,CONFIRMED_INTEGRATED_ENTITY,both,COc1c(N2CC3CCCNC3C2)c(F)cc2c(=O)c(C(=O)O)cn(C3CC3)c12,FABPRXSRWADJSP-MEDUHNTESA-N
DRUG_000071,CONFIRMED_INTEGRATED_ENTITY,drugbank_only,CC[N+](C)(CC)CCOC(=O)C(O)(c1ccccc1)C1CCCCC1,GFRUPHOKLBPHTQ-UHFFFAOYSA-N
DRUG_000072,CONFIRMED_INTEGRATED_ENTITY,both,Cc1c(O)cccc1C(=O)NC(CSc1ccccc1)C(O)CN1CC2CCCCC2CC1C(=O)NC(C)(C)C,QAGYKUNXZHXKMR-HKWSIXNMSA-N
DRUG_000073,CONFIRMED_INTEGRATED_ENTITY,drugbank_only,CCC(NC(C)C)C(O)c1ccc(O)c(O)c1,HUYWAWARQUIQLE-UHFFFAOYSA-N
DRUG_000074,CONFIRMED_INTEGRATED_ENTITY,both,CCC1=C(C)CN(C(=O)NCCc2ccc(S(=O)(=O)NC(=O)NC3CCC(C)CC3)cc2)C1=O,WIGIZIANZCJQQY-RUCARUNLSA-N
DRUG_000075,CONFIRMED_INTEGRATED_ENTITY,drugbank_only,CC1CC2C3CC(F)C4=CC(=O)C=CC4(C)C3(F)C(O)CC2(C)C1(O)C(=O)CO,WXURHACBFYSXBI-XHIJKXOTSA-N
DRUG_000076,CONFIRMED_INTEGRATED_ENTITY,both,CC(C)(C)NC(=O)C1CN(Cc2cccnc2)CCN1CC(O)CC(Cc1ccccc1)C(=O)NC1c2ccccc2CC1O,CBVCZFGXHXORBI-PXQQMZJSSA-N
DRUG_000077,CONFIRMED_INTEGRATED_ENTITY,drugbank_only,NC(N)=NCC1COC2(CCCCC2)O1,HPBNRIOWIXYZFK-UHFFFAOYSA-N
DRUG_000078,CONFIRMED_INTEGRATED_ENTITY,both,CCC(C)C(=O)OC1CC(C)C=C2C=CC(C)C(CCC3CC(O)CC(=O)O3)C21,PCZOHLXUXFIOCF-BXMDZJJMSA-N
DRUG_000079,CONFIRMED_INTEGRATED_ENTITY,drugbank_only,FC(F)OC(F)(F)C(F)Cl,JPGQOUSTVILISH-UHFFFAOYSA-N
DRUG_000080,CONFIRMED_INTEGRATED_ENTITY,drugbank_only,CN(C)CCn1nnnc1SCC1=C(C(=O)O)N2C(=O)C(NC(=O)Cc3csc(N)n3)C2SC1,QYQDKDWGWDOFFU-IUODEOHRSA-N
DRUG_000081,CONFIRMED_INTEGRATED_ENTITY,both,CC(C)CC(CN)CC(=O)O,AYXYPKUFHZROOJ-ZETCQYMHSA-N
DRUG_000082,CONFIRMED_INTEGRATED_ENTITY,both,CN1C(=O)C(O)N=C(c2ccccc2)c2cc(Cl)ccc21,SEQDDYPDSLOBDC-UHFFFAOYSA-N
DRUG_000083,CONFIRMED_INTEGRATED_ENTITY,drugbank_only,CN1C(CCl)Nc2cc(Cl)c(S(N)(=O)=O)cc2S1(=O)=O,CESYKOGBSMNBPD-UHFFFAOYSA-N
DRUG_000084,CONFIRMED_INTEGRATED_ENTITY,drugbank_only,Nc1ccc(C(=O)O)c(O)c1,WUBBRNOQWQTFEX-UHFFFAOYSA-N
DRUG_000085,CONFIRMED_INTEGRATED_ENTITY,drugbank_only,CCOc1ccccc1OC(c1ccccc1)C1CNCCO1,CBQGYUDMJHNJBX-RTBURBONSA-N
DRUG_000086,CONFIRMED_INTEGRATED_ENTITY,drugbank_only,Cc1[nH]c(=O)c(C#N)cc1-c1ccncc1,PZRHRDRVRGEVNW-UHFFFAOYSA-N
DRUG_000087,CONFIRMED_INTEGRATED_ENTITY,drugbank_only,O=C(CCBr)N1CCN(C(=O)CCBr)CC1,NJBFOOCLYDNZJN-UHFFFAOYSA-N
DRUG_000088,CONFIRMED_INTEGRATED_ENTITY,drugbank_only,CCC(C)C1(CC)C(=O)NC(=O)NC1=O,ZRIHAIZYIMGOAB-UHFFFAOYSA-N
DRUG_000089,CONFIRMED_INTEGRATED_ENTITY,both,Cc1ccnc2c1NC(=O)c1cccnc1N2C1CC1,NQDJXKOVJZTUJA-UHFFFAOYSA-N
DRUG_000090,CONFIRMED_INTEGRATED_ENTITY,drugbank_only,Clc1ccc(CON=C(Cn2ccnc2)c2ccc(Cl)cc2Cl)c(Cl)c1,QRJJEGAJXVEBNE-HKOYGPOVSA-N
DRUG_000091,CONFIRMED_INTEGRATED_ENTITY,drugbank_only,CC1CC2C3C(Cl)CC4=CC(=O)C=CC4(C)C3C(O)CC2(C)C1(O)C(=O)CO,FJXOGVLKCZQRDN-PHCHRAKRSA-N
DRUG_000092,CONFIRMED_INTEGRATED_ENTITY,drugbank_only,C=CCC1(CC(C)C)C(=O)NC(=O)NC1=O,UZVHFVZFNXBMQJ-UHFFFAOYSA-N
DRUG_000093,CONFIRMED_INTEGRATED_ENTITY,both,Nc1nc(Cl)nc2c1ncn2C1CC(O)C(CO)O1,PTOAARAWEBMLNO-KVQBGUIXSA-N
DRUG_000094,CONFIRMED_INTEGRATED_ENTITY,both,COc1ccccc1OCC(O)CN1CCN(CC(=O)Nc2c(C)cccc2C)CC1,XKLMZUWKNUAPSZ-UHFFFAOYSA-N
DRUG_000095,CONFIRMED_INTEGRATED_ENTITY,both,Nc1ccc(O)c(C(=O)O)c1,KBOPZPXVLCULAV-UHFFFAOYSA-N
DRUG_000096,CONFIRMED_INTEGRATED_ENTITY,drugbank_only,CN1C2CCC1CC(OC(c1ccccc1)c1ccccc1)C2,GIJXKZJWITVLHI-PMOLBWCYSA-N
DRUG_000097,CONFIRMED_INTEGRATED_ENTITY,both,O=C1Cc2cc(CCN3CCN(c4nsc5ccccc45)CC3)c(Cl)cc2N1,MVWVFYHBGMAFLY-UHFFFAOYSA-N
DRUG_000098,CONFIRMED_INTEGRATED_ENTITY,drugbank_only,CCC(CO)NC(=O)C1C=C2c3cccc4c3c(cn4C)CC2N(C)C1,KPJZHOPZRAFDTN-NQUBZZJWSA-N
DRUG_000099,CONFIRMED_INTEGRATED_ENTITY,both,C=CCN1CC(C(=O)N(CCCN(C)C)C(=O)NCC)CC2c3cccc4[nH]cc(c34)CC21,KORNTPPJEAJQIU-KJXAQDMKSA-N
DRUG_000100,CONFIRMED_INTEGRATED_ENTITY,both,Nc1ccc(S(=O)(=O)c2ccc(N)cc2)cc1,MQJKPEGWNLWLTK-UHFFFAOYSA-N
DRUG_000101,CONFIRMED_INTEGRATED_ENTITY,drugbank_only,CC(C)N1CCN(c2ccc(OCC3COC(Cn4cncn4)(c4ccc(Cl)cc4Cl)O3)cc2)CC1,BLSQLHNBWJLIBQ-OZXSUGGESA-N
DRUG_000102,CONFIRMED_INTEGRATED_ENTITY,both,O=C1NC(=O)C(c2ccccc2)(c2ccccc2)N1,CXOFVDLJLONNDW-UHFFFAOYSA-N
DRUG_000103,CONFIRMED_INTEGRATED_ENTITY,drugbank_only,CC(=O)C1CCC2C3CC(C)C4=CC(=O)CCC4(C)C3C(O)CC12C,GZENKSODFLBBHQ-ILSZZQPISA-N
DRUG_000104,CONFIRMED_INTEGRATED_ENTITY,drugbank_only,CC1c2cccc(O)c2C(=O)C2=C(O)C3(O)C(=O)C(C(N)=O)=C(O)C(N(C)C)C3C(O)C21,JBIWCJUYHHGXTC-AKNGSSGZSA-N
DRUG_000105,CONFIRMED_INTEGRATED_ENTITY,drugbank_only,CCC(=C(CC)c1ccc(O)cc1)c1ccc(O)cc1,RGLYKWWBQGJZGM-ISLYRVAYSA-N
DRUG_000106,CONFIRMED_INTEGRATED_ENTITY,drugbank_only,CN(C)C1C(O)=C(C(=O)NCNCCCCC(N)C(=O)O)C(=O)C2(O)C(O)=C3C(=O)c4c(O)cccc4C(C)(O)C3CC12,AHEVKYYGXVEWNO-UEPZRUIBSA-N
DRUG_000107,CONFIRMED_INTEGRATED_ENTITY,both,Clc1ccccc1C(c1ccccc1)(c1ccccc1)n1ccnc1,VNFPBHJOKIVQEB-UHFFFAOYSA-N
DRUG_000108,CONFIRMED_INTEGRATED_ENTITY,drugbank_only,CC(=O)[O-].CC(=O)[O-].[Ca+2],VSGNNIFQASZAOI-UHFFFAOYSA-L
DRUG_000109,CONFIRMED_INTEGRATED_ENTITY,drugbank_only,Nc1ccc(S(N)(=O)=O)cc1,FDDDEECHVMSUSB-UHFFFAOYSA-N
DRUG_000110,CONFIRMED_INTEGRATED_ENTITY,drugbank_only,NC1CONC1=O,DYDCUQKUCUHJBH-UWTATZPHSA-N
DRUG_000111,CONFIRMED_INTEGRATED_ENTITY,both,O=C1CN2Cc3c(ccc(Cl)c3Cl)N=C2N1,OTBXOEAOVRKTNQ-UHFFFAOYSA-N
DRUG_000112,CONFIRMED_INTEGRATED_ENTITY,both,O=NN(CCCl)C(=O)NCCCl,DLGOEMSEDOSKAD-UHFFFAOYSA-N
DRUG_000113,CONFIRMED_INTEGRATED_ENTITY,drugbank_only,Cc1noc(NS(=O)(=O)c2ccc(N)cc2)c1C,NHUHCSRWZMLRLA-UHFFFAOYSA-N
DRUG_000114,CONFIRMED_INTEGRATED_ENTITY,both,COCCc1ccc(OCC(O)CNC(C)C)cc1,IUBSYMUCCVWXPE-UHFFFAOYSA-N
DRUG_000115,CONFIRMED_INTEGRATED_ENTITY,drugbank_only,O=c1oc2ccccc2c(O)c1Cc1c(O)c2ccccc2oc1=O,DOBMPNYZJYQDGZ-UHFFFAOYSA-N
DRUG_000116,CONFIRMED_INTEGRATED_ENTITY,drugbank_only,CON=C(C(=O)NC1C(=O)N2C(C(=O)O)=C(CSc3nnnn3C)CSC12)c1csc(N)n1,HJJDBAOLQAWBMH-YCRCPZNHSA-N
DRUG_000117,CONFIRMED_INTEGRATED_ENTITY,both,CCCN(CCC)CCc1cccc2c1CC(=O)N2,UHSKFQJFRQCDBE-UHFFFAOYSA-N
DRUG_000118,CONFIRMED_INTEGRATED_ENTITY,both,COC(=O)C1=C(C)NC(C)=C(C(=O)OC(C)C)C1c1cccc2nonc12,HMJIYCCIJYRONP-UHFFFAOYSA-N
DRUG_000119,CONFIRMED_INTEGRATED_ENTITY,drugbank_only,CC(=O)Nc1c(I)c(NC(C)=O)c(I)c(C(=O)O)c1I,YVPYQUNUQOZFHG-UHFFFAOYSA-N
DRUG_000120,CONFIRMED_INTEGRATED_ENTITY,both,CC1(C)OC2COC3(COS(N)(=O)=O)OC(C)(C)OC3C2O1,KJADKKWYZYXHBB-XBWDGYHZSA-N
DRUG_000121,CONFIRMED_INTEGRATED_ENTITY,drugbank_only,COC1(NC(=O)CSCC#N)C(=O)N2C(C(=O)O)=C(CSc3nnnn3C)CSC21,SNBUBQHDYVFSQF-HIFRSBDPSA-N
DRUG_000122,CONFIRMED_INTEGRATED_ENTITY,drugbank_only,CCCc1nc(C(C)(C)O)c(C(=O)O)n1Cc1ccc(-c2ccccc2-c2nnn[nH]2)cc1,VTRAEEWXHOVJFV-UHFFFAOYSA-N
DRUG_000123,CONFIRMED_INTEGRATED_ENTITY,drugbank_only,COc1cc(NS(C)(=O)=O)ccc1Nc1c2ccccc2nc2ccccc12,XCPGHVQEEXUHNC-UHFFFAOYSA-N
DRUG_000124,CONFIRMED_INTEGRATED_ENTITY,both,Cn1c(=O)c2[nH]cnc2n(C)c1=O,ZFXYFBGIUFBOJW-UHFFFAOYSA-N
DRUG_000125,CONFIRMED_INTEGRATED_ENTITY,drugbank_only,CC1CNc2c(cccc2S(=O)(=O)NC(CCCNC(=N)N)C(=O)N2CCC(C)CC2C(=O)O)C1,KXNPVXPOPUZYGB-IOVMHBDKSA-N
DRUG_000126,CONFIRMED_INTEGRATED_ENTITY,both,NC(Cc1cc(I)c(Oc2ccc(O)c(I)c2)c(I)c1)C(=O)O,AUYYCJSJGJYCDS-LBPRGKRZSA-N
DRUG_000127,CONFIRMED_INTEGRATED_ENTITY,both,CC(C)N(CCC(C(N)=O)(c1ccccc1)c1ccccn1)C(C)C,UVTNFZQICZKOEM-UHFFFAOYSA-N
DRUG_000128,CONFIRMED_INTEGRATED_ENTITY,both,CCN(CC)CC(=O)Nc1c(C)cccc1C,NNJVILVZKWQKPM-UHFFFAOYSA-N
DRUG_000129,CONFIRMED_INTEGRATED_ENTITY,both,NCCC(O)(P(=O)(O)O)P(=O)(O)O,WRUUGTRCQOWXEG-UHFFFAOYSA-N
DRUG_000130,CONFIRMED_INTEGRATED_ENTITY,drugbank_only,CN1CCCC1CCOC(C)(c1ccccc1)c1ccc(Cl)cc1,YNNUSGIPVFPVBX-NHCUHLMSSA-N
DRUG_000131,CONFIRMED_INTEGRATED_ENTITY,drugbank_only,CC1OC(OC2C(CO)OC(OC(C(O)CO)C(O)C(O)C=O)C(O)C2O)C(O)C(O)C1NC1C=C(CO)C(O)C(O)C1O,CEMXHAPUFJOOSV-XGWNLRGSSA-N
DRUG_000132,CONFIRMED_INTEGRATED_ENTITY,both,COc1ccc(C(CN(C)C)C2(O)CCCCC2)cc1,PNVNVHUZROJLTJ-UHFFFAOYSA-N
DRUG_000133,CONFIRMED_INTEGRATED_ENTITY,both,CC(C)OC(=O)CCCC=CCC1C(O)CC(O)C1C=CC(O)COc1cccc(C(F)(F)F)c1,MKPLKVHSHYCHOC-AHTXBMBWSA-N
DRUG_000134,CONFIRMED_INTEGRATED_ENTITY,drugbank_only,CC(=O)OCC(=O)C12OC3(CCCC3)OC1CC1C3CCC4=CC(=O)C=CC4(C)C3(F)C(O)CC12C,ILKJAFIWWBXGDU-MOGDOJJUSA-N
DRUG_000135,CONFIRMED_INTEGRATED_ENTITY,both,CNCCC(Oc1ccccc1C)c1ccccc1,VHGCDTVCOLNTBX-QGZVFWFLSA-N
DRUG_000136,CONFIRMED_INTEGRATED_ENTITY,drugbank_only,Cc1c(N)nc(C(CC(N)=O)NCC(N)C(N)=O)nc1C(=O)NC(C(=O)NC(C)C(O)C(C)C(=O)NC(C(=O)NCCc1nc(-c2nc(C(=O)NCCC[S+](C)C)cs2)cs1)C(C)O)C(OC1OC(CO)C(O)C(O)C1OC1OC(CO)C(O)C(OC(N)=O)C1O)c1c[nH]cn1,OYVAGSVQBOHSSS-WXFSZRTFSA-O
DRUG_000137,CONFIRMED_INTEGRATED_ENTITY,both,O=C(O)CCCc1ccc(N(CCCl)CCCl)cc1,JCKYGMPEJWAADB-UHFFFAOYSA-N
DRUG_000138,CONFIRMED_INTEGRATED_ENTITY,both,CCOC(=O)c1cncn1C(C)c1ccccc1,NPUKDXXFDDZOKR-LLVKDONJSA-N
DRUG_000139,CONFIRMED_INTEGRATED_ENTITY,drugbank_only,Cc1nc(=O)c2cc(CN(C)c3ccc(C(=O)NC(CCC(=O)O)C(=O)O)s3)ccc2[nH]1,IVTVGDXNLFLDRM-HNNXBMFYSA-N
DRUG_000140,CONFIRMED_INTEGRATED_ENTITY,both,C#CC1(O)CCC2C3CCC4=CC(=O)CCC4C3C(=C)CC21CC,GCKFUYQCUCGESZ-BPIQYHPVSA-N
DRUG_000141,CONFIRMED_INTEGRATED_ENTITY,both,CN1CCC23c4c5ccc(O)c4OC2C(O)C=CC3C1C5,BQJCRHHNABKAKU-KBQPJGBKSA-N
DRUG_000142,CONFIRMED_INTEGRATED_ENTITY,both,CCCN1CCCCC1C(=O)Nc1c(C)cccc1C,ZKMNUMMKYBVTFN-HNNXBMFYSA-N
DRUG_000143,AMBIGUOUS_MAPPING_COMPONENT,drugbank_only,CCCCN1CCCCC1C(=O)Nc1c(C)cccc1C,LEBVLXFERQHONN-UHFFFAOYSA-N
DRUG_000144,AMBIGUOUS_MAPPING_COMPONENT,drugbank_only,CCCCN1CCCCC1C(=O)Nc1c(C)cccc1C,LEBVLXFERQHONN-INIZCTEOSA-N
DRUG_000145,AMBIGUOUS_MAPPING_COMPONENT,twosides_only,CCCCN1CCCCC1C(=O)Nc1c(C)cccc1C,LEBVLXFERQHONN-UHFFFAOYSA-N
DRUG_000146,CONFIRMED_INTEGRATED_ENTITY,drugbank_only,Cc1ccccc1N1CCN(CCc2nnc3n2CCCC3)CC1,RFWZESUMWJKKRN-UHFFFAOYSA-N
DRUG_000147,CONFIRMED_INTEGRATED_ENTITY,both,CC(C)OC(=O)OCOP(=O)(COC(C)Cn1cnc2c(N)ncnc21)OCOC(=O)OC(C)C,JFVZFKDSXNQEJW-CQSZACIVSA-N
DRUG_000148,CONFIRMED_INTEGRATED_ENTITY,drugbank_only,Cc1onc(-c2c(F)cccc2Cl)c1C(=O)NC1C(=O)N2C1SC(C)(C)C2C(=O)O,UIOFUWFRIANQPC-JKIFEVAISA-N
DRUG_000149,CONFIRMED_INTEGRATED_ENTITY,drugbank_only,NCC1CCC(C(=O)O)CC1,GYDJEQRTZSCIOI-LJGSYFOKSA-N
DRUG_000150,CONFIRMED_INTEGRATED_ENTITY,both,CC(O)C1C(=O)N2C(C(=O)O)=C(SC3CNC(C(=O)Nc4cccc(C(=O)O)c4)C3)C(C)C12,JUZNIMUFDBIJCM-ANEDZVCMSA-N
DRUG_000151,CONFIRMED_INTEGRATED_ENTITY,drugbank_only,C#CC1(O)CCC2C3CCC4=CCCCC4C3C(=C)CC21CC,RPLCPCMSCLEKRS-BPIQYHPVSA-N
DRUG_000152,CONFIRMED_INTEGRATED_ENTITY,both,COC12C(COC(N)=O)C3=C(C(=O)C(C)=C(N)C3=O)N1CC1NC12,NWIBSHFKIJFRCO-WUDYKRTCSA-N
DRUG_000153,CONFIRMED_INTEGRATED_ENTITY,both,C=C(c1ccc(C(=O)O)cc1)c1cc2c(cc1C)C(C)(C)CCC2(C)C,NAVMQTYZDKMPEU-UHFFFAOYSA-N
DRUG_000154,CONFIRMED_INTEGRATED_ENTITY,drugbank_only,CCCCCCCN(CC)CCCC(O)c1ccc(NS(C)(=O)=O)cc1,ALOBUEHUHMBRLE-UHFFFAOYSA-N
DRUG_000155,CONFIRMED_INTEGRATED_ENTITY,drugbank_only,CCC1(O)CC2CN(CCc3c([nH]c4ccccc34)C(C(=O)OC)(c3cc4c(cc3OC)N(C)C3C(O)(C(N)=O)C(O)C5(CC)C=CCN6CCC43C65)C2)C1,HHJUWIANJFBDHT-ZVTSDNJWSA-N
DRUG_000156,CONFIRMED_INTEGRATED_ENTITY,both,NS(=O)(=O)c1cc(C2(O)NC(=O)c3ccccc32)ccc1Cl,JIVPVXMEBJLZRO-UHFFFAOYSA-N
DRUG_000157,CONFIRMED_INTEGRATED_ENTITY,drugbank_only,CCCC(C)C1(CC)C(=O)NC(=O)NC1=O,WEXRUCMBJFQVBZ-UHFFFAOYSA-N
DRUG_000158,CONFIRMED_INTEGRATED_ENTITY,both,CCCC(CCC)C(=O)O,NIJJYAXOARWZEE-UHFFFAOYSA-N
DRUG_000159,CONFIRMED_INTEGRATED_ENTITY,drugbank_only,CC1NC(=O)C(N)CNC(=O)C(C2CCN=C(N)N2)NC(=O)C(=CNC(N)=O)NC(=O)C(CNC(=O)CC(N)CCCN)NC1=O.NCCCC(N)CC(=O)NCC1NC(=O)C(CO)NC(=O)C(N)CNC(=O)C(C2CCN=C(N)N2)NC(=O)C(=CNC(N)=O)NC1=O,VCOPTHOUUNAYKQ-WBTCAYNUSA-N
DRUG_000160,CONFIRMED_INTEGRATED_ENTITY,both,CN(C)CCc1c[nH]c2ccc(CC3COC(=O)N3)cc12,ULSDMUVEXKOYBU-ZDUSSCGKSA-N
DRUG_000161,CONFIRMED_INTEGRATED_ENTITY,both,CC(=O)Nc1ccc(O)cc1,RZVAJINKPMORJF-UHFFFAOYSA-N
DRUG_000162,CONFIRMED_INTEGRATED_ENTITY,both,COc1cc2ncnc(Nc3ccc(F)c(Cl)c3)c2cc1OCCCN1CCOCC1,XGALLCVXEZPNRQ-UHFFFAOYSA-N
DRUG_000163,CONFIRMED_INTEGRATED_ENTITY,drugbank_only,COc1ccc2c3c1OC1C(O)C=CC4C(C2)N(C)CCC341,OROGSEYTTFOCAN-DNJOTXNNSA-N
DRUG_000164,CONFIRMED_INTEGRATED_ENTITY,drugbank_only,CCN1CCN(C(=O)NC(C(=O)NC2C(=O)N3C2SC(C)(C)C3C(=O)O)c2ccccc2)C(=O)C1=O,IVBHGBMCVLDMKU-GXNBUGAJSA-N
DRUG_000165,CONFIRMED_INTEGRATED_ENTITY,both,CN1CC(C(=O)NC2(C)OC3(O)C4CCCN4C(=O)C(Cc4ccccc4)N3C2=O)CC2c3cccc4[nH]cc(c34)CC21,LUZRJRNZXALNLM-JGRZULCMSA-N
DRUG_000166,CONFIRMED_INTEGRATED_ENTITY,both,CN(C)CCC=C1c2ccccc2CCc2ccccc21,KRMDCWKBEZIMAB-UHFFFAOYSA-N
DRUG_000167,CONFIRMED_INTEGRATED_ENTITY,drugbank_only,O=c1[nH]c(=O)n(C2CC(O)C(CO)O2)cc1F,ODKNJVUHOIMIIZ-RRKCRQDMSA-N
DRUG_000168,CONFIRMED_INTEGRATED_ENTITY,both,Cc1ccc(C(=O)c2cc(O)c(O)c([N+](=O)[O-])c2)cc1,MIQPIUSUKVNLNT-UHFFFAOYSA-N
DRUG_000169,CONFIRMED_INTEGRATED_ENTITY,both,CC(=O)C1(O)CCC2C3CC(C)C4=CC(=O)C=CC4(C)C3(F)C(O)CC21C,FAOZLTXFLGPHNG-KNAQIMQKSA-N
DRUG_000170,CONFIRMED_INTEGRATED_ENTITY,drugbank_only,N#C[Fe-2](C#N)(C#N)(C#N)(C#N)N=O,ASPOIVQEUUCDQT-UHFFFAOYSA-N
DRUG_000171,CONFIRMED_INTEGRATED_ENTITY,drugbank_only,O=C([O-])C(O)C(O)C(O)C(O)C(O)CO.O=C([O-])C(O)C(O)C(O)C(O)C(O)CO.[Ca+2],FATUQANACHZLRT-KMRXSBRUSA-L
DRUG_000172,CONFIRMED_INTEGRATED_ENTITY,both,CN1CCC23c4c5ccc(O)c4OC2C(=O)CCC3C1C5,WVLOADHCBXTIJK-YNHQPCIGSA-N
DRUG_000173,CONFIRMED_INTEGRATED_ENTITY,both,COc1ccc2c(c1)c(CC(=O)O)c(C)n2C(=O)c1ccc(Cl)cc1,CGIGDMFJXJATDK-UHFFFAOYSA-N
DRUG_000174,CONFIRMED_INTEGRATED_ENTITY,both,CCC(CO)NCCNC(CC)CO,AEUTYOVWOVBAKS-UWVGGRQHSA-N
DRUG_000175,CONFIRMED_INTEGRATED_ENTITY,both,CN(C)C(=N)NC(=N)N,XZWYZXLIPXDOLR-UHFFFAOYSA-N
DRUG_000176,CONFIRMED_INTEGRATED_ENTITY,both,CC(C)[N+]1(C)C2CCC1CC(OC(=O)C(CO)c1ccccc1)C2,OEXHQOGQTVQTAT-BHIXFJMTSA-N
DRUG_000177,CONFIRMED_INTEGRATED_ENTITY,both,CCC(=O)C(CC(C)N(C)C)(c1ccccc1)c1ccccc1,USSIQXCVUWKGNF-UHFFFAOYSA-N
DRUG_000178,CONFIRMED_INTEGRATED_ENTITY,drugbank_only,Cc1cc2c(s1)Nc1ccccc1N=C2N1CCN(C)CC1,KVWDHTXUZHCGIO-UHFFFAOYSA-N
DRUG_000179,CONFIRMED_INTEGRATED_ENTITY,both,CC(C)NCC(O)COc1ccc(CC(N)=O)cc1,METKIMKYRPQLGS-UHFFFAOYSA-N
DRUG_000180,CONFIRMED_INTEGRATED_ENTITY,drugbank_only,NC(=O)NN=Cc1ccc([N+](=O)[O-])o1,IAIWVQXQOWNYOU-FPYGCLRLSA-N
DRUG_000181,CONFIRMED_INTEGRATED_ENTITY,both,CCC1C=C(C)CC(C)CC(OC)C2OC(O)(C(=O)C(=O)N3CCCCC3C(=O)OC(C(C)=CC3CCC(Cl)C(OC)C3)C(C)C(O)CC1=O)C(C)CC2OC,KASDHRXLYQOAKZ-XDSKOBMDSA-N
DRUG_000182,CONFIRMED_INTEGRATED_ENTITY,both,COc1ccc2nc(S(=O)Cc3ncc(C)c(OC)c3C)[nH]c2c1,SUBDBMMJDZJVOS-UHFFFAOYSA-N
DRUG_000183,CONFIRMED_INTEGRATED_ENTITY,both,NC(=O)c1cnccn1,IPEHBUMCGVEMRF-UHFFFAOYSA-N
DRUG_000184,CONFIRMED_INTEGRATED_ENTITY,drugbank_only,CN1CCCC(CC2c3ccccc3Sc3ccccc32)C1,MJFJKKXQDNNUJF-UHFFFAOYSA-N
DRUG_000185,AMBIGUOUS_MAPPING_COMPONENT,drugbank_only,O=C(O)COCCN1CCN(C(c2ccccc2)c2ccc(Cl)cc2)CC1,ZKLPARSLTMPFCP-UHFFFAOYSA-N
DRUG_000186,AMBIGUOUS_MAPPING_COMPONENT,drugbank_only,O=C(O)COCCN1CCN(C(c2ccccc2)c2ccc(Cl)cc2)CC1,ZKLPARSLTMPFCP-OAQYLSRUSA-N
DRUG_000187,AMBIGUOUS_MAPPING_COMPONENT,twosides_only,O=C(O)COCCN1CCN(C(c2ccccc2)c2ccc(Cl)cc2)CC1,ZKLPARSLTMPFCP-UHFFFAOYSA-N
DRUG_000188,CONFIRMED_INTEGRATED_ENTITY,drugbank_only,COc1ccc(C2Sc3ccccc3N(CCN(C)C)C(=O)C2OC(C)=O)cc1,HSUGRBWQSSZJOP-RTWAWAEBSA-N
DRUG_000189,CONFIRMED_INTEGRATED_ENTITY,drugbank_only,CNCCCC1c2ccccc2C=Cc2ccccc21,BWPIARFWQZKAIA-UHFFFAOYSA-N
DRUG_000190,CONFIRMED_INTEGRATED_ENTITY,drugbank_only,Nc1ccc(C(=O)NCC(=O)O)cc1,HSMNQINEKMPTIC-UHFFFAOYSA-N
DRUG_000191,CONFIRMED_INTEGRATED_ENTITY,both,COc1cc2nc(N(C)CCCNC(=O)C3CCCO3)nc(N)c2cc1OC,WNMJYKCGWZFFKR-UHFFFAOYSA-N
DRUG_000192,CONFIRMED_INTEGRATED_ENTITY,drugbank_only,CN1C(=O)OC(C)(C)C1=O,IRYJRGCIQBGHIV-UHFFFAOYSA-N
DRUG_000193,CONFIRMED_INTEGRATED_ENTITY,drugbank_only,CN1C(=O)CC(=O)N(c2ccccc2)c2cc(Cl)ccc21,CXOXHMZGEKVPMT-UHFFFAOYSA-N
DRUG_000194,CONFIRMED_INTEGRATED_ENTITY,drugbank_only,Nc1cc(N2CCCCC2)nc(N)[n+]1[O-],ZFMITUMMTDLWHR-UHFFFAOYSA-N
DRUG_000195,CONFIRMED_INTEGRATED_ENTITY,drugbank_only,CC(=O)OC1(C(C)=O)CCC2C3C=C(C)C4=CC(=O)CCC4(C)C3CCC21C,RQZAXGRLVPAYTJ-GQFGMJRRSA-N
DRUG_000196,CONFIRMED_INTEGRATED_ENTITY,drugbank_only,Nc1nc(=S)c2[nH]cnc2[nH]1,WYWHKKSPHMUBEB-UHFFFAOYSA-N
DRUG_000197,CONFIRMED_INTEGRATED_ENTITY,both,CCC(CO)NC(=O)C1C=C2c3cccc4[nH]cc(c34)CC2N(C)C1,UNBRKDKAWYKMIV-QWQRMKEZSA-N
DRUG_000198,CONFIRMED_INTEGRATED_ENTITY,drugbank_only,CC(C)(C)c1ccc(CN2CCN(C(c3ccccc3)c3ccc(Cl)cc3)CC2)cc1,MOYGZHXDRJNJEP-UHFFFAOYSA-N
DRUG_000199,CONFIRMED_INTEGRATED_ENTITY,drugbank_only,CC1C(NC(=O)C(=NOC(C)(C)C(=O)O)c2csc([NH3+])n2)C(=O)N1S(=O)(=O)[O-],WZPBZJONDBGPKJ-VEHQQRBSSA-N
DRUG_000200,CONFIRMED_INTEGRATED_ENTITY,both,O=c1[nH]c2cc(Cl)ccc2o1,TZFWDZFKRBELIQ-UHFFFAOYSA-N
DRUG_000201,CONFIRMED_INTEGRATED_ENTITY,drugbank_only,CCC1(c2ccc(N)cc2)CCC(=O)NC1=O,ROBVIMPUHSLWNV-UHFFFAOYSA-N
DRUG_000202,CONFIRMED_INTEGRATED_ENTITY,both,OC(c1cc(C(F)(F)F)nc2c(C(F)(F)F)cccc12)C1CCCCN1,XEEQGYMUWCZPDN-UHFFFAOYSA-N
DRUG_000203,CONFIRMED_INTEGRATED_ENTITY,both,Nc1ccc(S(=O)(=O)Nc2ncccn2)cc1,SEEPANYCNGTZFQ-UHFFFAOYSA-N
DRUG_000204,CONFIRMED_INTEGRATED_ENTITY,drugbank_only,CC(O)C(O)C1CNc2nc(N)[nH]c(=O)c2N1,FNKQXYHWGSIFBK-RPDRRWSUSA-N
DRUG_000205,CONFIRMED_INTEGRATED_ENTITY,both,CCC1=CC2CN(C1)Cc1c([nH]c3ccccc13)C(C(=O)OC)(c1cc3c(cc1OC)N(C)C1C(O)(C(=O)OC)C(OC(C)=O)C4(CC)C=CCN5CCC31C54)C2,GBABOYUKABKIAF-IELIFDKJSA-N
DRUG_000206,CONFIRMED_INTEGRATED_ENTITY,drugbank_only,CCCCCOc1ccc(-c2ccc(-c3ccc(C(=O)NC4CC(O)C(O)NC(=O)C5C(O)C(C)CN5C(=O)C(C(C)O)NC(=O)C(C(O)C(O)c5ccc(O)cc5)NC(=O)C5CC(O)CN5C(=O)C(C(C)O)NC4=O)cc3)cc2)cc1,JHVAMHSQVVQIOT-MFAJLEFUSA-N
DRUG_000207,CONFIRMED_INTEGRATED_ENTITY,drugbank_only,CN1CCN(C2=Nc3cc(Cl)ccc3Nc3ccccc32)CC1,QZUDBNBUXVUHMW-UHFFFAOYSA-N
DRUG_000208,CONFIRMED_INTEGRATED_ENTITY,drugbank_only,O.O=S(=O)(OCC1OC(OC2(COS(=O)(=O)O[Al](O)O)OC(COS(=O)(=O)O[Al](O)O)C(OS(=O)(=O)O[Al](O)O)C2OS(=O)(=O)O[Al](O)O)C(OS(=O)(=O)O[Al](O)O)C(OS(=O)(=O)O[Al](O)O)C1OS(=O)(=O)O[Al](O)O)O[Al](O)O.O[Al](O)O,IPLJAZDIICJQEL-JTJNLBSYSA-A
DRUG_000209,CONFIRMED_INTEGRATED_ENTITY,drugbank_only,CN(C)CCOC(C)(c1ccccc1)c1ccccn1,HCFDWZZGGLSKEP-UHFFFAOYSA-N
DRUG_000210,AMBIGUOUS_MAPPING_COMPONENT,drugbank_only,C#CC1(O)CCC2C3CCC4=CC(=O)CCC4C3CCC21CC,WWYNJERNGUHSAO-XUDSTZEESA-N
DRUG_000211,AMBIGUOUS_MAPPING_COMPONENT,drugbank_only,C#CC1(O)CCC2C3CCC4=CC(=O)CCC4C3CCC21CC,WWYNJERNGUHSAO-UHFFFAOYSA-N
DRUG_000212,AMBIGUOUS_MAPPING_COMPONENT,twosides_only,C#CC1(O)CCC2C3CCC4=CC(=O)CCC4C3CCC21CC,WWYNJERNGUHSAO-UHFFFAOYSA-N
DRUG_000213,CONFIRMED_INTEGRATED_ENTITY,drugbank_only,NCC(O)c1ccc(O)c(O)c1,SFLSHLFXELFNJZ-QMMMGPOBSA-N
DRUG_000214,CONFIRMED_INTEGRATED_ENTITY,drugbank_only,Nc1ccn(CC(CO)OCP(=O)(O)O)c(=O)n1,VWFCHDSQECPREK-LURJTMIESA-N
DRUG_000215,CONFIRMED_INTEGRATED_ENTITY,both,CN1CCN2c3ncccc3Cc3ccccc3C2C1,RONZAEMNMFQXRA-UHFFFAOYSA-N
DRUG_000216,CONFIRMED_INTEGRATED_ENTITY,both,CCCC(C)(COC(N)=O)COC(N)=O,NPPQSCRMBWNHMW-UHFFFAOYSA-N
DRUG_000217,CONFIRMED_INTEGRATED_ENTITY,both,CC(C)(C)NCC(O)COc1nsnc1N1CCOCC1,BLJRIMJGRPQVNF-JTQLQIEISA-N
DRUG_000218,CONFIRMED_INTEGRATED_ENTITY,both,CCCCCC(O)CCC1C(O)CC2Cc3c(cccc3OCC(=O)O)CC21,PAJMKGZZBBTTOY-ZFORQUDYSA-N
DRUG_000219,CONFIRMED_INTEGRATED_ENTITY,both,OC(CCN1CCCCC1)(c1ccccc1)C1CCCCC1,HWHLPVGTWGOCJO-UHFFFAOYSA-N
DRUG_000220,CONFIRMED_INTEGRATED_ENTITY,both,O=C1c2cccc3c2C(CCC3)CN1C1CN2CCC1CC2,CPZBLNMUGSZIPR-NVXWUHKLSA-N
DRUG_000221,CONFIRMED_INTEGRATED_ENTITY,drugbank_only,CC(=O)C1CCC2C3C=CC4=CC(=O)CCC4(C)C3CCC12C,JGMOKGBVKVMRFX-HQZYFCCVSA-N
DRUG_000222,CONFIRMED_INTEGRATED_ENTITY,both,Cc1cccc(C)c1OCC(C)N,VLPIATFUUWWMKC-UHFFFAOYSA-N
DRUG_000223,CONFIRMED_INTEGRATED_ENTITY,drugbank_only,CC(CN1CC(=O)NC(=O)C1)N1CC(=O)NC(=O)C1,BMKDZUISNHGIBY-ZETCQYMHSA-N
DRUG_000224,CONFIRMED_INTEGRATED_ENTITY,both,CCOC(=O)C1=C(COCCN)NC(C)=C(C(=O)OC)C1c1ccccc1Cl,HTIQEAQVCYTUBX-UHFFFAOYSA-N
DRUG_000225,CONFIRMED_INTEGRATED_ENTITY,drugbank_only,Nc1nc(N)c2nc(-c3ccccc3)c(N)nc2n1,FNYLWPVRPXGIIP-UHFFFAOYSA-N
DRUG_000226,CONFIRMED_INTEGRATED_ENTITY,drugbank_only,CCCCC(=O)OCC(=O)C1(O)Cc2c(O)c3c(c(O)c2C(OC2CC(NC(=O)C(F)(F)F)C(O)C(C)O2)C1)C(=O)c1c(OC)cccc1C3=O,ZOCKGBMQLCSHFP-KQRAQHLDSA-N
DRUG_000227,CONFIRMED_INTEGRATED_ENTITY,drugbank_only,OC(CCN1CCCC1)(c1ccccc1)C1CCCCC1,WYDUSKDSKCASEF-UHFFFAOYSA-N
DRUG_000228,CONFIRMED_INTEGRATED_ENTITY,drugbank_only,CNCC(O)c1cccc(O)c1,SONNWYBIRXJNDC-VIFPVBQESA-N
DRUG_000229,CONFIRMED_INTEGRATED_ENTITY,drugbank_only,CCOC(=O)n1ccn(C)c1=S,CFOYWRHIYXMDOT-UHFFFAOYSA-N
DRUG_000230,CONFIRMED_INTEGRATED_ENTITY,both,CC1OC(OC2C(O)CC(OC3C(O)CC(OC4CCC5(C)C(CCC6C5CC(O)C5(C)C(C7=CC(=O)OC7)CCC65O)C4)OC3C)OC2C)CC(O)C1O,LTMHDMANZUZIPE-PUGKRICDSA-N
DRUG_000231,CONFIRMED_INTEGRATED_ENTITY,drugbank_only,CCN1CCCC1CNC(=O)c1cc(S(N)(=O)=O)ccc1OC,BGRJTUBHPOOWDU-UHFFFAOYSA-N
DRUG_000232,CONFIRMED_INTEGRATED_ENTITY,drugbank_only,CCN(CC)C(C)CN1c2ccccc2Sc2ccccc21,CDOZDBSBBXSXLB-UHFFFAOYSA-N
DRUG_000233,CONFIRMED_INTEGRATED_ENTITY,both,COCCOC(=O)C1=C(C)NC(C)=C(C(=O)OC(C)C)C1c1cccc([N+](=O)[O-])c1,UIAGMCDKSXEBJQ-UHFFFAOYSA-N
DRUG_000234,CONFIRMED_INTEGRATED_ENTITY,drugbank_only,CCC(=O)OCC(=O)C1(OC(=O)CC)C(C)CC2C3CCC4=CC(=O)C=CC4(C)C3(Cl)C(O)CC21C,KUVIULQEHSCUHY-XYWKZLDCSA-N
DRUG_000235,CONFIRMED_INTEGRATED_ENTITY,both,CCCC(C)(COC(N)=O)COC(=O)NC(C)C,OFZCIYFFPZCNJE-UHFFFAOYSA-N
DRUG_000236,CONFIRMED_INTEGRATED_ENTITY,both,CC(=O)C1CCC2C3CCC4=CC(=O)CCC4(C)C3CCC12C,RJKFOVLPORLFTN-LEKSSAKUSA-N
DRUG_000237,CONFIRMED_INTEGRATED_ENTITY,drugbank_only,CC(N)C(O)c1ccccc1,DLNKOYKMWOXYQA-CBAPKCEASA-N
DRUG_000238,CONFIRMED_INTEGRATED_ENTITY,both,CNC(=O)c1cc(Oc2ccc(NC(=O)Nc3ccc(Cl)c(C(F)(F)F)c3)cc2)ccn1,MLDQJTXFUGDVEO-UHFFFAOYSA-N
DRUG_000239,CONFIRMED_INTEGRATED_ENTITY,both,O=P(O)(O)C(O)(Cn1ccnc1)P(=O)(O)O,XRASPMIURGNCCH-UHFFFAOYSA-N
DRUG_000240,CONFIRMED_INTEGRATED_ENTITY,drugbank_only,COC1=CC(=O)CC(C)C12Oc1c(Cl)c(OC)cc(OC)c1C2=O,DDUHZTYCFQRHIY-RBHXEPJQSA-N
DRUG_000241,CONFIRMED_INTEGRATED_ENTITY,both,COC(=O)C1=C(C)NC(C)=C(C(=O)OCC(C)C)C1c1ccccc1[N+](=O)[O-],VKQFCGNPDRICFG-UHFFFAOYSA-N
DRUG_000242,AMBIGUOUS_MAPPING_COMPONENT,drugbank_only,CN1CCN(C(=O)OC2c3nccnc3C(=O)N2c2ccc(Cl)cn2)CC1,GBBSUAFBMRNDJC-INIZCTEOSA-N
DRUG_000243,AMBIGUOUS_MAPPING_COMPONENT,drugbank_only,CN1CCN(C(=O)OC2c3nccnc3C(=O)N2c2ccc(Cl)cn2)CC1,GBBSUAFBMRNDJC-UHFFFAOYSA-N
DRUG_000244,AMBIGUOUS_MAPPING_COMPONENT,twosides_only,CN1CCN(C(=O)OC2c3nccnc3C(=O)N2c2ccc(Cl)cn2)CC1,GBBSUAFBMRNDJC-UHFFFAOYSA-N
DRUG_000245,CONFIRMED_INTEGRATED_ENTITY,both,Cc1nnc2n1-c1ccc(Cl)cc1C(c1ccccc1)=NC2,VREFGVBLTWBCJP-UHFFFAOYSA-N
DRUG_000246,CONFIRMED_INTEGRATED_ENTITY,drugbank_only,CN(C)CCC(c1ccc(Br)cc1)c1ccccn1,ZDIGNSYAACHWNL-HNNXBMFYSA-N
DRUG_000247,CONFIRMED_INTEGRATED_ENTITY,both,CN1CCN(C2=Nc3ccccc3Oc3ccc(Cl)cc32)CC1,XJGVXQDUIWGIRW-UHFFFAOYSA-N
DRUG_000248,CONFIRMED_INTEGRATED_ENTITY,drugbank_only,CCN1CCCC1CNC(=O)c1c(OC)ccc(Br)c1OC,GUJRSXAPGDDABA-NSHDSACASA-N
DRUG_000249,CONFIRMED_INTEGRATED_ENTITY,both,CC(=CC(=O)OCCCCCCCCC(=O)O)CC1OCC(CC2OC2C(C)C(C)O)C(O)C1O,MINDHVHHQZYEEK-HBBNESRFSA-N
DRUG_000250,CONFIRMED_INTEGRATED_ENTITY,both,C[N+](C)(C)CCOC(N)=O,VPJXQGSRWJZDOB-UHFFFAOYSA-O
DRUG_000251,CONFIRMED_INTEGRATED_ENTITY,both,CN(CCOc1ccc(CC2SC(=O)NC2=O)cc1)c1ccccn1,YASAKCUCGLMORW-UHFFFAOYSA-N
DRUG_000252,CONFIRMED_INTEGRATED_ENTITY,both,CCCNC1CCc2nc(N)sc2C1,FASDKYOPVNHBLU-ZETCQYMHSA-N
DRUG_000253,CONFIRMED_INTEGRATED_ENTITY,drugbank_only,CC1(C)SC2C(NC(=O)C(N)c3ccccc3)C(=O)N2C1C(=O)O,AVKUERGKIZMTKX-NJBDSQKTSA-N
DRUG_000254,CONFIRMED_INTEGRATED_ENTITY,drugbank_only,CC1(C)SC2C(NC(=O)COc3ccccc3)C(=O)N2C1C(=O)O,BPLBGHOLXOTWMN-MBNYWOFBSA-N
DRUG_000255,CONFIRMED_INTEGRATED_ENTITY,drugbank_only,C=CCC1(C(C)CCC)C(=O)NC(=O)NC1=O,KQPKPCNLIDLUMF-UHFFFAOYSA-N
DRUG_000256,CONFIRMED_INTEGRATED_ENTITY,both,CCCCN1CC(O)C(O)C(O)C1CO,UQRORFVVSGFNRO-UTINFBMNSA-N
DRUG_000257,CONFIRMED_INTEGRATED_ENTITY,drugbank_only,CN(C)CCCN1c2ccccc2Sc2ccccc21,ZGUGWUXLJSTTMA-UHFFFAOYSA-N
DRUG_000258,CONFIRMED_INTEGRATED_ENTITY,both,CC(=O)SC1CC2=CC(=O)CCC2(C)C2CCC3(C)C(CCC34CCC(=O)O4)C12,LXMSZDCAJNLERA-ZHYRCANASA-N
DRUG_000259,AMBIGUOUS_MAPPING_COMPONENT,drugbank_only,COC(=O)C(c1ccccc1)C1CCCCN1,DUGOZIWVEXMGBE-UHFFFAOYSA-N
DRUG_000260,AMBIGUOUS_MAPPING_COMPONENT,drugbank_only,COC(=O)C(c1ccccc1)C1CCCCN1,DUGOZIWVEXMGBE-CHWSQXEVSA-N
DRUG_000261,AMBIGUOUS_MAPPING_COMPONENT,twosides_only,COC(=O)C(c1ccccc1)C1CCCCN1,DUGOZIWVEXMGBE-UHFFFAOYSA-N
DRUG_000262,CONFIRMED_INTEGRATED_ENTITY,both,COc1ccccc1OCC(O)COC(N)=O,GNXFOGHNGIVQEH-UHFFFAOYSA-N
DRUG_000263,AMBIGUOUS_MAPPING_COMPONENT,drugbank_only,CN1C2CCC1CC(OC(=O)C(CO)c1ccccc1)C2,RKUNBYITZUJHSG-FXUDXRNXSA-N
DRUG_000264,AMBIGUOUS_MAPPING_COMPONENT,drugbank_only,CN1C2CCC1CC(OC(=O)C(CO)c1ccccc1)C2,RKUNBYITZUJHSG-SPUOUPEWSA-N
DRUG_000265,AMBIGUOUS_MAPPING_COMPONENT,twosides_only,CN1C2CCC1CC(OC(=O)C(CO)c1ccccc1)C2,RKUNBYITZUJHSG-UHFFFAOYSA-N
DRUG_000266,CONFIRMED_INTEGRATED_ENTITY,both,Cc1ccc(-c2nc3ccc(C)cn3c2CC(=O)N(C)C)cc1,ZAFYATHCZYHLPB-UHFFFAOYSA-N
DRUG_000267,CONFIRMED_INTEGRATED_ENTITY,both,CC(=O)OCC(CCn1cnc2cnc(N)nc21)COC(C)=O,GGXKWVWZWMLJEH-UHFFFAOYSA-N
DRUG_000268,CONFIRMED_INTEGRATED_ENTITY,drugbank_only,Cc1ccc(C(=CCN2CCCC2)c2ccccn2)cc1,CBEQULMOCCWAQT-WOJGMQOQSA-N
DRUG_000269,CONFIRMED_INTEGRATED_ENTITY,drugbank_only,CN(N=O)C(=O)NC1C(O)OC(CO)C(O)C1O,ZSJLQEPLLKMAKR-GKHCUFPYSA-N
DRUG_000270,CONFIRMED_INTEGRATED_ENTITY,drugbank_only,CCCCCC(C)(O)C=CC1C(O)CC(O)C1CC=CCCCC(=O)[O-].[NH3+]C(CO)(CO)CO,UMMADZJLZAPZAW-OVXHCKHTSA-N
DRUG_000271,CONFIRMED_INTEGRATED_ENTITY,drugbank_only,Cc1cc(O)c(C(=O)NC(C(=O)NC2C(=O)N3C(C(=O)O)=C(CSc4nnnn4C)CSC23)c2ccc(O)cc2)cn1,PWAUCHMQEXVFJR-PMAPCBKXSA-N
DRUG_000272,CONFIRMED_INTEGRATED_ENTITY,drugbank_only,O=c1[nH]c(=O)n(C2CC(O)C(CO)O2)cc1C(F)(F)F,VSQQQLOSPVPRAZ-RRKCRQDMSA-N
DRUG_000273,CONFIRMED_INTEGRATED_ENTITY,both,CN1CCN(CCCN2c3ccccc3Sc3ccc(Cl)cc32)CC1,WIKYUJGCLQQFNW-UHFFFAOYSA-N
DRUG_000274,CONFIRMED_INTEGRATED_ENTITY,drugbank_only,CN1CCC(=C2c3ccccc3C=Cc3ccccc32)CC1,JJCFRYNCJDLXIK-UHFFFAOYSA-N
DRUG_000275,CONFIRMED_INTEGRATED_ENTITY,both,[N]=O,MWUXSHHQAYIFBG-UHFFFAOYSA-N
DRUG_000276,CONFIRMED_INTEGRATED_ENTITY,drugbank_only,NS(=O)(=O)c1cc2c(cc1C(F)(F)F)NC(Cc1ccccc1)NS2(=O)=O,HDWIHXWEUNVBIY-UHFFFAOYSA-N
DRUG_000277,CONFIRMED_INTEGRATED_ENTITY,drugbank_only,Oc1ncnc2[nH]ncc12,OFCNXPDARWKPPY-UHFFFAOYSA-N
DRUG_000278,CONFIRMED_INTEGRATED_ENTITY,both,CC(C)(ON=C(C(=O)NC1C(=O)N2C(C(=O)[O-])=C(C[n+]3ccccc3)CSC12)c1csc(N)n1)C(=O)O,ORFOPKXBNMVMKC-DWVKKRMSSA-N
DRUG_000279,CONFIRMED_INTEGRATED_ENTITY,both,COc1cc(Cc2cnc(N)nc2N)cc(OC)c1OC,IEDVJHCEMCRBQM-UHFFFAOYSA-N
DRUG_000280,CONFIRMED_INTEGRATED_ENTITY,both,Nc1ccn(C2OC(CO)C(O)C2(F)F)c(=O)n1,SDUQYLNIPVEERB-QPPQHZFASA-N
DRUG_000281,CONFIRMED_INTEGRATED_ENTITY,both,C=C1C(CO)C(O)CC1n1cnc2c(=O)nc(N)[nH]c21,QDGZDCVAUDNJFG-FXQIFTODSA-N
DRUG_000282,AMBIGUOUS_MAPPING_COMPONENT,drugbank_only,CC1CC2C3CCC4=CC(=O)C=CC4(C)C3(F)C(O)CC2(C)C1(O)C(=O)CO,UREBDLICKHMUKA-DVTGEIKXSA-N
DRUG_000283,AMBIGUOUS_MAPPING_COMPONENT,drugbank_only,CC1CC2C3CCC4=CC(=O)C=CC4(C)C3(F)C(O)CC2(C)C1(O)C(=O)CO,UREBDLICKHMUKA-CXSFZGCWSA-N
DRUG_000284,AMBIGUOUS_MAPPING_COMPONENT,twosides_only,CC1CC2C3CCC4=CC(=O)C=CC4(C)C3(F)C(O)CC2(C)C1(O)C(=O)CO,UREBDLICKHMUKA-UHFFFAOYSA-N
DRUG_000285,CONFIRMED_INTEGRATED_ENTITY,drugbank_only,COc1cc(C2c3cc4c(cc3C(OC3OC5COC(c6cccs6)OC5C(O)C3O)C3COC(=O)C23)OCO4)cc(OC)c1O,NRUKOCRGYNPUPR-QBPJDGROSA-N
DRUG_000286,CONFIRMED_INTEGRATED_ENTITY,drugbank_only,COc1cccc2c1C(=O)c1c(O)c3c(c(O)c1C2=O)CC(O)(C(=O)CO)CC3OC1CC(N)C(O)C(C)O1,AOJJSUZBOXZQNB-VTZDEGQISA-N
DRUG_000287,CONFIRMED_INTEGRATED_ENTITY,both,O=C(NC(CO)C(O)c1ccc([N+](=O)[O-])cc1)C(Cl)Cl,WIIZWVCIJKGZOK-RKDXNWHRSA-N
DRUG_000288,AMBIGUOUS_MAPPING_COMPONENT,drugbank_only,Cc1c(OCC(F)(F)F)ccnc1CS(=O)c1nc2ccccc2[nH]1,MJIHNNLFOKEZEW-UHFFFAOYSA-N
DRUG_000289,AMBIGUOUS_MAPPING_COMPONENT,drugbank_only,Cc1c(OCC(F)(F)F)ccnc1CS(=O)c1nc2ccccc2[nH]1,MJIHNNLFOKEZEW-RUZDIDTESA-N
DRUG_000290,AMBIGUOUS_MAPPING_COMPONENT,twosides_only,Cc1c(OCC(F)(F)F)ccnc1CS(=O)c1nc2ccccc2[nH]1,MJIHNNLFOKEZEW-UHFFFAOYSA-N
DRUG_000291,CONFIRMED_INTEGRATED_ENTITY,drugbank_only,CNCC(O)c1ccc(OC(=O)C(C)(C)C)c(OC(=O)C(C)(C)C)c1,OCUJLLGVOUDECM-UHFFFAOYSA-N
DRUG_000292,CONFIRMED_INTEGRATED_ENTITY,both,O=C(CCCN1CC=C(n2c(=O)[nH]c3ccccc32)CC1)c1ccc(F)cc1,RMEDXOLNCUSCGS-UHFFFAOYSA-N
DRUG_000293,CONFIRMED_INTEGRATED_ENTITY,both,NC(Cc1cc(I)c(Oc2cc(I)c(O)c(I)c2)c(I)c1)C(=O)O,XUIIKFGFIJCVMT-LBPRGKRZSA-N
DRUG_000294,CONFIRMED_INTEGRATED_ENTITY,drugbank_only,NCC1OC(OC2C(CO)OC(OC3C(O)C(N)CC(N)C3OC3OC(CN)C(O)C(O)C3N)C2O)C(N)C(O)C1O,PGBHMTALBVVCIT-VCIWKGPPSA-N
DRUG_000295,CONFIRMED_INTEGRATED_ENTITY,drugbank_only,CN(C)C1C(O)=C(C(=O)NCO)C(=O)C2(O)C(O)=C3C(=O)c4c(O)ccc(Cl)c4C(C)(O)C3CC12,GJGDLRSSCNAKGL-KMVLDZISSA-N
DRUG_000296,CONFIRMED_INTEGRATED_ENTITY,both,CCOC(=O)C1(c2ccccc2)CCN(C)CC1,XADCESSVHJOZHK-UHFFFAOYSA-N
DRUG_000297,CONFIRMED_INTEGRATED_ENTITY,both,CCOC(=O)N1CCC(=C2c3ccc(Cl)cc3CCc3cccnc32)CC1,JCCNYMKQOSZNPW-UHFFFAOYSA-N
DRUG_000298,CONFIRMED_INTEGRATED_ENTITY,drugbank_only,CC(=O)OCC1=C(C(=O)O)N2C(=O)C(NC(=O)Cc3cccs3)C2SC1,XIURVHNZVLADCM-IUODEOHRSA-N
DRUG_000299,CONFIRMED_INTEGRATED_ENTITY,both,COc1cc2nc(N3CCN(C(=O)c4ccco4)CC3)nc(N)c2cc1OC,IENZQIKPVFGBNW-UHFFFAOYSA-N
DRUG_000300,CONFIRMED_INTEGRATED_ENTITY,both,CN(C)CCCN1c2ccccc2CCc2ccccc21,BCGWQEUPMDMJNV-UHFFFAOYSA-N
DRUG_000301,CONFIRMED_INTEGRATED_ENTITY,both,COc1cc(C)c(C=CC(C)=CC=CC(C)=CC(=O)O)c(C)c1C,IHUNBGSDBOWDMA-AQFIFDHZSA-N
DRUG_000302,CONFIRMED_INTEGRATED_ENTITY,both,C=Cc1c(C)c2cc3nc(cc4[nH]c(cc5nc(cc1[nH]2)C(C)=C5CCC(=O)O)c(CCC(=O)OC)c4C)C1(C)C3=CC=C(C(=O)OC)C1C(=O)OC,YTZALCGQUPRCGW-ZSFNYQMMSA-N
DRUG_000303,CONFIRMED_INTEGRATED_ENTITY,both,COc1ccc2cc(CCC(C)=O)ccc2c1,BLXXJMDCKKHMKV-UHFFFAOYSA-N
DRUG_000304,CONFIRMED_INTEGRATED_ENTITY,drugbank_only,C[N+]1(C)C2CC(OC(=O)C(CO)c3ccccc3)CC1C1OC12.[Br-],CXYRUNPLKGGUJF-JIRGPDKYSA-M
DRUG_000305,CONFIRMED_INTEGRATED_ENTITY,both,O=C(c1ccccc1)c1ccc2n1CCC2C(=O)O,OZWKMVRBQXNZKK-UHFFFAOYSA-N
DRUG_000306,CONFIRMED_INTEGRATED_ENTITY,drugbank_only,CCn1cc(C(=O)O)c(=O)c2cc(F)c(N3CCNCC3)nc21,IDYZIJYBMGIQMJ-UHFFFAOYSA-N
DRUG_000307,AMBIGUOUS_MAPPING_COMPONENT,drugbank_only,C=CC1CN2CCC1CC2C(O)c1ccnc2ccc(OC)cc12,LOUPRKONTZGTKE-WZBLMQSHSA-N
DRUG_000308,AMBIGUOUS_MAPPING_COMPONENT,drugbank_only,C=CC1CN2CCC1CC2C(O)c1ccnc2ccc(OC)cc12,LOUPRKONTZGTKE-LHHVKLHASA-N
DRUG_000309,AMBIGUOUS_MAPPING_COMPONENT,twosides_only,C=CC1CN2CCC1CC2C(O)c1ccnc2ccc(OC)cc12,LOUPRKONTZGTKE-UHFFFAOYSA-N
DRUG_000310,CONFIRMED_INTEGRATED_ENTITY,drugbank_only,CN1C(C(=O)Nc2ccccn2)=C(O)c2sccc2S1(=O)=O,LZNWYQJJBLGYLT-UHFFFAOYSA-N
DRUG_000311,CONFIRMED_INTEGRATED_ENTITY,both,CCCCCc1cc(O)c2c(c1)OC(C)(C)C1CCC(C)=CC21,CYQFCXCEBYINGO-IAGOWNOFSA-N
DRUG_000312,CONFIRMED_INTEGRATED_ENTITY,drugbank_only,CC(C)(O)c1ccccc1CCC(SCC1(CC(=O)O)CC1)c1cccc(C=Cc2ccc3ccc(Cl)cc3n2)c1,UCHDWCPVSPXUMX-TZIWLTJVSA-N
DRUG_000313,CONFIRMED_INTEGRATED_ENTITY,both,CNCCC(Oc1ccc(C(F)(F)F)cc1)c1ccccc1,RTHCYVBBDHJXIQ-UHFFFAOYSA-N
DRUG_000314,CONFIRMED_INTEGRATED_ENTITY,drugbank_only,C=CCC1(C(C)C#CCC)C(=O)NC(=O)N(C)C1=O,NZXKDOXHBHYTKP-UHFFFAOYSA-N
DRUG_000315,CONFIRMED_INTEGRATED_ENTITY,drugbank_only,CNC1=Nc2ccc(Cl)cc2C(c2ccccc2)=[N+]([O-])C1,ANTSCNMPPGJYLG-UHFFFAOYSA-N
DRUG_000316,CONFIRMED_INTEGRATED_ENTITY,both,CNCCC(Oc1cccc2ccccc12)c1cccs1,ZEUITGRIYCTCEM-KRWDZBQOSA-N
DRUG_000317,CONFIRMED_INTEGRATED_ENTITY,both,CN(C)CCCN1c2ccccc2Sc2ccc(Cl)cc21,ZPEIMTDSQAKGNT-UHFFFAOYSA-N
DRUG_000318,CONFIRMED_INTEGRATED_ENTITY,both,NCCC(O)C(=O)NC1CC(N)C(OC2OC(CN)C(O)C(O)C2O)C(O)C1OC1OC(CO)C(O)C(N)C1O,LKCWBDHBTVXHDL-RMDFUYIESA-N
DRUG_000319,CONFIRMED_INTEGRATED_ENTITY,both,Nc1cccc2c1CN(C1CCC(=O)NC1=O)C2=O,GOTYRUGSSMKFNF-UHFFFAOYSA-N
DRUG_000320,CONFIRMED_INTEGRATED_ENTITY,both,O=C(c1ccc(OCCN2CCCCC2)cc1)c1c(-c2ccc(O)cc2)sc2cc(O)ccc12,GZUITABIAKMVPG-UHFFFAOYSA-N
DRUG_000321,CONFIRMED_INTEGRATED_ENTITY,both,Cc1ccc(-c2cc(C(F)(F)F)nn2-c2ccc(S(N)(=O)=O)cc2)cc1,RZEKVGVHFLEQIL-UHFFFAOYSA-N
DRUG_000322,CONFIRMED_INTEGRATED_ENTITY,drugbank_only,CC[N+](CC)(CC)CCOc1cccc(OCC[N+](CC)(CC)CC)c1OCC[N+](CC)(CC)CC.[I-].[I-].[I-],REEUVFCVXKWOFE-UHFFFAOYSA-K
DRUG_000323,CONFIRMED_INTEGRATED_ENTITY,both,Brc1c(NC2=NCCN2)ccc2nccnc12,XYLJNLCSTIOKRM-UHFFFAOYSA-N
DRUG_000324,CONFIRMED_INTEGRATED_ENTITY,drugbank_only,Cc1onc(-c2c(Cl)cccc2Cl)c1C(=O)NC1C(=O)N2C1SC(C)(C)C2C(=O)O,YFAGHNZHGGCZAX-JKIFEVAISA-N
DRUG_000325,CONFIRMED_INTEGRATED_ENTITY,both,CCCCCCC(C)(C)c1cc(O)c2c(c1)OC(C)(C)C1CCC(=O)CC21,GECBBEABIDMGGL-RTBURBONSA-N
DRUG_000326,CONFIRMED_INTEGRATED_ENTITY,drugbank_only,CCn1cc(C(=O)O)c(=O)c2cc(F)c(N3CCN(C)CC3)cc21,FHFYDNQZQSQIAI-UHFFFAOYSA-N
DRUG_000327,CONFIRMED_INTEGRATED_ENTITY,drugbank_only,CN(C)c1nc(N(C)C)nc(N(C)C)n1,UUVWYPNAQBNQJQ-UHFFFAOYSA-N
DRUG_000328,CONFIRMED_INTEGRATED_ENTITY,both,CC(C)NCC(O)c1ccc(NS(C)(=O)=O)cc1,ZBMZVLHSJCTVON-UHFFFAOYSA-N
DRUG_000329,CONFIRMED_INTEGRATED_ENTITY,both,O=C1CC2(CCCC2)CC(=O)N1CCCCN1CCN(c2ncccn2)CC1,QWCRAEMEVRGPNT-UHFFFAOYSA-N
DRUG_000330,CONFIRMED_INTEGRATED_ENTITY,drugbank_only,OCCN1CC(O)C(O)C(O)C1CO,IBAQFPQHRJAVAV-ULAWRXDQSA-N
DRUG_000331,CONFIRMED_INTEGRATED_ENTITY,drugbank_only,CCC(=O)OC(OP(=O)(CCCCc1ccccc1)CC(=O)N1CC(C2CCCCC2)CC1C(=O)O)C(C)C,BIDNLKIUORFRQP-XYGFDPSESA-N
DRUG_000332,CONFIRMED_INTEGRATED_ENTITY,drugbank_only,CON=C(C(=O)NC1C(=O)N2C(C(=O)O)=C(COC(C)=O)CSC12)c1csc(N)n1,GPRBEKHLDVQUJE-QSWIMTSFSA-N
DRUG_000333,CONFIRMED_INTEGRATED_ENTITY,both,CCN(CC)C(=O)C(C#N)=Cc1cc(O)c(O)c([N+](=O)[O-])c1,JRURYQJSLYLRLN-BJMVGYQFSA-N
DRUG_000334,CONFIRMED_INTEGRATED_ENTITY,both,Cc1cn(C2CC(N=[N+]=[N-])C(CO)O2)c(=O)[nH]c1=O,HBOMLICNUCNMMY-XLPZGREQSA-N
DRUG_000335,CONFIRMED_INTEGRATED_ENTITY,both,NC(=O)C(c1ccccc1)(c1ccccc1)C1CCN(CCc2ccc3c(c2)CCO3)C1,HXGBXQDTNZMWGS-RUZDIDTESA-N
DRUG_000336,CONFIRMED_INTEGRATED_ENTITY,both,COc1ccc2c3c1OC1C(=O)CCC4(O)C(C2)N(C)CCC314,BRUQQQPBMZOVGD-XFKAJCMBSA-N
DRUG_000337,CONFIRMED_INTEGRATED_ENTITY,drugbank_only,O=C1c2ccccc2C(=O)C1c1ccccc1,NFBAXHOPROOJAW-UHFFFAOYSA-N
DRUG_000338,CONFIRMED_INTEGRATED_ENTITY,both,CC(C)C(=O)Nc1ccc([N+](=O)[O-])c(C(F)(F)F)c1,MKXKFYHWDHIYRV-UHFFFAOYSA-N
DRUG_000339,CONFIRMED_INTEGRATED_ENTITY,drugbank_only,Cc1ccc(C(=O)c2ccc(CC(=O)O)n2C)cc1,UPSPUYADGBWSHF-UHFFFAOYSA-N
DRUG_000340,CONFIRMED_INTEGRATED_ENTITY,both,CNC(=NC#N)NCCSCc1nc[nH]c1C,AQIXAKUUQRKLND-UHFFFAOYSA-N
DRUG_000341,CONFIRMED_INTEGRATED_ENTITY,both,O=C(CCCN1CCC(O)(c2ccc(Cl)cc2)CC1)c1ccc(F)cc1,LNEPOXFFQSENCJ-UHFFFAOYSA-N
DRUG_000342,CONFIRMED_INTEGRATED_ENTITY,both,CC(C)c1nc(CN(C)C(=O)NC(C(=O)NC(Cc2ccccc2)CC(O)C(Cc2ccccc2)NC(=O)OCc2cncs2)C(C)C)cs1,NCDNCNXCDXHOMX-XGKFQTDJSA-N
DRUG_000343,CONFIRMED_INTEGRATED_ENTITY,drugbank_only,C=CCN1CCC23CCCCC2C1Cc1ccc(O)cc13,OZYUPQUCAUTOBP-QXAKKESOSA-N
DRUG_000344,CONFIRMED_INTEGRATED_ENTITY,drugbank_only,CN(C)CCCN1c2ccccc2Sc2ccc(C(F)(F)F)cc21,XSCGXQMFQXDFCW-UHFFFAOYSA-N
DRUG_000345,CONFIRMED_INTEGRATED_ENTITY,drugbank_only,CC(=O)OC1CC(OC2C(O)CC(OC3C(O)CC(OC4CCC5(C)C(CCC6C5CCC5(C)C(C7=CC(=O)OC7)CCC65O)C4)OC3C)OC2C)OC(C)C1O,HPMZBILYSWLILX-UMDUKNJSSA-N
DRUG_000346,CONFIRMED_INTEGRATED_ENTITY,both,CNC(CC(C)C)C(=O)NC1C(=O)NC(CC(N)=O)C(=O)NC2C(=O)NC3C(=O)NC(C(=O)NC(C(=O)O)c4cc(O)cc(O)c4-c4cc3ccc4O)C(O)c3ccc(c(Cl)c3)Oc3cc2cc(c3OC2OC(CO)C(O)C(O)C2OC2CC(C)(N)C(O)C(C)O2)Oc2ccc(cc2Cl)C1O,MYPYJXKWCTUITO-LYRMYLQWSA-N
DRUG_000347,CONFIRMED_INTEGRATED_ENTITY,both,NCCCCCC(=O)O,SLXKOJJOQWFEFD-UHFFFAOYSA-N
DRUG_000348,CONFIRMED_INTEGRATED_ENTITY,both,COc1ccc2c(c1)C13CCCCC1C(C2)N(C)CC3,MKXZASYAUGDDCJ-NJAFHUGGSA-N
DRUG_000349,CONFIRMED_INTEGRATED_ENTITY,drugbank_only,N->[Pt](<-N)(Cl)Cl,
DRUG_000350,CONFIRMED_INTEGRATED_ENTITY,drugbank_only,CCCC(CCC)C(=O)OC1CC2CCC(C1)[N+]2(C)C.[Br-],QSFKGMJOKUZAJM-UHFFFAOYSA-M
DRUG_000351,CONFIRMED_INTEGRATED_ENTITY,drugbank_only,CCCSc1ccc2nc(NC(=O)OC)[nH]c2c1,HXHWSAZORRCQMX-UHFFFAOYSA-N
DRUG_000352,CONFIRMED_INTEGRATED_ENTITY,both,CCOC(=O)C(CCc1ccccc1)NC(C)C(=O)N1C(C(=O)O)CC2CCCCC21,VXFJYXUZANRPDJ-WTNASJBWSA-N
DRUG_000353,CONFIRMED_INTEGRATED_ENTITY,drugbank_only,CCC(C)CC(C)CCCCCCCCC(=O)NC1CC(O)C(NCCN)NC(=O)C2C(O)CCN2C(=O)C(C(O)CCN)NC(=O)C(C(O)C(O)c2ccc(O)cc2)NC(=O)C2CC(O)CN2C(=O)C(C(C)O)NC1=O,JYIKNQVWKBUSNH-OGZDCFRISA-N
DRUG_000354,CONFIRMED_INTEGRATED_ENTITY,drugbank_only,CC(C)(C)NCC(O)COc1cccc2c1CCC(=O)N2,LWAFSWPYPHEXKX-UHFFFAOYSA-N
DRUG_000355,AMBIGUOUS_MAPPING_COMPONENT,drugbank_only,CC(C=CC1=C(C)CCCC1(C)C)=CC=CC(C)=CC(=O)O,SHGAZHPCJJPHSC-ZVCIMWCZSA-N
DRUG_000356,AMBIGUOUS_MAPPING_COMPONENT,drugbank_only,CC(C=CC1=C(C)CCCC1(C)C)=CC=CC(C)=CC(=O)O,SHGAZHPCJJPHSC-YCNIQYBTSA-N
DRUG_000357,AMBIGUOUS_MAPPING_COMPONENT,drugbank_only,CC(C=CC1=C(C)CCCC1(C)C)=CC=CC(C)=CC(=O)O,SHGAZHPCJJPHSC-XFYACQKRSA-N
DRUG_000358,AMBIGUOUS_MAPPING_COMPONENT,twosides_only,CC(C=CC1=C(C)CCCC1(C)C)=CC=CC(C)=CC(=O)O,SHGAZHPCJJPHSC-UHFFFAOYSA-N
DRUG_000359,CONFIRMED_INTEGRATED_ENTITY,both,Cc1ccccc1N1C(=O)c2cc(S(N)(=O)=O)c(Cl)cc2NC1C,AQCHWTWZEMGIFD-UHFFFAOYSA-N
DRUG_000360,CONFIRMED_INTEGRATED_ENTITY,drugbank_only,Cc1cccc(N(C)C(=S)Oc2ccc3ccccc3c2)c1,FUSNMLFNXJSCDI-UHFFFAOYSA-N
DRUG_000361,CONFIRMED_INTEGRATED_ENTITY,drugbank_only,O=C1O[Pt]2(<-NC3CCCCC3N->2)OC1=O,
DRUG_000362,CONFIRMED_INTEGRATED_ENTITY,drugbank_only,CCCCOc1cc(C(=O)NCCN(CC)CC)c2ccccc2n1,PUFQVTATUTYEAL-UHFFFAOYSA-N
DRUG_000363,CONFIRMED_INTEGRATED_ENTITY,drugbank_only,COC(=O)C1=C(C)NC(C)=C(C(=O)OC(C)(C)CN(C)CCC(c2ccccc2)c2ccccc2)C1c1cccc([N+](=O)[O-])c1,ZDXUKAKRHYTAKV-UHFFFAOYSA-N
DRUG_000364,CONFIRMED_INTEGRATED_ENTITY,drugbank_only,O=C(O)P(=O)(O)O,ZJAOAACCNHFJAH-UHFFFAOYSA-N
DRUG_000365,CONFIRMED_INTEGRATED_ENTITY,both,C#Cc1cccc(Nc2ncnc3cc(OCCOC)c(OCCOC)cc23)c1,AAKJLRGGTJKAMG-UHFFFAOYSA-N
DRUG_000366,CONFIRMED_INTEGRATED_ENTITY,both,O=P1(N(CCCl)CCCl)NCCCO1,CMSMOCZEIVJLDB-UHFFFAOYSA-N
DRUG_000367,CONFIRMED_INTEGRATED_ENTITY,both,C=CC1=C(C(=O)O)N2C(=O)C(NC(=O)C(=NO)c3csc(N)n3)C2SC1,RTXOFQZKPXMALH-GHXIOONMSA-N
DRUG_000368,CONFIRMED_INTEGRATED_ENTITY,both,O=C(O)c1cn(C2CC2)c2cc(N3CCNCC3)c(F)cc2c1=O,MYSWGUAQZAJSOK-UHFFFAOYSA-N
DRUG_000369,CONFIRMED_INTEGRATED_ENTITY,drugbank_only,CN(C)CCOc1ccc(C(=C(CCCl)c2ccccc2)c2ccccc2)cc1,XFCLJVABOIYOMF-QPLCGJKRSA-N
DRUG_000370,CONFIRMED_INTEGRATED_ENTITY,both,CNCCC=C1c2ccccc2CCc2ccccc21,PHVGLTMQBUFIQQ-UHFFFAOYSA-N
DRUG_000371,CONFIRMED_INTEGRATED_ENTITY,both,CCC1(O)CC2CN(CCc3c([nH]c4ccccc34)C(C(=O)OC)(c3cc4c(cc3OC)N(C=O)C3C(O)(C(=O)OC)C(OC(C)=O)C5(CC)C=CCN6CCC43C65)C2)C1,OGWKCGZFUXNPDA-CFWMRBGOSA-N
DRUG_000372,CONFIRMED_INTEGRATED_ENTITY,both,CCOC(=O)C(CCc1ccccc1)NC1CCc2ccccc2N(CC(=O)O)C1=O,XPCFTKFZXHTYIP-PMACEKPBSA-N
DRUG_000373,CONFIRMED_INTEGRATED_ENTITY,both,Clc1ccc2c(c1)C(N1CCNCC1)=Nc1ccccc1O2,QWGDMFLQWFTERH-UHFFFAOYSA-N
DRUG_000374,CONFIRMED_INTEGRATED_ENTITY,both,O=c1[nH]cc(F)c(=O)[nH]1,GHASVSINZRGABV-UHFFFAOYSA-N
DRUG_000375,CONFIRMED_INTEGRATED_ENTITY,both,CN(C)C(=O)Oc1ccc[n+](C)c1,RVOLLAQWKVFTGE-UHFFFAOYSA-N
DRUG_000376,CONFIRMED_INTEGRATED_ENTITY,drugbank_only,CN(C)Cc1nnc2n1-c1ccc(Cl)cc1C(c1ccccc1)=NC2,GJSLOMWRLALDCT-UHFFFAOYSA-N
DRUG_000377,CONFIRMED_INTEGRATED_ENTITY,drugbank_only,CC1CC2C3CCC4=CC(=O)C=CC4(C)C3(F)C(O)CC2(C)C1C(=O)CO,VWVSBHGCDBMOOT-IIEHVVJPSA-N
DRUG_000378,CONFIRMED_INTEGRATED_ENTITY,both,O=C(O)CCCCCCCC(=O)O,BDJRBEYXGGNYIS-UHFFFAOYSA-N
DRUG_000379,CONFIRMED_INTEGRATED_ENTITY,both,COc1cc(C(=O)NS(=O)(=O)c2ccccc2C)ccc1Cc1cn(C)c2ccc(NC(=O)OC3CCCC3)cc12,YEEZWCHGZNKEEK-UHFFFAOYSA-N
DRUG_000380,CONFIRMED_INTEGRATED_ENTITY,both,CCCc1cc(=O)[nH]c(=S)[nH]1,KNAHARQHSZJURB-UHFFFAOYSA-N
DRUG_000381,CONFIRMED_INTEGRATED_ENTITY,drugbank_only,CC(=O)NO,RRUDCFGSUDOHDG-UHFFFAOYSA-N
DRUG_000382,CONFIRMED_INTEGRATED_ENTITY,drugbank_only,OCC1OC(n2cnc3c2N=CNCC3O)CC1O,FPVKHBSQESCIEP-JQCXWYLXSA-N
DRUG_000383,CONFIRMED_INTEGRATED_ENTITY,drugbank_only,COc1c2occc2cc2ccc(=O)oc12,QXKHYNVANLEOEG-UHFFFAOYSA-N
DRUG_000384,CONFIRMED_INTEGRATED_ENTITY,drugbank_only,CN1C(C(=O)Nc2ccccn2)=C(O)c2ccccc2S1(=O)=O,QYSPLQLAKJAUJT-UHFFFAOYSA-N
DRUG_000385,CONFIRMED_INTEGRATED_ENTITY,both,Nc1nnc(-c2cccc(Cl)c2Cl)c(N)n1,PYZRQGJRPPTADH-UHFFFAOYSA-N
DRUG_000386,CONFIRMED_INTEGRATED_ENTITY,drugbank_only,FC(F)(F)C(F)(F)C(F)(F)F,QYSGYZVSCZSLHT-UHFFFAOYSA-N
DRUG_000387,CONFIRMED_INTEGRATED_ENTITY,both,OCCOCCN1CCN(C(c2ccccc2)c2ccc(Cl)cc2)CC1,ZQDWXGKKHFNSQK-UHFFFAOYSA-N
DRUG_000388,CONFIRMED_INTEGRATED_ENTITY,both,COc1ccccc1Oc1c(NS(=O)(=O)c2ccc(C(C)(C)C)cc2)nc(-c2ncccn2)nc1OCCO,GJPICJJJRGTNOD-UHFFFAOYSA-N
DRUG_000389,CONFIRMED_INTEGRATED_ENTITY,drugbank_only,CN(C)c1cc(NC(=O)CNC(C)(C)C)c(O)c2c1CC1CC3C(N(C)C)C(O)=C(C(N)=O)C(=O)C3(O)C(O)=C1C2=O,FPZLLRFZJZRHSY-HJYUBDRYSA-N
DRUG_000390,CONFIRMED_INTEGRATED_ENTITY,drugbank_only,CCN1CC(CCN2CCOCC2)C(c2ccccc2)(c2ccccc2)C1=O,XFDJYSQDBULQSI-UHFFFAOYSA-N
DRUG_000391,CONFIRMED_INTEGRATED_ENTITY,drugbank_only,NS(=O)(=O)c1cc2c(cc1Cl)N=C(CSCc1ccccc1)NS2(=O)=O,NDTSRXAMMQDVSW-UHFFFAOYSA-N
DRUG_000392,CONFIRMED_INTEGRATED_ENTITY,both,CN(Cc1cnc2nc(N)nc(N)c2n1)c1ccc(C(=O)NC(CCC(=O)O)C(=O)O)cc1,FBOZXECLQNJBKD-ZDUSSCGKSA-N
DRUG_000393,CONFIRMED_INTEGRATED_ENTITY,both,NC(=O)N1c2ccccc2C=Cc2ccccc21,FFGPTBGBLSHEPO-UHFFFAOYSA-N
DRUG_000394,CONFIRMED_INTEGRATED_ENTITY,drugbank_only,COc1ccc(CC2c3cc(OC)c(OC)cc3CC[N+]2(C)CCC(=O)OCCCCCOC(=O)CC[N+]2(C)CCc3cc(OC)c(OC)cc3C2Cc2ccc(OC)c(OC)c2)cc1OC,YXSLJKQTIDHPOT-LJCJQEJUSA-N
DRUG_000395,CONFIRMED_INTEGRATED_ENTITY,both,CC1=C(C(=O)O)N2C(=O)C(NC(=O)C(N)c3ccccc3)C2SC1,ZAIPMKNFIOOWCQ-UEKVPHQBSA-N
DRUG_000396,CONFIRMED_INTEGRATED_ENTITY,drugbank_only,C(=Cc1ccccc1)CN1CCN(C(c2ccccc2)c2ccccc2)CC1,DERZBLKQOCDDDZ-UHFFFAOYSA-N
DRUG_000397,CONFIRMED_INTEGRATED_ENTITY,both,COC1OC(COS(=O)(=O)O)C(OC2OC(C(=O)O)C(OC3OC(COS(=O)(=O)O)C(OC4OC(C(=O)O)C(OC5OC(COS(=O)(=O)O)C(O)C(O)C5NS(=O)(=O)O)C(O)C4O)C(OS(=O)(=O)O)C3NS(=O)(=O)O)C(O)C2OS(=O)(=O)O)C(O)C1NS(=O)(=O)O,KANJSNBRCNMZMV-ABRZTLGGSA-N
DRUG_000398,CONFIRMED_INTEGRATED_ENTITY,both,CCC1(O)CC2CN(CCc3c([nH]c4ccccc34)C(C(=O)OC)(c3cc4c(cc3OC)N(C)C3C(O)(C(=O)OC)C(OC(C)=O)C5(CC)C=CCN6CCC43C65)C2)C1,JXLYSJRDGCGARV-CFWMRBGOSA-N
DRUG_000399,CONFIRMED_INTEGRATED_ENTITY,both,CC(C)NCC(O)COc1cccc2ccccc12,AQHHHDLHHXJYJD-UHFFFAOYSA-N
DRUG_000400,CONFIRMED_INTEGRATED_ENTITY,drugbank_only,CC(C(=O)O)c1cccc(Oc2ccccc2)c1,RDJGLLICXDHJDY-UHFFFAOYSA-N
DRUG_000401,CONFIRMED_INTEGRATED_ENTITY,both,Clc1cccc(Cl)c1NC1=NCCN1,GJSURZIOUXUGAL-UHFFFAOYSA-N
DRUG_000402,CONFIRMED_INTEGRATED_ENTITY,drugbank_only,Cc1nnc(NS(=O)(=O)c2ccc(N)cc2)s1,VACCAVUAMIDAGB-UHFFFAOYSA-N
DRUG_000403,CONFIRMED_INTEGRATED_ENTITY,both,CC(C)C(N)C(=O)OCCOCn1cnc2c(=O)nc(N)[nH]c21,HDOVUKNUBWVHOX-QMMMGPOBSA-N
DRUG_000404,CONFIRMED_INTEGRATED_ENTITY,drugbank_only,CC1(C)SC2C(NC(=O)C(C(=O)O)c3ccccc3)C(=O)N2C1C(=O)O,FPPNZSSZRUTDAP-UWFZAAFLSA-N
DRUG_000405,CONFIRMED_INTEGRATED_ENTITY,drugbank_only,OCC1OC(OC2C(CO)OC(O)(CO)C2O)C(O)C(O)C1O,JCQLYHFGKNRPGE-FCVZTGTOSA-N
DRUG_000406,CONFIRMED_INTEGRATED_ENTITY,both,CC(c1ncncc1F)C(O)(Cn1cncn1)c1ccc(F)cc1F,BCEHBSKCWLPMDN-MGPLVRAMSA-N
DRUG_000407,CONFIRMED_INTEGRATED_ENTITY,drugbank_only,C[N+](C)(C)CC(O)CC(=O)[O-],PHIQHXFUZVPYII-ZCFIWIBFSA-N
DRUG_000408,CONFIRMED_INTEGRATED_ENTITY,both,CCOC(=O)C(CCc1ccccc1)NC(C)C(=O)N1CCCC1C(=O)O,GBXSMTUPTTWBMN-XIRDDKMYSA-N
DRUG_000409,CONFIRMED_INTEGRATED_ENTITY,both,CNC(=C[N+](=O)[O-])NCCSCc1csc(CN(C)C)n1,SGXXNSQHWDMGGP-UHFFFAOYSA-N
DRUG_000410,CONFIRMED_INTEGRATED_ENTITY,drugbank_only,O=C(O)Cc1ccccc1Nc1c(Cl)cccc1Cl,DCOPUUMXTXDBNB-UHFFFAOYSA-N
DRUG_000411,CONFIRMED_INTEGRATED_ENTITY,drugbank_only,CCC(=O)OC1(C(=O)SCF)C(C)CC2C3CC(F)C4=CC(=O)C=CC4(C)C3(F)C(O)CC21C,WMWTYOKRWGGJOA-CENSZEJFSA-N
DRUG_000412,CONFIRMED_INTEGRATED_ENTITY,drugbank_only,CCN(CC)C(=O)NC1C=C2c3cccc4[nH]cc(c34)CC2N(C)C1,BKRGVLQUQGGVSM-KBXCAEBGSA-N
DRUG_000413,CONFIRMED_INTEGRATED_ENTITY,both,COc1cc2nc(N3CCN(C(=O)C4COc5ccccc5O4)CC3)nc(N)c2cc1OC,RUZYUOTYCVRMRZ-UHFFFAOYSA-N
DRUG_000414,CONFIRMED_INTEGRATED_ENTITY,both,CC1(C)OC2CC3C4CC(F)C5=CC(=O)C=CC5(C)C4(F)C(O)CC3(C)C2(C(=O)CO)O1,FEBLZLNTKCEFIT-VSXGLTOVSA-N
DRUG_000415,CONFIRMED_INTEGRATED_ENTITY,drugbank_only,C1CNCCN1,GLUUGHFHXGJENI-UHFFFAOYSA-N
DRUG_000416,CONFIRMED_INTEGRATED_ENTITY,both,CCC1(C)CC(=O)NC1=O,HAPOVYFOVVWLRS-UHFFFAOYSA-N
DRUG_000417,CONFIRMED_INTEGRATED_ENTITY,both,N=C(N)NC(=O)c1nc(Cl)c(N)nc1N,XSDQTOBWRPYKKA-UHFFFAOYSA-N
DRUG_000418,CONFIRMED_INTEGRATED_ENTITY,drugbank_only,CN(C)C1C(O)=C(C(N)=O)C(=O)C2(O)C(O)=C3C(=O)c4c(O)cccc4C(C)(O)C3C(O)C12,IWVCMVBTMGNXQD-PXOLEDIWSA-N
DRUG_000419,CONFIRMED_INTEGRATED_ENTITY,drugbank_only,CC1CC2C3CC(F)C4=CC(=O)C=CC4(C)C3(F)C(O)CC2(C)C1(O)C(=O)CCl,LEHFPXVYPMWYQD-XHIJKXOTSA-N
DRUG_000420,CONFIRMED_INTEGRATED_ENTITY,both,CC(CCc1ccccc1)NCC(O)c1ccc(O)c(C(N)=O)c1,SGUAFYQXFOLMHL-UHFFFAOYSA-N
DRUG_000421,CONFIRMED_INTEGRATED_ENTITY,drugbank_only,CCCC(C)C1(CC)C(=O)NC(=S)NC1=O,IUJDSEJGGMCXSG-UHFFFAOYSA-N
DRUG_000422,CONFIRMED_INTEGRATED_ENTITY,both,CC(=O)NCC1CN(c2ccc(N3CCOCC3)c(F)c2)C(=O)O1,TYZROVQLWOKYKF-ZDUSSCGKSA-N
DRUG_000423,CONFIRMED_INTEGRATED_ENTITY,both,CCC(C)C1OC2(CCC1C)CC1CC(CC=C(C)C(OC3CC(OC)C(OC4CC(OC)C(O)C(C)O4)C(C)O3)C(C)C=CC=C3COC4C(O)C(C)=CC(C(=O)O1)C34O)O2.COC1CC(OC2C(C)OC(OC3C(C)=CCC4CC(CC5(CCC(C)C(C(C)C)O5)O4)OC(=O)C4C=C(C)C(O)C5OCC(=CC=CC3C)C45O)CC2OC)OC(C)C1O,SPBDXSGPUHCETR-CVSKBELMSA-N
DRUG_000424,CONFIRMED_INTEGRATED_ENTITY,drugbank_only,CC(=O)OC1(C(C)=O)CCC2C3CC(C)C4=CC(=O)CCC4(C)C3CCC21C,PSGAAPLEWMOORI-PEINSRQWSA-N
DRUG_000425,CONFIRMED_INTEGRATED_ENTITY,drugbank_only,COc1cc(N)c(Cl)cc1C(=O)NC1CCN(CCCOc2ccc(F)cc2)CC1OC,DCSUBABJRXZOMT-IRLDBZIGSA-N
DRUG_000426,CONFIRMED_INTEGRATED_ENTITY,both,CC1=C(CC(=O)O)c2cc(F)ccc2C1=Cc1ccc(S(C)=O)cc1,MLKXDPUZXIRXEP-MFOYZWKCSA-N
DRUG_000427,CONFIRMED_INTEGRATED_ENTITY,drugbank_only,NS(=O)(=O)c1cc2c(cc1Cl)NC(C1CC3C=CC1C3)NS2(=O)=O,BOCUKUHCLICSIY-UHFFFAOYSA-N
DRUG_000428,CONFIRMED_INTEGRATED_ENTITY,drugbank_only,CCOc1ccc2ccccc2c1C(=O)NC1C(=O)N2C1SC(C)(C)C2C(=O)O,GPXLMGHLHQJAGZ-JTDSTZFVSA-N
DRUG_000429,CONFIRMED_INTEGRATED_ENTITY,both,CCN(CC)CCCC(C)Nc1ccnc2cc(Cl)ccc12,WHTVZRBIWZFKQO-UHFFFAOYSA-N
DRUG_000430,CONFIRMED_INTEGRATED_ENTITY,drugbank_only,CCc1cc(C(N)=S)ccn1,AEOCXXJPGCBFJA-UHFFFAOYSA-N
DRUG_000431,CONFIRMED_INTEGRATED_ENTITY,drugbank_only,CC(N)C(O)c1cccc(O)c1,WXFIGDLSSYIKKV-RCOVLWMOSA-N
DRUG_000432,CONFIRMED_INTEGRATED_ENTITY,both,Oc1ccc2c(c1)C13CCCCC1(O)C(C2)N(CC1CCC1)CC3,IFKLAQQSCNILHL-QHAWAJNXSA-N
DRUG_000433,CONFIRMED_INTEGRATED_ENTITY,both,CC(C)NCC(O)COc1ccc(COCCOC(C)C)cc1,VHYCDWMUTMEGQY-UHFFFAOYSA-N
DRUG_000434,CONFIRMED_INTEGRATED_ENTITY,drugbank_only,CCN(CC)Cc1cc(Nc2ccnc3cc(Cl)ccc23)ccc1O,OVCDSSHSILBFBN-UHFFFAOYSA-N
DRUG_000435,CONFIRMED_INTEGRATED_ENTITY,drugbank_only,O=C1OCCN1N=Cc1ccc([N+](=O)[O-])o1,PLHJDBGFXBMTGZ-UHFFFAOYSA-N
DRUG_000436,CONFIRMED_INTEGRATED_ENTITY,drugbank_only,COC1C=COC2(C)Oc3c(C)c(O)c4c(c3C2=O)C2=NC3(CCN(CC(C)C)CC3)NC2=C(NC(=O)C(C)=CC=CC(C)C(O)C(C)C(O)C(C)C(OC(C)=O)C1C)C4=O,ATEBXHFBFRCZMA-VXTBVIBXSA-N
DRUG_000437,CONFIRMED_INTEGRATED_ENTITY,drugbank_only,CCC1(C)OC(=O)N(C)C1=O,VQASKUSHBVDKGU-UHFFFAOYSA-N
DRUG_000438,CONFIRMED_INTEGRATED_ENTITY,drugbank_only,CN(C)C1C(O)=C(C(N)=O)C(=O)C2(O)C(O)=C3C(=O)c4c(O)ccc(Cl)c4C(O)C3CC12,FMTDIUIBLCQGJB-SEYHBJAFSA-N
DRUG_000439,CONFIRMED_INTEGRATED_ENTITY,both,Cc1ccc(NC(=O)c2ccc(CN3CCN(C)CC3)cc2)cc1Nc1nccc(-c2cccnc2)n1,KTUFNOKKBVMGRW-UHFFFAOYSA-N
DRUG_000440,CONFIRMED_INTEGRATED_ENTITY,both,CC12C=CC(=O)C=C1CCC1C3CC(O)C(O)(C(=O)CO)C3(C)CC(O)C12F,GFNANZIMVAIWHM-OBYCQNJPSA-N
DRUG_000441,CONFIRMED_INTEGRATED_ENTITY,both,CC12COC(=O)CC1CCC1C2CCC2(C)C1CCC2(C)O,QSLJIVKCVHQPLV-PEMPUTJUSA-N
DRUG_000442,CONFIRMED_INTEGRATED_ENTITY,drugbank_only,COC(=O)C1=C(C)NC(C)=C(C(=O)OCCN(C)Cc2ccccc2)C1c1cccc([N+](=O)[O-])c1,ZBBHBTPTTSWHBA-UHFFFAOYSA-N
DRUG_000443,CONFIRMED_INTEGRATED_ENTITY,both,OCCN1CCN(CCCN2c3ccccc3Sc3ccc(C(F)(F)F)cc32)CC1,PLDUPXSUYLZYBN-UHFFFAOYSA-N
DRUG_000444,CONFIRMED_INTEGRATED_ENTITY,both,CC12CCC(=O)C=C1CCC1C2CCC2(C)C(O)CCC12,MUMGGOZAMZWBJJ-DYKIIFRCSA-N
DRUG_000445,CONFIRMED_INTEGRATED_ENTITY,both,O=C1Nc2ccc(Cl)cc2C(C#CC2CC2)(C(F)(F)F)O1,XPOQHMRABVBWPR-ZDUSSCGKSA-N
DRUG_000446,CONFIRMED_INTEGRATED_ENTITY,drugbank_only,CCC(C)C(N)C1=NC(C(=O)NC(CC(C)C)C(=O)NC(CCC(=O)O)C(=O)NC(C(=O)NC2CCCCNC(=O)C(CC(N)=O)NC(=O)C(CC(=O)O)NC(=O)C(Cc3c[nH]cn3)NC(=O)C(Cc3ccccc3)NC(=O)C(C(C)CC)NC(=O)C(CCCN)NC2=O)C(C)CC)CS1,CLKOFPXJLQSYAH-ABRJDSQDSA-N
DRUG_000447,CONFIRMED_INTEGRATED_ENTITY,drugbank_only,O=C(O)c1cccnc1,PVNIIMVLHYAWGP-UHFFFAOYSA-N
DRUG_000448,CONFIRMED_INTEGRATED_ENTITY,drugbank_only,O=C(O)C1N=C(c2ccccc2)c2cc(Cl)ccc2NC1=O,XDDJGVMJFWAHJX-UHFFFAOYSA-N
DRUG_000449,CONFIRMED_INTEGRATED_ENTITY,drugbank_only,NC(N)=NN=Cc1c(Cl)cccc1Cl,WDZVGELJXXEGPV-UHFFFAOYSA-N
DRUG_000450,CONFIRMED_INTEGRATED_ENTITY,both,NCCCC(O)(P(=O)(O)O)P(=O)(O)O,OGSPWJRAVKPPFI-UHFFFAOYSA-N
DRUG_000451,CONFIRMED_INTEGRATED_ENTITY,both,Nc1nc(Cl)nc2c1ncn2C1OC(CO)C(O)C1F,WDDPHFBMKLOVOX-AYQXTPAHSA-N
DRUG_000452,CONFIRMED_INTEGRATED_ENTITY,drugbank_only,Cc1cccc(C(C)c2c[nH]cn2)c1C,CUHVIMMYOGQXCV-NSHDSACASA-N
DRUG_000453,CONFIRMED_INTEGRATED_ENTITY,drugbank_only,CC(=O)NS(=O)(=O)c1ccc(N)cc1,SKIVFJLNDNKQPD-UHFFFAOYSA-N
DRUG_000454,CONFIRMED_INTEGRATED_ENTITY,both,CC12C=CC(=O)C=C1CCC1C2C(=O)CC2(C)C1CCC2(O)C(=O)CO,XOFYZVNMUHMLCC-ZPOLXVRWSA-N
DRUG_000455,CONFIRMED_INTEGRATED_ENTITY,drugbank_only,CCOC(=O)C(C)(C)Oc1ccc(Cl)cc1,KNHUKKLJHYUCFP-UHFFFAOYSA-N
DRUG_000456,CONFIRMED_INTEGRATED_ENTITY,drugbank_only,COc1ccc(CCN2CCC(Nc3nc4ccccc4n3Cc3ccc(F)cc3)CC2)cc1,GXDALQBWZGODGZ-UHFFFAOYSA-N
DRUG_000457,CONFIRMED_INTEGRATED_ENTITY,drugbank_only,Clc1ccc(CCC(Cn2ccnc2)Sc2c(Cl)cccc2Cl)cc1,SWLMUYACZKCSHZ-UHFFFAOYSA-N
DRUG_000458,CONFIRMED_INTEGRATED_ENTITY,both,Nc1ncnc2c1ncn2C1OC(CO)C(O)C1O,OIRDTQYFTABQOQ-KQYNXXCUSA-N
DRUG_000459,CONFIRMED_INTEGRATED_ENTITY,both,CCC(C)(C)C(=O)OC1CC(C)C=C2C=CC(C)C(CCC3CC(O)CC(=O)O3)C21,RYMZZMVNJRMUDD-HGQWONQESA-N
DRUG_000460,CONFIRMED_INTEGRATED_ENTITY,both,Nc1nc(=O)c2c(CCc3ccc(C(=O)NC(CCC(=O)O)C(=O)O)cc3)c[nH]c2[nH]1,WBXPDJSOTKVWSJ-ZDUSSCGKSA-N
DRUG_000461,CONFIRMED_INTEGRATED_ENTITY,drugbank_only,COC(=O)Nc1nc2ccc(C(=O)c3ccccc3)cc2[nH]1,OPXLLQIJSORQAM-UHFFFAOYSA-N
DRUG_000462,CONFIRMED_INTEGRATED_ENTITY,drugbank_only,CCCCOc1ccc(C(=O)CCN2CCCCC2)cc1,BZEWSEKUUPWQDQ-UHFFFAOYSA-N
DRUG_000463,CONFIRMED_INTEGRATED_ENTITY,drugbank_only,CC1C=CC=CCCC=CC=CC=CC=CC(OC2OC(C)C(O)C(N)C2O)CC2OC(O)(CC(O)C(O)CCC(O)CC(O)CC(O)CC(=O)OC(C)C(C)C1O)CC(O)C2C(=O)O,VQOXZBDYSJBXMA-RKEBNKJGSA-N
DRUG_000464,CONFIRMED_INTEGRATED_ENTITY,drugbank_only,CCC(=O)OC(Cc1ccccc1)(c1ccccc1)C(C)CN(C)C,XLMALTXPSGQGBX-GCJKJVERSA-N
DRUG_000465,CONFIRMED_INTEGRATED_ENTITY,both,Clc1ccc(C(c2ccccc2Cl)C(Cl)Cl)cc1,JWBOIMRXGHLCPP-UHFFFAOYSA-N
DRUG_000466,CONFIRMED_INTEGRATED_ENTITY,both,Cc1cn(C2C=CC(CO)O2)c(=O)[nH]c1=O,XNKLLVCARDGLGL-JGVFFNPUSA-N
DRUG_000467,CONFIRMED_INTEGRATED_ENTITY,drugbank_only,Nc1nc2c(c(=O)[nH]1)N(C=O)C(CNc1ccc(C(=O)NC(CCC(=O)O)C(=O)O)cc1)CN2,VVIAGPKUTFNRDU-ABLWVSNPSA-N
DRUG_000468,CONFIRMED_INTEGRATED_ENTITY,drugbank_only,Cn1c(=O)c2c(ncn2CC(O)CO)n(C)c1=O,KSCFJBIXMNOVSH-UHFFFAOYSA-N
DRUG_000469,CONFIRMED_INTEGRATED_ENTITY,both,CC(C)=CCN1CCC2(C)c3cc(O)ccc3CC1C2C,VOKSWYLNZZRQPF-GDIGMMSISA-N
DRUG_000470,CONFIRMED_INTEGRATED_ENTITY,drugbank_only,O=S(=O)([O-])[O-].[Mg+2],CSNNHWWHGAXBCP-UHFFFAOYSA-L
DRUG_000471,CONFIRMED_INTEGRATED_ENTITY,both,CC(C)OC(=O)CCCC=CCC1C(O)CC(O)C1CCC(O)CCc1ccccc1,GGXICVAJURFBLW-CEYXHVGTSA-N
DRUG_000472,CONFIRMED_INTEGRATED_ENTITY,drugbank_only,CC12CCC3c4ccc(O)cc4CCC3C1CCC2=O,DNXHEGUUPJUMQT-CBZIJGRNSA-N
DRUG_000473,CONFIRMED_INTEGRATED_ENTITY,both,O=c1n(CCCN2CCN(c3cccc(Cl)c3)CC2)nc2ccccn12,PHLBKPHSAVXXEF-UHFFFAOYSA-N
DRUG_000474,CONFIRMED_INTEGRATED_ENTITY,drugbank_only,CNC1(C)C2CCC(C2)C1(C)C,IMYZQPCYWPFTAG-UHFFFAOYSA-N
DRUG_000475,CONFIRMED_INTEGRATED_ENTITY,both,C=CCN.ClCC1CO1,ZNSIZMQNQCNRBW-UHFFFAOYSA-N
DRUG_000476,CONFIRMED_INTEGRATED_ENTITY,drugbank_only,Cc1cc(C)cc(OCC2CNC(=O)O2)c1,IMWZZHHPURKASS-UHFFFAOYSA-N
DRUG_000477,CONFIRMED_INTEGRATED_ENTITY,both,COc1ccc(CCN(C)CCCC(C#N)(c2ccc(OC)c(OC)c2)C(C)C)cc1OC,SGTNSNPWRIOYBX-UHFFFAOYSA-N
DRUG_000478,CONFIRMED_INTEGRATED_ENTITY,drugbank_only,COc1cc(C(=O)NCc2ccc(OCCN(C)C)cc2)cc(OC)c1OC,FEZBIKUBAYAZIU-UHFFFAOYSA-N
DRUG_000479,CONFIRMED_INTEGRATED_ENTITY,drugbank_only,CC1CC2C3CC(F)C4=CC(=O)C=CC4(C)C3(F)C(O)CC2(C)C1(O)C(=O)CO,WXURHACBFYSXBI-GQKYHHCASA-N
DRUG_000480,CONFIRMED_INTEGRATED_ENTITY,drugbank_only,COc1nccnc1NS(=O)(=O)c1ccc(N)cc1,KXRZBTAEDBELFD-UHFFFAOYSA-N
DRUG_000481,CONFIRMED_INTEGRATED_ENTITY,drugbank_only,CC1(C)NC(=O)N(c2ccc([N+](=O)[O-])c(C(F)(F)F)c2)C1=O,XWXYUMMDTVBTOU-UHFFFAOYSA-N
DRUG_000482,CONFIRMED_INTEGRATED_ENTITY,drugbank_only,CC(C)CC(NC(=O)C(Cc1ccc2ccccc2c1)NC(=O)C(Cc1ccc(O)cc1)NC(=O)C(CO)NC(=O)C(Cc1c[nH]c2ccccc12)NC(=O)C(Cc1c[nH]cn1)NC(=O)C1CCC(=O)N1)C(=O)NC(CCCNC(=N)N)C(=O)N1CCCC1C(=O)NCC(N)=O,RWHUEXWOYVBUCI-ITQXDASVSA-N
DRUG_000483,CONFIRMED_INTEGRATED_ENTITY,both,CNCC(O)c1ccc(O)c(O)c1,UCTWMZQNUQWSLP-VIFPVBQESA-N
DRUG_000484,CONFIRMED_INTEGRATED_ENTITY,both,CNS(=O)(=O)Cc1ccc2[nH]cc(CCN(C)C)c2c1,KQKPFRSPSRPDEB-UHFFFAOYSA-N
DRUG_000485,CONFIRMED_INTEGRATED_ENTITY,drugbank_only,CN1CCN(CC(=O)N2c3ccccc3C(=O)Nc3cccnc32)CC1,RMHMFHUVIITRHF-UHFFFAOYSA-N
DRUG_000486,CONFIRMED_INTEGRATED_ENTITY,both,C=CC1=C(C(=O)O)N2C(=O)C(NC(=O)C(=NOCC(=O)O)c3csc(N)n3)C2SC1,OKBVVJOGVLARMR-QSWIMTSFSA-N
DRUG_000487,CONFIRMED_INTEGRATED_ENTITY,both,CCCNC(=O)NS(=O)(=O)c1ccc(Cl)cc1,RKWGIWYCVPQPMF-UHFFFAOYSA-N
DRUG_000488,CONFIRMED_INTEGRATED_ENTITY,drugbank_only,CC(OC1OCCN(Cc2n[nH]c(=O)[nH]2)C1c1ccc(F)cc1)c1cc(C(F)(F)F)cc(C(F)(F)F)c1,ATALOFNDEOCMKK-OITMNORJSA-N
DRUG_000489,CONFIRMED_INTEGRATED_ENTITY,both,COc1ccc2c3c1OC1CC(O)C=CC31CCN(C)C2,ASUTZQLVASHGKV-JDFRZJQESA-N
DRUG_000490,CONFIRMED_INTEGRATED_ENTITY,both,CCC(=C(c1ccccc1)c1ccc(OCCN(C)C)cc1)c1ccccc1,NKANXQFJJICGDU-QPLCGJKRSA-N
DRUG_000491,CONFIRMED_INTEGRATED_ENTITY,drugbank_only,CC(C)OP(=O)(F)OC(C)C,MUCZHBLJLSDCSD-UHFFFAOYSA-N
DRUG_000492,CONFIRMED_INTEGRATED_ENTITY,both,CCCCc1nc(Cl)c(CO)n1Cc1ccc(-c2ccccc2-c2nn[nH]n2)cc1,PSIFNNKUMBGKDQ-UHFFFAOYSA-N
DRUG_000493,CONFIRMED_INTEGRATED_ENTITY,drugbank_only,CSc1ccc2c(c1)N(CCC1CCCCN1C)c1ccccc1S2,KLBQZWRITKRQQV-UHFFFAOYSA-N
DRUG_000494,CONFIRMED_INTEGRATED_ENTITY,drugbank_only,CCOC(=O)Nc1ccc2c(c1)N(C(=O)CCN1CCOCC1)c1ccccc1S2,FUBVWMNBEHXPSU-UHFFFAOYSA-N
DRUG_000495,CONFIRMED_INTEGRATED_ENTITY,both,CC1C=CC=CC=CC=CC=CC=CC=CC(OC2OC(C)C(O)C(N)C2O)CC2OC(O)(CC(O)CC(O)C(O)CCC(O)CC(O)CC(=O)OC(C)C(C)C1O)CC(O)C2C(=O)O,APKFDSVGJQXUKY-INPOYWNPSA-N
DRUG_000496,CONFIRMED_INTEGRATED_ENTITY,drugbank_only,CC(=O)CC(c1ccccc1)c1c(O)c2ccccc2oc1=O,PJVWKTKQMONHTI-UHFFFAOYSA-N
DRUG_000497,CONFIRMED_INTEGRATED_ENTITY,both,Cc1ncc2n1-c1ccc(Cl)cc1C(c1ccccc1F)=NC2,DDLIGBOFAVUZHB-UHFFFAOYSA-N
DRUG_000498,CONFIRMED_INTEGRATED_ENTITY,both,NCC1OC(OC2C(N)CC(N)C(OC3OC(CO)C(O)C(N)C3O)C2O)C(N)CC1O,NLVFBUXFDBBNBW-PBSUHMDJSA-N
DRUG_000499,CONFIRMED_INTEGRATED_ENTITY,drugbank_only,NC1C2CN(c3nc4c(cc3F)c(=O)c(C(=O)O)cn4-c3ccc(F)cc3F)CC12,WVPSKSLAZQPAKQ-CDMJZVDBSA-N
DRUG_000500,CONFIRMED_INTEGRATED_ENTITY,drugbank_only,O=S(=O)(O)OC1C(O)COC(OC2COC(O)C(OS(=O)(=O)O)C2OS(=O)(=O)O)C1OS(=O)(=O)O,FCCNSUIJIOOXEZ-SJYYZXOBSA-N
DRUG_000501,CONFIRMED_INTEGRATED_ENTITY,drugbank_only,CC12CCC(=O)C=C1CCC1C3CCC(O)(C(=O)CO)C3(C)CC(O)C12F,AAXVEMMRQDVLJB-BULBTXNYSA-N
DRUG_000502,CONFIRMED_INTEGRATED_ENTITY,drugbank_only,COc1c(C)c2c(c(O)c1CC=C(C)CCC(=O)OCCN1CCOCC1)C(=O)OC2,RTGDFNSFWBGLEC-SYZQJQIISA-N
DRUG_000503,CONFIRMED_INTEGRATED_ENTITY,drugbank_only,CC(=O)OCC1=C(C(=O)O)N2C(=O)C(NC(=O)C(N)c3ccccc3)C2SC1,FUBBGQLTSCSAON-PBFPGSCMSA-N
DRUG_000504,CONFIRMED_INTEGRATED_ENTITY,both,CCN(CC)CCN1C(=O)CN=C(c2ccccc2F)c2cc(Cl)ccc21,SAADBVWGJQAEFS-UHFFFAOYSA-N
DRUG_000505,CONFIRMED_INTEGRATED_ENTITY,both,CCOC(=O)C(CCc1ccccc1)NC(C)C(=O)N1Cc2cc(OC)c(OC)cc2CC1C(=O)O,UWWDHYUMIORJTA-HSQYWUDLSA-N
DRUG_000506,CONFIRMED_INTEGRATED_ENTITY,drugbank_only,Cc1ccc(N(CC2=NCCN2)c2cccc(O)c2)cc1,MRBDMNSDAVCSSF-UHFFFAOYSA-N
DRUG_000507,CONFIRMED_INTEGRATED_ENTITY,drugbank_only,COc1cccc2c1C(=O)c1c(O)c3c(c(O)c1C2=O)CC(O)(C(C)=O)CC3OC1CC(N)C(O)C(C)O1,STQGQHZAVUOBTE-VGBVRHCVSA-N
DRUG_000508,CONFIRMED_INTEGRATED_ENTITY,both,NS(=O)(=O)c1cc(C(=O)O)c(NCc2ccco2)cc1Cl,ZZUFCTLCJUWOSV-UHFFFAOYSA-N
DRUG_000509,CONFIRMED_INTEGRATED_ENTITY,drugbank_only,CN1CC(C(=O)NC2(C)OC3(O)C4CCCN4C(=O)C(Cc4ccccc4)N3C2=O)C=C2c3cccc4[nH]cc(c34)CC21,XCGSFFUVFURLIX-VFGNJEKYSA-N
DRUG_000510,CONFIRMED_INTEGRATED_ENTITY,both,Clc1ccc2nsnc2c1NC1=NCCN1,XFYDIVBRZNQMJC-UHFFFAOYSA-N
DRUG_000511,CONFIRMED_INTEGRATED_ENTITY,both,O=C1CN(N=Cc2ccc([N+](=O)[O-])o2)C(=O)N1,NXFQHRVNIOXGAQ-YCRREMRBSA-N
DRUG_000512,CONFIRMED_INTEGRATED_ENTITY,drugbank_only,COC12CC(COC(=O)c3cncc(Br)c3)CN(C)C1Cc1cn(C)c3cccc2c13,YSEXMKHXIOCEJA-FVFQAYNVSA-N
DRUG_000513,CONFIRMED_INTEGRATED_ENTITY,both,COC(=O)C1CC2=CC(=O)CCC2(C)C23OC2CC2(C)C(CCC24CCC(=O)O4)C13,JUKPWJGBANNWMW-VWBFHTRKSA-N
DRUG_000514,CONFIRMED_INTEGRATED_ENTITY,both,CC(C)CN(CC(O)C(Cc1ccccc1)NC(=O)OC1CCOC1)S(=O)(=O)c1ccc(N)cc1,YMARZQAQMVYCKC-OEMFJLHTSA-N
DRUG_000515,CONFIRMED_INTEGRATED_ENTITY,drugbank_only,CC(=O)N=c1sc(S(N)(=O)=O)nn1C,FLOSMHQXBMRNHR-UHFFFAOYSA-N
DRUG_000516,CONFIRMED_INTEGRATED_ENTITY,both,O=C1CCC2(O)C3Cc4ccc(O)c5c4C2(CCN3CC2CC2)C1O5,DQCKKXVULJGBQN-XFWGSAIBSA-N
DRUG_000517,CONFIRMED_INTEGRATED_ENTITY,drugbank_only,CC(C)Nc1cccnc1N1CCN(C(=O)c2cc3cc(NS(C)(=O)=O)ccc3[nH]2)CC1,WHBIGIKBNXZKFE-UHFFFAOYSA-N
DRUG_000518,CONFIRMED_INTEGRATED_ENTITY,both,CCOc1ccccc1OCCNC(C)Cc1ccc(OC)c(S(N)(=O)=O)c1,DRHKJLXJIQTDTD-OAHLLOKOSA-N
DRUG_000519,CONFIRMED_INTEGRATED_ENTITY,both,CCC(=O)N(c1ccccc1)C1(COC)CCN(CCc2cccs2)CC1,GGCSSNBKKAUURC-UHFFFAOYSA-N
DRUG_000520,CONFIRMED_INTEGRATED_ENTITY,both,Nc1ccn(C2CSC(CO)O2)c(=O)n1,JTEGQNOMFQHVDC-NKWVEPMBSA-N
DRUG_000521,CONFIRMED_INTEGRATED_ENTITY,both,CCCCCN(C)CCC(O)(P(=O)(O)O)P(=O)(O)O,MPBVHIBUJCELCL-UHFFFAOYSA-N
DRUG_000522,CONFIRMED_INTEGRATED_ENTITY,drugbank_only,CCN(CC)C(=O)N1CCN(C)CC1,RCKMWOKWVGPNJF-UHFFFAOYSA-N
DRUG_000523,CONFIRMED_INTEGRATED_ENTITY,both,CC(C(=O)O)c1ccc(-c2ccccc2)c(F)c1,SYTBZMRGLBWNTM-UHFFFAOYSA-N
DRUG_000524,CONFIRMED_INTEGRATED_ENTITY,drugbank_only,Cc1onc(-c2ccccc2)c1C(=O)NC1C(=O)N2C1SC(C)(C)C2C(=O)O,UWYHMGVUTGAWSP-JKIFEVAISA-N
DRUG_000525,CONFIRMED_INTEGRATED_ENTITY,both,CN1CCc2cccc3c2C1Cc1ccc(O)c(O)c1-3,VMWNQDUVQKEIOC-CYBMUJFWSA-N
DRUG_000526,CONFIRMED_INTEGRATED_ENTITY,both,Fc1ccc(C2CCNCC2COc2ccc3c(c2)OCO3)cc1,AHOUBRCZNHFOSL-YOEHRIQHSA-N
DRUG_000527,CONFIRMED_INTEGRATED_ENTITY,both,C#CC1(O)CCC2C3CCC4=CC(=O)CCC4C3CCC21C,VIKNJXKGJWUCNN-XGXHKTLJSA-N
DRUG_000528,CONFIRMED_INTEGRATED_ENTITY,both,CC(C)(C)C(=O)OCOP(=O)(COCCn1cnc2c(N)ncnc21)OCOC(=O)C(C)(C)C,WOZSCQDILHKSGG-UHFFFAOYSA-N
DRUG_000529,CONFIRMED_INTEGRATED_ENTITY,drugbank_only,CN1CCC(=C2c3ccccc3CCc3cccnc32)CC1,SEBMTIQKRHYNIT-UHFFFAOYSA-N
DRUG_000530,CONFIRMED_INTEGRATED_ENTITY,drugbank_only,O=P(O)(O)C(Cl)(Cl)P(=O)(O)O,ACSIXWWBWUQEHA-UHFFFAOYSA-N
DRUG_000531,CONFIRMED_INTEGRATED_ENTITY,drugbank_only,CCN(CC)CCOC(=O)c1ccc(N)cc1,MFDFERRIHVXMIY-UHFFFAOYSA-N
DRUG_000532,CONFIRMED_INTEGRATED_ENTITY,both,NCCCCC(NC(CCc1ccccc1)C(=O)O)C(=O)N1CCCC1C(=O)O,RLAWWYSOJDYHDC-BZSNNMDCSA-N
DRUG_000533,CONFIRMED_INTEGRATED_ENTITY,drugbank_only,COc1ccc(OC)c(C(O)C(C)N)c1,WJAJPNHVVFWKKL-UHFFFAOYSA-N
DRUG_000534,CONFIRMED_INTEGRATED_ENTITY,both,CC(C)Cn1cnc2c(N)nc3ccccc3c21,DOUYETYNHWVLEO-UHFFFAOYSA-N
DRUG_000535,CONFIRMED_INTEGRATED_ENTITY,both,CC(CN(C)C)CN1c2ccccc2CCc2ccccc21,ZSCDBOWYZJWBIY-UHFFFAOYSA-N
DRUG_000536,CONFIRMED_INTEGRATED_ENTITY,both,O=[N+]([O-])OCC(CO[N+](=O)[O-])O[N+](=O)[O-],SNIOPGDIGTZGOP-UHFFFAOYSA-N
DRUG_000537,CONFIRMED_INTEGRATED_ENTITY,both,C=CC[N+]1(C2CC3C4CCC5CC(O)C(N6CCOCC6)CC5(C)C4CCC3(C)C2OC(C)=O)CCCC1,YXRDKMPIGHSVRX-OOJCLDBCSA-N
DRUG_000538,CONFIRMED_INTEGRATED_ENTITY,drugbank_only,c1ccc2[nH]c(-c3cscn3)nc2c1,WJCNZQLZVWNLKY-UHFFFAOYSA-N
DRUG_000539,CONFIRMED_INTEGRATED_ENTITY,drugbank_only,CC(C)C1CCC(C(=O)NC(Cc2ccccc2)C(=O)O)CC1,OELFLUMRDSZNSF-BRWVUGGUSA-N
DRUG_000540,AMBIGUOUS_MAPPING_COMPONENT,drugbank_only,COc1ccc(CC2c3cc(OC)c(OC)cc3CC[N+]2(C)CCC(=O)OCCCCCOC(=O)CC[N+]2(C)CCc3cc(OC)c(OC)cc3C2Cc2ccc(OC)c(OC)c2)cc1OC.O=S(=O)([O-])c1ccccc1.O=S(=O)([O-])c1ccccc1,XXZSQOVSEBAPGS-UHFFFAOYSA-L
DRUG_000541,AMBIGUOUS_MAPPING_COMPONENT,drugbank_only,COc1ccc(CC2c3cc(OC)c(OC)cc3CC[N+]2(C)CCC(=O)OCCCCCOC(=O)CC[N+]2(C)CCc3cc(OC)c(OC)cc3C2Cc2ccc(OC)c(OC)c2)cc1OC.O=S(=O)([O-])c1ccccc1.O=S(=O)([O-])c1ccccc1,XXZSQOVSEBAPGS-DONVQRBFSA-L
DRUG_000542,AMBIGUOUS_MAPPING_COMPONENT,twosides_only,COc1ccc(CC2c3cc(OC)c(OC)cc3CC[N+]2(C)CCC(=O)OCCCCCOC(=O)CC[N+]2(C)CCc3cc(OC)c(OC)cc3C2Cc2ccc(OC)c(OC)c2)cc1OC.O=S(=O)([O-])c1ccccc1.O=S(=O)([O-])c1ccccc1,XXZSQOVSEBAPGS-UHFFFAOYSA-L
DRUG_000543,CONFIRMED_INTEGRATED_ENTITY,both,Cc1nc2n(c(=O)c1CCN1CCC(c3noc4cc(F)ccc34)CC1)CCCC2,RAPZEAPATHNIPO-UHFFFAOYSA-N
DRUG_000544,CONFIRMED_INTEGRATED_ENTITY,drugbank_only,CN(CC=Cc1ccccc1)Cc1cccc2ccccc12,OZGNYLLQHRPOBR-UHFFFAOYSA-N
DRUG_000545,CONFIRMED_INTEGRATED_ENTITY,drugbank_only,COc1ccc2[nH]c(S(=O)Cc3ncc(C)c(OC)c3C)nc2c1,SUBDBMMJDZJVOS-DEOSSOPVSA-N
DRUG_000546,CONFIRMED_INTEGRATED_ENTITY,both,Cc1cccc(CN2CCN(C(c3ccccc3)c3ccc(Cl)cc3)CC2)c1,OCJYIGYOJCODJL-UHFFFAOYSA-N
DRUG_000547,CONFIRMED_INTEGRATED_ENTITY,drugbank_only,N=C(N)c1ccc(OCCCCCOc2ccc(C(=N)N)cc2)cc1,XDRYMKDFEDOLFX-UHFFFAOYSA-N
DRUG_000548,CONFIRMED_INTEGRATED_ENTITY,both,Nc1nc2ccc(OC(F)(F)F)cc2s1,FTALBRSUTCGOEG-UHFFFAOYSA-N
DRUG_000549,CONFIRMED_INTEGRATED_ENTITY,both,CC12CCC(=O)C=C1CCC1C2C(O)CC2(C)C1CCC2(O)C(=O)CO,JYGXADMDTFJGBT-VWUMJDOOSA-N
DRUG_000550,CONFIRMED_INTEGRATED_ENTITY,both,OCC(O)C(O)C(O)C(O)CO,FBPFZTCFMRRESA-KVTDHHQDSA-N
DRUG_000551,CONFIRMED_INTEGRATED_ENTITY,drugbank_only,O=C([O-])CN(CCN(CC(=O)[O-])CC(=O)[O-])CCN(CC(=O)O)C(COCc1ccccc1)C(=O)O.[Gd+3],MXZROTBGJUUXID-UHFFFAOYSA-K
DRUG_000552,CONFIRMED_INTEGRATED_ENTITY,drugbank_only,CC(c1cc2ccccc2s1)N(O)C(N)=O,MWLSOWXNZPKENC-UHFFFAOYSA-N
DRUG_000553,AMBIGUOUS_MAPPING_COMPONENT,drugbank_only,NC(=O)CS(=O)C(c1ccccc1)c1ccccc1,YFGHCGITMMYXAQ-UHFFFAOYSA-N
DRUG_000554,AMBIGUOUS_MAPPING_COMPONENT,drugbank_only,NC(=O)CS(=O)C(c1ccccc1)c1ccccc1,YFGHCGITMMYXAQ-LJQANCHMSA-N
DRUG_000555,AMBIGUOUS_MAPPING_COMPONENT,twosides_only,NC(=O)CS(=O)C(c1ccccc1)c1ccccc1,YFGHCGITMMYXAQ-UHFFFAOYSA-N
DRUG_000556,CONFIRMED_INTEGRATED_ENTITY,both,CC(=O)N(O)CCCCCNC(=O)CCC(=O)N(O)CCCCCNC(=O)CCC(=O)N(O)CCCCCN,UBQYURCVBFRUQT-UHFFFAOYSA-N
DRUG_000557,CONFIRMED_INTEGRATED_ENTITY,both,CN1C2CC(OC(=O)C(CO)c3ccccc3)CC1C1OC12,STECJAGHUSJQJN-FWXGHANASA-N
DRUG_000558,CONFIRMED_INTEGRATED_ENTITY,drugbank_only,CN(C)CCOC(c1ccc(Cl)cc1)c1ccccn1,OJFSXZCBGQGRNV-UHFFFAOYSA-N
DRUG_000559,CONFIRMED_INTEGRATED_ENTITY,both,CCc1cccc2c3c([nH]c12)C(CC)(CC(=O)O)OCC3,NNYBQONXHNTVIJ-UHFFFAOYSA-N
DRUG_000560,CONFIRMED_INTEGRATED_ENTITY,drugbank_only,CCCNC(C)C(=O)Nc1ccccc1C,MVFGUOIZUNYYSO-UHFFFAOYSA-N
DRUG_000561,CONFIRMED_INTEGRATED_ENTITY,drugbank_only,NC1=NCC2c3ccccc3Cc3ccccc3N12,WHWZLSFABNNENI-UHFFFAOYSA-N
DRUG_000562,CONFIRMED_INTEGRATED_ENTITY,both,NC1CC1c1ccccc1,AELCINSCMGFISI-UHFFFAOYSA-N
DRUG_000563,CONFIRMED_INTEGRATED_ENTITY,both,FC(F)OC(Cl)C(F)(F)F,PIWKPBJCKXDKJR-UHFFFAOYSA-N
DRUG_000564,CONFIRMED_INTEGRATED_ENTITY,drugbank_only,CCN1C(=O)NC(c2ccccc2)C1=O,SZQIFWWUIBRPBZ-UHFFFAOYSA-N
DRUG_000565,CONFIRMED_INTEGRATED_ENTITY,both,O=C(OC1CC2CC3CC(C1)N2CC3=O)c1c[nH]c2ccccc12,UKTAZPQNNNJVKR-KJGYPYNMSA-N
DRUG_000566,CONFIRMED_INTEGRATED_ENTITY,both,COC(=O)C(c1ccccc1Cl)N1CCc2sccc2C1,GKTWGGQPFAXNFI-HNNXBMFYSA-N
DRUG_000567,CONFIRMED_INTEGRATED_ENTITY,drugbank_only,CN(C)C1C(O)=C(C(N)=O)C(=O)C2(O)C(O)=C3C(=O)c4c(O)cccc4C(C)(O)C3CC12,OFVLGDICTFRJMM-WESIUVDSSA-N
DRUG_000568,CONFIRMED_INTEGRATED_ENTITY,drugbank_only,CC(O)C1C(=O)N2C(C(=O)O)=C(SC3CNC(C(=O)N(C)C)C3)C(C)C12,DMJNNHOOLUXYBV-PQTSNVLCSA-N
DRUG_000569,CONFIRMED_INTEGRATED_ENTITY,both,[Cl-].[K+],WCUXLLCKKVVCTQ-UHFFFAOYSA-M
DRUG_000570,CONFIRMED_INTEGRATED_ENTITY,both,CCc1c2c(nc3ccc(OC(=O)N4CCC(N5CCCCC5)CC4)cc13)-c1cc3c(c(=O)n1C2)COC(=O)C3(O)CC,UWKQSNNFCGGAFS-XIFFEERXSA-N
DRUG_000571,CONFIRMED_INTEGRATED_ENTITY,both,Cn1cc[nH]c1=S,PMRYVIKBURPHAH-UHFFFAOYSA-N
DRUG_000572,CONFIRMED_INTEGRATED_ENTITY,both,CC1CC2C3CCC4=CC(=O)C=CC4(C)C3(Cl)C(O)CC2(C)C1(O)C(=O)CCl,QLIIKPVHVRXHRI-CXSFZGCWSA-N
DRUG_000573,CONFIRMED_INTEGRATED_ENTITY,drugbank_only,CC(N)(Cc1ccc(O)cc1)C(=O)O,NHTGHBARYWONDQ-JTQLQIEISA-N
DRUG_000574,CONFIRMED_INTEGRATED_ENTITY,drugbank_only,O=C(O)C1C(=CCO)OC2CC(=O)N21,HZZVJAQRINQKSD-PBFISZAISA-N
DRUG_000575,CONFIRMED_INTEGRATED_ENTITY,both,CN(C)CCC=C1c2ccccc2COc2ccc(CC(=O)O)cc21,JBIMVDZLSHOPLA-LSCVHKIXSA-N
DRUG_000576,CONFIRMED_INTEGRATED_ENTITY,drugbank_only,CCN(CC)CC(=O)OCC(=O)C1(O)CCC2C3CCC4=CC(=O)CCC4(C)C3C(O)CC21C,FWFVLWGEFDIZMJ-FOMYWIRZSA-N
DRUG_000577,CONFIRMED_INTEGRATED_ENTITY,both,CCCCCC(O)C=CC1C(O)CC(=O)C1CCCCCCC(=O)O,GMVPRGQOIOIIMI-DWKJAMRDSA-N
DRUG_000578,CONFIRMED_INTEGRATED_ENTITY,drugbank_only,C[N+]12CCC(CC1)C(OC(=O)C(O)(c1ccccc1)c1ccccc1)C2,HOOSGZJRQIVJSZ-NNBUQUNQSA-N
DRUG_000579,CONFIRMED_INTEGRATED_ENTITY,drugbank_only,CCOC(=O)CC(SP(=S)(OC)OC)C(=O)OCC,JXSJBGJIGXNWCI-UHFFFAOYSA-N
DRUG_000580,CONFIRMED_INTEGRATED_ENTITY,both,COc1cc(C2c3cc4c(cc3C(OC3OC5COC(C)OC5C(O)C3O)C3COC(=O)C23)OCO4)cc(OC)c1O,VJJPUSNTGOMMGY-MRVIYFEKSA-N
DRUG_000581,CONFIRMED_INTEGRATED_ENTITY,drugbank_only,NS(=O)(=O)c1cc2c(cc1C(F)(F)F)NCNS2(=O)=O,DMDGGSIALPNSEE-UHFFFAOYSA-N
DRUG_000582,CONFIRMED_INTEGRATED_ENTITY,both,CCCCS(=O)(=O)NC(Cc1ccc(OCCCCC2CCNCC2)cc1)C(=O)O,COKMIXFXJJXBQG-NRFANRHFSA-N
DRUG_000583,CONFIRMED_INTEGRATED_ENTITY,both,NC(=O)N1c2ccccc2CC(=O)c2ccccc21,CTRLABGOLIVAIY-UHFFFAOYSA-N
DRUG_000584,CONFIRMED_INTEGRATED_ENTITY,drugbank_only,CCC1OC(=O)C(C)C(OC2CC(C)(OC)C(O)C(C)O2)C(C)C(OC2OC(C)CC(N(C)C)C2O)C(C)(O)CC(C)C(=NOCOCCOC)C(C)C(O)C1(C)O,RXZBMPWDPOLZGW-HITVVWEBSA-N
DRUG_000585,CONFIRMED_INTEGRATED_ENTITY,drugbank_only,CCn1cc(C(=O)O)c(=O)c2ccc(C)nc21,MHWLWQUZZRMNGJ-UHFFFAOYSA-N
DRUG_000586,CONFIRMED_INTEGRATED_ENTITY,both,NNCCc1ccccc1,RMUCZJUITONUFY-UHFFFAOYSA-N
DRUG_000587,CONFIRMED_INTEGRATED_ENTITY,drugbank_only,CCC(C)CCCCC(=O)NC(CCN)C(=O)NC(C(=O)NC(CCN)C(=O)NC1CCNC(=O)C(C(C)O)NC(=O)C(CCN)NC(=O)C(CCN)NC(=O)C(CC(C)C)NC(=O)C(Cc2ccccc2)NC(=O)C(CCN)NC1=O)C(C)O,WQVJHHACXVLGBL-BPJDFBQWSA-N
DRUG_000588,CONFIRMED_INTEGRATED_ENTITY,drugbank_only,CC(C)[N+](C)(CCOC(=O)C1c2ccccc2Oc2ccccc21)C(C)C,VVWYOYDLCMFIEM-UHFFFAOYSA-N
DRUG_000589,CONFIRMED_INTEGRATED_ENTITY,both,CC12CCC3c4ccc(O)cc4CCC3C1CCC2O,VOXZDWNPVJITMN-ZBRFXRBCSA-N
DRUG_000590,CONFIRMED_INTEGRATED_ENTITY,both,Cc1cccc(Nc2ccccc2C(=O)O)c1C,HYYBABOKPJLUIN-UHFFFAOYSA-N
DRUG_000591,CONFIRMED_INTEGRATED_ENTITY,both,Nc1nc(=O)c2ncn(COCCO)c2[nH]1,MKUXAQIIEYXACX-UHFFFAOYSA-N
DRUG_000592,CONFIRMED_INTEGRATED_ENTITY,both,COc1ccc2cc(C(C)C(=O)O)ccc2c1,CMWTZPSULFXXJA-VIFPVBQESA-N
DRUG_000593,CONFIRMED_INTEGRATED_ENTITY,both,CCCC(NC(C)C(=O)N1C(C(=O)O)CC2CCCCC21)C(=O)OCC,IPVQLZZIHOAWMC-QXKUPLGCSA-N
DRUG_000594,CONFIRMED_INTEGRATED_ENTITY,drugbank_only,O=c1[nH]cc(N(CCCl)CCCl)c(=O)[nH]1,IDPUKCWIGUEADI-UHFFFAOYSA-N
DRUG_000595,CONFIRMED_INTEGRATED_ENTITY,drugbank_only,CN(C)CCN(Cc1ccccc1)c1ccccn1,UFLGIAIHIAPJJC-UHFFFAOYSA-N
DRUG_000596,CONFIRMED_INTEGRATED_ENTITY,drugbank_only,Clc1cc(Cl)c(OCC#CI)cc1Cl,CTETYYAZBPJBHE-UHFFFAOYSA-N
DRUG_000597,CONFIRMED_INTEGRATED_ENTITY,both,CCC1(c2ccccc2)C(=O)NCNC1=O,DQMZLTXERSFNPB-UHFFFAOYSA-N
DRUG_000598,CONFIRMED_INTEGRATED_ENTITY,drugbank_only,O=C(O)c1cc(N=Nc2ccc(S(=O)(=O)Nc3ccccn3)cc2)ccc1O,NCEXYHBECQHGNR-QZQOTICOSA-N
DRUG_000599,CONFIRMED_INTEGRATED_ENTITY,drugbank_only,CCOc1nc2cccc(C(=O)OC(C)OC(=O)OC3CCCCC3)c2n1Cc1ccc(-c2ccccc2-c2nnn[nH]2)cc1,GHOSNRCGJFBJIB-UHFFFAOYSA-N
DRUG_000600,CONFIRMED_INTEGRATED_ENTITY,drugbank_only,c1ccc(CC2=NCCN2)cc1,JIVZKJJQOZQXQB-UHFFFAOYSA-N
DRUG_000601,CONFIRMED_INTEGRATED_ENTITY,both,CNC(C)C1CCC(N)C(OC2C(N)CC(N)C(OC3OCC(C)(O)C(NC)C3O)C2O)O1,CEAZRRDELHUEMR-UHFFFAOYSA-N
DRUG_000602,CONFIRMED_INTEGRATED_ENTITY,both,CCOC(=O)c1ccc(C#Cc2ccc3c(c2)C(C)(C)CCS3)nc1,OGQICQVSFDPSEI-UHFFFAOYSA-N
DRUG_000603,CONFIRMED_INTEGRATED_ENTITY,drugbank_only,Oc1ccc(C2CNCCc3c2cc(O)c(O)c3Cl)cc1,TVURRHSHRRELCG-UHFFFAOYSA-N
DRUG_000604,CONFIRMED_INTEGRATED_ENTITY,drugbank_only,O=C1CN=C(c2ccccc2)c2cc(Cl)ccc2N1CC(F)(F)F,WYCLKVQLVUQKNZ-UHFFFAOYSA-N
DRUG_000605,CONFIRMED_INTEGRATED_ENTITY,both,CCC(=O)N(c1ccccc1)C1(COC)CCN(CCn2nnn(CC)c2=O)CC1,IDBPHNDTYPBSNI-UHFFFAOYSA-N
DRUG_000606,CONFIRMED_INTEGRATED_ENTITY,drugbank_only,CCC(C)CCCC(=O)NC(CCN)C(=O)NC(C(=O)NC(CCN)C(=O)NC1CCNC(=O)C(C(C)O)NC(=O)C(CCN)NC(=O)C(CCN)NC(=O)C(CC(C)C)NC(=O)C(CC(C)C)NC(=O)C(CCN)NC1=O)C(C)O,YKQOSKADJPQZHB-RGYSVOEGSA-N
DRUG_000607,CONFIRMED_INTEGRATED_ENTITY,both,CCN(CC)CCOC(=O)C1(C2CCCCC2)CCCCC1,CURUTKGFNZGFSE-UHFFFAOYSA-N
DRUG_000608,CONFIRMED_INTEGRATED_ENTITY,drugbank_only,Cc1cc(-c2ccccc2)nnc1NCCN1CCOCC1,LDMWSLGGVTVJPG-UHFFFAOYSA-N
DRUG_000609,CONFIRMED_INTEGRATED_ENTITY,both,CC(=O)CCCCn1c(=O)c2c(ncn2C)n(C)c1=O,BYPFEZZEUUWMEJ-UHFFFAOYSA-N
DRUG_000610,CONFIRMED_INTEGRATED_ENTITY,drugbank_only,CCCOc1ccc(C(=O)OCCN(CC)CC)cc1N,KCLANYCVBBTKTO-UHFFFAOYSA-N
DRUG_000611,CONFIRMED_INTEGRATED_ENTITY,both,CC1Cc2ccccc2N1NC(=O)c1ccc(Cl)c(S(N)(=O)=O)c1,NDDAHWYSQHTHNT-UHFFFAOYSA-N
DRUG_000612,CONFIRMED_INTEGRATED_ENTITY,both,CCN(Cc1ccncc1)C(=O)C(CO)c1ccccc1,BGDKAVGWHJFAGW-UHFFFAOYSA-N
DRUG_000613,CONFIRMED_INTEGRATED_ENTITY,drugbank_only,OC(CCN1CCCCC1)(c1ccccc1)C1CC2C=CC1C2,YSXKPIUOCJLQIE-UHFFFAOYSA-N
DRUG_000614,CONFIRMED_INTEGRATED_ENTITY,both,NC(=O)c1ncn(C2OC(CO)C(O)C2O)n1,IWUCXVSUMQZMFG-AFCXAGJDSA-N
DRUG_000615,CONFIRMED_INTEGRATED_ENTITY,drugbank_only,CCCCC1C(=O)N(c2ccccc2)N(c2ccccc2)C1=O,VYMDGNCVAMGZFE-UHFFFAOYSA-N
DRUG_000616,CONFIRMED_INTEGRATED_ENTITY,both,CCC(=O)N(c1ccccc1)C1CCN(CCc2ccccc2)CC1,PJMPHNIQZUBGLI-UHFFFAOYSA-N
DRUG_000617,CONFIRMED_INTEGRATED_ENTITY,drugbank_only,Cc1cnc(NC(=O)C2=C(O)c3ccccc3S(=O)(=O)N2C)s1,ZRVUJXDFFKFLMG-UHFFFAOYSA-N
DRUG_000618,CONFIRMED_INTEGRATED_ENTITY,drugbank_only,CC(C)NCC(O)c1cc(O)cc(O)c1,LMOINURANNBYCM-UHFFFAOYSA-N
DRUG_000619,CONFIRMED_INTEGRATED_ENTITY,drugbank_only,CCn1cc(C(=O)O)c(=O)c2ccc(-c3ccncc3)cc21,XBPZXDSZHPDXQU-UHFFFAOYSA-N
DRUG_000620,CONFIRMED_INTEGRATED_ENTITY,both,CC(C)c1cccc(C(C)C)c1O,OLBCVFGFOZPWHH-UHFFFAOYSA-N
DRUG_000621,CONFIRMED_INTEGRATED_ENTITY,both,CC(=O)Nc1nnc(S(N)(=O)=O)s1,BZKPWHYZMXOIDC-UHFFFAOYSA-N
DRUG_000622,CONFIRMED_INTEGRATED_ENTITY,both,CN1CC(=O)N2C(Cc3c([nH]c4ccccc34)C2c2ccc3c(c2)OCO3)C1=O,WOXKDUGGOYFFRN-IIBYNOLFSA-N
DRUG_000623,CONFIRMED_INTEGRATED_ENTITY,drugbank_only,CC(C(=O)O)c1ccc2c(c1)[nH]c1ccc(Cl)cc12,PUXBGTOOZJQSKH-UHFFFAOYSA-N
DRUG_000624,CONFIRMED_INTEGRATED_ENTITY,both,CCN(CC)C(=S)SSC(=S)N(CC)CC,AUZONCFQVSMFAP-UHFFFAOYSA-N
DRUG_000625,CONFIRMED_INTEGRATED_ENTITY,drugbank_only,C#CC1(OC(C)=O)CCC2C3CCC4=CC(OC(C)=O)CCC4C3CCC21C,ONKUMRGIYFNPJW-KIEAKMPYSA-N
DRUG_000626,CONFIRMED_INTEGRATED_ENTITY,drugbank_only,CC1CC=CC=CC=CC=CC(OC2OC(C)C(O)C(N)C2O)CC2OC(O)(CC(O)CC3OC3C=CC(=O)O1)CC(O)C2C(=O)O,NCXMLFZGDNKEPB-FFPOYIOWSA-N
DRUG_000627,CONFIRMED_INTEGRATED_ENTITY,drugbank_only,CCn1nc(C(=O)O)c(=O)c2cc3c(cc21)OCO3,VDUWPHTZYNWKRN-UHFFFAOYSA-N
DRUG_000628,CONFIRMED_INTEGRATED_ENTITY,drugbank_only,CC1OC1P(=O)(O)O,YMDXZJFXQJVXBF-STHAYSLISA-N
DRUG_000629,CONFIRMED_INTEGRATED_ENTITY,both,CN1C(=O)CN=C(c2ccccc2)c2cc(Cl)ccc21,AAOVKJBEBIDNHE-UHFFFAOYSA-N
DRUG_000630,CONFIRMED_INTEGRATED_ENTITY,drugbank_only,CC1NCCOC1c1ccccc1,OOBHFESNSZDWIU-UHFFFAOYSA-N
DRUG_000631,CONFIRMED_INTEGRATED_ENTITY,drugbank_only,CN1CCN(CCCN2c3ccccc3Sc3ccc(C(F)(F)F)cc32)CC1,ZEWQUBUPAILYHI-UHFFFAOYSA-N
DRUG_000632,CONFIRMED_INTEGRATED_ENTITY,drugbank_only,CN1C(=O)CC(c2ccccc2)C1=O,WLWFNJKHKGIJNW-UHFFFAOYSA-N
DRUG_000633,CONFIRMED_INTEGRATED_ENTITY,both,NC(C(=O)NC1C(=O)N2C(C(=O)O)=C(Cl)CSC12)c1ccccc1,QYIYFLOTGYLRGG-GPCCPHFNSA-N
DRUG_000634,CONFIRMED_INTEGRATED_ENTITY,drugbank_only,CC#CC1(O)CCC2C3CCC4=CC(=O)CCC4=C3C(c3ccc(N(C)C)cc3)CC21C,VKHAHZOOUSRJNA-GCNJZUOMSA-N
DRUG_000635,CONFIRMED_INTEGRATED_ENTITY,drugbank_only,CN(C)CCC(c1ccc(Br)cc1)c1ccccn1,ZDIGNSYAACHWNL-UHFFFAOYSA-N
DRUG_000636,CONFIRMED_INTEGRATED_ENTITY,drugbank_only,CN(C)C(=O)C(CCN1CCC(O)(c2ccc(Cl)cc2)CC1)(c1ccccc1)c1ccccc1,RDOIQAHITMMDAJ-UHFFFAOYSA-N
DRUG_000637,CONFIRMED_INTEGRATED_ENTITY,drugbank_only,NC(=O)CCCN=C(c1ccc(Cl)cc1)c1cc(F)ccc1O,IBALRBWGSVJPAP-FXBPSFAMSA-N
DRUG_000638,CONFIRMED_INTEGRATED_ENTITY,drugbank_only,CC1CC2C3CC(F)C4=CC(=O)C=CC4(C)C3(Cl)C(O)CC2(C)C1C(=O)CO,YMTMADLUXIRMGX-RFPWEZLHSA-N
DRUG_000639,CONFIRMED_INTEGRATED_ENTITY,drugbank_only,Cc1ccc(S(=O)(=O)NC(=O)NN2CCCCCC2)cc1,OUDSBRTVNLOZBN-UHFFFAOYSA-N
DRUG_000640,CONFIRMED_INTEGRATED_ENTITY,both,CC(CCc1ccc(O)cc1)NCCc1ccc(O)c(O)c1,JRWZLRBJNMZMFE-UHFFFAOYSA-N
DRUG_000641,CONFIRMED_INTEGRATED_ENTITY,both,O=C1Nc2ccc(Cl)cc2C(c2ccccc2)=NC1O,ADIMAYPTOBDMTL-UHFFFAOYSA-N
DRUG_000642,CONFIRMED_INTEGRATED_ENTITY,both,COc1cc2c(cc1OC)C(=O)C(CC1CCN(Cc3ccccc3)CC1)C2,ADEBPBSSDYVVLD-UHFFFAOYSA-N
DRUG_000643,CONFIRMED_INTEGRATED_ENTITY,both,Oc1ccc2c3c1OC1C(O)CCC4(O)C(C2)N(CC2CCC2)CCC314,NETZHAKZCGBWSS-CEDHKZHLSA-N
DRUG_000644,CONFIRMED_INTEGRATED_ENTITY,drugbank_only,CC(C)N=c1cc2n(-c3ccc(Cl)cc3)c3ccccc3nc-2cc1Nc1ccc(Cl)cc1,WDQPAMHFFCXSNU-UHFFFAOYSA-N
DRUG_000645,CONFIRMED_INTEGRATED_ENTITY,drugbank_only,CC1(C)OC2CC3C4CC(F)C5=CC(=O)CCC5(C)C4C(O)CC3(C)C2(C(=O)CO)O1,POPFMWWJOGLOIF-XWCQMRHXSA-N
DRUG_000646,CONFIRMED_INTEGRATED_ENTITY,drugbank_only,NCCS,UFULAYFCSOUIOV-UHFFFAOYSA-N
DRUG_000647,CONFIRMED_INTEGRATED_ENTITY,drugbank_only,CCC1(c2ccccc2)C(=O)NC(=O)N(C)C1=O,ALARQZQTBTVLJV-UHFFFAOYSA-N
DRUG_000648,CONFIRMED_INTEGRATED_ENTITY,both,OCCN1CCN(CCCN2c3ccccc3Sc3ccc(Cl)cc32)CC1,RGCVKNLCSQQDEP-UHFFFAOYSA-N
DRUG_000649,CONFIRMED_INTEGRATED_ENTITY,drugbank_only,CN(C)N=Nc1[nH]cnc1C(N)=O,FDKXTQMXEQVLRF-ZHACJKMWSA-N
DRUG_000650,CONFIRMED_INTEGRATED_ENTITY,drugbank_only,CNC(C)C(O)c1ccccc1,KWGRBVOPPLSCSI-WCBMZHEXSA-N
DRUG_000651,CONFIRMED_INTEGRATED_ENTITY,both,Cn1nnc2c(C(N)=O)ncn2c1=O,BPEGJWRSRHCHSN-UHFFFAOYSA-N
DRUG_000652,CONFIRMED_INTEGRATED_ENTITY,drugbank_only,CN1CCC23CCCCC2C1Cc1ccc(O)cc13,JAQUASYNZVUNQP-USXIJHARSA-N
DRUG_000653,CONFIRMED_INTEGRATED_ENTITY,drugbank_only,NCC(=O)CCC(=O)O,ZGXJTSGNIOSYLO-UHFFFAOYSA-N
DRUG_000654,CONFIRMED_INTEGRATED_ENTITY,drugbank_only,OCC(O)COc1ccc(Cl)cc1,MXOAEAUPQDYUQM-UHFFFAOYSA-N
DRUG_000655,CONFIRMED_INTEGRATED_ENTITY,both,CN(CC=CC#CC(C)(C)C)Cc1cccc2ccccc12,DOMXUEMWDBAQBQ-WEVVVXLNSA-N
DRUG_000656,CONFIRMED_INTEGRATED_ENTITY,both,CC(C)(S)C(N)C(=O)O,VVNCNSJFMMFHPL-VKHMYHEASA-N
DRUG_000657,CONFIRMED_INTEGRATED_ENTITY,both,CC12C=CC(=O)C=C1CCC1C2C(O)CC2(C)C1CCC2(O)C(=O)CO,OIGNJSKKLXVSLS-VWUMJDOOSA-N
DRUG_000658,CONFIRMED_INTEGRATED_ENTITY,both,O=C(O)c1cc(-c2ccc(F)cc2F)ccc1O,HUPFGZXOMWLGNK-UHFFFAOYSA-N
DRUG_000659,CONFIRMED_INTEGRATED_ENTITY,both,CCCc1nc(C)c2c(=O)nc(-c3cc(S(=O)(=O)N4CCN(CC)CC4)ccc3OCC)[nH]n12,SECKRCOLJRRGGV-UHFFFAOYSA-N
DRUG_000660,CONFIRMED_INTEGRATED_ENTITY,both,CNC(=C[N+](=O)[O-])NCCSCc1ccc(CN(C)C)o1,VMXUWOKSQNHOCA-UHFFFAOYSA-N
DRUG_000661,CONFIRMED_INTEGRATED_ENTITY,both,C=CCC1C=C(C)CC(C)CC(OC)C2OC(O)(C(=O)C(=O)N3CCCCC3C(=O)OC(C(C)=CC3CCC(O)C(OC)C3)C(C)C(O)CC1=O)C(C)CC2OC,QJJXYPPXXYFBGM-LFZNUXCKSA-N
DRUG_000662,CONFIRMED_INTEGRATED_ENTITY,drugbank_only,CC(Cc1ccccc1)N(C)Cc1ccccc1,YXKTVDFXDRQTKV-HNNXBMFYSA-N
DRUG_000663,CONFIRMED_INTEGRATED_ENTITY,drugbank_only,C=CCc1ccccc1OCC(O)CNC(C)C,PAZJSJFMUHDSTF-UHFFFAOYSA-N
DRUG_000664,CONFIRMED_INTEGRATED_ENTITY,drugbank_only,CC(NCCc1ccc(O)cc1)C(O)c1ccc(O)cc1,IOVGROKTTNBUGK-SJCJKPOMSA-N
DRUG_000665,CONFIRMED_INTEGRATED_ENTITY,both,CCNC1CC(C)S(=O)(=O)c2sc(S(N)(=O)=O)cc21,IAVUPMFITXYVAF-XPUUQOCRSA-N
DRUG_000666,CONFIRMED_INTEGRATED_ENTITY,drugbank_only,CC(C(=O)O)c1ccc(C(=O)c2cccs2)cc1,MDKGKXOCJGEUJW-UHFFFAOYSA-N
DRUG_000667,CONFIRMED_INTEGRATED_ENTITY,drugbank_only,CC(C)(C)NCC(O)c1cc(O)cc(O)c1,XWTYSIMOBUGWOL-UHFFFAOYSA-N
DRUG_000668,CONFIRMED_INTEGRATED_ENTITY,drugbank_only,Cc1nc2c([nH]1)CCN(C(=O)c1ccc(NC(=O)c3ccccc3-c3ccccc3)cc1)c1ccccc1-2,IKENVDNFQMCRTR-UHFFFAOYSA-N
DRUG_000669,CONFIRMED_INTEGRATED_ENTITY,drugbank_only,CC12C=CC(=O)C=C1CCC1C2C(O)CC2(C)C1CCC2(O)C(=O)OCCl,YPZVAYHNBBHPTO-MXRBDKCISA-N
DRUG_000670,CONFIRMED_INTEGRATED_ENTITY,drugbank_only,OCCN1CCN(CCC=C2c3ccccc3Sc3ccc(C(F)(F)F)cc32)CC1,NJMYODHXAKYRHW-DVZOWYKESA-N
DRUG_000671,CONFIRMED_INTEGRATED_ENTITY,drugbank_only,CCCCc1ncc(C=C(Cc2cccs2)C(=O)O)n1Cc1ccc(C(=O)O)cc1,OROAFUQRIXKEMV-LDADJPATSA-N
DRUG_000672,CONFIRMED_INTEGRATED_ENTITY,both,COC1CC2CCC(C)C(O)(O2)C(=O)C(=O)N2CCCCC2C(=O)OC(C(C)CC2CCC(O)C(OC)C2)CC(=O)C(C)C=C(C)C(O)C(OC)C(=O)C(C)CC(C)C=CC=CC=C1C,QFJCIRLUMZQUOT-HPLJOQBZSA-N
DRUG_000673,CONFIRMED_INTEGRATED_ENTITY,both,Nc1nc(=O)n(C2CSC(CO)O2)cc1F,XQSPYNMVSIKCOC-NTSWFWBYSA-N
DRUG_000674,CONFIRMED_INTEGRATED_ENTITY,both,NS(=O)(=O)c1cc2c(cc1Cl)NC=NS2(=O)=O,JBMKAUGHUNFTOL-UHFFFAOYSA-N
DRUG_000675,CONFIRMED_INTEGRATED_ENTITY,both,CCOC(=O)C(CCc1ccccc1)NC(C)C(=O)N1Cc2ccccc2CC1C(=O)O,JSDRRTOADPPCHY-HSQYWUDLSA-N
DRUG_000676,CONFIRMED_INTEGRATED_ENTITY,both,CCN(CC)CCOc1ccc(C(=C(Cl)c2ccccc2)c2ccccc2)cc1,GKIRPKYJQBWNGO-UHFFFAOYSA-N
DRUG_000677,CONFIRMED_INTEGRATED_ENTITY,both,O=[N+]([O-])OC1COC2C(O[N+](=O)[O-])COC12,MOYKHGMNXAOIAT-JGWLITMVSA-N
DRUG_000678,CONFIRMED_INTEGRATED_ENTITY,both,O=P(O)(O)C(O)(Cc1cccnc1)P(=O)(O)O,IIDJRNMFWXDHID-UHFFFAOYSA-N
DRUG_000679,CONFIRMED_INTEGRATED_ENTITY,drugbank_only,Cc1cccn2c(=O)c(-c3nn[nH]n3)cnc12,HIANJWSAHKJQTH-UHFFFAOYSA-N
DRUG_000680,CONFIRMED_INTEGRATED_ENTITY,both,CCCCNc1cc(C(=O)O)cc(S(N)(=O)=O)c1Oc1ccccc1,MAEIEVLCKWDQJH-UHFFFAOYSA-N
DRUG_000681,CONFIRMED_INTEGRATED_ENTITY,drugbank_only,CN(CCCl)CCCl,HAWPXGHAZFHHAD-UHFFFAOYSA-N
DRUG_000682,CONFIRMED_INTEGRATED_ENTITY,both,CN1C2CCCC1CC(NC(=O)c1nn(C)c3ccccc13)C2,MFWNKCLOYSRHCJ-BTTYYORXSA-N
DRUG_000683,CONFIRMED_INTEGRATED_ENTITY,drugbank_only,CC=C(C(=CC)c1ccc(O)cc1)c1ccc(O)cc1,NFDFQCUYFHCNBW-SCGPFSFSSA-N
DRUG_000684,CONFIRMED_INTEGRATED_ENTITY,drugbank_only,Nc1ccc(S(=O)(=O)Nc2ccccn2)cc1,GECHUMIMRBOMGK-UHFFFAOYSA-N
DRUG_000685,CONFIRMED_INTEGRATED_ENTITY,drugbank_only,CCCCOc1cc(C(=O)OCCN(CC)CC)ccc1N,CMHHMUWAYWTMGS-UHFFFAOYSA-N
DRUG_000686,CONFIRMED_INTEGRATED_ENTITY,drugbank_only,CC12CCC3C(CCC4=CC(=O)C=CC43C)C1CCC(=O)O2,BPEWUONYVDABNZ-DZBHQSCQSA-N
DRUG_000687,CONFIRMED_INTEGRATED_ENTITY,drugbank_only,CCC(=O)C1(C)C(C)CC2C3CCC4=CC(=O)C=CC4(C)C3C(O)CC21C,QTTRZHGPGKRAFB-OOKHYKNYSA-N
DRUG_000688,CONFIRMED_INTEGRATED_ENTITY,both,Cc1nnc2n1-c1ccc(Cl)cc1C(c1ccccc1Cl)=NC2,JOFWLTCLBGQGBO-UHFFFAOYSA-N
DRUG_000689,CONFIRMED_INTEGRATED_ENTITY,drugbank_only,CCO,LFQSCWFLJHTTHZ-UHFFFAOYSA-N
DRUG_000690,CONFIRMED_INTEGRATED_ENTITY,both,CCC(=O)N(c1ccccc1)C1(C(=O)OC)CCN(CCC(=O)OC)CC1,ZTVQQQVZCWLTDF-UHFFFAOYSA-N
DRUG_000691,CONFIRMED_INTEGRATED_ENTITY,both,O=c1nc[nH]c2c1ncn2C1CCC(CO)O1,BXZVVICBKDXVGW-NKWVEPMBSA-N
DRUG_000692,CONFIRMED_INTEGRATED_ENTITY,both,C=C(CC)C(=O)c1ccc(OCC(=O)O)c(Cl)c1Cl,AVOLMBLBETYQHX-UHFFFAOYSA-N
DRUG_000693,CONFIRMED_INTEGRATED_ENTITY,both,Cc1nccn1CC1CCc2c(c3ccccc3n2C)C1=O,FELGMEQIXOGIFQ-UHFFFAOYSA-N
DRUG_000694,CONFIRMED_INTEGRATED_ENTITY,both,CCNC(=O)CCCC=CCC1C(O)CC(O)C1C=CC(O)CCc1ccccc1,AQOKCDNYWBIDND-FTOWTWDKSA-N
DRUG_000695,CONFIRMED_INTEGRATED_ENTITY,both,Cc1ccsc1C(=CCCN1CCCC(C(=O)O)C1)c1sccc1C,PBJUNZJWGZTSKL-MRXNPFEDSA-N
DRUG_000696,CONFIRMED_INTEGRATED_ENTITY,drugbank_only,COC(=O)C1C(OC(=O)c2ccccc2)CC2CCC1N2C,ZPUCINDJVBIVPJ-LJISPDSOSA-N
DRUG_000697,CONFIRMED_INTEGRATED_ENTITY,both,NS(=O)(=O)Cc1noc2ccccc12,UBQNRHZMVUUOMG-UHFFFAOYSA-N
DRUG_000698,CONFIRMED_INTEGRATED_ENTITY,both,CC(C=CC(C)C(C)(C)O)C1CCC2C(=CC=C3CC(O)CC(O)C3)CCCC21C,BPKAHTKRCLCHEA-UBFJEZKGSA-N
DRUG_000699,CONFIRMED_INTEGRATED_ENTITY,drugbank_only,CCS(=O)(=O)CCn1c([N+](=O)[O-])cnc1C,HJLSLZFTEKNLFI-UHFFFAOYSA-N
DRUG_000700,CONFIRMED_INTEGRATED_ENTITY,both,CCOc1cc(CC(=O)NC(CC(C)C)c2ccccc2N2CCCCC2)ccc1C(=O)O,FAEKWTJYAYMJKF-QHCPKHFHSA-N
DRUG_000701,CONFIRMED_INTEGRATED_ENTITY,drugbank_only,N=C(N)NC(=N)NCCc1ccccc1,ICFJFFQQTFMIBG-UHFFFAOYSA-N
DRUG_000702,CONFIRMED_INTEGRATED_ENTITY,both,NC12CC3CC(CC(C3)C1)C2,DKNWSYNQZKUICI-UHFFFAOYSA-N
DRUG_000703,CONFIRMED_INTEGRATED_ENTITY,both,Cc1ncc([N+](=O)[O-])n1CCO,VAOCPAMSLUNLGC-UHFFFAOYSA-N
DRUG_000704,CONFIRMED_INTEGRATED_ENTITY,both,CCCCCC(O)C=CC1C(O)CC(=O)C1CC=CCCCC(=O)O,XEYBRNLFEZDVAW-ARSRFYASSA-N
DRUG_000705,CONFIRMED_INTEGRATED_ENTITY,both,CN(C)CCc1c[nH]c2ccc(CS(=O)(=O)N3CCCC3)cc12,WKEMJKQOLOHJLZ-UHFFFAOYSA-N
DRUG_000706,CONFIRMED_INTEGRATED_ENTITY,drugbank_only,CNC1C(O)C(NC)C2OC3(O)C(=O)CC(C)OC3OC2C1O,UNFWWIHTNXNPBV-WXKVUWSESA-N
DRUG_000707,CONFIRMED_INTEGRATED_ENTITY,both,CN1CCC(=C2c3ccccc3CC(=O)c3sccc32)CC1,ZCVMWBYGMWKGHF-UHFFFAOYSA-N
DRUG_000708,CONFIRMED_INTEGRATED_ENTITY,both,COC12CCC3(CC1C(C)(O)C(C)(C)C)C1Cc4ccc(O)c5c4C3(CCN1CC1CC1)C2O5,RMRJXGBAOAMLHD-IHFGGWKQSA-N
DRUG_000709,CONFIRMED_INTEGRATED_ENTITY,drugbank_only,CC1CC(=O)NN=C1c1ccc(NN=C(C#N)C#N)cc1,WHXMKTBCFHIYNQ-SECBINFHSA-N
DRUG_000710,CONFIRMED_INTEGRATED_ENTITY,drugbank_only,NCc1ccccc1CC(=O)NC1C(=O)N2C(C(=O)O)=C(CSc3nnnn3CC(=O)O)CSC12,SLAYUXIURFNXPG-CRAIPNDOSA-N
DRUG_000711,CONFIRMED_INTEGRATED_ENTITY,both,CN(C)CCC=C1c2ccccc2C=Cc2ccccc21,JURKNVYFZMSNLP-UHFFFAOYSA-N
DRUG_000712,CONFIRMED_INTEGRATED_ENTITY,drugbank_only,CC(COc1ccccc1)N(CCCl)Cc1ccccc1,QZVCTJOXCFMACW-UHFFFAOYSA-N
DRUG_000713,CONFIRMED_INTEGRATED_ENTITY,both,NC(N)=Nc1nc(CSCCC(N)=NS(N)(=O)=O)cs1,XUFQPHANEAPEMJ-UHFFFAOYSA-N
DRUG_000714,CONFIRMED_INTEGRATED_ENTITY,drugbank_only,Nc1ncn(C2OC(CO)C(O)C2O)c(=O)n1,NMUSYJAQQFHJEW-KVTDHHQDSA-N
DRUG_000715,CONFIRMED_INTEGRATED_ENTITY,both,CCCCC(C)(O)CC=CC1C(O)CC(=O)C1CCCCCCC(=O)OC,OJLOPKGSLYJEMD-URPKTTJQSA-N
DRUG_000716,CONFIRMED_INTEGRATED_ENTITY,drugbank_only,C=C1c2cccc(O)c2C(=O)C2=C(O)C3(O)C(=O)C(C(N)=O)=C(O)C(N(C)C)C3C(O)C12,MHIGBKBJSQVXNH-IWVLMIASSA-N
DRUG_000717,CONFIRMED_INTEGRATED_ENTITY,drugbank_only,CCCC1(CCc2ccccc2)CC(O)=C(C(CC)c2cccc(NS(=O)(=O)c3ccc(C(F)(F)F)cn3)c2)C(=O)O1,SUJUHGSWHZTSEU-FYBSXPHGSA-N
DRUG_000718,CONFIRMED_INTEGRATED_ENTITY,drugbank_only,CN1CCCCC1CCN1c2ccccc2Sc2ccc(S(C)=O)cc21,SLVMESMUVMCQIY-UHFFFAOYSA-N
DRUG_000719,CONFIRMED_INTEGRATED_ENTITY,both,CNCCCC12CCC(c3ccccc31)c1ccccc12,QSLMDECMDJKHMQ-UHFFFAOYSA-N
DRUG_000720,CONFIRMED_INTEGRATED_ENTITY,drugbank_only,Cc1cc(C(C)(C)C)c(O)c(C)c1CC1=NCCN1,WYWIFABBXFUGLM-UHFFFAOYSA-N
DRUG_000721,CONFIRMED_INTEGRATED_ENTITY,drugbank_only,O=C(O)c1ccccc1O,YGSDEFSMJLZEOE-UHFFFAOYSA-N
DRUG_000722,CONFIRMED_INTEGRATED_ENTITY,drugbank_only,CCN(CC)C(C)C(=O)c1ccccc1,XXEPPPIWZFICOJ-UHFFFAOYSA-N
DRUG_000723,CONFIRMED_INTEGRATED_ENTITY,both,OCc1cc(C(O)CNCCCCCCOCCCCc2ccccc2)ccc1O,GIIZNNXWQWCKIB-UHFFFAOYSA-N
DRUG_000724,CONFIRMED_INTEGRATED_ENTITY,drugbank_only,Cc1ccc(Cl)c(Nc2ccccc2C(=O)O)c1Cl,SBDNJUWAMKYJOX-UHFFFAOYSA-N
DRUG_000725,CONFIRMED_INTEGRATED_ENTITY,drugbank_only,CC[N+](C)(CC)CCOC(=O)C1c2ccccc2Oc2ccccc21,GZHFODJQISUKAY-UHFFFAOYSA-N
DRUG_000726,CONFIRMED_INTEGRATED_ENTITY,drugbank_only,Nc1ccn(C2CCC(CO)O2)c(=O)n1,WREGKURFCTUGRC-POYBYMJQSA-N
DRUG_000727,CONFIRMED_INTEGRATED_ENTITY,drugbank_only,CN(CCCCCCCCCCN(C)C(=O)Oc1cccc([N+](C)(C)C)c1)C(=O)Oc1cccc([N+](C)(C)C)c1,RWZVPVOZTJJMNU-UHFFFAOYSA-N
DRUG_000728,CONFIRMED_INTEGRATED_ENTITY,both,CC(=O)Oc1ccccc1C(=O)O,BSYNRYMUTXBXSQ-UHFFFAOYSA-N
DRUG_000729,CONFIRMED_INTEGRATED_ENTITY,drugbank_only,CCC(c1ccccc1)c1c(O)c2ccccc2oc1=O,DQDAYGNAKTZFIW-UHFFFAOYSA-N
DRUG_000730,CONFIRMED_INTEGRATED_ENTITY,both,CC12CCC3c4ccc(O)cc4CC(CCCCCCCCCS(=O)CCCC(F)(F)C(F)(F)F)C3C1CCC2O,VWUXBMIQPBEWFH-WCCTWKNTSA-N
DRUG_000731,CONFIRMED_INTEGRATED_ENTITY,drugbank_only,CC1(C)SC2C(NC(=O)C(NC(=O)N3CCN(S(C)(=O)=O)C3=O)c3ccccc3)C(=O)N2C1C(=O)O,YPBATNHYBCGSSN-VWPFQQQWSA-N
DRUG_000732,CONFIRMED_INTEGRATED_ENTITY,drugbank_only,NC(=O)OCC(COC(N)=O)c1ccccc1,WKGXYQFOCVYPAC-UHFFFAOYSA-N
DRUG_000733,CONFIRMED_INTEGRATED_ENTITY,both,CC(C)(C(=O)O)c1ccc(C(O)CCCN2CCC(C(O)(c3ccccc3)c3ccccc3)CC2)cc1,RWTNPBWLLIMQHL-UHFFFAOYSA-N
DRUG_000734,CONFIRMED_INTEGRATED_ENTITY,both,NNC(=O)c1ccncc1,QRXWMOHMRWLFEY-UHFFFAOYSA-N
DRUG_000735,CONFIRMED_INTEGRATED_ENTITY,both,CNS(=O)(=O)CCc1ccc2[nH]cc(C3CCN(C)CC3)c2c1,AMKVXSZCKVJAGH-UHFFFAOYSA-N
DRUG_000736,CONFIRMED_INTEGRATED_ENTITY,both,CN(C)CCc1c[nH]c2ccc(Cn3cncn3)cc12,ULFRLSNUDGIQQP-UHFFFAOYSA-N
DRUG_000737,CONFIRMED_INTEGRATED_ENTITY,drugbank_only,CCC1OC(=O)C(C)C(OC2CC(C)(OC)C(O)C(C)O2)C(C)C(OC2OC(C)CC(N(C)C)C2O)C(C)(O)CC(C)C2NC(COCCOC)OC(C2C)C1(C)O,WLOHNSSYAXHWNR-DWIOZXRMSA-N
DRUG_000738,CONFIRMED_INTEGRATED_ENTITY,drugbank_only,CCNC1CC(N)C(OC2OC(CN)=CCC2N)C(O)C1OC1OCC(C)(O)C(NC)C1O,CIDUJQMULVCIBT-MQDUPKMGSA-N
DRUG_000739,CONFIRMED_INTEGRATED_ENTITY,drugbank_only,COc1ccc2c3c1OC1C(=O)CCC4C(C2)N(C)CCC314,LLPOLZWFYMWNKH-CMKMFDCUSA-N
DRUG_000740,CONFIRMED_INTEGRATED_ENTITY,drugbank_only,C#CC1(OC(C)=O)CCC2C3CCC4=CC(=NO)CCC4C3CCC21CC,KIQQMECNKUGGKA-NMYWJIRASA-N
DRUG_000741,CONFIRMED_INTEGRATED_ENTITY,drugbank_only,N->[Pt]1(<-N)OC(=O)C2(CCC2)C(=O)O1,
DRUG_000742,CONFIRMED_INTEGRATED_ENTITY,both,CC1CC2C(C(O)CC3(C)C2CCC3(O)C(=O)CO)C2(C)C=CC(=O)C=C12,VHRSUDSXCMQTMA-PJHHCJLFSA-N
DRUG_000743,CONFIRMED_INTEGRATED_ENTITY,both,CC(C)NCC(O)COc1cccc2[nH]ccc12,JZQKKSLKJUAGIC-UHFFFAOYSA-N
DRUG_000744,CONFIRMED_INTEGRATED_ENTITY,drugbank_only,Cc1cccc(C)c1NC(=O)C1CCCCN1C,INWLQCZOYSRPNW-UHFFFAOYSA-N
DRUG_000745,CONFIRMED_INTEGRATED_ENTITY,both,CCN(C(C)=O)c1cccc(-c2ccnc3c(C#N)cnn23)c1,HUNXMJYCHXQEGX-UHFFFAOYSA-N
DRUG_000746,CONFIRMED_INTEGRATED_ENTITY,drugbank_only,Nc1c(CC(=O)O)cccc1C(=O)c1ccc(Br)cc1,ZBPLOVFIXSTCRZ-UHFFFAOYSA-N
DRUG_000747,CONFIRMED_INTEGRATED_ENTITY,drugbank_only,Nc1cc(Cl)c(NC2=NCCN2)c(Cl)c1,IEJXVRYNEISIKR-UHFFFAOYSA-N
DRUG_000748,CONFIRMED_INTEGRATED_ENTITY,both,CCCc1nc2c(C)cc(-c3nc4ccccc4n3C)cc2n1Cc1ccc(-c2ccccc2C(=O)O)cc1,RMMXLENWKUUMAY-UHFFFAOYSA-N
DRUG_000749,CONFIRMED_INTEGRATED_ENTITY,both,Clc1ccc2c(c1)CCc1cccnc1C2=C1CCNCC1,JAUOIFJMECXRGI-UHFFFAOYSA-N
DRUG_000750,CONFIRMED_INTEGRATED_ENTITY,both,CC(N)(Cc1ccc(O)c(O)c1)C(=O)O,CJCSPKMFHVPWAR-JTQLQIEISA-N
DRUG_000751,CONFIRMED_INTEGRATED_ENTITY,both,Cc1[nH]cnc1CN1CCc2c(c3ccccc3n2C)C1=O,JSWZEAMFRNKZNL-UHFFFAOYSA-N
DRUG_000752,CONFIRMED_INTEGRATED_ENTITY,both,Cc1c2oc3c(C)ccc(C(=O)NC4C(=O)NC(C(C)C)C(=O)N5CCCC5C(=O)N(C)CC(=O)N(C)C(C(C)C)C(=O)OC4C)c3nc-2c(C(=O)NC2C(=O)NC(C(C)C)C(=O)N3CCCC3C(=O)N(C)CC(=O)N(C)C(C(C)C)C(=O)OC2C)c(N)c1=O,RJURFGZVJUQBHK-IIXSONLDSA-N
DRUG_000753,CONFIRMED_INTEGRATED_ENTITY,both,CN1CCCC(n2nc(Cc3ccc(Cl)cc3)c3ccccc3c2=O)CC1,MBUVEWMHONZEQD-UHFFFAOYSA-N
DRUG_000754,CONFIRMED_INTEGRATED_ENTITY,both,O=C1C(CCC(O)c2ccc(F)cc2)C(c2ccc(O)cc2)N1c1ccc(F)cc1,OLNTVTPDXPETLC-XPWALMASSA-N
DRUG_000755,CONFIRMED_INTEGRATED_ENTITY,drugbank_only,O=C(O)CN(CCN(CC(=O)O)CC(=O)O)CC(=O)O,KCXVZYZYPLLWCC-UHFFFAOYSA-N
DRUG_000756,CONFIRMED_INTEGRATED_ENTITY,both,OCCN(CCO)c1nc(N2CCCCC2)c2nc(N(CCO)CCO)nc(N3CCCCC3)c2n1,IZEKFCXSFNUWAM-UHFFFAOYSA-N
DRUG_000757,CONFIRMED_INTEGRATED_ENTITY,both,CCC1OC(=O)C(C)C(=O)C(C)C(OC2OC(C)CC(N(C)C)C2O)C(C)(OC)CC(C)C(=O)C(C)C2N(CCCCn3cnc(-c4cccnc4)c3)C(=O)OC12C,LJVAJPDWBABPEJ-PNUFFHFMSA-N
DRUG_000758,CONFIRMED_INTEGRATED_ENTITY,drugbank_only,C#CC1(O)CCC2C3CCc4cc(O)ccc4C3CCC21C,BFPYWIDHMRZLRN-SLHNCBLASA-N
DRUG_000759,CONFIRMED_INTEGRATED_ENTITY,drugbank_only,CCn1cc(C(=O)O)c(=O)c2cc(F)c(N3CCNC(C)C3)c(F)c21,ZEKZLJVOYLTDKK-UHFFFAOYSA-N
DRUG_000760,CONFIRMED_INTEGRATED_ENTITY,drugbank_only,CN(C)CCOC(=O)C(c1ccccc1)C1(O)CCCC1,SKYSRIRYMSLOIN-UHFFFAOYSA-N
DRUG_000761,CONFIRMED_INTEGRATED_ENTITY,drugbank_only,CCC(=O)NCCC1CCc2ccc3c(c21)CCO3,YLXDSYKOBKBWJQ-LBPRGKRZSA-N
DRUG_000762,CONFIRMED_INTEGRATED_ENTITY,drugbank_only,CNC(=O)Oc1ccc2c(c1)C1(C)CCN(C)C1N2C,PIJVFDBKTWXHHD-HIFRSBDPSA-N
DRUG_000763,AMBIGUOUS_MAPPING_COMPONENT,drugbank_only,COc1ccc(CC(C)NCC(O)c2ccc(O)c(NC=O)c2)cc1,BPZSYCZIITTYBL-UHFFFAOYSA-N
DRUG_000764,AMBIGUOUS_MAPPING_COMPONENT,drugbank_only,COc1ccc(CC(C)NCC(O)c2ccc(O)c(NC=O)c2)cc1,BPZSYCZIITTYBL-YJYMSZOUSA-N
DRUG_000765,AMBIGUOUS_MAPPING_COMPONENT,twosides_only,COc1ccc(CC(C)NCC(O)c2ccc(O)c(NC=O)c2)cc1,BPZSYCZIITTYBL-UHFFFAOYSA-N
DRUG_000766,CONFIRMED_INTEGRATED_ENTITY,drugbank_only,CN(C)CCOC(c1ccccc1)c1ccccc1.Cn1c(=O)c2nc(Cl)[nH]c2n(C)c1=O,NFLLKCVHYJRNRH-UHFFFAOYSA-N
DRUG_000767,CONFIRMED_INTEGRATED_ENTITY,both,C[N+]1(C)CCC(OC(=O)C(O)(c2ccccc2)C2CCCC2)C1,ANGKOCUUWGHLCE-UHFFFAOYSA-N
DRUG_000768,CONFIRMED_INTEGRATED_ENTITY,both,Nc1ccn(C2OC(CO)C(O)C2O)c(=O)n1,UHDGCWIWMRVCDJ-CCXZUQQUSA-N
DRUG_000769,CONFIRMED_INTEGRATED_ENTITY,drugbank_only,NCCc1ccc(O)c(O)c1,VYFYYTLLBUKUHU-UHFFFAOYSA-N
DRUG_000770,CONFIRMED_INTEGRATED_ENTITY,both,CCN(C)C(=O)Oc1cccc(C(C)N(C)C)c1,XSVMFMHYUFZWBK-NSHDSACASA-N
DRUG_000771,CONFIRMED_INTEGRATED_ENTITY,both,C=C1CC2C(CCC3(C)C(=O)CCC23)C2(C)C=CC(=O)C=C12,BFYIZQONLCFLEV-DAELLWKTSA-N
DRUG_000772,CONFIRMED_INTEGRATED_ENTITY,both,O=C(O)CCc1nc(-c2ccccc2)c(-c2ccccc2)o1,OFPXSFXSNFPTHF-UHFFFAOYSA-N
DRUG_000773,CONFIRMED_INTEGRATED_ENTITY,drugbank_only,COC(=O)CCC(=O)CN,YUUAYBAIHCDHHD-UHFFFAOYSA-N
DRUG_000774,CONFIRMED_INTEGRATED_ENTITY,both,Cn1cnc([N+](=O)[O-])c1Sc1ncnc2nc[nH]c12,LMEKQMALGUDUQG-UHFFFAOYSA-N
DRUG_000775,CONFIRMED_INTEGRATED_ENTITY,both,NCC1(CC(=O)O)CCCCC1,UGJMXCAKCUNAIE-UHFFFAOYSA-N
DRUG_000776,CONFIRMED_INTEGRATED_ENTITY,drugbank_only,COc1cccc2c1C(=O)c1c(O)c3c(c(O)c1C2=O)CC(O)(C(=O)CO)CC3OC1CC(N)C(O)C(C)O1,AOJJSUZBOXZQNB-TZSSRYMLSA-N
DRUG_000777,CONFIRMED_INTEGRATED_ENTITY,both,CNC1CCc2[nH]c3ccc(C(N)=O)cc3c2C1,XPSQPHWEGNHMSK-SECBINFHSA-N
DRUG_000778,CONFIRMED_INTEGRATED_ENTITY,both,NS(=O)(=O)c1cc2c(cc1Cl)NCNS2(=O)=O,JZUFKLXOESDKRF-UHFFFAOYSA-N
DRUG_000779,CONFIRMED_INTEGRATED_ENTITY,drugbank_only,CC1(C)SC2C(NC(=O)C3(N)CCCCC3)C(=O)N2C1C(=O)O,HGBLNBBNRORJKI-WCABBAIRSA-N
DRUG_000780,AMBIGUOUS_MAPPING_COMPONENT,drugbank_only,CC(C)(C)NCC(O)c1ccc(O)c(CO)c1,NDAUXUAQIAJITI-UHFFFAOYSA-N
DRUG_000781,AMBIGUOUS_MAPPING_COMPONENT,drugbank_only,CC(C)(C)NCC(O)c1ccc(O)c(CO)c1,NDAUXUAQIAJITI-LBPRGKRZSA-N
DRUG_000782,AMBIGUOUS_MAPPING_COMPONENT,twosides_only,CC(C)(C)NCC(O)c1ccc(O)c(CO)c1,NDAUXUAQIAJITI-UHFFFAOYSA-N
DRUG_000783,CONFIRMED_INTEGRATED_ENTITY,both,Nc1nc2c(ncn2COC(CO)CO)c(=O)[nH]1,IRSCQMHQWWYFCW-UHFFFAOYSA-N
DRUG_000784,CONFIRMED_INTEGRATED_ENTITY,both,NC(=O)NO,VSNHCAURESNICA-UHFFFAOYSA-N
DRUG_000785,CONFIRMED_INTEGRATED_ENTITY,both,N#Cc1ccc(C(c2ccc(C#N)cc2)n2cncn2)cc1,HPJKCIUCZWXJDR-UHFFFAOYSA-N
DRUG_000786,CONFIRMED_INTEGRATED_ENTITY,both,Clc1ccc(C(Cn2ccnc2)OCc2ccsc2Cl)c(Cl)c1,QXHHHPZILQDDPS-UHFFFAOYSA-N
DRUG_000787,CONFIRMED_INTEGRATED_ENTITY,both,CS(=O)(=O)OCCCCOS(C)(=O)=O,COVZYZSDYWQREU-UHFFFAOYSA-N
DRUG_000788,AMBIGUOUS_MAPPING_COMPONENT,drugbank_only,CC(C(=O)O)c1cccc(C(=O)c2ccccc2)c1,DKYWVDODHFEZIM-UHFFFAOYSA-N
DRUG_000789,AMBIGUOUS_MAPPING_COMPONENT,drugbank_only,CC(C(=O)O)c1cccc(C(=O)c2ccccc2)c1,DKYWVDODHFEZIM-NSHDSACASA-N
DRUG_000790,AMBIGUOUS_MAPPING_COMPONENT,twosides_only,CC(C(=O)O)c1cccc(C(=O)c2ccccc2)c1,DKYWVDODHFEZIM-UHFFFAOYSA-N
DRUG_000791,CONFIRMED_INTEGRATED_ENTITY,drugbank_only,CC[N+](C)(C)c1cccc(O)c1,VWLHWLSRQJQWRG-UHFFFAOYSA-O
DRUG_000792,CONFIRMED_INTEGRATED_ENTITY,drugbank_only,CC(C)(C(=O)c1cccnc1)c1cccnc1,FJLBFSROUSIWMA-UHFFFAOYSA-N
DRUG_000793,CONFIRMED_INTEGRATED_ENTITY,both,CC(NCCCc1cccc(C(F)(F)F)c1)c1cccc2ccccc12,VDHAWDNDOKGFTD-MRXNPFEDSA-N
DRUG_000794,CONFIRMED_INTEGRATED_ENTITY,drugbank_only,CCC(=O)OC1(C(=O)CCl)C(C)CC2C3CCC4=CC(=O)C=CC4(C)C3(F)C(O)CC21C,CBGUOGMQLZIXBE-XGQKBEPLSA-N
DRUG_000795,CONFIRMED_INTEGRATED_ENTITY,drugbank_only,O=C(O)CCNC(=O)c1ccc(N=Nc2ccc(O)c(C(=O)O)c2)cc1,IPOKCKJONYRRHP-FMQUCBEESA-N
DRUG_000796,CONFIRMED_INTEGRATED_ENTITY,drugbank_only,Cc1cc(NS(=O)(=O)c2ccc(N)cc2)no1,JLKIGFTWXXRPMT-UHFFFAOYSA-N
DRUG_000797,CONFIRMED_INTEGRATED_ENTITY,both,COc1ccc(Cl)cc1C(=O)NCCc1ccc(S(=O)(=O)NC(=O)NC2CCCCC2)cc1,ZNNLBTZKUZBEKO-UHFFFAOYSA-N
DRUG_000798,CONFIRMED_INTEGRATED_ENTITY,drugbank_only,CN(C)c1ccc(O)c2c1CC1CC3C(N(C)C)C(O)=C(C(N)=O)C(=O)C3(O)C(O)=C1C2=O,DYKFCLLONBREIL-KVUCHLLUSA-N
DRUG_000799,CONFIRMED_INTEGRATED_ENTITY,drugbank_only,N=C(N)NC(=O)Cc1c(Cl)cccc1Cl,INJOMKTZOLKMBF-UHFFFAOYSA-N
DRUG_000800,CONFIRMED_INTEGRATED_ENTITY,both,CC(C[N+](C)(C)C)OC(N)=O,NZUPCNDJBJXXRF-UHFFFAOYSA-O
DRUG_000801,CONFIRMED_INTEGRATED_ENTITY,both,O=[N+]([O-])OC1COC2C(O)COC12,YWXYYJSYQOXTPL-SLPGGIOYSA-N
DRUG_000802,CONFIRMED_INTEGRATED_ENTITY,drugbank_only,NS(=O)(=O)c1cc2c(cc1Cl)NC(C(Cl)Cl)NS2(=O)=O,LMJSLTNSBFUCMU-UHFFFAOYSA-N
DRUG_000803,CONFIRMED_INTEGRATED_ENTITY,both,CC(=CCC1=C(C)C(=O)c2ccccc2C1=O)CCCC(C)CCCC(C)CCCC(C)C,MBWXNTAXLNYFJB-NKFFZRIASA-N
DRUG_000804,CONFIRMED_INTEGRATED_ENTITY,both,CCOC(=O)C1=C(C)NC(C)=C(C(=O)OC)C1c1cccc(Cl)c1Cl,RZTAMFZIAATZDJ-UHFFFAOYSA-N
DRUG_000805,CONFIRMED_INTEGRATED_ENTITY,drugbank_only,COc1c(C)c2c(c(O)c1CC=C(C)CCC(=O)O)C(=O)OC2,HPNSFSBZBAHARI-RUDMXATFSA-N
DRUG_000806,CONFIRMED_INTEGRATED_ENTITY,both,CC(=O)N1CCN(c2ccc(OCC3COC(Cn4ccnc4)(c4ccc(Cl)cc4Cl)O3)cc2)CC1,XMAYWYJOQHXEEK-UHFFFAOYSA-N
DRUG_000807,CONFIRMED_INTEGRATED_ENTITY,drugbank_only,COC(F)(F)C(Cl)Cl,RFKMCNOHBTXSMU-UHFFFAOYSA-N
DRUG_000808,CONFIRMED_INTEGRATED_ENTITY,both,CCCCC1=NC2(CCCC2)C(=O)N1Cc1ccc(-c2ccccc2-c2nn[nH]n2)cc1,YOSHYTLCDANDAN-UHFFFAOYSA-N
DRUG_000809,CONFIRMED_INTEGRATED_ENTITY,both,CCC1(O)C(=O)OCc2c1cc1n(c2=O)Cc2cc3c(CN(C)C)c(O)ccc3nc2-1,UCFGDBYHRUNTLO-QHCPKHFHSA-N
DRUG_000810,CONFIRMED_INTEGRATED_ENTITY,both,CCCN(CCC)S(=O)(=O)c1ccc(C(=O)O)cc1,DBABZHXKTCFAPX-UHFFFAOYSA-N
DRUG_000811,CONFIRMED_INTEGRATED_ENTITY,both,S=c1nc[nH]c2nc[nH]c12,GLVAUDGFNGKCSF-UHFFFAOYSA-N
DRUG_000812,CONFIRMED_INTEGRATED_ENTITY,drugbank_only,CC=CCC=CCCC(=O)C1OC1C(N)=O,GVEZIHKRYBHEFX-NQQPLRFYSA-N
DRUG_000813,CONFIRMED_INTEGRATED_ENTITY,both,CCN(CC)CCNC(=O)c1ccc(N)cc1,REQCZEXYDRLIBE-UHFFFAOYSA-N
DRUG_000814,CONFIRMED_INTEGRATED_ENTITY,both,Cc1ccc(O)c(C(CCN(C(C)C)C(C)C)c2ccccc2)c1,OOGJQPCLVADCPB-HXUWFJFHSA-N
DRUG_000815,CONFIRMED_INTEGRATED_ENTITY,both,C#CCN(C)C(C)Cc1ccccc1,MEZLKOACVSPNER-GFCCVEGCSA-N
DRUG_000816,CONFIRMED_INTEGRATED_ENTITY,both,CC(C)OC(=O)C(C)(C)Oc1ccc(C(=O)c2ccc(Cl)cc2)cc1,YMTINGFKWWXKFG-UHFFFAOYSA-N
DRUG_000817,CONFIRMED_INTEGRATED_ENTITY,both,O=C1CCC(N2C(=O)c3ccccc3C2=O)C(=O)N1,UEJJHQNACJXSKW-UHFFFAOYSA-N
DRUG_000818,CONFIRMED_INTEGRATED_ENTITY,both,NC(Cc1ccc(N(CCCl)CCCl)cc1)C(=O)O,SGDBTWWWUNNDEQ-LBPRGKRZSA-N
DRUG_000819,CONFIRMED_INTEGRATED_ENTITY,both,CC12CC3CC(C)(C1)CC(N)(C3)C2,BUGYDGFZZOZRHP-UHFFFAOYSA-N
DRUG_000820,CONFIRMED_INTEGRATED_ENTITY,both,COc1c(N2CCNC(C)C2)c(F)cc2c(=O)c(C(=O)O)cn(C3CC3)c12,XUBOMFCQGDBHNK-UHFFFAOYSA-N
DRUG_000821,CONFIRMED_INTEGRATED_ENTITY,drugbank_only,COC1C=COC2(C)Oc3c(C)c(O)c4c(O)c(c(C=NN5CCN(C)CC5)c(O)c4c3C2=O)NC(=O)C(C)=CC=CC(C)C(O)C(C)C(O)C(C)C(OC(C)=O)C1C,JQXXHWHPUNPDRT-WLSIYKJHSA-N
DRUG_000822,CONFIRMED_INTEGRATED_ENTITY,drugbank_only,CCCCC(F)(F)C1(O)CCC2C(CC(=O)C2CCCCCCC(=O)O)O1,WGFOBBZOWHGYQH-MXHNKVEKSA-N
DRUG_000823,CONFIRMED_INTEGRATED_ENTITY,both,CC(=O)OCC(=O)C12OC(C)(C)OC1CC1C3CC(F)C4=CC(=O)C=CC4(C)C3(F)C(O)CC12C,WJOHZNCJWYWUJD-IUGZLZTKSA-N
DRUG_000824,CONFIRMED_INTEGRATED_ENTITY,both,Nc1nc(NC2CC2)c2ncn(C3C=CC(CO)C3)c2n1,MCGSCOLBFJQGHM-SCZZXKLOSA-N
DRUG_000825,CONFIRMED_INTEGRATED_ENTITY,both,CC(C)Cc1ccc(C(C)C(=O)O)cc1,HEFNNWSXXWATRW-UHFFFAOYSA-N
DRUG_000826,CONFIRMED_INTEGRATED_ENTITY,drugbank_only,COC1C(OC(N)=O)C(O)C(Oc2ccc3c(O)c(NC(=O)c4ccc(O)c(CC=C(C)C)c4)c(=O)oc3c2C)OC1(C)C,YJQPYGGHQPGBLI-KGSXXDOSSA-N
DRUG_000827,CONFIRMED_INTEGRATED_ENTITY,both,CC1(C)SC2C(NC(=O)Cc3ccccc3)C(=O)N2C1C(=O)O,JGSARLDLIJGVTE-MBNYWOFBSA-N
DRUG_000828,CONFIRMED_INTEGRATED_ENTITY,drugbank_only,CCOC(=O)C1=C(C)NC(C)=C(C(=O)OC)C1c1cccc([N+](=O)[O-])c1,PVHUJELLJLJGLN-UHFFFAOYSA-N
DRUG_000829,CONFIRMED_INTEGRATED_ENTITY,drugbank_only,CCOP(=O)(OCC)SCC[N+](C)(C)C,BJOLKYGKSZKIGU-UHFFFAOYSA-N
DRUG_000830,CONFIRMED_INTEGRATED_ENTITY,drugbank_only,O=C(C1CCCCC1)N1CC(=O)N2CCc3ccccc3C2C1,FSVJFNAIGNNGKK-UHFFFAOYSA-N
DRUG_000831,CONFIRMED_INTEGRATED_ENTITY,both,CCn1cc(C(=O)O)c(=O)c2cc(F)c(N3CCNCC3)cc21,OGJPXUAPXNRGGI-UHFFFAOYSA-N
DRUG_000832,CONFIRMED_INTEGRATED_ENTITY,both,CC1(C)SC2C(NC(=O)C(N)c3ccc(O)cc3)C(=O)N2C1C(=O)O,LSQZJLSUYDQPKJ-NJBDSQKTSA-N
DRUG_000833,CONFIRMED_INTEGRATED_ENTITY,drugbank_only,CC1(C)SC2C(NC(=O)C(NC(=O)N3CCNC3=O)c3ccccc3)C(=O)N2C1C(=O)O,JTWOMNBEOCYFNV-NFFDBFGFSA-N
DRUG_000834,CONFIRMED_INTEGRATED_ENTITY,both,CCN(CC)CC#CCOC(=O)C(O)(c1ccccc1)C1CCCCC1,XIQVNETUBQGFHX-UHFFFAOYSA-N
DRUG_000835,CONFIRMED_INTEGRATED_ENTITY,drugbank_only,CC(=O)c1ccc2c(c1)N(CCCN1CCN(CCO)CC1)c1ccccc1S2,WNTYBHLDCKXEOT-UHFFFAOYSA-N
DRUG_000836,CONFIRMED_INTEGRATED_ENTITY,drugbank_only,CC(C)NCC(O)c1ccc(O)c(O)c1,JWZZKOKVBUJMES-UHFFFAOYSA-N
DRUG_000837,CONFIRMED_INTEGRATED_ENTITY,drugbank_only,COc1ccc2[nH]cc(CCNC(C)=O)c2c1,DRLFMBDRBRZALE-UHFFFAOYSA-N
DRUG_000838,CONFIRMED_INTEGRATED_ENTITY,both,CON=C(C(=O)NC1C(=O)N2C(C(=O)O)=C(C=Cc3scnc3C)CSC12)c1csc(N)n1,KMIPKYQIOVAHOP-YLGJWRNMSA-N
DRUG_000839,CONFIRMED_INTEGRATED_ENTITY,both,Cc1cnc(C(=O)NCCc2ccc(S(=O)(=O)NC(=O)NC3CCCCC3)cc2)cn1,ZJJXGWJIGJFDTL-UHFFFAOYSA-N
DRUG_000840,CONFIRMED_INTEGRATED_ENTITY,both,O=C1CN=C(c2ccccc2Cl)c2cc([N+](=O)[O-])ccc2N1,DGBIGWXXNGSACT-UHFFFAOYSA-N
DRUG_000841,CONFIRMED_INTEGRATED_ENTITY,both,CC(CN1c2ccccc2Sc2ccccc21)N(C)C,PWWVAXIEGOYWEE-UHFFFAOYSA-N
DRUG_000842,CONFIRMED_INTEGRATED_ENTITY,drugbank_only,CC1CCC(O)CC1=CC=C1CCCC2(C)C1CCC2C(C)C=CC(C)C(C)C,ILYCWAKSDCYMBB-OPCMSESCSA-N
DRUG_000843,CONFIRMED_INTEGRATED_ENTITY,drugbank_only,c1ccc2c(c1)Sc1ccccc1N2CC1CN2CCC1CC2,HOKDBMAJZXIPGC-UHFFFAOYSA-N
DRUG_000844,CONFIRMED_INTEGRATED_ENTITY,both,COC(=O)NC(C(=O)NC(Cc1ccccc1)C(O)CN(Cc1ccc(-c2ccccn2)cc1)NC(=O)C(NC(=O)OC)C(C)(C)C)C(C)(C)C,AXRYRYVKAWYZBR-GASGPIRDSA-N
DRUG_000845,CONFIRMED_INTEGRATED_ENTITY,both,Nc1nc(F)nc2c1ncn2C1OC(CO)C(O)C1O,HBUBKKRHXORPQB-FJFJXFQQSA-N
DRUG_000846,CONFIRMED_INTEGRATED_ENTITY,drugbank_only,C1CCC(C(CC2CCCCN2)C2CCCCC2)CC1,CYXKNKQEMFBLER-UHFFFAOYSA-N
DRUG_000847,CONFIRMED_INTEGRATED_ENTITY,drugbank_only,CN(C)CCOC(c1ccccc1)c1ccccc1,ZZVUWRFHKOJYTH-UHFFFAOYSA-N
DRUG_000848,CONFIRMED_INTEGRATED_ENTITY,both,CC(C)c1c(C(=O)Nc2ccccc2)c(-c2ccccc2)c(-c2ccc(F)cc2)n1CCC(O)CC(O)CC(=O)O,XUKUURHRXDUEBC-KAYWLYCHSA-N
DRUG_000849,CONFIRMED_INTEGRATED_ENTITY,both,CC(O)(P(=O)(O)O)P(=O)(O)O,DBVJJBKOTRCVKF-UHFFFAOYSA-N
DRUG_000850,CONFIRMED_INTEGRATED_ENTITY,drugbank_only,CC1OC(OC2CCC3(C)C(CCC4C3CC(O)C3(C)C(C5=CC(=O)OC5)CCC43O)C2)CC(O)C1OC1CC(O)C(OC2CC(O)C(OC3OC(CO)C(O)C(O)C3O)C(C)O2)C(C)O1,OBATZBGFDSVCJD-LALPQLPRSA-N
DRUG_000851,CONFIRMED_INTEGRATED_ENTITY,drugbank_only,C=CC(N)CCC(=O)O,PJDFLNIOAUIZSL-UHFFFAOYSA-N
DRUG_000852,CONFIRMED_INTEGRATED_ENTITY,drugbank_only,CCOC(=O)C1(c2ccccc2)CCN(CCC(C#N)(c2ccccc2)c2ccccc2)CC1,HYPPXZBJBPSRLK-UHFFFAOYSA-N
DRUG_000853,CONFIRMED_INTEGRATED_ENTITY,drugbank_only,CNC1C(OC2C(OC3C(O)C(O)C(NC(=N)N)C(O)C3NC(=N)N)OC(C)C2(O)C=O)OC(CO)C(O)C1O,UCSJYZPVAKXKNQ-HZYVHMACSA-N
DRUG_000854,CONFIRMED_INTEGRATED_ENTITY,both,CCCCCCCCCCCC(CC1OC(=O)C1CCCCCC)OC(=O)C(CC(C)C)NC=O,AHLBNYSZXLDEJQ-FWEHEUNISA-N
DRUG_000855,CONFIRMED_INTEGRATED_ENTITY,drugbank_only,CCOCCn1c(N2CCCN(C)CC2)nc2ccccc21,KBUZBQVCBVDWKX-UHFFFAOYSA-N
DRUG_000856,CONFIRMED_INTEGRATED_ENTITY,both,CCC1C(=O)OCC1Cc1cncn1C,QCHFTSOMWOSFHM-WPRPVWTQSA-N
DRUG_000857,CONFIRMED_INTEGRATED_ENTITY,drugbank_only,CCOC(=O)c1ccc(N)cc1,BLFLLBZGZJTVJG-UHFFFAOYSA-N
DRUG_000858,CONFIRMED_INTEGRATED_ENTITY,drugbank_only,COc1cc(NC(C)CCCN)c2ncccc2c1,INDBQLZJXZLFIT-UHFFFAOYSA-N
DRUG_000859,CONFIRMED_INTEGRATED_ENTITY,both,CC#CCC(C)C(O)C=CC1C(O)CC2CC(=CCCCC(=O)O)CC21,HIFJCPQKFCZDDL-ACWOEMLNSA-N
DRUG_000860,CONFIRMED_INTEGRATED_ENTITY,drugbank_only,COC(=O)C1C2CC3c4[nH]c5ccccc5c4CCN3CC2CC(OC(=O)c2cc(OC)c(OC)c(OC)c2)C1OC,CVBMAZKKCSYWQR-WCGOZPBSSA-N
DRUG_000861,CONFIRMED_INTEGRATED_ENTITY,drugbank_only,C[N+]1(CCCCC[N+]2(C)CCCC2)CCCC1,XSBSKEQEUFOSDD-UHFFFAOYSA-N
DRUG_000862,CONFIRMED_INTEGRATED_ENTITY,drugbank_only,CN(Cc1ccc(C(C)(C)C)cc1)Cc1cccc2ccccc12,ABJKWBDEJIDSJZ-UHFFFAOYSA-N
DRUG_000863,CONFIRMED_INTEGRATED_ENTITY,drugbank_only,CC1OC(OC2CC(O)C3(CO)C4C(O)CC5(C)C(C6=CC(=O)OC6)CCC5(O)C4CCC3(O)C2)C(O)C(O)C1O,LPMXVESGRSUGHW-HBYQJFLCSA-N
DRUG_000864,CONFIRMED_INTEGRATED_ENTITY,drugbank_only,CS(C)=O,IAZDPXIOMUYVGZ-UHFFFAOYSA-N
DRUG_000865,CONFIRMED_INTEGRATED_ENTITY,drugbank_only,COc1ccc(C2CC(=O)c3c(O)cc(O)cc3O2)cc1O,AIONOLUJZLIMTK-AWEZNQCLSA-N
DRUG_000866,CONFIRMED_INTEGRATED_ENTITY,both,CC(C)n1c(C=CC(O)CC(O)CC(=O)O)c(-c2ccc(F)cc2)c2ccccc21,FJLGEFLZQAZZCD-JUFISIKESA-N
DRUG_000867,CONFIRMED_INTEGRATED_ENTITY,drugbank_only,CC(C)NCC1CCc2cc(CO)c([N+](=O)[O-])cc2N1,XCGYUJZMCCFSRP-UHFFFAOYSA-N
DRUG_000868,CONFIRMED_INTEGRATED_ENTITY,both,Cc1oncc1C(=O)Nc1ccc(C(F)(F)F)cc1,VHOGYURTWQBHIL-UHFFFAOYSA-N
DRUG_000869,CONFIRMED_INTEGRATED_ENTITY,drugbank_only,CC(C)c1nc(N(C)S(C)(=O)=O)nc(-c2ccc(F)cc2)c1C=CC(O)CC(O)CC(=O)O,BPRHUIZQVSMCRT-VEUZHWNKSA-N
DRUG_000870,CONFIRMED_INTEGRATED_ENTITY,drugbank_only,Nc1[nH]c(=O)ncc1F,XRECTZIEBJDKEO-UHFFFAOYSA-N
DRUG_000871,CONFIRMED_INTEGRATED_ENTITY,drugbank_only,O=c1[nH]c2ccccc2n1C1CCN(CCCC(c2ccc(F)cc2)c2ccc(F)cc2)CC1,YVUQSNJEYSNKRX-UHFFFAOYSA-N
DRUG_000872,CONFIRMED_INTEGRATED_ENTITY,both,CCCCCOC(=O)Nc1nc(=O)n(C2OC(C)C(O)C2O)cc1F,GAGWJHPBXLXJQN-UORFTKCHSA-N
DRUG_000873,CONFIRMED_INTEGRATED_ENTITY,drugbank_only,Oc1ccc(CCCCNCC(O)c2ccc(O)c(O)c2)cc1,IIRWWTKISYTTBL-SFHVURJKSA-N
DRUG_000874,CONFIRMED_INTEGRATED_ENTITY,drugbank_only,CCN(CC)CCCC(C)Nc1c2ccc(Cl)cc2nc2ccc(OC)cc12,GPKJTRJOBQGKQK-UHFFFAOYSA-N
DRUG_000875,CONFIRMED_INTEGRATED_ENTITY,both,CNC1CCC(c2ccc(Cl)c(Cl)c2)c2ccccc21,VGKDLMBJGBXTGI-SJCJKPOMSA-N
DRUG_000876,CONFIRMED_INTEGRATED_ENTITY,both,CC(C)CC(N(C)C)C1(c2ccc(Cl)cc2)CCC1,UNAANXDKBXWMLN-UHFFFAOYSA-N
DRUG_000877,CONFIRMED_INTEGRATED_ENTITY,drugbank_only,CC1CN(C2CCC(C#N)(c3ccc(F)cc3)CC2)CCC1(C(=O)O)c1ccccc1,ZCGOMHNNNFPNMX-KYTRFIICSA-N
DRUG_000878,CONFIRMED_INTEGRATED_ENTITY,drugbank_only,CCC1(CC)C(=O)NCC(C)C1=O,SIDLZWOQUZRBRU-UHFFFAOYSA-N
DRUG_000879,CONFIRMED_INTEGRATED_ENTITY,drugbank_only,CC12CCC3C(CCC45OC4C(O)=C(C#N)CC35C)C1CCC2O,KVJXBPDAXMEYOA-CXANFOAXSA-N
DRUG_000880,CONFIRMED_INTEGRATED_ENTITY,both,Clc1ccc(COC(Cn2ccnc2)c2ccc(Cl)cc2Cl)c(Cl)c1,BYBLEWFAAKGYCD-UHFFFAOYSA-N
DRUG_000881,CONFIRMED_INTEGRATED_ENTITY,drugbank_only,CCC(C)CCCCC(=O)NC(CCNCS(=O)(=O)[O-])C(=O)NC(C(=O)NC(CCNCS(=O)(=O)[O-])C(=O)NC1CCNC(=O)C(C(C)O)NC(=O)C(CCNCS(=O)(=O)[O-])NC(=O)C(CCNCS(=O)(=O)[O-])NC(=O)C(CC(C)C)NC(=O)C(CC(C)C)NC(=O)C(CCNCS(=O)(=O)[O-])NC1=O)C(C)O,BSSIRFLGSWHWDE-UHFFFAOYSA-I
DRUG_000882,CONFIRMED_INTEGRATED_ENTITY,drugbank_only,CON=C(C(=O)NC1C(=O)N2C(C(=O)O)=C(COC(N)=O)CSC12)c1ccco1,JFPVXVDWJQMJEE-IZRZKJBUSA-N
DRUG_000883,CONFIRMED_INTEGRATED_ENTITY,drugbank_only,COc1ccc(Cc2nccc3cc(OC)c(OC)cc23)cc1OC,XQYZDYMELSJDRZ-UHFFFAOYSA-N
DRUG_000884,CONFIRMED_INTEGRATED_ENTITY,both,CN(C)CCC(c1ccc(Cl)cc1)c1ccccn1,SOYKEARSMXGVTM-UHFFFAOYSA-N
DRUG_000885,CONFIRMED_INTEGRATED_ENTITY,both,COC(=O)C1=C(C)NC(C)=C(C(=O)OC)C1c1ccccc1[N+](=O)[O-],HYIMSNHJOBLJNT-UHFFFAOYSA-N
DRUG_000886,CONFIRMED_INTEGRATED_ENTITY,drugbank_only,O=C1N(Cc2ccccc2)C2C[S+]3CCCC3C2N1Cc1ccccc1,CHQOEHPMXSHGCL-UHFFFAOYSA-N
DRUG_000887,CONFIRMED_INTEGRATED_ENTITY,drugbank_only,O=C1C(O)=C(C2CCC(c3ccc(Cl)cc3)CC2)C(=O)c2ccccc21,KUCQYCKVKVOKAY-CTYIDZIISA-N
DRUG_000888,CONFIRMED_INTEGRATED_ENTITY,drugbank_only,CCCCc1oc2ccccc2c1C(=O)c1cc(I)c(OCCN(CC)CC)c(I)c1,IYIKLHRQXLHMJQ-UHFFFAOYSA-N
DRUG_000889,CONFIRMED_INTEGRATED_ENTITY,drugbank_only,CC1=NS(=O)(=O)c2cc(Cl)ccc2N1,GDLBFKVLRPITMI-UHFFFAOYSA-N
DRUG_000890,CONFIRMED_INTEGRATED_ENTITY,drugbank_only,Cc1ccc(S(=O)(=O)NC(=O)NN2CC3CCCC3C2)cc1,BOVGTQGAOIONJV-UHFFFAOYSA-N
DRUG_000891,CONFIRMED_INTEGRATED_ENTITY,drugbank_only,NC(=O)NC(=O)Cc1ccccc1,XPFRXWCVYUEORT-UHFFFAOYSA-N
DRUG_000892,CONFIRMED_INTEGRATED_ENTITY,drugbank_only,CC[N+](CC)(CCNC(=O)C(=O)NCC[N+](CC)(CC)Cc1ccccc1Cl)Cc1ccccc1Cl,OMHBPUNFVFNHJK-UHFFFAOYSA-P
DRUG_000893,CONFIRMED_INTEGRATED_ENTITY,both,CCCCNC(=O)NS(=O)(=O)c1ccc(C)cc1,JLRGJRBPOGGCBT-UHFFFAOYSA-N
DRUG_000894,CONFIRMED_INTEGRATED_ENTITY,both,CC12C=CC(=O)NC1CCC1C2CCC2(C)C(C(=O)Nc3cc(C(F)(F)F)ccc3C(F)(F)F)CCC12,JWJOTENAMICLJG-QWBYCMEYSA-N
DRUG_000895,CONFIRMED_INTEGRATED_ENTITY,both,Clc1ccc(COC(Cn2ccnc2)c2ccc(Cl)cc2Cl)cc1,LEZWWPYKPKIXLL-UHFFFAOYSA-N
DRUG_000896,CONFIRMED_INTEGRATED_ENTITY,both,CC(O)(CS(=O)(=O)c1ccc(F)cc1)C(=O)Nc1ccc(C#N)c(C(F)(F)F)c1,LKJPYSCBVHEWIU-UHFFFAOYSA-N
DRUG_000897,CONFIRMED_INTEGRATED_ENTITY,both,COCCCOc1ccnc(CS(=O)c2nc3ccccc3[nH]2)c1C,YREYEVIYCVEVJK-UHFFFAOYSA-N
DRUG_000898,CONFIRMED_INTEGRATED_ENTITY,drugbank_only,CCOC(=O)OC1(C(=O)COC(=O)CC)CCC2C3CCC4=CC(=O)C=CC4(C)C3C(O)CC21C,FNPXMHRZILFCKX-KAJVQRHHSA-N
DRUG_000899,CONFIRMED_INTEGRATED_ENTITY,drugbank_only,CC(C)NC(=N)NC(=N)Nc1ccc(Cl)cc1,SSOLNOMRVKKSON-UHFFFAOYSA-N
DRUG_000900,CONFIRMED_INTEGRATED_ENTITY,both,CCc1ccc(CCOc2ccc(CC3SC(=O)NC3=O)cc2)nc1,HYAFETHFCAUJAY-UHFFFAOYSA-N
DRUG_000901,CONFIRMED_INTEGRATED_ENTITY,drugbank_only,O=P(O)(O)C(Sc1ccc(Cl)cc1)P(=O)(O)O,DKJJVAGXPKPDRL-UHFFFAOYSA-N
DRUG_000902,CONFIRMED_INTEGRATED_ENTITY,drugbank_only,COc1cc(CC2c3c(cc(OC)c(OC)c3OC)CC[N+]2(C)CCCOC(=O)CCC(=O)OCCC[N+]2(C)CCc3cc(OC)c(OC)c(OC)c3C2Cc2cc(OC)c(OC)c(OC)c2)cc(OC)c1OC,GBLRQXKSCRCLBZ-UHFFFAOYSA-N
DRUG_000903,CONFIRMED_INTEGRATED_ENTITY,both,COc1ccccc1OCCNCC(O)COc1cccc2[nH]c3ccccc3c12,OGHNVEJMJSYVRP-UHFFFAOYSA-N
DRUG_000904,AMBIGUOUS_MAPPING_COMPONENT,drugbank_only,CC1COc2c(N3CCN(C)CC3)c(F)cc3c(=O)c(C(=O)O)cn1c23,GSDSWSVVBLHKDQ-JTQLQIEISA-N
DRUG_000905,AMBIGUOUS_MAPPING_COMPONENT,drugbank_only,CC1COc2c(N3CCN(C)CC3)c(F)cc3c(=O)c(C(=O)O)cn1c23,GSDSWSVVBLHKDQ-UHFFFAOYSA-N
DRUG_000906,AMBIGUOUS_MAPPING_COMPONENT,twosides_only,CC1COc2c(N3CCN(C)CC3)c(F)cc3c(=O)c(C(=O)O)cn1c23,GSDSWSVVBLHKDQ-UHFFFAOYSA-N
DRUG_000907,CONFIRMED_INTEGRATED_ENTITY,drugbank_only,O=C1C(CCS(=O)c2ccccc2)C(=O)N(c2ccccc2)N1c1ccccc1,MBGGBVCUIVRRBF-UHFFFAOYSA-N
DRUG_000908,CONFIRMED_INTEGRATED_ENTITY,drugbank_only,CC(=O)OCC1=C(C(=O)O)N2C(=O)C(NC(=O)CSc3ccncc3)C2SC1,UQLLWWBDSUHNEB-CZUORRHYSA-N
DRUG_000909,CONFIRMED_INTEGRATED_ENTITY,both,CC1=C(C(=O)O)N2C(=O)C(NC(=O)C(N)c3ccc(O)cc3)C2SC1,BOEGTKLJZSQCCD-UEKVPHQBSA-N
DRUG_000910,CONFIRMED_INTEGRATED_ENTITY,drugbank_only,CCCCCOc1ccc(-c2cc(-c3ccc(C(=O)NC4CC(O)C(O)NC(=O)C5C(O)C(C)CN5C(=O)C(C(O)CC(N)=O)NC(=O)C(C(O)C(O)c5ccc(O)c(OS(=O)(=O)O)c5)NC(=O)C5CC(O)CN5C(=O)C(C(C)O)NC4=O)cc3)no2)cc1,PIEUQSKUWLMALL-YABMTYFHSA-N
DRUG_000911,CONFIRMED_INTEGRATED_ENTITY,both,CN(C)CCC=C1c2ccccc2COc2ccccc21,ODQWQRRAPPTVAG-UHFFFAOYSA-N
DRUG_000912,CONFIRMED_INTEGRATED_ENTITY,both,NCCCNCCSP(=O)(O)O,JKOQGQFVAUAYPM-UHFFFAOYSA-N
DRUG_000913,CONFIRMED_INTEGRATED_ENTITY,drugbank_only,NS(=O)(=O)c1cc(Cl)c(Cl)c(S(N)(=O)=O)c1,GJQPMPFPNINLKP-UHFFFAOYSA-N
DRUG_000914,CONFIRMED_INTEGRATED_ENTITY,drugbank_only,Cc1onc(-c2ccccc2Cl)c1C(=O)NC1C(=O)N2C1SC(C)(C)C2C(=O)O,LQOLIRLGBULYKD-JKIFEVAISA-N
DRUG_000915,CONFIRMED_INTEGRATED_ENTITY,both,CCc1nn(CCCN2CCN(c3cccc(Cl)c3)CC2)c(=O)n1CCOc1ccccc1,VRBKIVRKKCLPHA-UHFFFAOYSA-N
DRUG_000916,CONFIRMED_INTEGRATED_ENTITY,both,CC=CC1=C(C(=O)O)N2C(=O)C(NC(=O)C(N)c3ccc(O)cc3)C2SC1,WDLWHQDACQUCJR-PBFPGSCMSA-N
DRUG_000917,CONFIRMED_INTEGRATED_ENTITY,both,CNCCCN1c2ccccc2CCc2ccccc21,HCYAFALTSJYZDH-UHFFFAOYSA-N
DRUG_000918,CONFIRMED_INTEGRATED_ENTITY,drugbank_only,Clc1ccc(C(Cn2ccnc2)OCc2csc3c(Cl)cccc23)c(Cl)c1,JLGKQTAYUIMGRK-UHFFFAOYSA-N
DRUG_000919,CONFIRMED_INTEGRATED_ENTITY,drugbank_only,C=CCC1(C(C)CCC)C(=O)NC(=S)NC1=O,XLOMZPUITCYLMJ-UHFFFAOYSA-N
DRUG_000920,CONFIRMED_INTEGRATED_ENTITY,both,CON=C1CN(c2nc3c(cc2F)c(=O)c(C(=O)O)cn3C2CC2)CC1CN,ZRCVYEYHRGVLOC-HYARGMPZSA-N
DRUG_000921,CONFIRMED_INTEGRATED_ENTITY,both,CC(NC(C)(C)C)C(=O)c1cccc(Cl)c1,SNPPWIUOZRMYNY-UHFFFAOYSA-N
DRUG_000922,CONFIRMED_INTEGRATED_ENTITY,drugbank_only,COc1cc(NCc2ccc3nc(N)nc(N)c3c2C)cc(OC)c1OC,NOYPYLRCIDNJJB-UHFFFAOYSA-N
DRUG_000923,CONFIRMED_INTEGRATED_ENTITY,drugbank_only,CC[N+](C)(C)Cc1ccccc1Br,AAQOQKQBGPPFNS-UHFFFAOYSA-N
DRUG_000924,CONFIRMED_INTEGRATED_ENTITY,both,FC(F)(F)C(Cl)Br,BCQZXOMGPXTTIC-UHFFFAOYSA-N
DRUG_000925,CONFIRMED_INTEGRATED_ENTITY,drugbank_only,CCCCCC(O)C=CC1C(O)CC(O)C1CC=CCCCC(=O)O.NC(CO)(CO)CO,IYGXEHDCSOYNKY-RZHHZEQLSA-N
DRUG_000926,CONFIRMED_INTEGRATED_ENTITY,drugbank_only,CCN(CC)CCOC(=O)c1ccc(N)cc1Cl,VDANGULDQQJODZ-UHFFFAOYSA-N
DRUG_000927,CONFIRMED_INTEGRATED_ENTITY,both,COc1cc2nc(N3CCN(C(=O)C4CCCO4)CC3)nc(N)c2cc1OC,VCKUSRYTPJJLNI-UHFFFAOYSA-N
DRUG_000928,CONFIRMED_INTEGRATED_ENTITY,drugbank_only,[Ca+2].[Cl-].[Cl-],UXVMQQNJUSDDNG-UHFFFAOYSA-L
DRUG_000929,CONFIRMED_INTEGRATED_ENTITY,drugbank_only,O=C1CCc2cc(OCCCCc3nnnn3C3CCCCC3)ccc2N1,RRGUKTPIGVIEKM-UHFFFAOYSA-N
DRUG_000930,CONFIRMED_INTEGRATED_ENTITY,both,CCC(C)n1ncn(-c2ccc(N3CCN(c4ccc(OCC5COC(Cn6cncn6)(c6ccc(Cl)cc6Cl)O5)cc4)CC3)cc2)c1=O,VHVPQPYKVGDNFY-ZPGVKDDISA-N
DRUG_000931,CONFIRMED_INTEGRATED_ENTITY,drugbank_only,CNNCc1ccc(C(=O)NC(C)C)cc1,CPTBDICYNRMXFX-UHFFFAOYSA-N
DRUG_000932,CONFIRMED_INTEGRATED_ENTITY,drugbank_only,O=[As]O[As]=O,IKWTVSLWAPBBKU-UHFFFAOYSA-N
DRUG_000933,CONFIRMED_INTEGRATED_ENTITY,drugbank_only,NC(N)=NCCN1CCCCCCC1,ACGDKVXYNVEAGU-UHFFFAOYSA-N
DRUG_000934,CONFIRMED_INTEGRATED_ENTITY,drugbank_only,O=C(NCCN1CCOCC1)c1ccc(Cl)cc1,YHXISWVBGDMDLQ-UHFFFAOYSA-N
DRUG_000935,CONFIRMED_INTEGRATED_ENTITY,both,NCC1OC(OC2C(N)CC(N)C(OC3OC(CO)C(O)C(N)C3O)C2O)C(O)C(O)C1O,SBUJHOSQTJFQJX-NOAMYHISSA-N
DRUG_000936,CONFIRMED_INTEGRATED_ENTITY,both,Cc1ccccc1C(OCCN(C)C)c1ccccc1,QVYRGXJJSLMXQH-UHFFFAOYSA-N
DRUG_000937,CONFIRMED_INTEGRATED_ENTITY,drugbank_only,CCC1(c2ccccc2)C(=O)NC(=O)NC1=O,DDBREPKUVSBGFI-UHFFFAOYSA-N
DRUG_000938,CONFIRMED_INTEGRATED_ENTITY,drugbank_only,CN1CCN(C(c2ccccc2)c2ccccc2)CC1,UVKZSORBKUEBAZ-UHFFFAOYSA-N
DRUG_000939,CONFIRMED_INTEGRATED_ENTITY,drugbank_only,CC(=O)C1(O)Cc2c(O)c3c(c(O)c2C(OC2CC(N)C(O)C(C)O2)C1)C(=O)c1ccccc1C3=O,XDXDZDZNSLXDNA-TZNDIEGXSA-N
DRUG_000940,CONFIRMED_INTEGRATED_ENTITY,drugbank_only,CN1C(=O)CCS(=O)(=O)C1c1ccc(Cl)cc1,WEQAYVWKMWHEJO-UHFFFAOYSA-N
DRUG_000941,CONFIRMED_INTEGRATED_ENTITY,drugbank_only,COc1cc(C2c3cc4c(cc3C(O)C3COC(=O)C23)OCO4)cc(OC)c1OC,YJGVMLPVUAXIQN-XVVDYKMHSA-N
DRUG_000942,CONFIRMED_INTEGRATED_ENTITY,drugbank_only,COC(=O)C1C2CC3c4[nH]c5cc(OC)ccc5c4CCN3CC2CC(OC(=O)C=Cc2cc(OC)c(OC)c(OC)c2)C1OC,SZLZWPPUNLXJEA-LAFLMMDJSA-N
DRUG_000943,CONFIRMED_INTEGRATED_ENTITY,both,O=P1(NCCCl)OCCCN1CCCl,HOMGKSMUEGBAAB-UHFFFAOYSA-N
DRUG_000944,CONFIRMED_INTEGRATED_ENTITY,both,CCCNCC(O)COc1ccccc1C(=O)CCc1ccccc1,JWHAUXFOSRPERK-UHFFFAOYSA-N
DRUG_000945,CONFIRMED_INTEGRATED_ENTITY,both,C=CCN1CCC23c4c5ccc(O)c4OC2C(=O)CCC3(O)C1C5,UZHSEJADLWPNLE-GRGSLBFTSA-N
DRUG_000946,CONFIRMED_INTEGRATED_ENTITY,drugbank_only,O=c1[nH]c2ccccc2n1CCCN1CCC(n2c(=O)[nH]c3cc(Cl)ccc32)CC1,FGXWKSZFVQUSTL-UHFFFAOYSA-N
DRUG_000947,CONFIRMED_INTEGRATED_ENTITY,drugbank_only,CC1(O)CCC2C3CCC4=CC(=O)CCC4(C)C3(F)C(O)CC21C,YLRFCQOZQXIBAB-RBZZARIASA-N
DRUG_000948,CONFIRMED_INTEGRATED_ENTITY,both,CCCN1CC(CSC)CC2c3cccc4[nH]cc(c34)CC21,YEHCICAEULNIGD-MZMPZRCHSA-N
DRUG_000949,CONFIRMED_INTEGRATED_ENTITY,both,Cc1cc(C2CCCCC2)n(O)c(=O)c1,SCKYRAXSEDYPSA-UHFFFAOYSA-N
DRUG_000950,CONFIRMED_INTEGRATED_ENTITY,both,FC(F)OC(F)C(F)(F)F,DPYMFVXJLLWWEU-UHFFFAOYSA-N
DRUG_000951,CONFIRMED_INTEGRATED_ENTITY,both,CCCC1CC(C(=O)NC(C(C)Cl)C2OC(SC)C(O)C(O)C2O)N(C)C1,KDLRVYVGXIQJDK-NOWPCOIGSA-N
DRUG_000952,CONFIRMED_INTEGRATED_ENTITY,drugbank_only,CCNC(C)Cc1cccc(C(F)(F)F)c1,DBGIVFWFUFKIQN-VIFPVBQESA-N
DRUG_000953,CONFIRMED_INTEGRATED_ENTITY,drugbank_only,CN1CCC23c4c5ccc(O)c4OC2C(=O)CCC3(O)C1C5,UQCNKQCJZOAFTQ-ISWURRPUSA-N
DRUG_000954,CONFIRMED_INTEGRATED_ENTITY,both,CCCC(=O)Nc1ccc(OCC(O)CNC(C)C)c(C(C)=O)c1,GOEMGAFJFRBGGG-UHFFFAOYSA-N
DRUG_000955,CONFIRMED_INTEGRATED_ENTITY,both,CCNC1CN(CCCOC)S(=O)(=O)c2sc(S(N)(=O)=O)cc21,HCRKCZRJWPKOAR-JTQLQIEISA-N
DRUG_000956,CONFIRMED_INTEGRATED_ENTITY,drugbank_only,O=C(NCC1CCCCN1)c1cc(OCC(F)(F)F)ccc1OCC(F)(F)F,DJBNUMBKLMJRSA-UHFFFAOYSA-N
DRUG_000957,CONFIRMED_INTEGRATED_ENTITY,drugbank_only,CC12CCC3c4ccc(OC(=O)N(CCCl)CCCl)cc4CCC3C1CCC2O,FRPJXPJMRWBBIH-RBRWEJTLSA-N
DRUG_000958,CONFIRMED_INTEGRATED_ENTITY,both,CC(CS)C(=O)N1CCCC1C(=O)O,FAKRSMQSSFJEIM-RQJHMYQMSA-N
DRUG_000959,CONFIRMED_INTEGRATED_ENTITY,drugbank_only,COc1cc2c3cc1Oc1cc(ccc1O)CC1c4c(cc(OC)c(O)c4Oc4ccc(cc4)CC3N(C)CC2)CC[N+]1(C)C,JFJZZMVDLULRGK-URLMMPGGSA-O
DRUG_000960,CONFIRMED_INTEGRATED_ENTITY,drugbank_only,CC(C)CC1C(=O)N2CCCC2C2(O)OC(NC(=O)C3C=C4c5cccc6[nH]c(Br)c(c56)CC4N(C)C3)(C(C)C)C(=O)N12,OZVBMTJYIDMWIL-AYFBDAFISA-N
DRUG_000961,CONFIRMED_INTEGRATED_ENTITY,drugbank_only,COC1C=COC2(C)Oc3c(C)c(O)c4c(O)c(c(C=NN5CCN(C6CCCC6)CC5)c(O)c4c3C2=O)NC(=O)C(C)=CC=CC(C)C(O)C(C)C(O)C(C)C(OC(C)=O)C1C,WDZCUPBHRAEYDL-GZAUEHORSA-N
DRUG_000962,CONFIRMED_INTEGRATED_ENTITY,both,CCC(C(N)=O)N1CCCC1=O,HPHUVLMMVZITSG-LURJTMIESA-N
DRUG_000963,CONFIRMED_INTEGRATED_ENTITY,both,CC(C)(C)NCC(O)COc1cccc2c1CC(O)C(O)C2,VWPOSFSPZNDTMJ-UCWKZMIHSA-N
DRUG_000964,CONFIRMED_INTEGRATED_ENTITY,both,O=C1c2c(O)ccc(O)c2C(=O)c2c(NCCNCCO)ccc(NCCNCCO)c21,KKZJGLLVHKMTCM-UHFFFAOYSA-N
DRUG_000965,CONFIRMED_INTEGRATED_ENTITY,both,CCOC(=O)c1ncn2c1CN(C)C(=O)c1cc(F)ccc1-2,OFBIFZUFASYYRE-UHFFFAOYSA-N
DRUG_000966,CONFIRMED_INTEGRATED_ENTITY,drugbank_only,O=NN(CCCl)C(=O)NC1CCCCC1,GQYIWUVLTXOXAJ-UHFFFAOYSA-N
DRUG_000967,CONFIRMED_INTEGRATED_ENTITY,drugbank_only,O=C(O)CCCCON=C(c1cccnc1)c1cccc(C(F)(F)F)c1,GLLPUTYLZIKEGF-HAVVHWLPSA-N
DRUG_000968,CONFIRMED_INTEGRATED_ENTITY,drugbank_only,CC1CN(c2c(F)c(N)c3c(=O)c(C(=O)O)cn(C4CC4)c3c2F)CC(C)N1,DZZWHBIBMUVIIW-DTORHVGOSA-N
DRUG_000969,CONFIRMED_INTEGRATED_ENTITY,drugbank_only,CC12CCCCCC(Cc3ccc(O)cc31)C2N,VTMVHDZWSFQSQP-VBNZEHGJSA-N
DRUG_000970,CONFIRMED_INTEGRATED_ENTITY,both,CC(C)(C)NCC(O)COc1cccc2c1CCCC2=O,IXHBTMCLRNMKHZ-LBPRGKRZSA-N
DRUG_000971,CONFIRMED_INTEGRATED_ENTITY,both,CCC1OC(=O)C(C)C(OC2CC(C)(OC)C(O)C(C)O2)C(C)C(OC2OC(C)CC(N(C)C)C2O)C(C)(OC)CC(C)C(=O)C(C)C(O)C1(C)O,AGOYDEPGAOXOCK-KCBOHYOISA-N
DRUG_000972,CONFIRMED_INTEGRATED_ENTITY,drugbank_only,CON=C(C(=O)NC1C(=O)N2C(C(=O)O)=C(CSc3nc(=O)c(=O)[nH]n3C)CSC12)c1csc(N)n1,VAAUVRVFOQPIGI-SPQHTLEESA-N
DRUG_000973,CONFIRMED_INTEGRATED_ENTITY,drugbank_only,Cc1cn[nH]c1,RIKMMFOAQPJVMX-UHFFFAOYSA-N
DRUG_000974,CONFIRMED_INTEGRATED_ENTITY,drugbank_only,CC(=O)Oc1c(C)cc(OCC(O)CNC(C)C)c(C)c1C,BQIPXWYNLPYNHW-UHFFFAOYSA-N
DRUG_000975,CONFIRMED_INTEGRATED_ENTITY,both,Clc1ccc2c(c1)C(c1ccccc1)=NCc1nncn1-2,CDCHDCWJMGXXRH-UHFFFAOYSA-N
DRUG_000976,CONFIRMED_INTEGRATED_ENTITY,both,CC(C)(C)NC(=O)C1CCC2C3CCC4NC(=O)C=CC4(C)C3CCC12C,DBEPLOCGEIEOCV-WSBQPABSSA-N
DRUG_000977,CONFIRMED_INTEGRATED_ENTITY,both,CC(C)(C#N)c1cc(Cn2cncn2)cc(C(C)(C)C#N)c1,YBBLVLTVTVSKRW-UHFFFAOYSA-N
DRUG_000978,CONFIRMED_INTEGRATED_ENTITY,drugbank_only,CCCCN(CCCC)CCC(O)c1cc2c(Cl)cc(Cl)cc2c2cc(C(F)(F)F)ccc12,FOHHNHSLJDZUGQ-UHFFFAOYSA-N
DRUG_000979,CONFIRMED_INTEGRATED_ENTITY,drugbank_only,O=C1CN(N=Cc2ccc(-c3ccc([N+](=O)[O-])cc3)o2)C(=O)N1,OZOMQRBLCMDCEG-VIZOYTHASA-N
DRUG_000980,CONFIRMED_INTEGRATED_ENTITY,both,COC1C=COC2(C)Oc3c(C)c(O)c4c(O)c(c5c(nc6cc(C)ccn65)c4c3C2=O)NC(=O)C(C)=CC=CC(C)C(O)C(C)C(O)C(C)C(OC(C)=O)C1C,NZCRJKRKKOLAOJ-XRCRFVBUSA-N
DRUG_000981,CONFIRMED_INTEGRATED_ENTITY,both,CNC1(c2ccccc2Cl)CCCCC1=O,YQEZLKZALYSWHR-UHFFFAOYSA-N
DRUG_000982,CONFIRMED_INTEGRATED_ENTITY,both,CCCC1OC2CC3C4CCC5=CC(=O)C=CC5(C)C4C(O)CC3(C)C2(C(=O)CO)O1,VOVIALXJUBGFJZ-KWVAZRHASA-N
DRUG_000983,CONFIRMED_INTEGRATED_ENTITY,both,Cn1c(=O)c2[nH]cnc2n(C)c1=O.Cn1c(=O)c2[nH]cnc2n(C)c1=O.NCCN,FQPFAHBPWDRTLU-UHFFFAOYSA-N
DRUG_000984,CONFIRMED_INTEGRATED_ENTITY,both,OCCOCCN1CCN(C2=Nc3ccccc3Sc3ccccc32)CC1,URKOMYMAXPYINW-UHFFFAOYSA-N
DRUG_000985,CONFIRMED_INTEGRATED_ENTITY,drugbank_only,COc1cc2c(cc1OC)C(Cc1cc(OC)c(OC)c(OC)c1)[N+](C)(CCCOC(=O)CCC=CCCC(=O)OCCC[N+]1(C)CCc3cc(OC)c(OC)cc3C1Cc1cc(OC)c(OC)c(OC)c1)CC2,ILVYCEVXHALBSC-OTBYEXOQSA-N
DRUG_000986,CONFIRMED_INTEGRATED_ENTITY,drugbank_only,CCC(OC(C)=O)C(CC(C)N(C)C)(c1ccccc1)c1ccccc1,XBMIVRRWGCYBTQ-AVRDEDQJSA-N
DRUG_000987,CONFIRMED_INTEGRATED_ENTITY,drugbank_only,COc1ccc(C(=O)Nc2ccccc2CCC2CCCCN2C)cc1,PJWPNDMDCLXCOM-UHFFFAOYSA-N
DRUG_000988,CONFIRMED_INTEGRATED_ENTITY,both,CC(=O)OC1C(=O)C2(C)C(O)CC3OCC3(OC(C)=O)C2C(OC(=O)c2ccccc2)C2(O)CC(OC(=O)C(O)C(NC(=O)c3ccccc3)c3ccccc3)C(C)=C1C2(C)C,RCINICONZNJXQF-MZXODVADSA-N
DRUG_000989,CONFIRMED_INTEGRATED_ENTITY,both,CC(C)(C)NC(=O)C1CC2CCCCC2CN1CC(O)C(Cc1ccccc1)NC(=O)C(CC(N)=O)NC(=O)c1ccc2ccccc2n1,QWAXKHKRTORLEM-UGJKXSETSA-N
DRUG_000990,CONFIRMED_INTEGRATED_ENTITY,both,CCN(CC)CCNC(=O)c1cc(Cl)c(N)cc1OC,TTWJBBZEZQICBI-UHFFFAOYSA-N
DRUG_000991,CONFIRMED_INTEGRATED_ENTITY,drugbank_only,NC(Cc1ccc(O)c(O)c1)C(=O)O,WTDRDQBEARUVNC-LURJTMIESA-N
DRUG_000992,CONFIRMED_INTEGRATED_ENTITY,both,FCOC(C(F)(F)F)C(F)(F)F,DFEYYRMXOJXZRJ-UHFFFAOYSA-N
DRUG_000993,CONFIRMED_INTEGRATED_ENTITY,both,O=C1CCc2ccc(OCCCCN3CCN(c4cccc(Cl)c4Cl)CC3)cc2N1,CEUORZQYGODEFX-UHFFFAOYSA-N
DRUG_000994,CONFIRMED_INTEGRATED_ENTITY,drugbank_only,CN(C)CCC=C1c2ccccc2Sc2ccc(Cl)cc21,WSPOMRSOLSGNFJ-AUWJEWJLSA-N
DRUG_000995,CONFIRMED_INTEGRATED_ENTITY,both,CCCCCC(O)C=CC1C(O)CC2OC(=CCCCC(=O)O)CC21,KAQKFAOMNZTLHT-OZUDYXHBSA-N
DRUG_000996,CONFIRMED_INTEGRATED_ENTITY,both,Cc1ccc(C)c(OCCCC(C)(C)C(=O)O)c1,HEMJJKBWTPKOJG-UHFFFAOYSA-N
DRUG_000997,CONFIRMED_INTEGRATED_ENTITY,both,CN(C)CCCN1c2ccccc2CCc2ccc(Cl)cc21,GDLIGKIOYRNHDA-UHFFFAOYSA-N
DRUG_000998,CONFIRMED_INTEGRATED_ENTITY,drugbank_only,Oc1c(Cl)cc(Cl)c2cccnc12,WDFKMLRRRCGAKS-UHFFFAOYSA-N
DRUG_000999,CONFIRMED_INTEGRATED_ENTITY,drugbank_only,CC(C)COCC(CN(Cc1ccccc1)c1ccccc1)N1CCCC1,UIEATEWHFDRYRU-UHFFFAOYSA-N
DRUG_001000,CONFIRMED_INTEGRATED_ENTITY,drugbank_only,C[N+](C)(C)CCCCCCCCCC[N+](C)(C)C,MTCUAOILFDZKCO-UHFFFAOYSA-N
DRUG_001001,CONFIRMED_INTEGRATED_ENTITY,drugbank_only,CC(CN(C)C)CN1c2ccccc2Sc2ccccc21,ZZHLYYDVIOPZBE-UHFFFAOYSA-N
DRUG_001002,CONFIRMED_INTEGRATED_ENTITY,drugbank_only,Cc1cc(C(=O)NNCc2ccccc2)no1,XKFPYPQQHFEXRZ-UHFFFAOYSA-N
DRUG_001003,CONFIRMED_INTEGRATED_ENTITY,both,CC(=O)OC12COC1CC(O)C1(C)C(=O)C(O)C3=C(C)C(OC(=O)C(O)C(NC(=O)OC(C)(C)C)c4ccccc4)CC(O)(C(OC(=O)c4ccccc4)C21)C3(C)C,ZDZOTLJHXYCWBA-VCVYQWHSSA-N
DRUG_001004,CONFIRMED_INTEGRATED_ENTITY,both,CC(=O)N(CC(O)CN(C(C)=O)c1c(I)c(C(=O)NCC(O)CO)c(I)c(C(=O)NCC(O)CO)c1I)c1c(I)c(C(=O)NCC(O)CO)c(I)c(C(=O)NCC(O)CO)c1I,NBQNWMBBSKPBAY-UHFFFAOYSA-N
DRUG_001005,CONFIRMED_INTEGRATED_ENTITY,drugbank_only,O=C(O)c1cc(N=Nc2ccc(O)c(C(=O)O)c2)ccc1O,QQBDLJCYGRGAKP-FOCLMDBBSA-N
DRUG_001006,CONFIRMED_INTEGRATED_ENTITY,drugbank_only,COc1ccc2c(c1)C(=O)N(CCc1ccc(S(=O)(=O)NC(=O)NC3CCCCC3)cc1)C(=O)C2(C)C,LLJFMFZYVVLQKT-UHFFFAOYSA-N
DRUG_001007,CONFIRMED_INTEGRATED_ENTITY,drugbank_only,O=C(O)C(CC(=O)N1CC2CCCCC2C1)Cc1ccccc1,WPGGHFDDFPHPOB-BBWFWOEESA-N
DRUG_001008,CONFIRMED_INTEGRATED_ENTITY,drugbank_only,CC(CO)NC(=O)C1C=C2c3cccc4[nH]cc(c34)CC2N(C)C1,WVVSZNPYNCNODU-XTQGRXLLSA-N
DRUG_001009,CONFIRMED_INTEGRATED_ENTITY,both,Cc1nc(Nc2ncc(C(=O)Nc3c(C)cccc3Cl)s2)cc(N2CCN(CCO)CC2)n1,ZBNZXTGUTAYRHI-UHFFFAOYSA-N
DRUG_001010,CONFIRMED_INTEGRATED_ENTITY,drugbank_only,CC(Cc1ccccc1)NC(=O)C(N)CCCCN,VOBHXZCDAVEXEY-JSGCOSHPSA-N
DRUG_001011,CONFIRMED_INTEGRATED_ENTITY,drugbank_only,C=CC1(C)CC(OC(=O)CSC2CC3CCC(C2)N3C)C2(C)C(C)CCC3(CCC(=O)C32)C(C)C1O,STZYTFJPGGDRJD-NHUWBDDWSA-N
DRUG_001012,CONFIRMED_INTEGRATED_ENTITY,drugbank_only,CS(=O)(=O)CCNCc1ccc(-c2ccc3ncnc(Nc4ccc(OCc5cccc(F)c5)c(Cl)c4)c3c2)o1,BCFGMOOMADDAQU-UHFFFAOYSA-N
DRUG_001013,CONFIRMED_INTEGRATED_ENTITY,both,CC1(C)OC2CC3C4CCC5=CC(=O)C=CC5(C)C4C(O)CC3(C)C2(C(=O)CO)O1,WBGKWQHBNHJJPZ-LECWWXJVSA-N
DRUG_001014,CONFIRMED_INTEGRATED_ENTITY,drugbank_only,NC(CC(=O)N1CCn2c(nnc2C(F)(F)F)C1)Cc1cc(F)c(F)cc1F,MFFMDFFZMYYVKS-SECBINFHSA-N
DRUG_001015,CONFIRMED_INTEGRATED_ENTITY,drugbank_only,Nc1ncn(C2CC(O)C(CO)O2)c(=O)n1,XAUDJQYHKZQPEU-KVQBGUIXSA-N
DRUG_001016,CONFIRMED_INTEGRATED_ENTITY,both,CCC(C(C)O)n1ncn(-c2ccc(N3CCN(c4ccc(OCC5COC(Cn6cncn6)(c6ccc(F)cc6F)C5)cc4)CC3)cc2)c1=O,RAGOYPUPXAKGKH-XAKZXMRKSA-N
DRUG_001017,CONFIRMED_INTEGRATED_ENTITY,both,CC(C)CN(CC(O)C(Cc1ccccc1)NC(=O)OC1COC2OCCC12)S(=O)(=O)c1ccc(N)cc1,CJBJHOAVZSMMDJ-HEXNFIEUSA-N
DRUG_001018,CONFIRMED_INTEGRATED_ENTITY,both,Cc1nc2n(c(=O)c1CCN1CCC(c3noc4cc(F)ccc34)CC1)CCCC2O,PMXMIIMHBWHSKN-UHFFFAOYSA-N
DRUG_001019,CONFIRMED_INTEGRATED_ENTITY,both,CCN(CC)CCNC(=O)c1c(C)[nH]c(C=C2C(=O)Nc3ccc(F)cc32)c1C,WINHZLLDWRZWRT-ATVHPVEESA-N
DRUG_001020,CONFIRMED_INTEGRATED_ENTITY,both,c1cnc2cc3c(cc2n1)C1CNCC3C1,JQSHBVHOMNKWFT-UHFFFAOYSA-N
DRUG_001021,CONFIRMED_INTEGRATED_ENTITY,both,NNc1nncc2ccccc12,RPTUSVTUFVMDQK-UHFFFAOYSA-N
DRUG_001022,CONFIRMED_INTEGRATED_ENTITY,drugbank_only,COc1nc(N)nc2c1ncn2C1OC(CO)C(O)C1O,IXOXBSCIXZEQEQ-UHTZMRCNSA-N
DRUG_001023,CONFIRMED_INTEGRATED_ENTITY,drugbank_only,CCC(C)C1NC(=O)C(Cc2ccc(OC)cc2)NC(=O)CCCSCC(C(=O)N2CCCC2C(=O)NC(CC(C)C)C(=O)NCC(N)=O)NC(=O)C(CC(N)=O)NC(=O)C(CCC(N)=O)NC1=O,NSTRIRCPWQHTIA-DTRKZRJBSA-N
DRUG_001024,CONFIRMED_INTEGRATED_ENTITY,drugbank_only,Cc1ccc(Nc2c(F)cccc2Cl)c(CC(=O)O)c1,KHPKQFYUPIUARC-UHFFFAOYSA-N
DRUG_001025,CONFIRMED_INTEGRATED_ENTITY,drugbank_only,CSCCC(NC(=O)C(CO)NC(=O)C(Cc1ccc(O)cc1)NC(=O)C(N)CO)C(=O)NC(CCC(=O)O)C(=O)NC(Cc1cnc[nH]1)C(=O)NC(Cc1ccccc1)C(=O)NC(CCCNC(=N)N)C(=O)NC(Cc1c[nH]c2ccccc12)C(=O)NCC(=O)NC(CCCCN)C(=O)N1CCCC1C(=O)NC(C(=O)NCC(=O)NC(CCCCN)C(=O)NC(CCCCN)C(=O)NC(CCCNC(=N)N)C(=O)NC(CCCNC(=N)N)C(=O)N1CCCC1C(=O)NC(C(=O)NC(CCCCN)C(=O)NC(C(=O)NC(Cc1ccc(O)cc1)C(=O)N1CCCC1C(=O)O)C(C)C)C(C)C)C(C)C,ZOEFCCMDUURGSE-SQKVDDBVSA-N
DRUG_001026,CONFIRMED_INTEGRATED_ENTITY,drugbank_only,CC(Cc1ccc(O)cc1)NCC(O)c1cc(O)cc(O)c1,LSLYOANBFKQKPT-UHFFFAOYSA-N
DRUG_001027,CONFIRMED_INTEGRATED_ENTITY,drugbank_only,Cc1cc(C(=O)NCCc2ccc(S(=O)(=O)NC(=O)NN3CCCCCC3)cc2)no1,ZKUDBRCEOBOWLF-UHFFFAOYSA-N
DRUG_001028,CONFIRMED_INTEGRATED_ENTITY,both,CC(C)(C)NCC(O)c1ccc(O)c(CO)n1,VQDBNKDJNJQRDG-UHFFFAOYSA-N
DRUG_001029,CONFIRMED_INTEGRATED_ENTITY,drugbank_only,O=C1O[Bi](O)Oc2ccccc21,ZREIPSZUJIFJNP-UHFFFAOYSA-K
DRUG_001030,CONFIRMED_INTEGRATED_ENTITY,drugbank_only,COc1ccc(CCNCC(O)COc2cccc(C)c2)cc1OC,HXLAFSUPPDYFEO-UHFFFAOYSA-N
DRUG_001031,CONFIRMED_INTEGRATED_ENTITY,drugbank_only,NC1C(O)OC(CO)C(O)C1O,MSWZFWKMSRAUBD-IVMDWMLBSA-N
DRUG_001032,CONFIRMED_INTEGRATED_ENTITY,drugbank_only,CC(=O)Nc1ccc(OCC(O)CNC(C)C)cc1,DURULFYMVIFBIR-UHFFFAOYSA-N
DRUG_001033,CONFIRMED_INTEGRATED_ENTITY,drugbank_only,CCn1ccc(NS(=O)(=O)c2ccc(N)cc2)nc1=O,SIBQAECNSSQUOD-UHFFFAOYSA-N
DRUG_001034,CONFIRMED_INTEGRATED_ENTITY,drugbank_only,COc1ncnc(NS(=O)(=O)c2ccc(N)cc2)c1OC,PJSFRIWCGOHTNF-UHFFFAOYSA-N
DRUG_001035,CONFIRMED_INTEGRATED_ENTITY,drugbank_only,CN(C)C1C(O)=C(C(=O)NCN2CCCC2)C(=O)C2(O)C(O)=C3C(=O)c4c(O)cccc4C(C)(O)C3CC12,HMEYVGGHISAPJR-IAHYZSEUSA-N
DRUG_001036,CONFIRMED_INTEGRATED_ENTITY,drugbank_only,C[N+](C)(C)CCO.Cn1c(=O)c2[n-]cnc2n(C)c1=O,RLANKEDHRWMNRO-UHFFFAOYSA-M
DRUG_001037,CONFIRMED_INTEGRATED_ENTITY,both,CC(C)CN(CC(OP(=O)(O)O)C(Cc1ccccc1)NC(=O)OC1CCOC1)S(=O)(=O)c1ccc(N)cc1,MLBVMOWEQCZNCC-OEMFJLHTSA-N
DRUG_001038,CONFIRMED_INTEGRATED_ENTITY,both,O=C1NC(c2ccccc2)(c2ccccc2)C(=O)N1COP(=O)(O)O,XWLUWCNOOVRFPX-UHFFFAOYSA-N
DRUG_001039,CONFIRMED_INTEGRATED_ENTITY,drugbank_only,COC1C(OC(C)=O)CC(=O)OC(C)CC=CC=CC(O)C(C)CC(CC=O)C1OC1OC(C)C(OC2CC(C)(O)C(OC(=O)CC(C)C)C(C)O2)C(N(C)C)C1O,XJSFLOJWULLJQS-NGVXBBESSA-N
DRUG_001040,CONFIRMED_INTEGRATED_ENTITY,drugbank_only,CN1C(CSCC(F)(F)F)Nc2cc(Cl)c(S(N)(=O)=O)cc2S1(=O)=O,CYLWJCABXYDINA-UHFFFAOYSA-N
DRUG_001041,CONFIRMED_INTEGRATED_ENTITY,drugbank_only,CCC1NC(=O)c2cc(S(N)(=O)=O)c(Cl)cc2N1,AGMMTXLNIQSRCG-UHFFFAOYSA-N
DRUG_001042,CONFIRMED_INTEGRATED_ENTITY,drugbank_only,Cn1nnnc1SCC1=C(C(=O)O)N2C(=O)C(NC(=O)C(O)c3ccccc3)C2SC1,OLVCFLKTBJRLHI-AXAPSJFSSA-N
DRUG_001043,CONFIRMED_INTEGRATED_ENTITY,drugbank_only,Cc1nnc(SCC2=C(C(=O)O)N3C(=O)C(NC(=O)Cn4cnnn4)C3SC2)s1,MLYYVTUWGNIJIB-BXKDBHETSA-N
DRUG_001044,CONFIRMED_INTEGRATED_ENTITY,drugbank_only,O=C(O)C1=C(CSc2nnnn2CS(=O)(=O)O)CSC2C(NC(=O)C(O)c3ccccc3)C(=O)N12,DYAIAHUQIPBDIP-AXAPSJFSSA-N
DRUG_001045,CONFIRMED_INTEGRATED_ENTITY,drugbank_only,CCN1CCN(C(=O)NC(C(=O)NC2C(=O)N3C(C(=O)O)=C(CSc4nnnn4C)CSC23)c2ccc(O)cc2)C(=O)C1=O,GCFBRXLSHGKWDP-XCGNWRKASA-N
DRUG_001046,CONFIRMED_INTEGRATED_ENTITY,drugbank_only,COC1(NC(=O)C2SC(=C(C(N)=O)C(=O)O)S2)C(=O)N2C(C(=O)O)=C(CSc3nnnn3C)CSC21,SRZNHPXWXCNNDU-RHBCBLIFSA-N
DRUG_001047,CONFIRMED_INTEGRATED_ENTITY,drugbank_only,COC1(NC(=O)Cc2cccs2)C(=O)N2C(C(=O)O)=C(COC(N)=O)CSC21,WZOZEZRFJCJXNZ-ZBFHGGJFSA-N
DRUG_001048,CONFIRMED_INTEGRATED_ENTITY,drugbank_only,CON=C(C(=O)NC1C(=O)N2C(C(=O)O)=CCSC12)c1csc(N)n1,NNULBSISHYWZJU-LLKWHZGFSA-N
DRUG_001049,CONFIRMED_INTEGRATED_ENTITY,both,CC1=C(C(=O)O)N2C(=O)C(NC(=O)C(N)C3=CCC=CC3)C2SC1,RDLPVSKMFDYCOR-UEKVPHQBSA-N
DRUG_001050,CONFIRMED_INTEGRATED_ENTITY,drugbank_only,COc1ccc2cc1Oc1cc3c(cc1OC)CC[N+](C)(C)C3Cc1ccc(cc1)Oc1c(OC)c(OC)cc3c1C(C2)[N+](C)(C)CC3,JFXBEKISTKFVAB-AJQTZOPKSA-N
DRUG_001051,CONFIRMED_INTEGRATED_ENTITY,both,CC(=O)OC1CC2CCC3C(CCC4(C)C3CC([N+]3(C)CCCCC3)C4OC(C)=O)C2(C)CC1[N+]1(C)CCCCC1,GVEAYVLWDAFXET-XGHATYIMSA-N
DRUG_001052,CONFIRMED_INTEGRATED_ENTITY,drugbank_only,CC(=O)OC1CC2CCC3C(CCC4(C)C3CC(N3CC[N+](C)(C)CC3)C4OC(C)=O)C2(C)CC1N1CC[N+](C)(C)CC1,OWWLUIWOFHMHOQ-XGHATYIMSA-N
DRUG_001053,CONFIRMED_INTEGRATED_ENTITY,both,CC(=O)OC1CC2CCC3C(CCC4(C)C3CC([N+]3(C)CCCCC3)C4OC(C)=O)C2(C)CC1N1CCCCC1,BGSZAXLLHYERSY-XQIGCQGXSA-N
DRUG_001054,CONFIRMED_INTEGRATED_ENTITY,drugbank_only,CCOC(=O)C(CCc1ccccc1)NC1CCCN2CCCC(C(=O)O)N2C1=O,HHHKFGXWKKUNCY-FHWLQOOXSA-N
DRUG_001055,CONFIRMED_INTEGRATED_ENTITY,drugbank_only,[K+],NPYPAHLBTDXSSS-UHFFFAOYSA-N
DRUG_001056,CONFIRMED_INTEGRATED_ENTITY,drugbank_only,CCOC(=O)C(CCc1ccccc1)NC(C)C(=O)N1CC2(CC1C(=O)O)SCCS2,HRWCVUIFMSZDJS-SZMVWBNQSA-N
DRUG_001057,CONFIRMED_INTEGRATED_ENTITY,drugbank_only,Cc1nc(C)c2c(n1)N(Cc1ccc(-c3ccccc3-c3nn[nH]n3)cc1)C(=O)CC2,ADXGNEYLLLSOAR-UHFFFAOYSA-N
DRUG_001058,CONFIRMED_INTEGRATED_ENTITY,drugbank_only,CCC1(CCC(C)C)C(=O)NC(=O)NC1=O,VIROVYVQCGLCII-UHFFFAOYSA-N
DRUG_001059,CONFIRMED_INTEGRATED_ENTITY,drugbank_only,CCCCC1(CC)C(=O)NC(=O)NC1=O,STDBAQMTJLUMFW-UHFFFAOYSA-N
DRUG_001060,CONFIRMED_INTEGRATED_ENTITY,drugbank_only,CN1C(=O)NC(=O)C(C)(C2=CCCCC2)C1=O,UYXAWHWODHRRMR-UHFFFAOYSA-N
DRUG_001061,CONFIRMED_INTEGRATED_ENTITY,drugbank_only,[Li+],HBBGRARXTFLTSG-UHFFFAOYSA-N
DRUG_001062,CONFIRMED_INTEGRATED_ENTITY,drugbank_only,C#CC1(O)CCC2C3CCc4cc(OC)ccc4C3CCC21C,IMSSROKUHAOUJS-MJCUULBUSA-N
DRUG_001063,CONFIRMED_INTEGRATED_ENTITY,drugbank_only,CC(C)(C)NCC(O)COc1ccccc1C1CCCC1,KQXKVJAGOJTNJS-HNNXBMFYSA-N
DRUG_001064,CONFIRMED_INTEGRATED_ENTITY,both,CC(=O)N(CC(O)CO)c1c(I)c(C(=O)NCC(O)CO)c(I)c(C(=O)NCC(O)CO)c1I,NTHXOOBQLCIOLC-UHFFFAOYSA-N
DRUG_001065,CONFIRMED_INTEGRATED_ENTITY,drugbank_only,CNC(C)C(O)c1ccccc1,KWGRBVOPPLSCSI-WPRPVWTQSA-N
DRUG_001066,CONFIRMED_INTEGRATED_ENTITY,drugbank_only,CNC(C)(C)Cc1ccccc1,RXQCGGRTAILOIN-UHFFFAOYSA-N
DRUG_001067,CONFIRMED_INTEGRATED_ENTITY,drugbank_only,CCC(NC(C)C)C(O)c1ccc(O)c2[nH]c(=O)ccc12,FKNXQNWAXFXVNW-BLLLJJGKSA-N
DRUG_001068,CONFIRMED_INTEGRATED_ENTITY,both,C#CCNC1CCc2ccccc21,RUOKEQAAGRXIBM-GFCCVEGCSA-N
DRUG_001069,CONFIRMED_INTEGRATED_ENTITY,drugbank_only,CCC1NC(=O)C(NC(=O)c2ncccc2O)C(C)OC(=O)C(c2ccccc2)NC(=O)C2CC(=O)C(CSC3CN4CCC3CC4)CN2C(=O)C(Cc2ccc(N(C)C)cc2)N(C)C(=O)C2CCCN2C1=O,WTHRRGMBUAHGNI-LCYNINFDSA-N
DRUG_001070,CONFIRMED_INTEGRATED_ENTITY,drugbank_only,[Al],XAGFODPZIPBFFR-UHFFFAOYSA-N
DRUG_001071,CONFIRMED_INTEGRATED_ENTITY,drugbank_only,[Mg+2].[O-2],AXZKOIWUVFPNLO-UHFFFAOYSA-N
DRUG_001072,CONFIRMED_INTEGRATED_ENTITY,drugbank_only,[Mg+2],JLVVSXFLKOJNIY-UHFFFAOYSA-N
DRUG_001073,CONFIRMED_INTEGRATED_ENTITY,drugbank_only,CC(=O)OCC(=O)C1(O)CCC2C3CCC4=CC(=O)CCC4(C)C3C(=O)CC21C,ITRJWOMZKQRYTA-RFZYENFJSA-N
DRUG_001074,CONFIRMED_INTEGRATED_ENTITY,drugbank_only,CC1CC2C3CC(F)C4=CC(=O)C=CC4(C)C3C(O)CC2(C)C1(O)C(=O)CO,MKPDWECBUAZOHP-AFYJWTTESA-N
DRUG_001075,CONFIRMED_INTEGRATED_ENTITY,both,O=C([O-])O.[Na+],UIIMBOGNXHQVGW-UHFFFAOYSA-M
DRUG_001076,CONFIRMED_INTEGRATED_ENTITY,drugbank_only,COC(=O)C1C(O)CCC2CN3CCc4c([nH]c5ccccc45)C3CC21,BLGXFZZNTVWLAY-SCYLSFHTSA-N
DRUG_001077,CONFIRMED_INTEGRATED_ENTITY,drugbank_only,CC(C)(Oc1ccc(CCNC(=O)c2ccc(Cl)cc2)cc1)C(=O)O,IIBYAHWJQTYFKB-UHFFFAOYSA-N
DRUG_001078,CONFIRMED_INTEGRATED_ENTITY,drugbank_only,COc1cc2c(c(OC)c1OC)-c1ccc(OC)c(=O)cc1C(NC(C)=O)CC2,IAKHMKGGTNLKSZ-UHFFFAOYSA-N
DRUG_001079,CONFIRMED_INTEGRATED_ENTITY,drugbank_only,CC12CCC(=O)C=C1C1CC1C1C2CCC2(C)C1C1CC1C21CCC(=O)O1,METQSPRSQINEEU-HXCATZOESA-N
DRUG_001080,CONFIRMED_INTEGRATED_ENTITY,drugbank_only,CC1OC(OC2C(O)CC(OC3C(O)CC(OC4CCC5(C)C(CCC6C5CCC5(C)C(C7=CC(=O)OC7)CCC65O)C4)OC3C)OC2C)CC(O)C1O,WDJUZGPOPHTGOT-XUDUSOBPSA-N
DRUG_001081,CONFIRMED_INTEGRATED_ENTITY,drugbank_only,O=C([O-])c1ccccc1O.O=C([O-])c1ccccc1O.[Mg+2],MQHWFIOJQSCFNM-UHFFFAOYSA-L
DRUG_001082,CONFIRMED_INTEGRATED_ENTITY,drugbank_only,O=C(Oc1ccccc1C(=O)O)c1ccccc1O,WVYADZUPLLSGPU-UHFFFAOYSA-N
DRUG_001083,CONFIRMED_INTEGRATED_ENTITY,drugbank_only,CN(C)C(=O)Oc1cccc([N+](C)(C)C)c1,ALWKGYPQUAPLQC-UHFFFAOYSA-N
DRUG_001084,CONFIRMED_INTEGRATED_ENTITY,drugbank_only,C[N+](C)(C)CCO.O=C([O-])c1ccccc1O.O=C([O-])c1ccccc1O.O=C([O-])c1ccccc1O.[Mg+2],FQCQGOZEWWPOKI-UHFFFAOYSA-K
DRUG_001085,CONFIRMED_INTEGRATED_ENTITY,drugbank_only,COc1ccc2c(c1)N(CC(C)CN(C)C)c1ccccc1S2,VRQVVMDWGGWHTJ-CQSZACIVSA-N
DRUG_001086,CONFIRMED_INTEGRATED_ENTITY,both,C#CC1(O)CCC2C3CCC4=Cc5oncc5CC4(C)C3CCC21C,POZRVZJJTULAOH-LHZXLZLDSA-N
DRUG_001087,CONFIRMED_INTEGRATED_ENTITY,drugbank_only,CC(C)(C)NCC(O)c1cc(Cl)c(N)c(Cl)c1,STJMRWALKKWQGH-UHFFFAOYSA-N
DRUG_001088,CONFIRMED_INTEGRATED_ENTITY,drugbank_only,CN(C)C(=O)Oc1cc(OC(=O)N(C)C)cc(C(O)CNC(C)(C)C)c1,ANZXOIAKUNOVQU-UHFFFAOYSA-N
DRUG_001089,CONFIRMED_INTEGRATED_ENTITY,both,C[N+]1(C)C2CC(OC(=O)C(O)(c3cccs3)c3cccs3)CC1C1OC12,LERNTVKEWCAPOY-DZZGSBJMSA-N
DRUG_001090,CONFIRMED_INTEGRATED_ENTITY,both,CC(C)C(=O)OCC(=O)C12OC(C3CCCCC3)OC1CC1C3CCC4=CC(=O)C=CC4(C)C3C(O)CC12C,LUKZNWIVRBCLON-GXOBDPJESA-N
DRUG_001091,CONFIRMED_INTEGRATED_ENTITY,drugbank_only,O=C(Nc1cccc2c(=O)cc(-c3nn[nH]n3)oc12)c1ccc(OCCCCc2ccccc2)cc1,NBQKINXMPLXUET-UHFFFAOYSA-N
DRUG_001092,CONFIRMED_INTEGRATED_ENTITY,drugbank_only,Cn1cnc2c1c(=O)[nH]c(=O)n2C,YAPQBXQYLJRXSA-UHFFFAOYSA-N
DRUG_001093,CONFIRMED_INTEGRATED_ENTITY,both,CON=C(C(=O)NC1C(=O)N2C(C(=O)[O-])=C(C[N+]3(C)CCCC3)CSC12)c1csc(N)n1,HVFLCNVBZFFHBT-ZKDACBOMSA-N
DRUG_001094,CONFIRMED_INTEGRATED_ENTITY,drugbank_only,CC(=O)OCC1=C(C(=O)O)N2C(=O)C(NC(=O)CC#N)C2SC1,RRYMAQUWDLIUPV-BXKDBHETSA-N
DRUG_001095,CONFIRMED_INTEGRATED_ENTITY,drugbank_only,Nc1nc(C(=CCC(=O)O)C(=O)NC2C(=O)N3C(C(=O)O)=CCSC23)cs1,UNJFKXSSGBWRBZ-BJCIPQKHSA-N
DRUG_001096,CONFIRMED_INTEGRATED_ENTITY,both,COCC1=C(C(=O)O)N2C(=O)C(NC(=O)C(=NOC)c3csc(N)n3)C2SC1,WYUSVOMTXWRGEK-HBWVYFAYSA-N
DRUG_001097,CONFIRMED_INTEGRATED_ENTITY,drugbank_only,CC(=O)CC(c1ccc([N+](=O)[O-])cc1)c1c(O)c2ccccc2oc1=O,VABCILAOYCMVPS-UHFFFAOYSA-N
DRUG_001098,CONFIRMED_INTEGRATED_ENTITY,drugbank_only,CCC(=O)OC1CCC2C3CCC4=CC(=O)CCC4(C)C3CCC12C,PDMMFKSKQVNJMI-BLQWBTBKSA-N
DRUG_001099,CONFIRMED_INTEGRATED_ENTITY,drugbank_only,NCC1OC(OC2C(CO)OC(OC3C(O)C(N)CC(N)C3OC3OC(CO)C(O)C(O)C3N)C2O)C(N)C(O)C1O,UOZODPSAJZTQNH-LSWIJEOBSA-N
DRUG_001100,CONFIRMED_INTEGRATED_ENTITY,drugbank_only,O=[N+]([O-])c1ccc(O)c2ncccc12,RJIWZDNTCBHXAL-UHFFFAOYSA-N
DRUG_001101,CONFIRMED_INTEGRATED_ENTITY,drugbank_only,CC(SC(=O)c1cccs1)C(=O)NCC(=O)O,JNYSEDHQJCOWQU-UHFFFAOYSA-N
DRUG_001102,CONFIRMED_INTEGRATED_ENTITY,drugbank_only,Cc1c(N(C)C)c(=O)n(-c2ccccc2)n1C,RMMXTBMQSGEXHJ-UHFFFAOYSA-N
DRUG_001103,CONFIRMED_INTEGRATED_ENTITY,drugbank_only,CCC1C2CC3C4N(C)c5ccccc5C45CC(C2C5O)N3C1O,CJDRUOGAGYHKKD-HEFSZTOGSA-N
DRUG_001104,CONFIRMED_INTEGRATED_ENTITY,drugbank_only,Nc1cc(-c2ccncc2)c[nH]c1=O,RNLQIBCLLYYYFJ-UHFFFAOYSA-N
DRUG_001105,CONFIRMED_INTEGRATED_ENTITY,drugbank_only,CCN(CC)CCCN(c1ccccc1)C1Cc2ccccc2C1,NZLBHDRPUJLHCE-UHFFFAOYSA-N
DRUG_001106,CONFIRMED_INTEGRATED_ENTITY,drugbank_only,C=CCC1(O)CCC2C3CCC4=CCCCC4C3CCC21C,ATXHVCQZZJYMCF-XUDSTZEESA-N
DRUG_001107,CONFIRMED_INTEGRATED_ENTITY,drugbank_only,CCC(OC(C)=O)C(CC(C)N(C)C)(c1ccccc1)c1ccccc1,XBMIVRRWGCYBTQ-UHFFFAOYSA-N
DRUG_001108,CONFIRMED_INTEGRATED_ENTITY,drugbank_only,Cc1cc(=O)n(-c2ccccc2)n1C,VEQOALNAAJBPNY-UHFFFAOYSA-N
DRUG_001109,CONFIRMED_INTEGRATED_ENTITY,drugbank_only,C=C1C(=CC=C2CCCC3(C)C2CCC3C(C)CCCC(C)C)CC(O)CC1O,OFHCOWSQAMBJIW-AVJTYSNKSA-N
DRUG_001110,CONFIRMED_INTEGRATED_ENTITY,drugbank_only,CCC1(c2ccccc2)CCC(=O)NC1=O,JMBQKKAJIKAWKF-UHFFFAOYSA-N
DRUG_001111,CONFIRMED_INTEGRATED_ENTITY,drugbank_only,Nc1ccc(N=Nc2ccccc2)c(N)n1,QPFYXYFORQJZEC-FOCLMDBBSA-N
DRUG_001112,CONFIRMED_INTEGRATED_ENTITY,drugbank_only,O=C(O)CCCO,SJZRECIVHVDYJC-UHFFFAOYSA-N
DRUG_001113,CONFIRMED_INTEGRATED_ENTITY,drugbank_only,CC(=O)Oc1ccc2c3c1OC1C(OC(C)=O)C=CC4C(C2)N(C)CCC341,GVGLGOZIDCSQPN-PVHGPHFFSA-N
DRUG_001114,CONFIRMED_INTEGRATED_ENTITY,drugbank_only,CCNC1C2CCC(C2)C1c1ccccc1,IKFBPFGUINLYQI-UHFFFAOYSA-N
DRUG_001115,CONFIRMED_INTEGRATED_ENTITY,drugbank_only,CCOc1ccc2c3c1OC1C(O)C=CC4C(C2)N(C)CCC341,OGDVEMNWJVYAJL-LEPYJNQMSA-N
DRUG_001116,CONFIRMED_INTEGRATED_ENTITY,drugbank_only,CN(C)C(=O)OC1N=C(c2ccccc2)c2cc(Cl)ccc2N(C)C1=O,PXBVEXGRHZFEOF-UHFFFAOYSA-N
DRUG_001117,CONFIRMED_INTEGRATED_ENTITY,drugbank_only,N#CC(CCN1CCC(C(=O)O)(c2ccccc2)CC1)(c1ccccc1)c1ccccc1,UFIVBRCCIRTJTN-UHFFFAOYSA-N
DRUG_001118,CONFIRMED_INTEGRATED_ENTITY,drugbank_only,O=C1CN=C(c2ccccc2Cl)c2cc(Cl)ccc2N1,CHIFCDOIPRCHCF-UHFFFAOYSA-N
DRUG_001119,CONFIRMED_INTEGRATED_ENTITY,drugbank_only,CN1C(=O)CN=C(c2ccccc2F)c2cc([N+](=O)[O-])ccc21,PPTYJKAXVCCBDU-UHFFFAOYSA-N
DRUG_001120,CONFIRMED_INTEGRATED_ENTITY,drugbank_only,CCOC(=O)C1N=C(c2ccccc2F)c2cc(Cl)ccc2NC1=O,CUCHJCMWNFEYOM-UHFFFAOYSA-N
DRUG_001121,CONFIRMED_INTEGRATED_ENTITY,drugbank_only,COc1ccc2c3c1OC1C(O)CCC4C(C2)N(C)CCC341,RBOXVHNMENFORY-DNJOTXNNSA-N
DRUG_001122,CONFIRMED_INTEGRATED_ENTITY,drugbank_only,O=C1CN2CCOC2(c2ccccc2Cl)c2cc(Cl)ccc2N1,ZIXNZOBDFKSQTC-UHFFFAOYSA-N
DRUG_001123,CONFIRMED_INTEGRATED_ENTITY,drugbank_only,O=C1CN=C(c2ccccn2)c2cc(Br)ccc2N1,VMIYHDSEFNYJSL-UHFFFAOYSA-N
DRUG_001124,CONFIRMED_INTEGRATED_ENTITY,drugbank_only,CCc1cc2c(s1)N(C)C(=O)CN=C2c1ccccc1Cl,CHBRHODLKOZEPZ-UHFFFAOYSA-N
DRUG_001125,CONFIRMED_INTEGRATED_ENTITY,drugbank_only,OC(O)C(Cl)(Cl)Cl,RNFNDJAIBTYOQL-UHFFFAOYSA-N
DRUG_001126,CONFIRMED_INTEGRATED_ENTITY,drugbank_only,CN1C(=O)CN=C(c2ccccc2F)c2cc(Cl)ccc21,ROYOYTLGDLIGBX-UHFFFAOYSA-N
DRUG_001127,CONFIRMED_INTEGRATED_ENTITY,drugbank_only,O.O.[Al+3].[Al+3].[O-][Si]([O-])([O-])O[Si]([O-])([O-])[O-],KGOIAFZMMLWXLM-UHFFFAOYSA-N
DRUG_001128,CONFIRMED_INTEGRATED_ENTITY,both,CNC(C)Cc1ccccc1,MYWUZJCMWCOHBA-VIFPVBQESA-N
DRUG_001129,CONFIRMED_INTEGRATED_ENTITY,drugbank_only,CC(=O)Nc1c(I)c(C(=O)NC(C=O)C(O)C(O)C(O)CO)c(I)c(N(C)C(C)=O)c1I,DTZMSDADRKLCQE-RFMXWLSYSA-N
DRUG_001130,CONFIRMED_INTEGRATED_ENTITY,drugbank_only,CC1C(c2ccccc2)OCCN1C,MFOCDFTXLCYLKU-CMPLNLGQSA-N
DRUG_001131,CONFIRMED_INTEGRATED_ENTITY,drugbank_only,C=CCOc1ccccc1OCC(O)CNC(C)C,CEMAWMOMDPGJMB-UHFFFAOYSA-N
DRUG_001132,CONFIRMED_INTEGRATED_ENTITY,drugbank_only,Cc1ccnc(NS(=O)(=O)c2ccc(N)cc2)n1,QPPBRPIAZZHUNT-UHFFFAOYSA-N
DRUG_001133,CONFIRMED_INTEGRATED_ENTITY,drugbank_only,Cc1cc(C)nc(NS(=O)(=O)c2ccc(N)cc2)n1,ASWVTGNCAZCNNR-UHFFFAOYSA-N
DRUG_001134,CONFIRMED_INTEGRATED_ENTITY,drugbank_only,NC(Cc1cc(I)c(Oc2cc(I)c(O)c(I)c2)c(I)c1)C(=O)[O-].NC(Cc1cc(I)c(Oc2ccc(O)c(I)c2)c(I)c1)C(=O)[O-].[Na+].[Na+],LKYWLLWWYBVUPP-XOCLESOZSA-L
DRUG_001135,AMBIGUOUS_MAPPING_COMPONENT,drugbank_only,CC(CCC(=O)O)C1CCC2C3C(O)CC4CC(O)CCC4(C)C3CCC12C,RUDATBOHQWOJDD-UZVSRGJWSA-N
DRUG_001136,AMBIGUOUS_MAPPING_COMPONENT,drugbank_only,CC(CCC(=O)O)C1CCC2C3C(O)CC4CC(O)CCC4(C)C3CCC12C,RUDATBOHQWOJDD-BSWAIDMHSA-N
DRUG_001137,AMBIGUOUS_MAPPING_COMPONENT,twosides_only,CC(CCC(=O)O)C1CCC2C3C(O)CC4CC(O)CCC4(C)C3CCC12C,RUDATBOHQWOJDD-UHFFFAOYSA-N
DRUG_001138,CONFIRMED_INTEGRATED_ENTITY,drugbank_only,CC1=CC(=O)N2CC(=O)N(C)c3ccc(Cl)cc3C2(c2ccccc2)O1,PWAJCNITSBZRBL-UHFFFAOYSA-N
DRUG_001139,CONFIRMED_INTEGRATED_ENTITY,drugbank_only,O=C1CN=C(c2ccccc2)c2cc(Cl)ccc2N1CC1CC1,MWQCHHACWWAQLJ-UHFFFAOYSA-N
DRUG_001140,CONFIRMED_INTEGRATED_ENTITY,both,Fc1ccccc1C1=NCC(=S)N(CC(F)(F)F)c2ccc(Cl)cc21,IKMPWMZBZSAONZ-UHFFFAOYSA-N
DRUG_001141,CONFIRMED_INTEGRATED_ENTITY,drugbank_only,COC1CC2CCC(C)C(O)(O2)C(=O)C(=O)N2CCCCC2C(=O)OC(C(C)CC2CCC(OCCO)C(OC)C2)CC(=O)C(C)C=C(C)C(O)C(OC)C(=O)C(C)CC(C)C=CC=CC=C1C,HKVAMNSJSFKALM-GKUWKFKPSA-N
DRUG_001142,CONFIRMED_INTEGRATED_ENTITY,both,O=C(OC1CN2CCC1CC2)N1CCc2ccccc2C1c1ccccc1,FBOUYBDGKBSUES-VXKWHMMOSA-N
DRUG_001143,CONFIRMED_INTEGRATED_ENTITY,drugbank_only,[Fe],XEEYBQQBJWHFJM-UHFFFAOYSA-N
DRUG_001144,CONFIRMED_INTEGRATED_ENTITY,both,O=C1CN=C(c2ccccc2)c2cc([N+](=O)[O-])ccc2N1,KJONHKAYOJNZEC-UHFFFAOYSA-N
DRUG_001145,CONFIRMED_INTEGRATED_ENTITY,drugbank_only,CC1(C)CC1C(=O)NC(=CCCCCSCC(N)C(=O)O)C(=O)O,DHSUYTOATWAVLW-WFVMDLQDSA-N
DRUG_001146,CONFIRMED_INTEGRATED_ENTITY,drugbank_only,CC(O)C1C(=O)N2C(C(=O)O)=C(SCCN=CN)CC12,ZSKVGTPCRGIANV-ZXFLCMHBSA-N
DRUG_001147,CONFIRMED_INTEGRATED_ENTITY,drugbank_only,CC(C)(Sc1cc(C(C)(C)C)c(O)c(C(C)(C)C)c1)Sc1cc(C(C)(C)C)c(O)c(C(C)(C)C)c1,FYPMFJGVHOHGLL-UHFFFAOYSA-N
DRUG_001148,CONFIRMED_INTEGRATED_ENTITY,drugbank_only,CC(C(=O)O)c1ccc(C(=O)c2ccccc2)s1,GUHPRPJDBZHYCJ-UHFFFAOYSA-N
DRUG_001149,CONFIRMED_INTEGRATED_ENTITY,drugbank_only,Cc1cccc(C)c1OCC(=O)NC(Cc1ccccc1)C(O)CC(Cc1ccccc1)NC(=O)C(C(C)C)N1CCCNC1=O,KJHKTHWMRKYKJE-SUGCFTRWSA-N
DRUG_001150,CONFIRMED_INTEGRATED_ENTITY,drugbank_only,CCOC(=O)OC(C)OC(=O)C1N2C(=O)C(NC(=O)C(N)c3ccccc3)C2SC1(C)C,PFOLLRNADZZWEX-FFGRCDKISA-N
DRUG_001151,CONFIRMED_INTEGRATED_ENTITY,drugbank_only,COc1cccc(OC)c1C(=O)NC1C(=O)N2C1SC(C)(C)C2C(=O)O,RJQXTJLFIWVMTO-TYNCELHUSA-N
DRUG_001152,CONFIRMED_INTEGRATED_ENTITY,drugbank_only,CC(C)(C)C(=O)OCOC(=O)C1N2C(=O)C(NC(=O)C(N)c3ccccc3)C2SC1(C)C,ZEMIJUDPLILVNQ-ZXFNITATSA-N
DRUG_001153,CONFIRMED_INTEGRATED_ENTITY,drugbank_only,CC(C)(C)C(=O)OCOC(=O)C1N2C(=O)C(N=CN3CCCCCC3)C2SC1(C)C,NPGNOVNWUSPMDP-HLLBOEOZSA-N
DRUG_001154,CONFIRMED_INTEGRATED_ENTITY,drugbank_only,CC1(Cn2ccnn2)C(C(=O)O)N2C(=O)CC2S1(=O)=O,LPQZKKCYTLCDGQ-WEDXCCLWSA-N
DRUG_001155,CONFIRMED_INTEGRATED_ENTITY,drugbank_only,CC1(C)SC2C(NC(=O)C(C(=O)O)c3ccsc3)C(=O)N2C1C(=O)O,OHKOGUYZJXTSFX-KZFFXBSXSA-N
DRUG_001156,CONFIRMED_INTEGRATED_ENTITY,drugbank_only,N#Cc1ccc2c(c1)N(CCCN1CCC(O)CC1)c1ccccc1S2,LUALIOATIOESLM-UHFFFAOYSA-N
DRUG_001157,CONFIRMED_INTEGRATED_ENTITY,drugbank_only,O=C(O)c1ccc(-n2nc(-c3ccccc3O)nc2-c2ccccc2O)cc1,BOFQWVMAQOTZIW-UHFFFAOYSA-N
DRUG_001158,CONFIRMED_INTEGRATED_ENTITY,both,CC(C)C(N)C(=O)OCC(CO)OCn1cnc2c(=O)nc(N)[nH]c21,WPVFJKSGQUFQAP-GKAPJAKFSA-N
DRUG_001159,CONFIRMED_INTEGRATED_ENTITY,both,CCN(CCO)CCCC(C)Nc1ccnc2cc(Cl)ccc12,XXSMGPRMXLTPCZ-UHFFFAOYSA-N
DRUG_001160,CONFIRMED_INTEGRATED_ENTITY,drugbank_only,CCCCCON=O,CSDTZUBPSYWZDX-UHFFFAOYSA-N
DRUG_001161,CONFIRMED_INTEGRATED_ENTITY,drugbank_only,O=[N+]([O-])OCC(O[N+](=O)[O-])C(CO[N+](=O)[O-])O[N+](=O)[O-],SNFOERUNNSHUGP-ZXZARUISSA-N
DRUG_001162,CONFIRMED_INTEGRATED_ENTITY,drugbank_only,CC(=O)c1ccc2c(c1)N(CCCN(C)C)c1ccccc1S2,NOSIYYJFMPDDSA-UHFFFAOYSA-N
DRUG_001163,CONFIRMED_INTEGRATED_ENTITY,drugbank_only,CC(=O)c1ccc2c(c1)N(CC(C)N(C)C)c1ccccc1S2,XLOQNFNTQIRSOX-UHFFFAOYSA-N
DRUG_001164,CONFIRMED_INTEGRATED_ENTITY,drugbank_only,CCc1c(C)[nH]c2c1C(=O)C(CN1CCOCC1)CC2,KLPWJLBORRMFGK-UHFFFAOYSA-N
DRUG_001165,CONFIRMED_INTEGRATED_ENTITY,drugbank_only,CN1CCC2=C(C1)C(c1ccccc1)c1ccccc12,ISFHAYSTHMVOJR-UHFFFAOYSA-N
DRUG_001166,CONFIRMED_INTEGRATED_ENTITY,drugbank_only,CN(C)CCC(c1ccccc1)c1ccccn1,IJHNSHDBIRRJRN-UHFFFAOYSA-N
DRUG_001167,CONFIRMED_INTEGRATED_ENTITY,drugbank_only,CN(C)S(=O)(=O)c1ccc2c(c1)N(CCCN1CCC(CCO)CC1)c1ccccc1S2,JOMHSQGEWSNUKU-UHFFFAOYSA-N
DRUG_001168,CONFIRMED_INTEGRATED_ENTITY,drugbank_only,CN1CCN(CCCN2c3ccccc3Sc3ccc(S(=O)(=O)N(C)C)cc32)CC1,VZYCZNZBPPHOFY-UHFFFAOYSA-N
DRUG_001169,CONFIRMED_INTEGRATED_ENTITY,both,CN1CCN(CCC=C2c3ccccc3Sc3ccc(S(=O)(=O)N(C)C)cc32)CC1,GFBKORZTTCHDGY-UWVJOHFNSA-N
DRUG_001170,CONFIRMED_INTEGRATED_ENTITY,drugbank_only,OCCN1CCN(CCC=C2c3ccccc3Sc3ccc(Cl)cc32)CC1,WFPIAZLQTJBIFN-DVZOWYKESA-N
DRUG_001171,CONFIRMED_INTEGRATED_ENTITY,drugbank_only,C#CCN(C)Cc1ccccc1,DPWPWRLQFGFJFI-UHFFFAOYSA-N
DRUG_001172,CONFIRMED_INTEGRATED_ENTITY,both,CCCC1CC(C(=O)NC(C(C)O)C2OC(SC)C(O)C(O)C2O)N(C)C1,OJMMVQQUTAEWLP-KIDUDLJLSA-N
DRUG_001173,CONFIRMED_INTEGRATED_ENTITY,drugbank_only,Cc1ccc(-c2ncc(Cl)cc2-c2ccc(S(C)(=O)=O)cc2)cn1,MNJVRJDLRVPLFE-UHFFFAOYSA-N
DRUG_001174,CONFIRMED_INTEGRATED_ENTITY,drugbank_only,O=C(Nc1c(Cl)cncc1Cl)c1ccc(OC(F)F)c(OCC2CC2)c1,MNDBXUUTURYVHR-UHFFFAOYSA-N
DRUG_001175,CONFIRMED_INTEGRATED_ENTITY,drugbank_only,N#Cc1cc(-c2n[nH]c(-c3ccncc3)n2)ccn1,UBVZQGOVTLIHLH-UHFFFAOYSA-N
DRUG_001176,CONFIRMED_INTEGRATED_ENTITY,drugbank_only,CC12CCC3C(CC=C4CC(O)CCC43C)C1CCC2=O,FMGSKLZLMKYGDP-USOAJAOKSA-N
DRUG_001177,CONFIRMED_INTEGRATED_ENTITY,drugbank_only,CCN(CC)CCS(=O)(=O)C1CCN2C(=O)c3coc(n3)CC(=O)CC(O)C=C(C)C=CCNC(=O)C=CC(C)C(C(C)C)OC(=O)C12,SUYRLXYYZQTJHF-VMBLUXKRSA-N
DRUG_001178,CONFIRMED_INTEGRATED_ENTITY,drugbank_only,O=C(c1ccccc1)c1ccccc1,RWCCWEUUXYIKHB-UHFFFAOYSA-N
DRUG_001179,CONFIRMED_INTEGRATED_ENTITY,drugbank_only,CC12CCC3C(=CCc4cc(O)ccc43)C1CCC2=O,WKRLQDKEXYKHJB-HFTRVMKXSA-N
DRUG_001180,CONFIRMED_INTEGRATED_ENTITY,both,C=C1C(=CC=C2CCCC3(C)C2CCC3C(C)C=CC(O)C2CC2)CC(O)CC1O,LWQQLNNNIPYSNX-UROSTWAQSA-N
DRUG_001181,CONFIRMED_INTEGRATED_ENTITY,drugbank_only,Cc1ccc(C(C)C)c(O)c1,MGSRCZKZVOBKFT-UHFFFAOYSA-N
DRUG_001182,CONFIRMED_INTEGRATED_ENTITY,drugbank_only,O=C(CCCCCCC(=O)Nc1ccccc1)NO,WAEXFXRVDQXREF-UHFFFAOYSA-N
DRUG_001183,CONFIRMED_INTEGRATED_ENTITY,drugbank_only,NCCCCC(NC(=O)C1CCCN1C(=O)C1CSSCC(NC(=O)CNC(=O)CNC(=O)CN)C(=O)NC(Cc2ccc(O)cc2)C(=O)NC(Cc2ccccc2)C(=O)NC(CCC(N)=O)C(=O)NC(CC(N)=O)C(=O)N1)C(=O)NCC(N)=O,BENFXAYNYRLAIU-QSVFAHTRSA-N
DRUG_001184,CONFIRMED_INTEGRATED_ENTITY,drugbank_only,CC(CCC(=O)O)C1CCC2C3C(O)CC4CC(O)CCC4(C)C3CC(O)C12C,BHQCQFFYRZLCQQ-OELDTZBJSA-N
DRUG_001185,CONFIRMED_INTEGRATED_ENTITY,drugbank_only,NC(=O)c1cccnc1,DFPAKSUCGFBDDF-UHFFFAOYSA-N
DRUG_001186,CONFIRMED_INTEGRATED_ENTITY,drugbank_only,CC(=O)OC1CC2(C)C(CC(O)C3C4(C)CCC(O)C(C)C4CCC32C)C1=C(CCC=C(C)C)C(=O)O,IECPWNUMDGFDKC-MZJAQBGESA-N
DRUG_001187,CONFIRMED_INTEGRATED_ENTITY,drugbank_only,Oc1ccc(C=Cc2cc(O)cc(O)c2)cc1,LUKBXSAWLPMMSZ-OWOJBTEDSA-N
DRUG_001188,CONFIRMED_INTEGRATED_ENTITY,drugbank_only,NC(Cc1c[nH]c2ccc(O)cc12)C(=O)O,LDCYZAJDBXYCGN-VIFPVBQESA-N
DRUG_001189,CONFIRMED_INTEGRATED_ENTITY,drugbank_only,CC(=O)OCC[N+](C)(C)C,OIPILFWXSMYKGL-UHFFFAOYSA-N
DRUG_001190,CONFIRMED_INTEGRATED_ENTITY,drugbank_only,CCCCC1C(=O)N(c2ccccc2)N(c2ccc(O)cc2)C1=O,HFHZKZSRXITVMK-UHFFFAOYSA-N
DRUG_001191,CONFIRMED_INTEGRATED_ENTITY,drugbank_only,NCC1OC(OC2C(N)CC(N)C(O)C2OC2OC(CO)C(O)C2O)C(N)C(O)C1O,NSKGQURZWSPSBC-VVPCINPTSA-N
DRUG_001192,CONFIRMED_INTEGRATED_ENTITY,drugbank_only,CC(CCC(=O)O)C1CCC2C3CCC4CC(O)CCC4(C)C3CC(O)C12C,KXGVEGMKQFWNSR-LLQZFEROSA-N
DRUG_001193,CONFIRMED_INTEGRATED_ENTITY,drugbank_only,NC(CO)(CO)CO,LENZDBCJOHFCAS-UHFFFAOYSA-N
DRUG_001194,CONFIRMED_INTEGRATED_ENTITY,drugbank_only,CCC=CCC=CCC=CCC=CCC=CCC=CCCC(=O)O,MBMBGCFOFBJSGT-KUBAVDMBSA-N
DRUG_001195,CONFIRMED_INTEGRATED_ENTITY,drugbank_only,O=C(O)c1ccccc1,WPYMKLBDIGXBTP-UHFFFAOYSA-N
DRUG_001196,CONFIRMED_INTEGRATED_ENTITY,drugbank_only,CCCCCCCCCCCCCCCC(=O)O,IPCSVZSSVZVIGE-UHFFFAOYSA-N
DRUG_001197,CONFIRMED_INTEGRATED_ENTITY,drugbank_only,O=C(O)CC(O)(CC(=O)O)C(=O)O,KRKNYBCHXYNGOX-UHFFFAOYSA-N
DRUG_001198,CONFIRMED_INTEGRATED_ENTITY,drugbank_only,NC(CSCC(=O)O)C(=O)O,GBFLZEXEOZUWRN-VKHMYHEASA-N
DRUG_001199,CONFIRMED_INTEGRATED_ENTITY,drugbank_only,CC(O)C(=O)O,JVTAAEKCZFNVCJ-UHFFFAOYSA-N
DRUG_001200,CONFIRMED_INTEGRATED_ENTITY,drugbank_only,O=C(O)c1cccnc1Nc1cccc(C(F)(F)F)c1,JZFPYUNJRRFVQU-UHFFFAOYSA-N
DRUG_001201,CONFIRMED_INTEGRATED_ENTITY,drugbank_only,COC1(NC(=O)C(C(=O)O)c2ccc(O)cc2)C(=O)N2C(C(=O)O)=C(CSc3nnnn3C)COC21,JWCSIUVGFCSJCK-CAVRMKNVSA-N
DRUG_001202,CONFIRMED_INTEGRATED_ENTITY,drugbank_only,Cc1cc2cc3c(C)cc(=O)oc3c(C)c2o1,FMHHVULEAZTJMA-UHFFFAOYSA-N
DRUG_001203,CONFIRMED_INTEGRATED_ENTITY,both,S=P(N1CC1)(N1CC1)N1CC1,FOCVUCIESVLUNU-UHFFFAOYSA-N
DRUG_001204,CONFIRMED_INTEGRATED_ENTITY,drugbank_only,CC12CCC3c4ccc(O)cc4CCC3C1CC(O)C2O,PROQIPRRNZUXQM-ZXXIGWHRSA-N
DRUG_001205,CONFIRMED_INTEGRATED_ENTITY,drugbank_only,CC12CCC3c4ccc(OS(=O)(=O)O)cc4CCC3C1CCC2=O,JKKFKPJIXZFSSB-CBZIJGRNSA-N
DRUG_001206,CONFIRMED_INTEGRATED_ENTITY,drugbank_only,C#CC1(O)CCC2C3CCc4cc(OC5CCCC5)ccc4C3CCC21C,PWZUUYSISTUNDW-VAFBSOEGSA-N
DRUG_001207,CONFIRMED_INTEGRATED_ENTITY,drugbank_only,CN1CCN(c2c(F)cc3c(=O)c(C(=O)O)cn(CCF)c3c2F)CC1,XBJBPGROQZJDOJ-UHFFFAOYSA-N
DRUG_001208,CONFIRMED_INTEGRATED_ENTITY,drugbank_only,O=C(CCCCC(=O)Nc1c(I)cc(I)c(C(=O)O)c1I)Nc1c(I)cc(I)c(C(=O)O)c1I,FFINMCNLQNTKLU-UHFFFAOYSA-N
DRUG_001209,CONFIRMED_INTEGRATED_ENTITY,drugbank_only,CS(=O)(=O)Nc1ccc([N+](=O)[O-])cc1Oc1ccccc1,HYWYRSMBCFDLJT-UHFFFAOYSA-N
DRUG_001210,CONFIRMED_INTEGRATED_ENTITY,drugbank_only,Cc1ccc(C(=O)Nc2ccc(S(=O)(=O)O)c3cc(S(=O)(=O)O)cc(S(=O)(=O)O)c23)cc1NC(=O)c1cccc(NC(=O)Nc2cccc(C(=O)Nc3cc(C(=O)Nc4ccc(S(=O)(=O)O)c5cc(S(=O)(=O)O)cc(S(=O)(=O)O)c45)ccc3C)c2)c1,FIAFUQMPZJWCLV-UHFFFAOYSA-N
DRUG_001211,CONFIRMED_INTEGRATED_ENTITY,drugbank_only,c1ccc(-c2ccc(C(c3ccccc3)n3ccnc3)cc2)cc1,OCAPBUJLXMYKEJ-UHFFFAOYSA-N
DRUG_001212,CONFIRMED_INTEGRATED_ENTITY,drugbank_only,Cc1nnc(C(C)C)n1C1CC2CCC(C1)N2CCC(NC(=O)C1CCC(F)(F)CC1)c1ccccc1,GSNHKUDZZFZSJB-QYOOZWMWSA-N
DRUG_001213,CONFIRMED_INTEGRATED_ENTITY,drugbank_only,CC(=O)OC1(C(C)=O)CCC2C3C=C(Cl)C4=CC(=O)C5CC5C4(C)C3CCC21C,UWFYSQMTEOIJJG-FDTZYFLXSA-N
DRUG_001214,CONFIRMED_INTEGRATED_ENTITY,drugbank_only,N=C(N)N1CCc2ccccc2C1,JWPGJSVJDAJRLW-UHFFFAOYSA-N
DRUG_001215,CONFIRMED_INTEGRATED_ENTITY,drugbank_only,Fc1ccc(C(c2ccc(F)cc2)N2CCN(CC=Cc3ccccc3)CC2)cc1,SMANXXCATUTDDT-QPJJXVBHSA-N
DRUG_001216,CONFIRMED_INTEGRATED_ENTITY,drugbank_only,O=C1NCN(c2ccccc2)C12CCN(CCCC(c1ccc(F)cc1)c1ccc(F)cc1)CC2,QOYHHIBFXOOADH-UHFFFAOYSA-N
DRUG_001217,CONFIRMED_INTEGRATED_ENTITY,drugbank_only,COc1cc2c(cc1OC)C1CC(=O)C(CC(C)C)CN1CC2,MKJIEFSOBYUXJB-UHFFFAOYSA-N
DRUG_001218,CONFIRMED_INTEGRATED_ENTITY,drugbank_only,CC(=Cc1csc(C)n1)C1CC2OC2(C)CCCC(C)C(O)C(C)C(=O)C(C)(C)C(O)CC(=O)N1,FABUFPQFXZVHFB-PVYNADRNSA-N
DRUG_001219,CONFIRMED_INTEGRATED_ENTITY,drugbank_only,CCN(CC)C(=O)Nc1ccc(OCC(O)CNC(C)(C)C)c(C(C)=O)c1,JOATXPAWOHTVSZ-UHFFFAOYSA-N
DRUG_001220,CONFIRMED_INTEGRATED_ENTITY,drugbank_only,Cc1nc(-c2ccc(OCC(C)C)c(C#N)c2)sc1C(=O)O,BQSJTQLCZDPROO-UHFFFAOYSA-N
DRUG_001221,CONFIRMED_INTEGRATED_ENTITY,drugbank_only,CCCCc1oc2ccc(NS(C)(=O)=O)cc2c1C(=O)c1ccc(OCCCN(CCCC)CCCC)cc1,ZQTNQVWKHCQYLQ-UHFFFAOYSA-N
DRUG_001222,CONFIRMED_INTEGRATED_ENTITY,drugbank_only,OC(CNCC(O)C1CCc2cc(F)ccc2O1)C1CCc2cc(F)ccc2O1,KOHIRBRYDXPAMZ-UHFFFAOYSA-N
DRUG_001223,CONFIRMED_INTEGRATED_ENTITY,drugbank_only,COC(=O)CC(O)(CCCC(C)(C)O)C(=O)OC1C(OC)=CC23CCCN2CCc2cc4c(cc2C13)OCO4,HYFHYPWGAURHIV-JFIAXGOJSA-N
DRUG_001224,CONFIRMED_INTEGRATED_ENTITY,drugbank_only,Cc1cn(-c2cc(NC(=O)c3ccc(C)c(Nc4nccc(-c5cccnc5)n4)c3)cc(C(F)(F)F)c2)cn1,HHZIURLSWUIHRB-UHFFFAOYSA-N
DRUG_001225,CONFIRMED_INTEGRATED_ENTITY,drugbank_only,CC1CNCCc2ccc(Cl)cc21,XTTZERNUQAFMOF-QMMMGPOBSA-N
DRUG_001226,CONFIRMED_INTEGRATED_ENTITY,drugbank_only,N#CC1CCCN1C(=O)CNC12CC3CC(CC(O)(C3)C1)C2,SYOKIDBDQMKNDQ-XWTIBIIYSA-N
DRUG_001227,CONFIRMED_INTEGRATED_ENTITY,drugbank_only,OCC(CO)NC1CC(O)(CO)C(O)C(O)C1O,FZNCGRZWXLXZSZ-CIQUZCHMSA-N
DRUG_001228,CONFIRMED_INTEGRATED_ENTITY,drugbank_only,CC(C)C1NC(=O)C(CCCCN)NC(=O)C(Cc2c[nH]c3ccccc23)NC(=O)C(Cc2ccc(O)cc2)NC(=O)C(NC(=O)C(N)Cc2ccccc2)CSSCC(C(=O)NC(Cc2c[nH]c3ccccc23)C(N)=O)NC1=O,SWXOGPJRIDTIRL-DOUNNPEJSA-N
DRUG_001229,CONFIRMED_INTEGRATED_ENTITY,drugbank_only,CCN(CC)C(=O)C1(c2ccccc2)CC1CN,GJJFMKBJSRMPLA-UHFFFAOYSA-N
DRUG_001230,CONFIRMED_INTEGRATED_ENTITY,drugbank_only,CCOC(=O)CNC(C(=O)N1CCC1C(=O)NCc1ccc(C(N)=NO)cc1)C1CCCCC1,ZXIBCJHYVWYIKI-PZJWPPBQSA-N
DRUG_001231,CONFIRMED_INTEGRATED_ENTITY,drugbank_only,O=c1[nH]c2ccccc2n1CCN1CCN(c2cccc(C(F)(F)F)c2)CC1,PPRRDFIXUUSXRA-UHFFFAOYSA-N
DRUG_001232,CONFIRMED_INTEGRATED_ENTITY,drugbank_only,CNC(CC(C)C)C(=O)NC1C(=O)NC(CC(N)=O)C(=O)NC2C(=O)NC3C(=O)NC(C(=O)NC(C(=O)O)c4cc(O)cc(O)c4-c4cc3ccc4O)C(OC3CC(C)(N)C(O)C(C)O3)c3ccc(c(Cl)c3)Oc3cc2cc(c3OC2OC(CO)C(O)C(O)C2OC2CC(C)(NCc3ccc(-c4ccc(Cl)cc4)cc3)C(O)C(C)O2)Oc2ccc(cc2Cl)C1O,VHFGEBVPHAGQPI-LXKZPTCJSA-N
DRUG_001233,CONFIRMED_INTEGRATED_ENTITY,drugbank_only,Nc1nc(C(=NO)C(=O)NC2C(=O)N3C(C(=O)O)=C(C=C4CCN(C5CCNC5)C4=O)CSC23)ns1,VOAZJEPQLGBXGO-SDAWRPRTSA-N
DRUG_001234,CONFIRMED_INTEGRATED_ENTITY,drugbank_only,CCCC(=O)OCOC(=O)C1=C(C)NC(C)=C(C(=O)OC)C1c1cccc(Cl)c1Cl,KPBZROQVTHLCDU-UHFFFAOYSA-N
DRUG_001235,CONFIRMED_INTEGRATED_ENTITY,drugbank_only,CC1(C)C(C=C(Cl)Cl)C1C(=O)OCc1cccc(Oc2ccccc2)c1,RLLPVAHGXHCWKJ-UHFFFAOYSA-N
DRUG_001236,CONFIRMED_INTEGRATED_ENTITY,drugbank_only,OCCOc1ccc(C(=C(CCCl)c2ccccc2)c2ccccc2)cc1,LUMKNAVTFCDUIE-VHXPQNKSSA-N
DRUG_001237,CONFIRMED_INTEGRATED_ENTITY,drugbank_only,COc1cc(C(C)=O)ccc1OCCCN1CCC(c2noc3cc(F)ccc23)CC1,XMXHEBAFVSFQEX-UHFFFAOYSA-N
DRUG_001238,CONFIRMED_INTEGRATED_ENTITY,drugbank_only,CC(Oc1c(Cl)cccc1Cl)C1=NCCN1,KSMAGQUYOIHWFS-UHFFFAOYSA-N
DRUG_001239,CONFIRMED_INTEGRATED_ENTITY,drugbank_only,Cc1ccc(=O)n(-c2ccccc2)c1,ISWRGOKTTBVCFA-UHFFFAOYSA-N
DRUG_001240,CONFIRMED_INTEGRATED_ENTITY,drugbank_only,CCOC(=O)Nc1ccc(NCc2ccc(F)cc2)cc1N,PCOBBVZJEWWZFR-UHFFFAOYSA-N
DRUG_001241,CONFIRMED_INTEGRATED_ENTITY,drugbank_only,CCN(CC)CCNc1ccc(C)c2sc3ccccc3c(=O)c12,FBQPGGIHOFZRGH-UHFFFAOYSA-N
DRUG_001242,CONFIRMED_INTEGRATED_ENTITY,drugbank_only,O=C(C=Cc1cccc(S(=O)(=O)Nc2ccccc2)c1)NO,NCNRHFGMJRPRSK-MDZDMXLPSA-N
DRUG_001243,CONFIRMED_INTEGRATED_ENTITY,drugbank_only,CCc1cc2c(cc1CC)CC(NCC(O)c1ccc(O)c3[nH]c(=O)ccc13)C2,QZZUEBNBZAPZLX-QFIPXVFZSA-N
DRUG_001244,CONFIRMED_INTEGRATED_ENTITY,drugbank_only,COc1cc2c(cc1O)CCNC21CSC2c3c(OC(C)=O)c(C)c4c(c3C(COC1=O)N1C(O)C3Cc5cc(C)c(OC)c(O)c5C(C21)N3C)OCO4,PKVRCIRHQMSYJX-AIFWHQITSA-N
DRUG_001245,CONFIRMED_INTEGRATED_ENTITY,drugbank_only,N#Cc1ccc(Oc2ccc3c(c2)COB3O)cc1,USZAGAREISWJDP-UHFFFAOYSA-N
DRUG_001246,CONFIRMED_INTEGRATED_ENTITY,drugbank_only,O=C(c1ccc(F)c(F)c1Nc1ccc(I)cc1F)N1CC(O)(C2CCCCN2)C1,BSMCAPRUBJMWDF-KRWDZBQOSA-N
DRUG_001247,CONFIRMED_INTEGRATED_ENTITY,drugbank_only,Nc1ccc(S(=O)(=O)[N-]c2ncccn2)cc1.[Ag+],UEJSSZHHYBHCEL-UHFFFAOYSA-N
DRUG_001248,CONFIRMED_INTEGRATED_ENTITY,drugbank_only,CN1C(=O)CC(C)(c2ccccc2)C1=O,AJXPJJZHWIXJCJ-UHFFFAOYSA-N
DRUG_001249,CONFIRMED_INTEGRATED_ENTITY,drugbank_only,O=[N+]([O-])[O-].O=[N+]([O-])[O-].O=[N+]([O-])[O-].[Ga+3],CHPZKNULDCNCBW-UHFFFAOYSA-N
DRUG_001250,CONFIRMED_INTEGRATED_ENTITY,drugbank_only,CC(C)c1cc2c(cc1S(=O)(=O)O)C1(C)CCCC(C)(C(=O)O)C1CC2,IWCWQNVIUXZOMJ-MISYRCLQSA-N
DRUG_001251,CONFIRMED_INTEGRATED_ENTITY,drugbank_only,CC(C)C(=O)c1c(C(C)C)nn2ccccc12,ZJVFLBOZORBYFE-UHFFFAOYSA-N
DRUG_001252,CONFIRMED_INTEGRATED_ENTITY,both,CCCN(CCc1cccs1)C1CCc2c(O)cccc2C1,KFQYTPMOWPVWEJ-INIZCTEOSA-N
DRUG_001253,CONFIRMED_INTEGRATED_ENTITY,drugbank_only,COc1cc2c(Nc3ccc(Br)cc3F)ncnc2cc1OCC1CCN(C)CC1,UHTHHESEBZOYNR-UHFFFAOYSA-N
DRUG_001254,CONFIRMED_INTEGRATED_ENTITY,drugbank_only,CC(C)COc1ccc(CNC(=O)N(Cc2ccc(F)cc2)C2CCN(C)CC2)cc1,RKEWSXXUOLRFBX-UHFFFAOYSA-N
DRUG_001255,CONFIRMED_INTEGRATED_ENTITY,drugbank_only,NCCc1c[nH]cn1,NTYJJOPFIAHURM-UHFFFAOYSA-N
DRUG_001256,CONFIRMED_INTEGRATED_ENTITY,drugbank_only,CCCC(NC(=O)C1C2CCCC2CN1C(=O)C(NC(=O)C(NC(=O)c1cnccn1)C1CCCCC1)C(C)(C)C)C(=O)C(=O)NC1CC1,BBAWEDCPNXPBQM-GDEBMMAJSA-N
DRUG_001257,CONFIRMED_INTEGRATED_ENTITY,drugbank_only,COCCOC1C(O)C(COP(=O)(S)OC2C(COP(=O)(S)OC3C(COP(=O)(S)OC4C(COP(=O)(S)OC5C(COP(=O)(S)OC6CC(n7cc(C)c(N)nc7=O)OC6COP(=O)(S)OC6CC(n7cc(C)c(=O)[nH]c7=O)OC6COP(=O)(S)OC6CC(n7cc(C)c(=O)[nH]c7=O)OC6COP(=O)(S)OC6CC(n7cc(C)c(N)nc7=O)OC6COP(=O)(S)OC6CC(n7cnc8c(=O)[nH]c(N)nc87)OC6COP(=O)(S)OC6CC(n7cc(C)c(=O)[nH]c7=O)OC6COP(=O)(S)OC6CC(n7cc(C)c(N)nc7=O)OC6COP(=O)(S)OC6CC(n7cc(C)c(=O)[nH]c7=O)OC6COP(=O)(S)OC6CC(n7cnc8c(=O)[nH]c(N)nc87)OC6COP(=O)(S)OC6CC(n7cnc8c(N)ncnc87)OC6COP(=O)(S)OC6C(COP(=O)(S)OC7C(COP(=O)(S)OC8C(COP(=O)(S)OC9C(COP(=O)(S)OC%10C(CO)OC(n%11cnc%12c(=O)[nH]c(N)nc%12%11)C%10OCCOC)OC(n%10cc(C)c(N)nc%10=O)C9OCCOC)OC(n9cc(C)c(N)nc9=O)C8OCCOC)OC(n8cc(C)c(=O)[nH]c8=O)C7OCCOC)OC(n7cc(C)c(N)nc7=O)C6OCCOC)OC(n6cnc7c(=O)[nH]c(N)nc76)C5OCCOC)OC(n5cc(C)c(N)nc5=O)C4OCCOC)OC(n4cnc5c(N)ncnc54)C3OCCOC)OC(n3cc(C)c(N)nc3=O)C2OCCOC)OC1n1cc(C)c(N)nc1=O,XLTMQWVJFPYGMC-QVKFEXRMSA-N
DRUG_001258,CONFIRMED_INTEGRATED_ENTITY,drugbank_only,CCCC1CC(=O)N(C(CC)C(N)=O)C1,MSYKRHVOOPPJKU-BDAKNGLRSA-N
DRUG_001259,CONFIRMED_INTEGRATED_ENTITY,drugbank_only,O.O.O.O.O.O.O.O.O.O=C([O-])C1O[Sb]2([O-])(O[Sb]34(O)OC(C(=O)[O-])C(O3)C(C(O)CO)O4)OC(C(O)CO)C1O2.[Na+].[Na+].[Na+],YQDGWZZYGYKDLR-UZVLBLASSA-K
DRUG_001260,CONFIRMED_INTEGRATED_ENTITY,drugbank_only,CCOc1cc(C(CS(C)(=O)=O)N2C(=O)c3cccc(NC(C)=O)c3C2=O)ccc1OC,IMOZEMNVLZVGJZ-QGZVFWFLSA-N
DRUG_001261,CONFIRMED_INTEGRATED_ENTITY,drugbank_only,CC12CCC(O)CC1=CCC1C2CCC2(C)C(c3cccnc3)=CCC12,GZOSMCIZMLWJML-VJLLXTKPSA-N
DRUG_001262,CONFIRMED_INTEGRATED_ENTITY,drugbank_only,CCC1C(O)C2C3CCC(C(C)CCC(=O)O)C3(C)CCC2C2(C)CCC(O)CC12,ZXERDUOLZKYMJM-ZWECCWDJSA-N
DRUG_001263,CONFIRMED_INTEGRATED_ENTITY,drugbank_only,CN(C)C(=O)NC1CCC(CCN2CCN(c3cccc(Cl)c3Cl)CC2)CC1,KPWSJANDNDDRMB-QAQDUYKDSA-N
DRUG_001264,CONFIRMED_INTEGRATED_ENTITY,drugbank_only,O=C1NCCN1CCN1CCC(c2cn(-c3ccc(F)cc3)c3ccc(Cl)cc23)CC1,GZKLJWGUPQBVJQ-UHFFFAOYSA-N
DRUG_001265,CONFIRMED_INTEGRATED_ENTITY,drugbank_only,COC1C(O)CC(=O)OC(C)CC=CC=CC(OC2CCC(N(C)C)C(C)O2)C(C)CC(CC=O)C1OC1OC(C)C(OC2CC(C)(O)C(O)C(C)O2)C(N(C)C)C1O,ACTOXUHEUCPTEW-KWBWCIJSSA-N
DRUG_001266,CONFIRMED_INTEGRATED_ENTITY,drugbank_only,Nc1ccc(S(=O)(=O)Nc2nccs2)cc1,JNMRHUJNCSQMMB-UHFFFAOYSA-N
DRUG_001267,CONFIRMED_INTEGRATED_ENTITY,drugbank_only,CN1CCN2c3ccccc3Cc3ccccc3C2C1,UEQUQVLFIPOEMF-UHFFFAOYSA-N
DRUG_001268,CONFIRMED_INTEGRATED_ENTITY,drugbank_only,COc1cc(NS(=O)(=O)c2ccc(N)cc2)nc(OC)n1,ZZORFUFYDOWNEF-UHFFFAOYSA-N
DRUG_001269,CONFIRMED_INTEGRATED_ENTITY,drugbank_only,CC(CCc1ccccc1)NC(C)C(O)c1ccc(O)cc1,PTGXAUBQBSGPKF-UHFFFAOYSA-N
DRUG_001270,CONFIRMED_INTEGRATED_ENTITY,drugbank_only,CN1CCC(=C2c3ccccc3CCc3sccc32)CC1,FIADGNVRKBPQEU-UHFFFAOYSA-N
DRUG_001271,CONFIRMED_INTEGRATED_ENTITY,drugbank_only,O=[N+]([O-])OCC(CO[N+](=O)[O-])(CO[N+](=O)[O-])CO[N+](=O)[O-],TZRXHJWUDPFEEY-UHFFFAOYSA-N
DRUG_001272,CONFIRMED_INTEGRATED_ENTITY,drugbank_only,Cc1c(C(=O)NN2CCCCC2)nn(-c2ccc(Cl)cc2Cl)c1-c1ccc(Cl)cc1,JZCPYUJPEARBJL-UHFFFAOYSA-N
DRUG_001273,CONFIRMED_INTEGRATED_ENTITY,drugbank_only,CC=C1NC(=O)C2CSSCCC=CC(CC(=O)NC(C(C)C)C(=O)N2)OC(=O)C(C(C)C)NC1=O,OHRURASPPZQGQM-GCCNXGTGSA-N
DRUG_001274,CONFIRMED_INTEGRATED_ENTITY,drugbank_only,NCCNc1ccc(NCCN)c2c1C(=O)c1ccncc1C2=O,PEZPMAYDXJQYRV-UHFFFAOYSA-N
DRUG_001275,CONFIRMED_INTEGRATED_ENTITY,drugbank_only,N=C(N)NCCCC(N)C(=O)NC(CCCNC(=N)N)C(=O)N1CCCC1C(=O)N1CC(O)CC1C(=O)NCC(=O)NC(Cc1cccs1)C(=O)NC(CO)C(=O)N1Cc2ccccc2CC1C(=O)N1C(C(=O)NC(CCCNC(=N)N)C(=O)O)CC2CCCCC21,QURWXBZNHXJZBE-SKXRKSCCSA-N
DRUG_001276,CONFIRMED_INTEGRATED_ENTITY,drugbank_only,NC(=O)c1cn(Cc2c(F)cccc2F)nn1,POGQSBRIGCQNEG-UHFFFAOYSA-N
DRUG_001277,CONFIRMED_INTEGRATED_ENTITY,drugbank_only,Oc1ccc2c(c1)CCC(c1ccccc1)C2c1ccc(OCCN2CCCC2)cc1,GXESHMAMLJKROZ-IAPPQJPRSA-N
DRUG_001278,CONFIRMED_INTEGRATED_ENTITY,drugbank_only,Cn1c(=O)cc(N2CCCC(N)C2)n(Cc2ccccc2C#N)c1=O,ZSBOMTDTBDDKMP-OAHLLOKOSA-N
DRUG_001279,CONFIRMED_INTEGRATED_ENTITY,drugbank_only,CCC(c1cccc(O)c1)C(C)CN(C)C,KWTWDQCKEHXFFR-SMDDNHRTSA-N
DRUG_001280,CONFIRMED_INTEGRATED_ENTITY,drugbank_only,O=C(O)CCSCC1OC2OC3C(CSCCC(=O)O)OC(OC4C(CSCCC(=O)O)OC(OC5C(CSCCC(=O)O)OC(OC6C(CSCCC(=O)O)OC(OC7C(CSCCC(=O)O)OC(OC8C(CSCCC(=O)O)OC(OC9C(CSCCC(=O)O)OC(OC1C(O)C2O)C(O)C9O)C(O)C8O)C(O)C7O)C(O)C6O)C(O)C5O)C(O)C4O)C(O)C3O,WHRODDIHRRDWEW-VTHZAVIASA-N
DRUG_001281,CONFIRMED_INTEGRATED_ENTITY,drugbank_only,CC(Cc1cc2c(c(C(N)=O)c1)N(CCCO)CC2)NCCOc1ccccc1OCC(F)(F)F,PNCPYILNMDWPEY-QGZVFWFLSA-N
DRUG_001282,CONFIRMED_INTEGRATED_ENTITY,drugbank_only,CC(=O)Oc1cc2c(s1)CCN(C(C(=O)C1CC1)c1ccccc1F)C2,DTGLZDAWLRGWQN-UHFFFAOYSA-N
DRUG_001283,CONFIRMED_INTEGRATED_ENTITY,drugbank_only,CC1=NN(c2ccc(C)c(C)c2)C(=O)C1=NNc1cccc(-c2cccc(C(=O)O)c2)c1O,XDXWLKQMMKQXPV-QYQHSDTDSA-N
DRUG_001284,CONFIRMED_INTEGRATED_ENTITY,drugbank_only,CC(O)C1C(=O)N2C(C(=O)O)=C(SC3CNC(CNS(N)(=O)=O)C3)C(C)C12,AVAACINZEOAHHE-VFZPANTDSA-N
DRUG_001285,CONFIRMED_INTEGRATED_ENTITY,drugbank_only,Cc1ccccc1C(=O)Nc1ccc(C(=O)N2CCCC(O)c3cc(Cl)ccc32)c(C)c1,GYHCTFXIZSNGJT-XMMPIXPASA-N
DRUG_001286,CONFIRMED_INTEGRATED_ENTITY,drugbank_only,CNC(=O)c1cnn(-c2nc(N)c3ncn(C4OC(CO)C(O)C4O)c3n2)c1,LZPZPHGJDAGEJZ-AKAIJSEGSA-N
DRUG_001287,CONFIRMED_INTEGRATED_ENTITY,drugbank_only,CN1CC2c3ccccc3Oc3ccc(Cl)cc3C2C1.O=C(O)C=CC(=O)O,GMDCDXMAFMEDAG-BTJKTKAUSA-N
DRUG_001288,CONFIRMED_INTEGRATED_ENTITY,drugbank_only,COc1ccc(CCOC2CCCCC2N2CCC(O)C2)cc1OC,VBHQKCBVWWUUKN-KZNAEPCWSA-N
DRUG_001289,CONFIRMED_INTEGRATED_ENTITY,drugbank_only,COCC(NC(C)=O)C(=O)NCc1ccccc1,VPPJLAIAVCUEMN-GFCCVEGCSA-N
DRUG_001290,CONFIRMED_INTEGRATED_ENTITY,drugbank_only,O=C(NCC1CN(c2ccc(N3CCOCC3=O)cc2)C(=O)O1)c1ccc(Cl)s1,KGFYHTZWPPHNLQ-AWEZNQCLSA-N
DRUG_001291,CONFIRMED_INTEGRATED_ENTITY,drugbank_only,COc1ccc(CNc2nc(N3CCCC3CO)ncc2C(=O)NCc2ncccn2)cc1Cl,WEAJZXNPAWBCOA-INIZCTEOSA-N
DRUG_001292,CONFIRMED_INTEGRATED_ENTITY,drugbank_only,NCCCC(N)(C(=O)O)C(F)F,VLCYCQAOQCDTCN-UHFFFAOYSA-N
DRUG_001293,CONFIRMED_INTEGRATED_ENTITY,drugbank_only,CCCCCCOC(=O)CCC(=O)CN,RYQOILLJDKPETL-UHFFFAOYSA-N
DRUG_001294,CONFIRMED_INTEGRATED_ENTITY,drugbank_only,NC(C(=O)O)C(O)c1ccc(O)c(O)c1,QXWYKJLNLSIPIN-JGVFFNPUSA-N
DRUG_001295,CONFIRMED_INTEGRATED_ENTITY,drugbank_only,CC(=O)C1(N)Cc2c(O)c3c(c(O)c2C(OC2CC(O)C(O)CO2)C1)C(=O)c1ccccc1C3=O,VJZITPJGSQKZMX-XDPRQOKASA-N
DRUG_001296,CONFIRMED_INTEGRATED_ENTITY,drugbank_only,Cc1ccc(C(=O)C(C)CN2CCCCC2)cc1,FSKFPVLPFLJRQB-UHFFFAOYSA-N
DRUG_001297,CONFIRMED_INTEGRATED_ENTITY,drugbank_only,CCCOc1ccc(S(=O)(=O)NCCC2CCCN2C)cc1-c1nc(=O)c2c([nH]1)c(CCC)nn2C,IYFNEFQTYQPVOC-UHFFFAOYSA-N
DRUG_001298,CONFIRMED_INTEGRATED_ENTITY,drugbank_only,Cc1cc2c(cc1CC(=O)c1sccc1S(=O)(=O)Nc1onc(C)c1Cl)OCO2,PHWXUGHIIBDVKD-UHFFFAOYSA-N
DRUG_001299,CONFIRMED_INTEGRATED_ENTITY,drugbank_only,CC1CN(CC(Cc2ccccc2)C(=O)NCC(=O)O)CCC1(C)c1cccc(O)c1,UPNUIXSCZBYVBB-JVFUWBCBSA-N
DRUG_001300,CONFIRMED_INTEGRATED_ENTITY,drugbank_only,COC1CC2CCC(C)C(O)(O2)C(=O)C(=O)N2CCCCC2C(=O)OC(C(C)CC2CCC(OC(=O)C(C)(CO)CO)C(OC)C2)CC(=O)C(C)C=C(C)C(O)C(OC)C(=O)C(C)CC(C)C=CC=CC=C1C,CBPNZQVSJQDFBE-FUXHJELOSA-N
DRUG_001301,CONFIRMED_INTEGRATED_ENTITY,drugbank_only,CCN1CCCC1CNC(=O)c1cc(S(=O)(=O)CC)c(N)cc1OC,NTJOBXMMWNYJFB-UHFFFAOYSA-N
DRUG_001302,CONFIRMED_INTEGRATED_ENTITY,drugbank_only,COc1ccc2c(OC3CC4C(=O)NC5(C(=O)NS(=O)(=O)C6CC6)CC5C=CCCCCN(C)C(=O)C4C3)cc(-c3nc(C(C)C)cs3)nc2c1C,JTZZSQYMACOLNN-DKNYXMQZSA-N
DRUG_001303,CONFIRMED_INTEGRATED_ENTITY,drugbank_only,CCOc1ccc(Cc2cc(C3OC(CO)C(O)C(O)C3O)ccc2Cl)cc1,JVHXJTBJCFBINQ-ADAARDCZSA-N
DRUG_001304,CONFIRMED_INTEGRATED_ENTITY,drugbank_only,N#CC1CC2CC2N1C(=O)C(N)C12CC3CC(CC(O)(C3)C1)C2,QGJUIPDUBHWZPV-SGTAVMJGSA-N
DRUG_001305,CONFIRMED_INTEGRATED_ENTITY,drugbank_only,Cc1c(-c2ccc(O)cc2)n(Cc2ccc(OCCN3CCCCCC3)cc2)c2ccc(O)cc12,UCJGJABZCDBEDK-UHFFFAOYSA-N
DRUG_001306,CONFIRMED_INTEGRATED_ENTITY,drugbank_only,CCCCCCCCCCNCCNC1(C)CC(OC2C(Oc3c4cc5cc3Oc3ccc(cc3Cl)C(O)C3NC(=O)C(NC(=O)C5NC(=O)C(CC(N)=O)NC(=O)C(NC(=O)C(CC(C)C)NC)C(O)c5ccc(c(Cl)c5)O4)c4ccc(O)c(c4)-c4c(cc(O)c(CNCP(=O)(O)O)c4O)C(C(=O)O)NC3=O)OC(CO)C(O)C2O)OC(C)C1O,ONUMZHGUFYIKPM-MXNFEBESSA-N
DRUG_001307,CONFIRMED_INTEGRATED_ENTITY,both,COC(c1ccccc1)(c1ccccc1)C(Oc1nc(C)cc(C)n1)C(=O)O,OUJTZYPIHDYQMC-LJQANCHMSA-N
DRUG_001308,CONFIRMED_INTEGRATED_ENTITY,drugbank_only,C=C1C(=CC=C2CCCC3(C)C2CCC3C(C)C=CC(C)C(C)C)CC(O)CC1O,HKXBNHCUPKIYDM-CGMHZMFXSA-N
DRUG_001309,CONFIRMED_INTEGRATED_ENTITY,drugbank_only,CC12CC(=CO)C(=O)CC1CCC1C2CCC2(C)C1CCC2(C)O,ICMWWNHDUZJFDW-DHODBPELSA-N
DRUG_001310,CONFIRMED_INTEGRATED_ENTITY,drugbank_only,Cc1cc(C#N)cc(C)c1Oc1nc(Nc2ccc(C#N)cc2)nc(N)c1Br,PYGWGZALEOIKDF-UHFFFAOYSA-N
DRUG_001311,CONFIRMED_INTEGRATED_ENTITY,drugbank_only,CSCCNc1nc(SCCC(F)(F)F)nc2c1ncn2C1OC(COP(=O)(O)OP(=O)(O)C(Cl)(Cl)P(=O)(O)O)C(O)C1O,PAEBIVWUMLRPSK-IDTAVKCVSA-N
DRUG_001312,CONFIRMED_INTEGRATED_ENTITY,drugbank_only,COCCCN1CCC(NC(=O)c2cc(Cl)c(N)c3c2OCC3)CC1,ZPMNHBXQOOVQJL-UHFFFAOYSA-N
DRUG_001313,CONFIRMED_INTEGRATED_ENTITY,drugbank_only,Cc1ccc(Nc2nccc(N(C)c3ccc4c(C)n(C)nc4c3)n2)cc1S(N)(=O)=O,CUIHSIWYWATEQL-UHFFFAOYSA-N
DRUG_001314,CONFIRMED_INTEGRATED_ENTITY,drugbank_only,COc1ccc2cccc(CCNC(C)=O)c2c1,YJYPHIXNFHFHND-UHFFFAOYSA-N
DRUG_001315,CONFIRMED_INTEGRATED_ENTITY,drugbank_only,COC1C(N(C)C(=O)c2ccccc2)CC2OC1(C)n1c3ccccc3c3c4c(c5c6ccccc6n2c5c31)C(=O)NC4,BMGQWWVMWDBQGC-IIFHNQTCSA-N
DRUG_001316,CONFIRMED_INTEGRATED_ENTITY,drugbank_only,Cc1[nH]c2ccccc2c1CCNCc1ccc(C=CC(=O)NO)cc1,FPOHNWQLNRZRFC-ZHACJKMWSA-N
DRUG_001317,CONFIRMED_INTEGRATED_ENTITY,drugbank_only,COc1ccc(-n2nc(C(N)=O)c3c2C(=O)N(c2ccc(N4CCCCC4=O)cc2)CC3)cc1,QNZCBYKSOIHPEH-UHFFFAOYSA-N
DRUG_001318,CONFIRMED_INTEGRATED_ENTITY,drugbank_only,COc1cc(Nc2c(C#N)cnc3cc(OCCCN4CCN(C)CC4)c(OC)cc23)c(Cl)cc1Cl,UBPYILGKFZZVDX-UHFFFAOYSA-N
DRUG_001319,CONFIRMED_INTEGRATED_ENTITY,drugbank_only,CNC(=O)c1ccccc1Sc1ccc2c(C=Cc3ccccn3)n[nH]c2c1,RITAVMQDGBJQJZ-FMIVXFBMSA-N
DRUG_001320,CONFIRMED_INTEGRATED_ENTITY,drugbank_only,CNCC(=O)OCc1cccnc1N(C)C(=O)OC(C)[n+]1cnn(CC(O)(c2cc(F)ccc2F)C(C)c2nc(-c3ccc(C#N)cc3)cs2)c1,RSWOJTICKMKTER-QXLBVTBOSA-N
DRUG_001321,CONFIRMED_INTEGRATED_ENTITY,drugbank_only,Nc1ccncc1,NUKYPUAOHBNCPY-UHFFFAOYSA-N
DRUG_001322,CONFIRMED_INTEGRATED_ENTITY,drugbank_only,CC(NCc1ccc(OCc2cccc(F)c2)cc1)C(N)=O,NEMGRZFTLSKBAP-LBPRGKRZSA-N
DRUG_001323,CONFIRMED_INTEGRATED_ENTITY,drugbank_only,NCCCCC1NC(=O)C(Cc2c[nH]c3ccccc23)NC(=O)C(c2ccccc2)NC(=O)C2CC(OC(=O)NCCN)CN2C(=O)C(Cc2ccccc2)NC(=O)C(Cc2ccc(OCc3ccccc3)cc2)NC1=O,VMZMNAABQBOLAK-DBILLSOUSA-N
DRUG_001324,CONFIRMED_INTEGRATED_ENTITY,drugbank_only,N#Cc1ccc2[nH]cc(CCCCN3CCN(c4ccc5oc(C(N)=O)cc5c4)CC3)c2c1,SGEGOXDYSFKCPT-UHFFFAOYSA-N
DRUG_001325,CONFIRMED_INTEGRATED_ENTITY,drugbank_only,CCCCCCCCC=CCCCCCCCC(=O)O.NCCO,KGWDUNBJIMUFAP-KVVVOXFISA-N
DRUG_001326,CONFIRMED_INTEGRATED_ENTITY,drugbank_only,[N-]=[N+]=O,GQPLMRYTRLFLPF-UHFFFAOYSA-N
DRUG_001327,CONFIRMED_INTEGRATED_ENTITY,drugbank_only,COc1ccc(CN(CCN(C)C)c2ccccn2)cc1,YECBIJXISLIIDS-UHFFFAOYSA-N
DRUG_001328,CONFIRMED_INTEGRATED_ENTITY,drugbank_only,Cc1cc(C(C)(C)C)cc(C)c1CC1=NCCN1,HUCJFAOMUPXHDK-UHFFFAOYSA-N
DRUG_001329,CONFIRMED_INTEGRATED_ENTITY,drugbank_only,CCCCCCOC(=O)N=C(N)c1ccc(NCc2nc3cc(C(=O)N(CCC(=O)OCC)c4ccccn4)ccc3n2C)cc1,KSGXQBZTULBEEQ-UHFFFAOYSA-N
DRUG_001330,CONFIRMED_INTEGRATED_ENTITY,drugbank_only,NCCC(O)C(=O)NC1CC(N)C(OC2OC(CN)CCC2N)C(O)C1OC1OC(CO)C(O)C(N)C1O,MKKYBZZTJQGVCD-XTCKQBCOSA-N
DRUG_001331,CONFIRMED_INTEGRATED_ENTITY,drugbank_only,COC1OC2OC3(C)CCC4C(C)CCC(C1C)C24OO3,SXYIRMFQILZOAM-HVNFFKDJSA-N
DRUG_001332,CONFIRMED_INTEGRATED_ENTITY,drugbank_only,CNCCc1ccccn1,UUQMNUMQCIQDMZ-UHFFFAOYSA-N
DRUG_001333,CONFIRMED_INTEGRATED_ENTITY,drugbank_only,CC(=O)NC(Cc1ccc2ccccc2c1)C(=O)NC(Cc1ccc(Cl)cc1)C(=O)NC(Cc1cccnc1)C(=O)NC(CO)C(=O)NC(Cc1ccc(NC(=O)C2CC(=O)NC(=O)N2)cc1)C(=O)NC(Cc1ccc(NC(N)=O)cc1)C(=O)NC(CC(C)C)C(=O)NC(CCCCNC(C)C)C(=O)N1CCCC1C(=O)NC(C)C(N)=O,MEUCPCLKGZSHTA-XYAYPHGZSA-N
DRUG_001334,CONFIRMED_INTEGRATED_ENTITY,both,CN(C)CC(c1ccc(O)cc1)C1(O)CCCCC1,KYYIDSXMWOZKMP-UHFFFAOYSA-N
DRUG_001335,CONFIRMED_INTEGRATED_ENTITY,drugbank_only,CC(C)C(=O)Oc1ccc(CO)cc1C(CCN(C(C)C)C(C)C)c1ccccc1,DCCSDBARQIPTGU-HSZRJFAPSA-N
DRUG_001336,CONFIRMED_INTEGRATED_ENTITY,drugbank_only,NC(N)=NCc1cccc(I)c1,PDWUPXJEEYOOTR-UHFFFAOYSA-N
DRUG_001337,CONFIRMED_INTEGRATED_ENTITY,drugbank_only,CNC(C)CCC=C(C)C,XVQUOJBERHHONY-UHFFFAOYSA-N
DRUG_001338,CONFIRMED_INTEGRATED_ENTITY,drugbank_only,CC(N)C(O)c1ccc(O)c(O)c1,GEFQWZLICWMTKF-CDUCUWFYSA-N
DRUG_001339,CONFIRMED_INTEGRATED_ENTITY,drugbank_only,CCCCN(CCCC)CC(O)c1cc(Cl)cc2c1-c1ccc(Cl)cc1C2=Cc1ccc(Cl)cc1,DYLGFOYVTXJFJP-MYYYXRDXSA-N
DRUG_001340,CONFIRMED_INTEGRATED_ENTITY,drugbank_only,CC(=O)OC(C)C[N+](C)(C)C,NZWOPGCLSHLLPA-UHFFFAOYSA-N
DRUG_001341,CONFIRMED_INTEGRATED_ENTITY,drugbank_only,CC12CCC(=O)C=C1CCC1C2CCC2(C)C1CCC2(C)O,GCKMFJBGXUYNAG-HLXURNFRSA-N
DRUG_001342,CONFIRMED_INTEGRATED_ENTITY,drugbank_only,c1ccc2c(CC3=NCCN3)cccc2c1,CNIIGCLFLJGOGP-UHFFFAOYSA-N
DRUG_001343,CONFIRMED_INTEGRATED_ENTITY,drugbank_only,COC(=O)C1=C(C#N)NC(C)=C(C(=O)OC(C)C)C1c1cccc([N+](=O)[O-])c1,FAIIFDPAEUKBEP-UHFFFAOYSA-N
DRUG_001344,CONFIRMED_INTEGRATED_ENTITY,drugbank_only,C#CC1(O)CCC2C3CCC4=CC(=NO)CCC4C3CCC21CC,ISHXLNHNDMZNMC-XUDSTZEESA-N
DRUG_001345,CONFIRMED_INTEGRATED_ENTITY,drugbank_only,[I-].[K+],NLKNQRATVPKPDG-UHFFFAOYSA-M
DRUG_001346,CONFIRMED_INTEGRATED_ENTITY,drugbank_only,CC(C)c1cccc(C(C)C)c1OCOP(=O)(O)O,QVNNONOFASOXQV-UHFFFAOYSA-N
DRUG_001347,CONFIRMED_INTEGRATED_ENTITY,drugbank_only,CC(OC1OCCN(Cc2nc(=O)n(P(=O)(O)O)[nH]2)C1c1ccc(F)cc1)c1cc(C(F)(F)F)cc(C(F)(F)F)c1,BARDROPHSZEBKC-OITMNORJSA-N
DRUG_001348,CONFIRMED_INTEGRATED_ENTITY,drugbank_only,CC12Cc3c[nH]nc3CC1CCC1C2CCC2(C)C1CCC2(C)O,LKAJKIOFIWVMDJ-IYRCEVNGSA-N
DRUG_001349,CONFIRMED_INTEGRATED_ENTITY,drugbank_only,[Al+3].[OH-].[OH-].[OH-],WNROFYMDJYEPJX-UHFFFAOYSA-K
DRUG_001350,CONFIRMED_INTEGRATED_ENTITY,drugbank_only,O=C([O-])[O-].[Ca+2],VTYYLEPIZMXCLO-UHFFFAOYSA-L
DRUG_001351,CONFIRMED_INTEGRATED_ENTITY,drugbank_only,CN1C(C(=O)Nc2ccccn2)=C(O)c2sc(Cl)cc2S1(=O)=O,WLHQHAUOOXYABV-UHFFFAOYSA-N
DRUG_001352,CONFIRMED_INTEGRATED_ENTITY,drugbank_only,Nc1ccc(S(=O)(=O)Nc2ccnn2-c2ccccc2)cc1,QWCJHSGMANYXCW-UHFFFAOYSA-N
DRUG_001353,CONFIRMED_INTEGRATED_ENTITY,drugbank_only,C#CC1(O)C=CC2C3CCC4=CC(=O)CCC4C3CCC21CC,SIGSPDASOTUPFS-XUDSTZEESA-N
DRUG_001354,CONFIRMED_INTEGRATED_ENTITY,drugbank_only,O=C(O)COC(=O)Cc1ccccc1Nc1c(Cl)cccc1Cl,MNIPYSSQXLZQLJ-UHFFFAOYSA-N
DRUG_001355,CONFIRMED_INTEGRATED_ENTITY,drugbank_only,CC(C(=O)O)c1ccc2c(c1)CC(=O)c1ccccc1S2,MUXFZBHBYYYLTH-UHFFFAOYSA-N
DRUG_001356,CONFIRMED_INTEGRATED_ENTITY,drugbank_only,CCC(=O)C1(c2cccc(O)c2)CCN(C)CC1,ALFGKMXHOUSVAD-UHFFFAOYSA-N
DRUG_001357,CONFIRMED_INTEGRATED_ENTITY,drugbank_only,CC1=C(C)C(=O)C(C(CCCCCC(=O)O)c2ccccc2)=C(C)C1=O,ZBVKEHDGYSLCCC-UHFFFAOYSA-N
DRUG_001358,CONFIRMED_INTEGRATED_ENTITY,drugbank_only,Nc1c(Br)cc(Br)cc1CNC1CCC(O)CC1,JBDGDEWWOUBZPM-XYPYZODXSA-N
DRUG_001359,CONFIRMED_INTEGRATED_ENTITY,drugbank_only,c1ccc2c(c1)CCCC2C1=NCCN1,BYJAVTDNIXVSPW-UHFFFAOYSA-N
DRUG_001360,CONFIRMED_INTEGRATED_ENTITY,drugbank_only,CN1CCC(=C2c3ccccc3CCn3c(C=O)cnc32)CC1,MWTBKTRZPHJQLH-UHFFFAOYSA-N
DRUG_001361,CONFIRMED_INTEGRATED_ENTITY,drugbank_only,[Cl-].[NH4+],NLXLAEXVIDQMFP-UHFFFAOYSA-N
DRUG_001362,CONFIRMED_INTEGRATED_ENTITY,drugbank_only,Cn1c(CCCC(=O)O)nc2cc(N(CCCl)CCCl)ccc21,YTKUWDBFDASYHO-UHFFFAOYSA-N
DRUG_001363,CONFIRMED_INTEGRATED_ENTITY,drugbank_only,OCc1ccccc1,WVDDGKGOMKODPV-UHFFFAOYSA-N
DRUG_001364,CONFIRMED_INTEGRATED_ENTITY,drugbank_only,NC1CCCCN(c2c(F)cc3c(=O)c(C(=O)O)cn(C4CC4)c3c2Cl)C1,QFFGVLORLPOAEC-SNVBAGLBSA-N
DRUG_001365,CONFIRMED_INTEGRATED_ENTITY,drugbank_only,COC1C(=O)C2(C)C(OC)CC3OCC3(OC(C)=O)C2C(OC(=O)c2ccccc2)C2(O)CC(OC(=O)C(O)C(NC(=O)OC(C)(C)C)c3ccccc3)C(C)=C1C2(C)C,BMQGVNUXMIRLCK-OAGWZNDDSA-N
DRUG_001366,CONFIRMED_INTEGRATED_ENTITY,drugbank_only,COc1cc(CNC(=O)CCCCC=CC(C)C)ccc1O,YKPUWZUDDOIDPM-SOFGYWHQSA-N
DRUG_001367,CONFIRMED_INTEGRATED_ENTITY,drugbank_only,CCCC(=O)OC1(C(=O)COC(C)=O)CCC2C3CC(F)C4=CC(=O)C=CC4(C)C3(F)C(O)CC21C,WYQPLTPSGFELIB-JTQPXKBDSA-N
DRUG_001368,CONFIRMED_INTEGRATED_ENTITY,drugbank_only,OCC(S)CS,WQABCVAJNWAXTE-UHFFFAOYSA-N
DRUG_001369,CONFIRMED_INTEGRATED_ENTITY,drugbank_only,CC1(C)OC2CC3C4CCC5=CC(=O)CCC5(C)C4(F)C(O)CC3(C)C2(C(=O)CCl)O1,MUQNGPZZQDCDFT-JNQJZLCISA-N
DRUG_001370,CONFIRMED_INTEGRATED_ENTITY,drugbank_only,CC(=O)O.CC(=O)O.CCNC(=O)C1CCCN1C(=O)C(CCCNC(=N)N)NC(=O)C(CC(C)C)NC(=O)C(Cc1cn(Cc2ccccc2)cn1)NC(=O)C(Cc1ccc(O)cc1)NC(=O)C(CO)NC(=O)C(Cc1c[nH]c2ccccc12)NC(=O)C(Cc1c[nH]cn1)NC(=O)C1CCC(=O)N1,BKEMVGVBBDMHKL-VYFXDUNUSA-N
DRUG_001371,CONFIRMED_INTEGRATED_ENTITY,drugbank_only,CCCCCC(=O)OC1(C(C)=O)CCC2C3CCC4=CC(=O)CCC4(C)C3CCC21C,DOMWKUIIPQCAJU-LJHIYBGHSA-N
DRUG_001372,CONFIRMED_INTEGRATED_ENTITY,drugbank_only,CC(C)C1NC(=O)C(CCCCN)NC(=O)C(Cc2c[nH]c3ccccc23)NC(=O)C(Cc2ccc(O)cc2)NC(=O)C(NC(=O)C(N)Cc2ccc3ccccc3c2)CSSCC(C(=O)NC(C(N)=O)C(C)O)NC1=O,PUDHBTGHUJUUFI-UHFFFAOYSA-N
DRUG_001373,CONFIRMED_INTEGRATED_ENTITY,drugbank_only,O=C([O-])[O-].O=C([O-])[O-].O=C([O-])[O-].[La+3].[La+3],NZPIUJUFIFZSPW-UHFFFAOYSA-H
DRUG_001374,CONFIRMED_INTEGRATED_ENTITY,drugbank_only,N#Cc1cc(NC(=O)C(=O)O)c(Cl)c(NC(=O)C(=O)O)c1,RVGLGHVJXCETIO-UHFFFAOYSA-N
DRUG_001375,CONFIRMED_INTEGRATED_ENTITY,drugbank_only,NCc1ccc(S(N)(=O)=O)cc1,TYMRLRRVMHJFTF-UHFFFAOYSA-N
DRUG_001376,CONFIRMED_INTEGRATED_ENTITY,drugbank_only,C1N2CN3CN1CN(C2)C3,VKYKSIONXSXAKP-UHFFFAOYSA-N
DRUG_001377,CONFIRMED_INTEGRATED_ENTITY,drugbank_only,C[N+]1(CC2CC2)CCC23c4c5ccc(O)c4OC2C(=O)CCC3(O)C1C5,JVLBPIPGETUEET-WIXLDOGYSA-O
DRUG_001378,CONFIRMED_INTEGRATED_ENTITY,drugbank_only,NC(=O)Cc1cccc(C(=O)c2ccccc2)c1N,QEFAQIPZVLVERP-UHFFFAOYSA-N
DRUG_001379,CONFIRMED_INTEGRATED_ENTITY,drugbank_only,O=C(Nc1ccc([N+](=O)[O-])cc1Cl)c1cc(Cl)ccc1O,RJMUSRYZPJIFPJ-UHFFFAOYSA-N
DRUG_001380,CONFIRMED_INTEGRATED_ENTITY,drugbank_only,CCCCCCCCCc1ccc(OCCOCCOCCOCCOCCOCCOCCOCCOCCO)cc1,FBWNMEQMRUMQSO-UHFFFAOYSA-N
DRUG_001381,CONFIRMED_INTEGRATED_ENTITY,drugbank_only,COC(C(=O)C(O)C(C)O)C1Cc2cc3cc(OC4CC(OC5CC(O)C(O)C(C)O5)C(O)C(C)O4)c(C)c(O)c3c(O)c2C(=O)C1OC1CC(OC2CC(OC3CC(C)(O)C(O)C(C)O3)C(O)C(C)O2)C(O)C(C)O1,CFCUWKMKBJTWLW-BKHRDMLASA-N
DRUG_001382,CONFIRMED_INTEGRATED_ENTITY,drugbank_only,C#CCC(Cc1cnc2nc(N)nc(N)c2n1)c1ccc(C(=O)NC(CCC(=O)O)C(=O)O)cc1,OGSBUKJUDHAQEA-WMCAAGNKSA-N
DRUG_001383,CONFIRMED_INTEGRATED_ENTITY,drugbank_only,Cc1cc(C=Cc2ccc3cc(N(C)C)ccc3[n+]2C)c(C)n1-c1ccccc1,QMHSXPLYMTVAMK-UHFFFAOYSA-N
DRUG_001384,CONFIRMED_INTEGRATED_ENTITY,drugbank_only,Cc1nnc(C(=O)NC(C)(C)c2nc(C(=O)NCc3ccc(F)cc3)c(O)c(=O)n2C)o1,CZFFBEXEKNGXKS-UHFFFAOYSA-N
DRUG_001385,CONFIRMED_INTEGRATED_ENTITY,drugbank_only,O=C(O)CCCc1ccccc1,OBKXEAXTFZPCHS-UHFFFAOYSA-N
DRUG_001386,CONFIRMED_INTEGRATED_ENTITY,drugbank_only,Clc1ccc(CSC(Cn2ccnc2)c2ccc(Cl)cc2Cl)cc1,AFNXATANNDIXLG-UHFFFAOYSA-N
DRUG_001387,CONFIRMED_INTEGRATED_ENTITY,drugbank_only,NCCNCCNCCN,VILCJCGEZXAXTO-UHFFFAOYSA-N
DRUG_001388,CONFIRMED_INTEGRATED_ENTITY,drugbank_only,CC(C)CC(NC(=O)C(Cc1c[nH]c2ccccc12)NC(=O)C(Cc1ccc(O)cc1)NC(=O)C(CO)NC(=O)C(Cc1c[nH]c2ccccc12)NC(=O)C(Cc1c[nH]cn1)NC(=O)C1CCC(=O)N1)C(=O)NC(CCCNC(=N)N)C(=O)N1CCCC1C(=O)NCC(N)=O,VXKHXGOKWPXYNA-PGBVPBMZSA-N
DRUG_001389,CONFIRMED_INTEGRATED_ENTITY,drugbank_only,CCCCCCCC(=O)CCC1C(O)CC(O)C1CC=CCCCC(=O)O,TVHAZVBUYQMHBC-SNHXEXRGSA-N
DRUG_001390,CONFIRMED_INTEGRATED_ENTITY,drugbank_only,N=C1NC(O)CC(C2NC(=O)C(=CNC(N)=O)NC(=O)C(CO)NC(=O)C(CO)NC(=O)C(NC(=O)CC(N)CCCN)CNC2=O)N1,GXFAIFRPOKBQRV-GHXCTMGLSA-N
DRUG_001391,CONFIRMED_INTEGRATED_ENTITY,drugbank_only,COc1ccc(C=CC(=O)Nc2ccccc2C(=O)O)cc1OC,NZHGWWWHIYHZNX-CSKARUKUSA-N
DRUG_001392,CONFIRMED_INTEGRATED_ENTITY,drugbank_only,CCC(=O)NS(=O)(=O)c1ccc(-c2c(-c3ccccc3)noc2C)cc1,TZRHLKRLEZJVIJ-UHFFFAOYSA-N
DRUG_001393,CONFIRMED_INTEGRATED_ENTITY,drugbank_only,CC1(C)SC2C(NC(=O)C(N=[N+]=[N-])c3ccccc3)C(=O)N2C1C(=O)O,ODFHGIPNGIAMDK-NJBDSQKTSA-N
DRUG_001394,CONFIRMED_INTEGRATED_ENTITY,drugbank_only,O=C(OCCOCCN1CCCCC1)N1c2ccccc2Sc2cccnc21,DTVJXCOMJLLMAK-UHFFFAOYSA-N
DRUG_001395,CONFIRMED_INTEGRATED_ENTITY,drugbank_only,NC(=O)c1ccccc1O,SKZKKFZAGNVIMN-UHFFFAOYSA-N
DRUG_001396,CONFIRMED_INTEGRATED_ENTITY,drugbank_only,Cc1nc(NS(=O)(=O)c2ccc(N)cc2)oc1C,CYFLXLSBHQBMFT-UHFFFAOYSA-N
DRUG_001397,CONFIRMED_INTEGRATED_ENTITY,drugbank_only,c1ccc(CN(CC2=NCCN2)c2ccccc2)cc1,REYFJDPCWQRWAA-UHFFFAOYSA-N
DRUG_001398,CONFIRMED_INTEGRATED_ENTITY,drugbank_only,CN(C)CCN(Cc1ccc(Cl)cc1)c1ccccn1,ICKFFNBDFNZJSX-UHFFFAOYSA-N
DRUG_001399,CONFIRMED_INTEGRATED_ENTITY,drugbank_only,CC(C1=C(CCN(C)C)Cc2ccccc21)c1ccccn1,MVMQESMQSYOVGV-UHFFFAOYSA-N
DRUG_001400,CONFIRMED_INTEGRATED_ENTITY,drugbank_only,CC(CN1c2ccccc2Sc2cccnc21)N(C)C,OQJBSDFFQWMKBQ-UHFFFAOYSA-N
DRUG_001401,CONFIRMED_INTEGRATED_ENTITY,drugbank_only,CCCCCCCCCC(=O)OC1CCC2C3CCC4=CC(=O)CCC4C3CCC12C,JKWKMORAXJQQSR-MOPIKTETSA-N
DRUG_001402,CONFIRMED_INTEGRATED_ENTITY,drugbank_only,CC(=O)OCC(=O)NCCCOc1cccc(CN2CCCCC2)c1,SMTZFNFIKUPEJC-UHFFFAOYSA-N
DRUG_001403,CONFIRMED_INTEGRATED_ENTITY,drugbank_only,Cc1cc2c(OCC(CNC(C)(C)C)OC(=O)c3ccccc3)cccc2[nH]1,UUOJIACWOAYWEZ-UHFFFAOYSA-N
DRUG_001404,CONFIRMED_INTEGRATED_ENTITY,drugbank_only,Cc1ccc(Cl)c(OCC(O)CNC(C)(C)C)c1,HQIRNZOQPUAHHV-UHFFFAOYSA-N
DRUG_001405,CONFIRMED_INTEGRATED_ENTITY,drugbank_only,CCC1C(C)=NN=C(c2ccc(OC)c(OC)c2)c2cc(OC)c(OC)cc21,RUJBDQSFYCKFAA-UHFFFAOYSA-N
DRUG_001406,CONFIRMED_INTEGRATED_ENTITY,drugbank_only,CC(=O)Oc1cc(C(F)(F)F)ccc1C(=O)O,RMWVZGDJPAKBDE-UHFFFAOYSA-N
DRUG_001407,CONFIRMED_INTEGRATED_ENTITY,drugbank_only,O=C1C2C3CCC(C3)C2C(=O)N1CC1CCCCC1CN1CCN(c2nsc3ccccc23)CC1,PQXKDMSYBGKCJA-CVTJIBDQSA-N
DRUG_001408,CONFIRMED_INTEGRATED_ENTITY,drugbank_only,CCCSc1nc(NC2CC2c2ccc(F)c(F)c2)c2nnn(C3CC(OCCO)C(O)C3O)c2n1,OEKWJQXRCDYSHL-FNOIDJSQSA-N
DRUG_001409,CONFIRMED_INTEGRATED_ENTITY,drugbank_only,CC(C)OC(=O)CCCC=CCC1C(O)CC(O)C1C=CC(F)(F)COc1ccccc1,WSNODXPBBALQOF-VEJSHDCNSA-N
DRUG_001410,CONFIRMED_INTEGRATED_ENTITY,drugbank_only,CC(C)(C)c1cc(C(C)(C)C)c(NC(=O)c2c[nH]c3ccccc3c2=O)cc1O,PURKAOJPTOLRMP-UHFFFAOYSA-N
DRUG_001411,CONFIRMED_INTEGRATED_ENTITY,drugbank_only,CCOc1nc2cccc(C(=O)OCc3oc(=O)oc3C)c2n1Cc1ccc(-c2ccccc2-c2noc(=O)[nH]2)cc1,QJFSABGVXDWMIW-UHFFFAOYSA-N
DRUG_001412,CONFIRMED_INTEGRATED_ENTITY,drugbank_only,COC(=O)C1C(c2ccc(I)cc2)CC2CCC1N2CCCF,HXWLAJVUJSVENX-HFIFKADTSA-N
DRUG_001413,CONFIRMED_INTEGRATED_ENTITY,drugbank_only,Cc1c(O)c(=O)ccn1C,TZXKOCQBRNJULO-UHFFFAOYSA-N
DRUG_001414,CONFIRMED_INTEGRATED_ENTITY,drugbank_only,O=C(NC1CCN(CCCCC2(C(=O)NCC(F)(F)F)c3ccccc3-c3ccccc32)CC1)c1ccccc1-c1ccc(C(F)(F)F)cc1,MBBCVAKAJPKAKM-UHFFFAOYSA-N
DRUG_001415,CONFIRMED_INTEGRATED_ENTITY,drugbank_only,CS(=O)(=O)c1ccc(C(=O)Nc2ccc(Cl)c(-c3ccccn3)c2)c(Cl)c1,BPQMGSKTAYIVFO-UHFFFAOYSA-N
DRUG_001416,CONFIRMED_INTEGRATED_ENTITY,drugbank_only,O=C(O)CC(O)CC(O)C=Cc1c(C2CC2)nc2ccccc2c1-c1ccc(F)cc1,VGYFMXBACGZSIL-MCBHFWOFSA-N
DRUG_001417,CONFIRMED_INTEGRATED_ENTITY,drugbank_only,Cc1cc(C=CC#N)cc(C)c1Nc1ccnc(Nc2ccc(C#N)cc2)n1,YIBOMRUWOWDFLG-ONEGZZNKSA-N
DRUG_001418,CONFIRMED_INTEGRATED_ENTITY,drugbank_only,CC(Oc1cc(-c2cnn(C3CCNCC3)c2)cnc1N)c1c(Cl)ccc(F)c1Cl,KTEIFNKAUNYNJU-GFCCVEGCSA-N
DRUG_001419,CONFIRMED_INTEGRATED_ENTITY,drugbank_only,CC(=O)C1(O)CCC2C3CCC4=CC(=O)CCC4=C3C(c3ccc(N(C)C)cc3)CC21C,HKDLNTKNLJPAIY-WKWWZUSTSA-N
DRUG_001420,CONFIRMED_INTEGRATED_ENTITY,drugbank_only,CCCCCCCCc1ccc(CCC(N)(CO)CO)cc1,KKGQTZUTZRNORY-UHFFFAOYSA-N
DRUG_001421,CONFIRMED_INTEGRATED_ENTITY,drugbank_only,CCC=CCC(=O)NC(Cc1ccc(O)cc1)C(=O)NC(C)C(=O)NC(CC(=O)O)C(=O)NC(C)C(=O)NC(C(=O)NC(Cc1ccccc1)C(=O)NC(C(=O)NC(CC(N)=O)C(=O)NC(CO)C(=O)NC(Cc1ccc(O)cc1)C(=O)NC(CCCNC(=N)N)C(=O)NC(CCCCN)C(=O)NC(C(=O)NC(CC(C)C)C(=O)NCC(=O)NC(CCC(N)=O)C(=O)NC(CC(C)C)C(=O)NC(CO)C(=O)NC(C)C(=O)NC(CCCNC(=N)N)C(=O)NC(CCCCN)C(=O)NC(CC(C)C)C(=O)NC(CC(C)C)C(=O)NC(CCC(N)=O)C(=O)NC(CC(=O)O)C(=O)NC(C(=O)NC(CCSC)C(=O)NC(CO)C(=O)NC(CCCNC(=N)N)C(=O)NC(CCC(N)=O)C(=O)NC(CCC(N)=O)C(=O)NCC(=O)NC(CCC(N)=O)C(=O)NC(CO)C(=O)NC(CC(N)=O)C(=O)NC(CCC(N)=O)C(=O)NC(CCCNC(=N)N)C(=O)NCC(=O)NC(C)C(=O)NC(CCCNC(=N)N)C(=O)NC(C)C(=O)NC(CCCNC(=N)N)C(=O)NC(CC(C)C)C(N)=O)C(C)CC)C(C)C)C(C)O)C(C)CC,LAJJBLZKAIOLRM-YHAVXTEWSA-N
DRUG_001422,CONFIRMED_INTEGRATED_ENTITY,drugbank_only,C=C1CC2CCC34CC5OC6C(OC7CCC(CC(=O)CC8C(CC9OC(CCC1O2)CC(C)C9=C)OC(CC(O)CN)C8OC)OC7C6O3)C5O4,UFNVPOGXISZXJD-XJPMSQCNSA-N
DRUG_001423,CONFIRMED_INTEGRATED_ENTITY,drugbank_only,CC(OC(=O)NCC1(CC(=O)O)CCCCC1)OC(=O)C(C)C,TZDUHAJSIBHXDL-UHFFFAOYSA-N
DRUG_001424,CONFIRMED_INTEGRATED_ENTITY,drugbank_only,CC(C)(C)NC(=O)NC(C(=O)N1CC2C(C1C(=O)NC(CC1CCC1)C(=O)C(N)=O)C2(C)C)C(C)(C)C,LHHCSNFAOIFYRV-DOVBMPENSA-N
DRUG_001425,CONFIRMED_INTEGRATED_ENTITY,drugbank_only,CCc1c(Cl)c(O)c(Cl)c(O)c1C(=O)OC1C(C)OC(OCC2=CC=CCC(O)C(C)=CC(CC)C(OC3OC(C)(C)C(OC(=O)C(C)C)C(O)C3O)C(C)=CC(C)=CCC(C(C)O)OC2=O)C(OC)C1O,ZVGNESXIJDCBKN-UUEYKCAUSA-N
DRUG_001426,CONFIRMED_INTEGRATED_ENTITY,drugbank_only,COc1cc2nccc(Oc3ccc(NC(=O)C4(C(=O)Nc5ccc(F)cc5)CC4)cc3)c2cc1OC,ONIQOQHATWINJY-UHFFFAOYSA-N
DRUG_001427,CONFIRMED_INTEGRATED_ENTITY,drugbank_only,N#CCC(C1CCCC1)n1cc(-c2ncnc3[nH]ccc23)cn1,HFNKQEVNSGCOJV-OAHLLOKOSA-N
DRUG_001428,CONFIRMED_INTEGRATED_ENTITY,drugbank_only,CC(O)=C(C#N)C(=O)Nc1ccc(C(F)(F)F)cc1,UTNUDOFZCWSZMS-YFHOEESVSA-N
DRUG_001429,CONFIRMED_INTEGRATED_ENTITY,drugbank_only,CCCS(=O)(=O)Nc1ccc(F)c(C(=O)c2c[nH]c3ncc(-c4ccc(Cl)cc4)cc23)c1F,GPXBXXGIAQBQNI-UHFFFAOYSA-N
DRUG_001430,CONFIRMED_INTEGRATED_ENTITY,drugbank_only,CC#CCn1c(N2CCCC(N)C2)nc2c1c(=O)n(Cc1nc(C)c3ccccc3n1)c(=O)n2C,LTXREWYXXSTFRX-QGZVFWFLSA-N
DRUG_001431,CONFIRMED_INTEGRATED_ENTITY,drugbank_only,N#Cc1ccccc1-c1cc(-c2ccccn2)cn(-c2ccccc2)c1=O,PRMWGUBFXWROHD-UHFFFAOYSA-N
DRUG_001432,CONFIRMED_INTEGRATED_ENTITY,drugbank_only,CCOc1ccc(CC(CN(CCN(CC(=O)[O-])CC(=O)[O-])CC(=O)[O-])N(CC(=O)O)CC(=O)O)cc1.[Gd+3],PCZHWPSNPWAQNF-LMOVPXPDSA-K
DRUG_001433,CONFIRMED_INTEGRATED_ENTITY,drugbank_only,CCC=CCC=CCC=CCC=CCC=CCCCC(=O)OCC,SSQPWTVBQMWLSZ-AAQCHOMXSA-N
DRUG_001434,CONFIRMED_INTEGRATED_ENTITY,drugbank_only,CC(C)CC(NC(=O)C(CCc1ccccc1)NC(=O)CN1CCOCC1)C(=O)NC(Cc1ccccc1)C(=O)NC(CC(C)C)C(=O)C1(C)CO1,BLMPQMFVWMYDKT-NZTKNTHTSA-N
DRUG_001435,CONFIRMED_INTEGRATED_ENTITY,drugbank_only,Nc1nc(CC(=O)Nc2ccc(CCNCC(O)c3ccccc3)cc2)cs1,PBAPPPCECJKMCM-IBGZPJMESA-N
DRUG_001436,CONFIRMED_INTEGRATED_ENTITY,drugbank_only,CC1CCN(C(=O)CC#N)CC1N(C)c1ncnc2[nH]ccc12,UJLAWZDWDVHWOW-YPMHNXCESA-N
DRUG_001437,CONFIRMED_INTEGRATED_ENTITY,drugbank_only,CNC(=O)c1cc(Oc2ccc(NC(=O)Nc3ccc(Cl)c(C(F)(F)F)c3)c(F)c2)ccn1,FNHKPVJBJVTLMP-UHFFFAOYSA-N
DRUG_001438,CONFIRMED_INTEGRATED_ENTITY,drugbank_only,O=C(OC1C[N+]2(CCCOc3ccccc3)CCC1CC2)C(O)(c1cccs1)c1cccs1,ASMXXROZKSBQIH-VITNCHFBSA-N
DRUG_001439,CONFIRMED_INTEGRATED_ENTITY,drugbank_only,CNC(=O)c1ccc(N2C(=S)N(c3ccc(C#N)c(C(F)(F)F)c3)C(=O)C2(C)C)cc1F,WXCXUHSOUPDCQV-UHFFFAOYSA-N
DRUG_001440,CONFIRMED_INTEGRATED_ENTITY,drugbank_only,Cc1ccc(C(=O)Nc2ccc(CN3CCN(C)CC3)c(C(F)(F)F)c2)cc1C#Cc1cnc2cccnn12,PHXJVRSECIGDHY-UHFFFAOYSA-N
DRUG_001441,CONFIRMED_INTEGRATED_ENTITY,drugbank_only,COc1nc2ccc(Br)cc2cc1C(c1ccccc1)C(O)(CCN(C)C)c1cccc2ccccc12,QUIJNHUBAXPXFS-XLJNKUFUSA-N
DRUG_001442,CONFIRMED_INTEGRATED_ENTITY,drugbank_only,CC12CCC3C(CCC4=C(O)C(=O)CCC43C)C1CCC2=O,OSVMTWJCGUFAOD-KZQROQTASA-N
DRUG_001443,CONFIRMED_INTEGRATED_ENTITY,drugbank_only,CC1CC2C3CC(F)C4=CC(=O)C=CC4(C)C3(F)C(O)CC2(C)C1(OC(=O)c1ccco1)C(=O)SCF,XTULMSXFIHGYFS-VLSRWLAYSA-N
DRUG_001444,CONFIRMED_INTEGRATED_ENTITY,drugbank_only,Cc1ccc(C2OC(CO)C(O)C(O)C2O)cc1Cc1ccc(-c2ccc(F)cc2)s1,XTNGUQKDFGDXSJ-ZXGKGEBGSA-N
DRUG_001445,CONFIRMED_INTEGRATED_ENTITY,drugbank_only,COC(=O)C=CC(=O)OC,LDCRTTXIJACKKU-ONEGZZNKSA-N
DRUG_001446,CONFIRMED_INTEGRATED_ENTITY,drugbank_only,O=C(CCCc1ccccc1)OCC(COC(=O)CCCc1ccccc1)OC(=O)CCCc1ccccc1,ZSDBFLMJVAGKOU-UHFFFAOYSA-N
DRUG_001447,CONFIRMED_INTEGRATED_ENTITY,drugbank_only,Nc1cccc2c1C(=O)N(C1CCC(=O)NC1=O)C2=O,UVSMNLNDYGZFPF-UHFFFAOYSA-N
DRUG_001448,CONFIRMED_INTEGRATED_ENTITY,drugbank_only,CC(=O)Nc1cccc(-n2c(=O)n(C3CC3)c(=O)c3c(Nc4ccc(I)cc4F)n(C)c(=O)c(C)c32)c1,LIRYPHYGHXZJBZ-UHFFFAOYSA-N
DRUG_001449,CONFIRMED_INTEGRATED_ENTITY,drugbank_only,CC(C)(C)c1nc(-c2cccc(NS(=O)(=O)c3c(F)cccc3F)c2F)c(-c2ccnc(N)n2)s1,BFSMGDJOXZAERB-UHFFFAOYSA-N
DRUG_001450,CONFIRMED_INTEGRATED_ENTITY,drugbank_only,[Cl-].[Cl-].[Ra+2],RWRDJVNMSZYMDV-SIUYXFDKSA-L
DRUG_001451,CONFIRMED_INTEGRATED_ENTITY,drugbank_only,CN(C)CC=CC(=O)Nc1cc2c(Nc3ccc(F)c(Cl)c3)ncnc2cc1OC1CCOC1,ULXXDDBFHOBEHA-CWDCEQMOSA-N
DRUG_001452,CONFIRMED_INTEGRATED_ENTITY,drugbank_only,CCN(CC)C(=O)C1(c2ccccc2)CC1CN,GJJFMKBJSRMPLA-DZGCQCFKSA-N
DRUG_001453,CONFIRMED_INTEGRATED_ENTITY,drugbank_only,O=C1C2CCCCC2C(=O)N1CCCCN1CCN(c2nsc3ccccc23)CC1,FBVFZWUMDDXLLG-HDICACEKSA-N
DRUG_001454,CONFIRMED_INTEGRATED_ENTITY,drugbank_only,CC1CCOC2Cn3cc(C(=O)NCc4ccc(F)cc4F)c(=O)c(O)c3C(=O)N12,RHWKPHLQXYSBKR-BMIGLBTASA-N
DRUG_001455,CONFIRMED_INTEGRATED_ENTITY,drugbank_only,COC(=O)N(C)c1c(N)nc(-c2nn(Cc3ccccc3F)c3ncccc23)nc1N,WXXSNCNJFUAIDG-UHFFFAOYSA-N
DRUG_001456,CONFIRMED_INTEGRATED_ENTITY,drugbank_only,CCCNS(=O)(=O)Nc1ncnc(OCCOc2ncc(Br)cn2)c1-c1ccc(Br)cc1,JGCMEBMXRHSZKX-UHFFFAOYSA-N
DRUG_001457,CONFIRMED_INTEGRATED_ENTITY,drugbank_only,N#CC(=C1SCC(c2ccc(Cl)cc2Cl)S1)n1ccnc1,YTAOBBFIOAEMLL-REQDGWNSSA-N
DRUG_001458,CONFIRMED_INTEGRATED_ENTITY,drugbank_only,CC(C)OC(=O)C(C)NP(=O)(OCC1OC(n2ccc(=O)[nH]c2=O)C(C)(F)C1O)Oc1ccccc1,TTZHDVOVKQGIBA-IQWMDFIBSA-N
DRUG_001459,CONFIRMED_INTEGRATED_ENTITY,drugbank_only,O.O=S(=O)([O-])[O-].O=S(=O)([O-])[O-].[Al+3].[Al+3].[Al+3].[Al+3].[Al+3].[Mg+2].[Mg+2].[Mg+2].[Mg+2].[Mg+2].[Mg+2].[Mg+2].[Mg+2].[Mg+2].[Mg+2].[OH-].[OH-].[OH-].[OH-].[OH-].[OH-].[OH-].[OH-].[OH-].[OH-].[OH-].[OH-].[OH-].[OH-].[OH-].[OH-].[OH-].[OH-].[OH-].[OH-].[OH-].[OH-].[OH-].[OH-].[OH-].[OH-].[OH-].[OH-].[OH-].[OH-].[OH-],SPPNVMTVMQOKSC-UHFFFAOYSA-A
DRUG_001460,CONFIRMED_INTEGRATED_ENTITY,drugbank_only,CC(COc1ccccc1)NC(C)C(O)c1ccc(O)cc1,BMUKKTUHUDJSNZ-HBUWYVDXSA-N
DRUG_001461,CONFIRMED_INTEGRATED_ENTITY,drugbank_only,Clc1ccc(C(Cn2ccnc2)OCc2c(Cl)cccc2Cl)c(Cl)c1,MPIPASJGOJYODL-UHFFFAOYSA-N
DRUG_001462,CONFIRMED_INTEGRATED_ENTITY,both,CC(O)C(=O)Nc1c(I)c(C(=O)NC(CO)CO)c(I)c(C(=O)NC(CO)CO)c1I,XQZXYNRDCRIARQ-LURJTMIESA-N
DRUG_001463,CONFIRMED_INTEGRATED_ENTITY,drugbank_only,CC(C(O)c1ccc(O)cc1)N1CCC(Cc2ccccc2)CC1,UYNVMODNBIQBMV-UHFFFAOYSA-N
DRUG_001464,CONFIRMED_INTEGRATED_ENTITY,drugbank_only,Oc1ccc(C(O)CNCCCCCCNCC(O)c2ccc(O)c(O)c2)cc1O,OXLZNBCNGJWPRV-UHFFFAOYSA-N
DRUG_001465,CONFIRMED_INTEGRATED_ENTITY,drugbank_only,CCCCC(CC)CN1CN(CC(CC)CCCC)CC(C)(N)C1,DTOUUUZOYKYHEP-UHFFFAOYSA-N
DRUG_001466,CONFIRMED_INTEGRATED_ENTITY,drugbank_only,CCCCC(C)(C)C(O)C=CC1C(O)CC(=O)C1CCCCC=CC(=O)OC,KYBOHGVERHWSSV-VNIVIJDLSA-N
DRUG_001467,CONFIRMED_INTEGRATED_ENTITY,drugbank_only,CC(C)C1OC(=O)C(C(C)C)N(C)C(=O)C(C(C)C)OC(=O)C(C(C)C)N(C)C(=O)C(C(C)C)OC(=O)C(C(C)C)N(C)C1=O,MIZMDSVSLSIMSC-OGLSAIDSSA-N
DRUG_001468,CONFIRMED_INTEGRATED_ENTITY,drugbank_only,CC(CN1c2ccccc2Sc2ccc(S(=O)(=O)N(C)C)cc21)N(C)C,VWNWVCJGUMZDIU-UHFFFAOYSA-N
DRUG_001469,CONFIRMED_INTEGRATED_ENTITY,drugbank_only,C=C1CC2C3CCC4=CC(=O)C=CC4(C)C3(F)C(O)CC2(C)C1(O)C(=O)CO,YVHXHNGGPURVOS-SBTDHBFYSA-N
DRUG_001470,CONFIRMED_INTEGRATED_ENTITY,drugbank_only,CC1CC2C3CC(F)C4=CC(=O)C=CC4(C)C3C(O)CC2(C)C1C(=O)CO,GAKMQHDJQHZUTJ-ULHLPKEOSA-N
DRUG_001471,CONFIRMED_INTEGRATED_ENTITY,drugbank_only,COC(=O)Nc1nc2cc(C(=O)c3ccc(F)cc3)ccc2[nH]1,CPEUVMUXAHMANV-UHFFFAOYSA-N
DRUG_001472,CONFIRMED_INTEGRATED_ENTITY,drugbank_only,O=C(OCC(O)CO)c1ccccc1Nc1ccnc2c(C(F)(F)F)cccc12,APQPGQGAWABJLN-UHFFFAOYSA-N
DRUG_001473,CONFIRMED_INTEGRATED_ENTITY,drugbank_only,O=C(O)CCC(=O)c1ccc(-c2ccccc2)cc1,ZPAKPRAICRBAOD-UHFFFAOYSA-N
DRUG_001474,CONFIRMED_INTEGRATED_ENTITY,drugbank_only,CC(C)(Oc1ccc(Cl)cc1)C(=O)OCCOC(=O)c1cccnc1,XXRVYAFBUDSLJX-UHFFFAOYSA-N
DRUG_001475,CONFIRMED_INTEGRATED_ENTITY,drugbank_only,O=C(OCCOCCO)c1ccccc1Nc1cccc(C(F)(F)F)c1,XILVEPYQJIOVNB-UHFFFAOYSA-N
DRUG_001476,CONFIRMED_INTEGRATED_ENTITY,drugbank_only,CCCN(CC)C(CC)C(=O)Nc1c(C)cccc1C,VTUSIVBDOCDNHS-UHFFFAOYSA-N
DRUG_001477,CONFIRMED_INTEGRATED_ENTITY,drugbank_only,COc1cc(C)nc(-n2nc(C)cc2OC)n1,RHAXSHUQNIEUEY-UHFFFAOYSA-N
DRUG_001478,CONFIRMED_INTEGRATED_ENTITY,drugbank_only,CCc1ccc(C(=O)C(C)CN2CCCCC2)cc1,SQUNAWUMZGQQJD-UHFFFAOYSA-N
DRUG_001479,CONFIRMED_INTEGRATED_ENTITY,drugbank_only,NCCC(O)C(N)CC(=O)NC1CNC(=O)C(C2CCN=C(N)N2)NC(=O)C(=CNC(N)=O)NC(=O)C(CO)NC(=O)C(CO)NC1=O,HPWIIERXAFODPP-GHBBWTPBSA-N
DRUG_001480,CONFIRMED_INTEGRATED_ENTITY,drugbank_only,OCCN(CCO)c1nc(-c2ccccc2)c(-c2ccccc2)o1,UUCMDZWCRNZCOY-UHFFFAOYSA-N
DRUG_001481,CONFIRMED_INTEGRATED_ENTITY,drugbank_only,CN(C)CCCN1c2ccccc2C(C)(C)c2ccccc21,RYQOGSFEJBUZBX-UHFFFAOYSA-N
DRUG_001482,CONFIRMED_INTEGRATED_ENTITY,drugbank_only,CC(CN(C)C)CN1c2ccccc2Sc2ccc(C#N)cc21,SLFGIOIONGJGRT-UHFFFAOYSA-N
DRUG_001483,CONFIRMED_INTEGRATED_ENTITY,drugbank_only,O=C(Cc1cccs1)NC1C(=O)N2C(C(=O)[O-])=C(C[n+]3ccccc3)CSC12,CZTQZXZIADLWOZ-CRAIPNDOSA-N
DRUG_001484,CONFIRMED_INTEGRATED_ENTITY,drugbank_only,CCCNC(C)C(=O)Nc1c(C)csc1C(=O)OC,QTGIAADRBBLJGA-UHFFFAOYSA-N
DRUG_001485,CONFIRMED_INTEGRATED_ENTITY,drugbank_only,CCCCSc1ccc(C(SCCN(C)C)c2ccccc2)cc1,IZLPZXSZLLELBJ-UHFFFAOYSA-N
DRUG_001486,CONFIRMED_INTEGRATED_ENTITY,drugbank_only,CC12CCC(=O)C=C1C=CC1C2CCC2(C)C1CCC2(O)CCC(=O)O,PBKZPPIHUVSDNM-WNHSNXHDSA-N
DRUG_001487,CONFIRMED_INTEGRATED_ENTITY,drugbank_only,Cc1nnc2n1-c1sc(Br)cc1C(c1ccccc1Cl)=NC2,UMSGKTJDUHERQW-UHFFFAOYSA-N
DRUG_001488,CONFIRMED_INTEGRATED_ENTITY,drugbank_only,CCN(CC)CCNC(=O)c1cc(Br)c(N)cc1OC,GIYAQDDTCWHPPL-UHFFFAOYSA-N
DRUG_001489,CONFIRMED_INTEGRATED_ENTITY,drugbank_only,CC(=O)Oc1ccc(C(c2ccc(OC(C)=O)cc2)c2ccccn2)cc1,KHOITXIGCFIULA-UHFFFAOYSA-N
DRUG_001490,CONFIRMED_INTEGRATED_ENTITY,drugbank_only,CNCC12CCC(c3ccccc31)c1ccccc12,GNRXCIONJWKSEA-UHFFFAOYSA-N
DRUG_001491,CONFIRMED_INTEGRATED_ENTITY,both,COCCCOc1cc(CC(CC(N)C(O)CC(C(=O)NCC(C)(C)C(N)=O)C(C)C)C(C)C)ccc1OC,UXOWGYHJODZGMF-QORCZRPOSA-N
DRUG_001492,CONFIRMED_INTEGRATED_ENTITY,drugbank_only,COC(=O)NC(C(=O)N1CC2(CC2)CC1c1nc(-c2ccc3c(c2)C(F)(F)c2cc(-c4ccc5[nH]c(C6C7CCC(C7)N6C(=O)C(NC(=O)OC)C(C)C)nc5c4)ccc2-3)c[nH]1)C(C)C,VRTWBAAJJOHBQU-KMWAZVGDSA-N
DRUG_001493,CONFIRMED_INTEGRATED_ENTITY,drugbank_only,CCOC(=O)NC1CCC2C(C1)CC1C(=O)OC(C)C1C2C=Cc1ccc(-c2cccc(F)c2)cn1,ZBGXUVOIWDMMJE-QHNZEKIYSA-N
DRUG_001494,CONFIRMED_INTEGRATED_ENTITY,drugbank_only,CCCCCCCCCCCCCCCCOP(=O)([O-])OCC[N+](C)(C)C,PQLXHQMOHUQAKB-UHFFFAOYSA-N
DRUG_001495,CONFIRMED_INTEGRATED_ENTITY,drugbank_only,Cc1ccc(-n2nccn2)c(C(=O)N2CCN(c3nc4cc(Cl)ccc4o3)CCC2C)c1,JYTNQNCOQXFQPK-MRXNPFEDSA-N
DRUG_001496,CONFIRMED_INTEGRATED_ENTITY,drugbank_only,OCC1OC(c2ccc(Cl)c(Cc3ccc(OC4CCOC4)cc3)c2)C(O)C(O)C1O,OBWASQILIWPZMG-QZMOQZSNSA-N
DRUG_001497,CONFIRMED_INTEGRATED_ENTITY,drugbank_only,CCCCCCCC(=O)NC(CN1CCCC1)C(O)c1ccc2c(c1)OCCO2,FJZZPCZKBUKGGU-AUSIDOKSSA-N
DRUG_001498,CONFIRMED_INTEGRATED_ENTITY,drugbank_only,C=C1CCN(C(C)C(O)(Cn2cncn2)c2ccc(F)cc2F)CC1,NFEZZTICAUWDHU-RDTXWAMCSA-N
DRUG_001499,CONFIRMED_INTEGRATED_ENTITY,drugbank_only,OB1OCc2cc(F)ccc21,LFQDNHWZDQTITF-UHFFFAOYSA-N
DRUG_001500,CONFIRMED_INTEGRATED_ENTITY,drugbank_only,Cn1nnc(-c2ccc(-c3ccc(N4CC(COP(=O)(O)O)OC4=O)cc3F)cn2)n1,QCGUSIANLFXSGE-GFCCVEGCSA-N
DRUG_001501,CONFIRMED_INTEGRATED_ENTITY,drugbank_only,N#Cc1c(N2CC3NCCOC3C2)c(F)cc2c(=O)c(C(=O)O)cn(C3CC3)c12,FYMHQCNFKNMJAV-HOTGVXAUSA-N
DRUG_001502,CONFIRMED_INTEGRATED_ENTITY,drugbank_only,Cc1ccccc1-c1cc(N2CCN(C)CC2)ncc1N(C)C(=O)C(C)(C)c1cc(C(F)(F)F)cc(C(F)(F)F)c1,WAXQNWCZJDTGBU-UHFFFAOYSA-N
DRUG_001503,CONFIRMED_INTEGRATED_ENTITY,drugbank_only,C=CCN1CCC23c4c5ccc(O)c4OC2C(OCCOCCOCCOCCOCCOCCOCCOC)CCC3(O)C1C5,XNKCCCKFOQNXKV-ZRSCBOBOSA-N
DRUG_001504,CONFIRMED_INTEGRATED_ENTITY,drugbank_only,C=CC(=O)N1CCCC(n2nc(-c3ccc(Oc4ccccc4)cc3)c3c(N)ncnc32)C1,XYFPWWZEPKGCCK-GOSISDBHSA-N
DRUG_001505,CONFIRMED_INTEGRATED_ENTITY,drugbank_only,CCC(Nc1ncnc2[nH]cnc12)c1nc2cccc(F)c2c(=O)n1-c1ccccc1,IFSDAJWBUCMOAH-HNNXBMFYSA-N
DRUG_001506,CONFIRMED_INTEGRATED_ENTITY,drugbank_only,Cc1cnc(C(=O)O)c[n+]1[O-],DJQOOSBJCLSSEY-UHFFFAOYSA-N
DRUG_001507,CONFIRMED_INTEGRATED_ENTITY,drugbank_only,NC(=O)C1CCC2CN1C(=O)N2OS(=O)(=O)O,NDCUAPJVLWFHHB-UHNVWZDZSA-N
DRUG_001508,CONFIRMED_INTEGRATED_ENTITY,drugbank_only,C=C(C)C1CCC(C)=CC1c1c(O)cc(CCCCC)cc1O,QHMBSVQNZZTUGM-ZWKOTPCHSA-N
DRUG_001509,CONFIRMED_INTEGRATED_ENTITY,drugbank_only,Cc1cc(Nc2ncc(Cl)c(=Nc3ccccc3S(=O)(=O)C(C)C)[nH]2)c(OC(C)C)cc1C1CCNCC1,VERWOWGGCGHDQE-UHFFFAOYSA-N
DRUG_001510,CONFIRMED_INTEGRATED_ENTITY,drugbank_only,CC(C)c1nc(CN(C)C(=O)NC(CCN2CCOCC2)C(=O)NC(CCC(Cc2ccccc2)NC(=O)OCc2cncs2)Cc2ccccc2)cs1,ZCIGNRJZKPOIKD-CQXVEOKZSA-N
DRUG_001511,CONFIRMED_INTEGRATED_ENTITY,drugbank_only,CCC(C)C(NC(=O)C(CC(=O)O)NC(=O)C(CC(C)C)NC(=O)C(CC(C)C)NC(=O)C(CCCCN)NC(=O)C(CCCNC(=N)N)NC(=O)C(CC(N)=O)NC(=O)C(CO)NC(=O)C(Cc1cnc[nH]1)NC(=O)C(C)NC(=O)C(CCC(N)=O)NC(=O)C(CCC(N)=O)NC(=O)C(C)NC(=O)C(CC(C)C)NC(=O)C(CCC(N)=O)NC(=O)C(CC(=O)O)NC(=O)C(C)NC(=O)C(CCCCN)NC(=O)C(NC(=O)C(CCSC)NC(=O)C(CCC(=O)O)NC(=O)C(CC(C)C)NC(=O)C(NC(=O)C(CCC(=O)O)NC(=O)C(CCCNC(=N)N)NC(=O)C(CC(C)C)NC(=O)C(CC(C)C)NC(=O)C(Cc1cnc[nH]1)NC(=O)C(Cc1ccccc1)NC(=O)C(NC(=O)C(CC(C)C)NC(=O)C(CC(=O)O)NC(=O)C(CC(C)C)NC(=O)C(CO)NC(=O)C(NC(=O)C1CCCN1C(=O)C1CCCN1C(=O)C(CCC(=O)O)NC(=O)C(CCC(N)=O)NC(=O)C(N)CO)C(C)CC)C(C)O)C(C)C)C(C)O)C(=O)NC(C)C(N)=O,QEEJLLNYQOBRRM-KSHGRFHLSA-N
DRUG_001512,CONFIRMED_INTEGRATED_ENTITY,drugbank_only,Cc1ccc(Sc2ccccc2N2CCNCC2)c(C)c1,YQNWZWMKLDQSAC-UHFFFAOYSA-N
DRUG_001513,CONFIRMED_INTEGRATED_ENTITY,drugbank_only,COc1ccc(CN2CCNCC2)c(OC)c1OC,UHWVSEOVJBQKBE-UHFFFAOYSA-N
DRUG_001514,CONFIRMED_INTEGRATED_ENTITY,drugbank_only,C#CC1(O)CCC2C3C(C)CC4=C(CCC(=O)C4)C3CCC21C,WZDGZWOAQTVYBX-XOINTXKNSA-N
DRUG_001515,CONFIRMED_INTEGRATED_ENTITY,drugbank_only,CCC(=O)NCC1CC1c1cccc2c1CCO2,PTOIAAWZLUQTIO-GXFFZTMASA-N
DRUG_001516,CONFIRMED_INTEGRATED_ENTITY,drugbank_only,O=C([O-])CCCO.[Na+],XYGBKMMCQDZQOZ-UHFFFAOYSA-M
DRUG_001517,CONFIRMED_INTEGRATED_ENTITY,drugbank_only,CC(=O)c1c(C)c2cnc(Nc3ccc(N4CCNCC4)cn3)nc2n(C2CCCC2)c1=O,AHJRHEGDXFFMBM-UHFFFAOYSA-N
DRUG_001518,CONFIRMED_INTEGRATED_ENTITY,drugbank_only,O=C(c1cc(Cc2n[nH]c(=O)c3ccccc23)ccc1F)N1CCN(C(=O)C2CC2)CC1,FDLYAMZZIXQODN-UHFFFAOYSA-N
DRUG_001519,CONFIRMED_INTEGRATED_ENTITY,drugbank_only,CN1CCc2nc(C(=O)NC3CC(C(=O)N(C)C)CCC3NC(=O)C(=O)Nc3ccc(Cl)cn3)sc2C1,HGVDHZBSSITLCT-JLJPHGGASA-N
DRUG_001520,CONFIRMED_INTEGRATED_ENTITY,drugbank_only,OC(c1ccccc1)(c1ccccc1)C12CC[N+](CCOCc3ccccc3)(CC1)CC2,FVTWTVQXNAJTQP-UHFFFAOYSA-N
DRUG_001521,CONFIRMED_INTEGRATED_ENTITY,drugbank_only,COc1cc2nccc(Oc3ccc(NC(=O)NC4CC4)c(Cl)c3)c2cc1C(N)=O,WOSKHXYHFSIKNG-UHFFFAOYSA-N
DRUG_001522,CONFIRMED_INTEGRATED_ENTITY,drugbank_only,COC(=O)c1ccc2c(c1)NC(=O)C2=C(Nc1ccc(N(C)C(=O)CN2CCN(C)CC2)cc1)c1ccccc1,XZXHXSATPCNXJR-ZIADKAODSA-N
DRUG_001523,CONFIRMED_INTEGRATED_ENTITY,drugbank_only,COc1ccc(CC(C)(C)NCC(O)c2cc(O)cc3c2OCC(=O)N3)cc1,COUYJEVMBVSIHV-SFHVURJKSA-N
DRUG_001524,CONFIRMED_INTEGRATED_ENTITY,drugbank_only,OCc1cc(C(O)CNCCCCCCOCCOCc2c(Cl)cccc2Cl)ccc1O,DAFYYTQWSAWIGS-DEOSSOPVSA-N
DRUG_001525,CONFIRMED_INTEGRATED_ENTITY,drugbank_only,COc1cc2c(cc1OC)CC(=O)N(CCCN(C)CC1Cc3cc(OC)c(OC)cc31)CC2,ACRHBAYQBXXRTO-OAQYLSRUSA-N
DRUG_001526,CONFIRMED_INTEGRATED_ENTITY,drugbank_only,CN(C)CCCOc1nn(Cc2ccccc2)c2ccccc12,CNBGNNVCVSKAQZ-UHFFFAOYSA-N
DRUG_001527,CONFIRMED_INTEGRATED_ENTITY,drugbank_only,CCCCNc1ccc(C(=O)OCCN(C)C)cc1,GKCBAIGFKIBETG-UHFFFAOYSA-N
DRUG_001528,CONFIRMED_INTEGRATED_ENTITY,drugbank_only,O=S(=O)([O-])[O-].O=S(=O)([O-])[O-].[Al+3].[K+],GRLPQNLYRHEGIJ-UHFFFAOYSA-J
DRUG_001529,CONFIRMED_INTEGRATED_ENTITY,drugbank_only,COc1cc(Br)c(C[N+]2(CCOCCC3CCC4CC3C4(C)C)CCOCC2)cc1OC,DDHUTBKXLWCZCO-UHFFFAOYSA-N
DRUG_001530,CONFIRMED_INTEGRATED_ENTITY,drugbank_only,CC12CCC(=O)C=C1CCC1C2C(O)CC2(C)C1CCC2(O)C(=O)CS,YWDBSCORAARPPF-VWUMJDOOSA-N
DRUG_001531,CONFIRMED_INTEGRATED_ENTITY,drugbank_only,CN(C)C1C(O)=C(C(N)=O)C(=O)C2(O)C(O)=C3C(=O)c4c(O)ccc(Cl)c4C(C)(O)C3CC12,CYDMQBQPVICBEU-XRNKAMNCSA-N
DRUG_001532,CONFIRMED_INTEGRATED_ENTITY,drugbank_only,COc1cc(C2c3cc4c(cc3C(O)C(CO)C2C(=O)O)OCO4)cc(OC)c1OC.COc1cc(C2c3cc4c(cc3C(O)C(CO)C2C(=O)O)OCO4)cc(OC)c1OC.COc1cc(C2c3cc4c(cc3C(O)C3COC(=O)C23)OCO4)cc(OC)c1OC.COc1cc(C2c3cc4c(cc3C(O)C3COC(=O)C23)OCO4)cc(OC)c1OC,KOUZYZCESNTXJO-UHFFFAOYSA-N
DRUG_001533,CONFIRMED_INTEGRATED_ENTITY,drugbank_only,CC1CC2C3CC(F)C4=CC(=O)C=CC4(C)C3(F)C(O)CC2(C)C1C(=O)CO,OGPWIDANBSLJPC-RFPWEZLHSA-N
DRUG_001534,CONFIRMED_INTEGRATED_ENTITY,drugbank_only,O=C(OOC(=O)c1ccccc1)c1ccccc1,OMPJBNCRMGITSC-UHFFFAOYSA-N
DRUG_001535,CONFIRMED_INTEGRATED_ENTITY,drugbank_only,CCCN1CC(NS(=O)(=O)N(CC)CC)CC2Cc3c(O)cccc3CC21,GDFGTRDCCWFXTG-ZIFCJYIRSA-N
DRUG_001536,CONFIRMED_INTEGRATED_ENTITY,drugbank_only,CC(N)C(=O)NCC(=O)NC1CSSCC(C(=O)O)NC(=O)C(CO)NC(=O)C(C(C)O)NC(=O)C(Cc2ccccc2)NC(=O)C(C(C)O)NC(=O)C(CCCCN)NC(=O)C(Cc2c[nH]c3ccccc23)NC(=O)C(Cc2ccccc2)NC(=O)C(Cc2ccccc2)NC(=O)C(CC(N)=O)NC(=O)C(CCCCN)NC1=O,NHXLMOGPVYXJNR-ATOGVRKGSA-N
DRUG_001537,CONFIRMED_INTEGRATED_ENTITY,drugbank_only,COc1cc2c(cc1Cc1cccc(Cl)c1F)c(=O)c(C(=O)O)cn2C(CO)C(C)C,JUZYLCPPVHEVSV-LJQANCHMSA-N
DRUG_001538,CONFIRMED_INTEGRATED_ENTITY,drugbank_only,COC(=O)NC(C(=O)N1CCCC1c1ncc(-c2ccc(-c3ccc(-c4cnc(C5CCCN5C(=O)C(NC(=O)OC)C(C)C)[nH]4)cc3)cc2)[nH]1)C(C)C,FKRSSPOQAMALKA-CUPIEXAXSA-N
DRUG_001539,CONFIRMED_INTEGRATED_ENTITY,drugbank_only,[Mg+2].[OH-].[OH-],VTHJTEIRLNZDEV-UHFFFAOYSA-L
DRUG_001540,CONFIRMED_INTEGRATED_ENTITY,drugbank_only,O=NO,IOVCWXUNBOPUCH-UHFFFAOYSA-N
DRUG_001541,CONFIRMED_INTEGRATED_ENTITY,drugbank_only,CC1OC(C)OC(C)O1,SQYNKIJPMDEDEG-UHFFFAOYSA-N
DRUG_001542,CONFIRMED_INTEGRATED_ENTITY,drugbank_only,CC(C)(C)C(O)C=Cc1ccc2c(c1)OCO2,IBLNKMRFIPWSOY-FNORWQNLSA-N
DRUG_001543,CONFIRMED_INTEGRATED_ENTITY,drugbank_only,CC(=O)OC1Cc2ccccc2N(C(N)=O)c2ccccc21,QIALRBLEEWJACW-INIZCTEOSA-N
DRUG_001544,CONFIRMED_INTEGRATED_ENTITY,drugbank_only,COc1cc(CNC(=O)CCCCC=CC(C)C)ccc1O,YKPUWZUDDOIDPM-VURMDHGXSA-N
DRUG_001545,CONFIRMED_INTEGRATED_ENTITY,drugbank_only,CC12CCC3=C4CCC(=O)C=C4CCC3C1CCC2(O)CC#N,AZFLJNIPTRTECV-FUMNGEBKSA-N
DRUG_001546,CONFIRMED_INTEGRATED_ENTITY,drugbank_only,CC(=O)C1(C)CCC2C3C=C(C)C4=CC(=O)CCC4(C)C3CCC21C,HCFSGRMEEXUOSS-JXEXPEPMSA-N
DRUG_001547,CONFIRMED_INTEGRATED_ENTITY,drugbank_only,O=C([O-])CC(O)(CC(=O)[O-])C(=O)[O-].[K+].[K+].[K+],QEEAPRPFLLJWCF-UHFFFAOYSA-K
DRUG_001548,CONFIRMED_INTEGRATED_ENTITY,drugbank_only,O=c1ccc2ccc(OCCCCN3CCN(c4cccc5sccc45)CC3)cc2[nH]1,ZKIAIYBUSXZPLP-UHFFFAOYSA-N
DRUG_001549,CONFIRMED_INTEGRATED_ENTITY,drugbank_only,[Cu],RYGMFSIKBFXOCR-UHFFFAOYSA-N
DRUG_001550,CONFIRMED_INTEGRATED_ENTITY,both,O=C(NCC(O)CO)c1c(I)c(C(=O)NCC(O)CO)c(I)c(N(CCO)C(=O)CO)c1I,AMDBBAQNWSUWGN-UHFFFAOYSA-N
DRUG_001551,CONFIRMED_INTEGRATED_ENTITY,drugbank_only,CC(=O)N(CC(O)CO)c1c(I)c(C(=O)NCCO)c(I)c(C(=O)NCC(O)CO)c1I,UUMLTINZBQPNGF-UHFFFAOYSA-N
DRUG_001552,CONFIRMED_INTEGRATED_ENTITY,drugbank_only,Cc1cc(C)c(NC(=O)CN(CC(=O)O)CC(=O)O)c(C)c1Br.[Tc],JLJSYHOPCNWUNE-IEOVAKBOSA-N
DRUG_001553,CONFIRMED_INTEGRATED_ENTITY,drugbank_only,O.O.O=P([O-])([O-])CP(=O)([O-])[O-].[Tc+4],IUPNVOAUFBLQME-LDYDCSBASA-J
DRUG_001554,CONFIRMED_INTEGRATED_ENTITY,drugbank_only,Cc1c(C(=O)Nc2ccc(N3CC(C)OC(C)C3)nc2)cccc1-c1ccc(OC(F)(F)F)cc1,VZZJRYRQSPEMTK-CALCHBBNSA-N
DRUG_001555,CONFIRMED_INTEGRATED_ENTITY,drugbank_only,O.O.O.OCC1OC(OC2(CO)OC(CO)C(O)C2O)C(O)C(O)C1O.[Fe+3].[Fe+3].[Fe+3].[Fe+3].[Fe+3].[Na+].[Na+].[O-2].[O-2].[O-2].[O-2].[O-2].[O-2].[O-2].[O-2].[OH-],FWZTTZUKDVJDCM-CEJAUHOTSA-M
DRUG_001556,CONFIRMED_INTEGRATED_ENTITY,drugbank_only,O=P([O-])([O-])OP(=O)([O-])[O-].O=P([O-])([O-])OP(=O)([O-])[O-].O=P([O-])([O-])OP(=O)([O-])[O-].[Fe+3].[Fe+3].[Fe+3].[Fe+3],CADNYOZXMIKYPR-UHFFFAOYSA-B
DRUG_001557,CONFIRMED_INTEGRATED_ENTITY,both,[Cl-].[Na+],FAPWRFPIFSIZLT-UHFFFAOYSA-M
DRUG_001558,CONFIRMED_INTEGRATED_ENTITY,drugbank_only,O=C([O-])CC(O)(CC(=O)[O-])C(=O)[O-].[Na+].[Na+].[Na+],HRXKRNGNAMMEHJ-UHFFFAOYSA-K
DRUG_001559,CONFIRMED_INTEGRATED_ENTITY,both,COCC(=O)Nc1c(I)c(C(=O)NCC(O)CO)c(I)c(C(=O)N(C)CC(O)CO)c1I,DGAIEPBNLOQYER-UHFFFAOYSA-N
DRUG_001560,CONFIRMED_INTEGRATED_ENTITY,drugbank_only,[C-]#[N+]CC(C)(C)OC.[C-]#[N+]CC(C)(C)OC.[C-]#[N+]CC(C)(C)OC.[C-]#[N+]CC(C)(C)OC.[C-]#[N+]CC(C)(C)OC.[C-]#[N+]CC(C)(C)OC.[Tc+],ZBTQTVSNLRPJHI-UHFFFAOYSA-N
DRUG_001561,CONFIRMED_INTEGRATED_ENTITY,drugbank_only,O=C([O-])CC(O)(CC(=O)[O-])C(=O)[O-].[Fe+3],NPFOYSMITVOQOS-UHFFFAOYSA-K
DRUG_001562,CONFIRMED_INTEGRATED_ENTITY,drugbank_only,CCc1cc2c(s1)-n1c(C)nnc1CN=C2c1ccccc1Cl,VMZUTJCNQWMAGF-UHFFFAOYSA-N
DRUG_001563,CONFIRMED_INTEGRATED_ENTITY,drugbank_only,CN(C)CCC=C1c2ccccc2CSc2ccccc21,PHTUQLWOUWZIMZ-GZTJUZNOSA-N
DRUG_001564,CONFIRMED_INTEGRATED_ENTITY,drugbank_only,COc1c(-c2ccc3cc(NS(C)(=O)=O)ccc3c2)cc(-n2ccc(=O)[nH]c2=O)cc1C(C)(C)C,NBRBXGKOEOGLOI-UHFFFAOYSA-N
DRUG_001565,CONFIRMED_INTEGRATED_ENTITY,drugbank_only,CCOc1ccccc1OCC1CNCCO1,YWPHCCPCQOJSGZ-UHFFFAOYSA-N
DRUG_001566,CONFIRMED_INTEGRATED_ENTITY,drugbank_only,COc1ccc(Oc2cc(N(C)CCOc3ccc(CC4SC(=O)NC4=O)cc3)ncn2)cc1,CHHXEZSCHQVSRE-UHFFFAOYSA-N
DRUG_001567,CONFIRMED_INTEGRATED_ENTITY,drugbank_only,CC(C)(C)NCC(O)CSc1nc(-c2ccc(C(N)=O)s2)cs1,BHIAIPWSVYSKJS-UHFFFAOYSA-N
DRUG_001568,CONFIRMED_INTEGRATED_ENTITY,drugbank_only,CN1CCC23c4c5ccc(OCCN6CCOCC6)c4OC2C(O)C=CC3C1C5,GPFAJKDEDBRFOS-FKQDBXSBSA-N
DRUG_001569,CONFIRMED_INTEGRATED_ENTITY,drugbank_only,NC(=O)CN1CCCC1=O,GMZVRMREEHBGGF-UHFFFAOYSA-N
DRUG_001570,CONFIRMED_INTEGRATED_ENTITY,drugbank_only,CCCCC(C)CC(O)C=CC1C(O)CC(=O)C1CCCCC=CC(=O)O,OJZYRQPMEIEQFC-UAWLTFRCSA-N
DRUG_001571,CONFIRMED_INTEGRATED_ENTITY,drugbank_only,CC(C(=O)O)c1ccc(CC2CCCC2=O)cc1,YMBXTVYHTMGZDW-UHFFFAOYSA-N
DRUG_001572,CONFIRMED_INTEGRATED_ENTITY,drugbank_only,CN1c2c(oc(=O)n(-c3ccccn3)c2=O)-c2ccccc2S1(=O)=O,OEHFRZLKGRKFAS-UHFFFAOYSA-N
DRUG_001573,CONFIRMED_INTEGRATED_ENTITY,drugbank_only,Cc1c(Cl)cccc1Nc1ccccc1C(=O)O,YEZNLOUZAIOMLT-UHFFFAOYSA-N
DRUG_001574,CONFIRMED_INTEGRATED_ENTITY,drugbank_only,Cc1c(Cl)cccc1Nc1ncccc1C(=O)O,CLOMYZFHNHFSIQ-UHFFFAOYSA-N
DRUG_001575,CONFIRMED_INTEGRATED_ENTITY,drugbank_only,O=C(NCCO[N+](=O)[O-])c1cccnc1,LBHIOVVIQHSOQN-UHFFFAOYSA-N
DRUG_001576,CONFIRMED_INTEGRATED_ENTITY,drugbank_only,NCCC(=O)N1[Zn]OC(=O)C1Cc1cnc[nH]1,IGXZLYMCFZHNKW-FJXQXJEOSA-L
DRUG_001577,CONFIRMED_INTEGRATED_ENTITY,drugbank_only,CCN1CCN(c2cc(-c3ccc(F)cc3)c3c(n2)CCCCCC3)CC1,XVGOZDAJGBALKS-UHFFFAOYSA-N
DRUG_001578,CONFIRMED_INTEGRATED_ENTITY,drugbank_only,CC1CCN(CCCC(=O)c2ccc(F)cc2)CC1,DKMFBWQBDIGMHM-UHFFFAOYSA-N
DRUG_001579,CONFIRMED_INTEGRATED_ENTITY,drugbank_only,CN(C)CCOC1=Cc2ccccc2Sc2ccc(Cl)cc21,HDOZVRUNCMBHFH-UHFFFAOYSA-N
DRUG_001580,CONFIRMED_INTEGRATED_ENTITY,drugbank_only,COC(=O)C1=C(C)NC(C)=C(C(=O)OC2CCN(Cc3ccccc3)C2)C1c1cccc([N+](=O)[O-])c1,VXMOONUMYLCFJD-DHLKQENFSA-N
DRUG_001581,CONFIRMED_INTEGRATED_ENTITY,drugbank_only,CC1=C(C(=O)OC(C)C)C(c2cccc([N+](=O)[O-])c2)C(C(=O)OC2CN(C(c3ccccc3)c3ccccc3)C2)=C(N)N1,ZKFQEACEUNWPMT-UHFFFAOYSA-N
DRUG_001582,CONFIRMED_INTEGRATED_ENTITY,drugbank_only,COC(=O)C1=C(C)NC(C)=C(C(=O)OC2CCCN(Cc3ccccc3)C2)C1c1cccc([N+](=O)[O-])c1,QZVNQOLPLYWLHQ-ZEQKJWHPSA-N
DRUG_001583,CONFIRMED_INTEGRATED_ENTITY,drugbank_only,COCCOC(=O)C1=C(C)NC(C)=C(C(=O)OCC=Cc2ccccc2)C1c1cccc([N+](=O)[O-])c1,KJEBULYHNRNJTE-DHZHZOJOSA-N
DRUG_001584,CONFIRMED_INTEGRATED_ENTITY,drugbank_only,CC1=C(C(=O)OCCN(Cc2ccccc2)c2ccccc2)C(c2cccc([N+](=O)[O-])c2)C(P2(=O)OCC(C)(C)CO2)=C(C)N1,NSVFSAJIGAJDMR-UHFFFAOYSA-N
DRUG_001585,CONFIRMED_INTEGRATED_ENTITY,drugbank_only,CCOC(=O)C1=C(C)NC(C)=C(C(=O)OCC)C1c1ccccc1C=CC(=O)OC(C)(C)C,GKQPCPXONLDCMU-CCEZHUSRSA-N
DRUG_001586,CONFIRMED_INTEGRATED_ENTITY,drugbank_only,COC(=O)C1=C(C)NC(C)=C(C(=O)OCCN2CCN(C(c3ccccc3)c3ccccc3)CC2)C1c1cccc([N+](=O)[O-])c1,ANEBWFXPVPTEET-UHFFFAOYSA-N
DRUG_001587,CONFIRMED_INTEGRATED_ENTITY,drugbank_only,CN(C)c1ccc2nc3ccc(N(C)C)cc3[s+]c2c1.[Cl-],CXKWCBBOMKCUKX-UHFFFAOYSA-M
DRUG_001588,CONFIRMED_INTEGRATED_ENTITY,drugbank_only,COc1nc(C)nc(Cl)c1NC1=NCCN1,WPNJAUFVNXKLIM-UHFFFAOYSA-N
DRUG_001589,CONFIRMED_INTEGRATED_ENTITY,drugbank_only,Cc1ccc2c(c1)c1c3n2CCNC3CCC1,IWVRVEIKCBFZNF-UHFFFAOYSA-N
DRUG_001590,CONFIRMED_INTEGRATED_ENTITY,drugbank_only,Cc1cccc(N2CC(CO)OC2=O)c1,MXUNKHLAEDCYJL-UHFFFAOYSA-N
DRUG_001591,CONFIRMED_INTEGRATED_ENTITY,drugbank_only,O=c1[nH]c(=O)n(C2CCCO2)cc1F,WFWLQNSHRPWKFK-UHFFFAOYSA-N
DRUG_001592,CONFIRMED_INTEGRATED_ENTITY,drugbank_only,O=c1cc(O)c(Cl)c[nH]1,ZPLQIPFOCGIIHV-UHFFFAOYSA-N
DRUG_001593,CONFIRMED_INTEGRATED_ENTITY,drugbank_only,Cc1nccn1CCC(C(N)=O)(c1ccccc1)c1ccccc1,SQKXYSGRELMAAU-UHFFFAOYSA-N
DRUG_001594,CONFIRMED_INTEGRATED_ENTITY,drugbank_only,CCC(C)C(NC(=O)C(Cc1ccccc1)NC(=O)C(CC(C)C)NC(=O)C(CCCNC(=N)N)NC(=O)C(NC(=O)C(C)NC(=O)C(CCC(=O)O)NC(=O)C(CCC(=O)O)NC(=O)C(CCC(=O)O)NC(=O)C(CCSC)NC(=O)C(CCC(N)=O)NC(=O)C(CCCCN)NC(=O)C(CO)NC(=O)C(CC(C)C)NC(=O)C(CC(=O)O)NC(=O)C(CO)NC(=O)C(NC(=O)C(Cc1ccccc1)NC(=O)C(NC(=O)CNC(=O)C(CCC(=O)O)NC(=O)CNC(=O)C(N)Cc1c[nH]cn1)C(C)O)C(C)O)C(C)C)C(=O)NC(CCC(=O)O)C(=O)NC(Cc1c[nH]c2ccccc12)C(=O)NC(CC(C)C)C(=O)NC(CCCCN)C(=O)NC(CC(N)=O)C(=O)NCC(=O)NCC(=O)N1CCCC1C(=O)NC(CO)C(=O)NC(CO)C(=O)NCC(=O)NC(C)C(=O)N1CCCC1C(=O)N1CCCC1C(=O)NC(CO)C(=O)NC(CCCCN)C(=O)NC(CCCCN)C(=O)NC(CCCCN)C(=O)NC(CCCCN)C(=O)NC(CCCCN)C(=O)NC(CCCCN)C(N)=O,XVVOERDUTLJJHN-IAEQDCLQSA-N
DRUG_001595,CONFIRMED_INTEGRATED_ENTITY,drugbank_only,N#Cc1c(N(CC(=O)[O-])CC(=O)[O-])sc(C(=O)[O-])c1CC(=O)[O-].[Sr+2].[Sr+2],XXUZFRDUEGQHOV-UHFFFAOYSA-J
DRUG_001596,CONFIRMED_INTEGRATED_ENTITY,drugbank_only,O=S(=O)(O)Oc1ccc(C(c2ccc(OS(=O)(=O)O)cc2)c2ccccn2)cc1,UJIDKYTZIQTXPM-UHFFFAOYSA-N
DRUG_001597,CONFIRMED_INTEGRATED_ENTITY,drugbank_only,O=C(O)Cc1ccccc1,WLJVXDMOQOGPHL-UHFFFAOYSA-N
DRUG_001598,CONFIRMED_INTEGRATED_ENTITY,drugbank_only,COC1=C(OC)C(=O)C(CC=C(C)CCC=C(C)CCC=C(C)CCC=C(C)CCC=C(C)CCC=C(C)CCC=C(C)CCC=C(C)CCC=C(C)CCC=C(C)C)=C(C)C1=O,ACTIUHUUMQJHFO-UPTCCGCDSA-N
DRUG_001599,CONFIRMED_INTEGRATED_ENTITY,drugbank_only,COc1ccc(CN(C(=O)C(N)Cc2c(C)cc(C(N)=O)cc2C)C(C)c2nc(-c3ccccc3)c[nH]2)cc1C(=O)O,QFNHIDANIVGXPE-FNZWTVRRSA-N
DRUG_001600,CONFIRMED_INTEGRATED_ENTITY,drugbank_only,Cn1c(=O)c2c(ncn2CC2OCCO2)n(C)c1=O,HWXIGFIVGWUZAO-UHFFFAOYSA-N
DRUG_001601,CONFIRMED_INTEGRATED_ENTITY,drugbank_only,CC1CCC2C(C)C(OC(=O)CCC(=O)O)OC3OC4(C)CCC1C32OO4,FIHJKUPKCHIPAT-AHIGJZGOSA-N
DRUG_001602,CONFIRMED_INTEGRATED_ENTITY,drugbank_only,O=C([O-])CC([O-])(CC(=O)[O-])C(=O)[O-].O=C([O-])CC([O-])(CC(=O)[O-])C(=O)[O-].[Bi+3].[K+].[K+].[K+].[K+].[K+],YDDTTXDPCSCLKY-UHFFFAOYSA-H
DRUG_001603,CONFIRMED_INTEGRATED_ENTITY,drugbank_only,O=C([O-])CC(S[Au])C(=O)[O-].[Na+].[Na+],VXIHRIQNJCRFQX-UHFFFAOYSA-K
DRUG_001604,CONFIRMED_INTEGRATED_ENTITY,drugbank_only,C[N+](C)(C)CCO.[Cl-],SGMZJAMFUVOLNK-ULWFUOSBSA-M
DRUG_001605,CONFIRMED_INTEGRATED_ENTITY,drugbank_only,[C],OKTJSMMVPCPJKN-UHFFFAOYSA-N
DRUG_001606,CONFIRMED_INTEGRATED_ENTITY,drugbank_only,CCCCc1nc(C)c(CC(=S)N(C)C)c(=O)n1Cc1ccc(-c2ccccc2-c2nnn[nH]2)cc1,AMEROGPZOLAFBN-UHFFFAOYSA-N
DRUG_001607,CONFIRMED_INTEGRATED_ENTITY,drugbank_only,Cc1ccc(NC(=O)C2(c3ccc4c(c3)OC(F)(F)O4)CC2)nc1-c1cccc(C(=O)O)c1,UFSKUSARDNFIRC-UHFFFAOYSA-N
DRUG_001608,CONFIRMED_INTEGRATED_ENTITY,drugbank_only,O=[Si]([O-])O[Si]([O-])([O-])O[Si](=O)[O-].[Mg+2].[Mg+2],GXGAKHNRMVGRPK-UHFFFAOYSA-N
DRUG_001609,CONFIRMED_INTEGRATED_ENTITY,drugbank_only,CCOC(=O)[N-]c1c[n+](N2CCOCC2)no1,XLFWDASMENKTKL-UHFFFAOYSA-N
DRUG_001610,CONFIRMED_INTEGRATED_ENTITY,drugbank_only,CCN(CC)c1cc(C)nc2ncnn12,GSNOZLZNQMLSKJ-UHFFFAOYSA-N
DRUG_001611,CONFIRMED_INTEGRATED_ENTITY,drugbank_only,O=C(OCCN1CCOCC1)c1cccnc1Nc1cccc(C(F)(F)F)c1,LDXSPUSKBDTEKA-UHFFFAOYSA-N
DRUG_001612,CONFIRMED_INTEGRATED_ENTITY,drugbank_only,NC(=O)C1(N2CCCCC2)CCN(CCCC(=O)c2ccc(F)cc2)CC1,AXKPFOAXAHJUAG-UHFFFAOYSA-N
DRUG_001613,CONFIRMED_INTEGRATED_ENTITY,drugbank_only,CCN(CC)CC(=O)Oc1ccc(NC(C)=O)cc1,QTGAJCQTLIRCFL-UHFFFAOYSA-N
DRUG_001614,CONFIRMED_INTEGRATED_ENTITY,drugbank_only,CN1c2ccccc2C(NCCCCCCC(=O)O)c2ccc(Cl)cc2S1(=O)=O,JICJBGPOMZQUBB-UHFFFAOYSA-N
DRUG_001615,CONFIRMED_INTEGRATED_ENTITY,drugbank_only,Cn1cc(C(=O)C2CCc3[nH]cnc3C2)c2ccccc21,NTHPAPBPFQJABD-LLVKDONJSA-N
DRUG_001616,CONFIRMED_INTEGRATED_ENTITY,drugbank_only,CC(OCC1(c2ccccc2)CCC2(CCC(=O)N2)CN1)c1cc(C(F)(F)F)cc(C(F)(F)F)c1,FIVSJYGQAIEMOC-ZGNKEGEESA-N
DRUG_001617,CONFIRMED_INTEGRATED_ENTITY,drugbank_only,CCOC(=O)C(C)CC(Cc1ccc(-c2ccccc2)cc1)NC(=O)CCC(=O)O,PYNXFZCZUAOOQC-UTKZUKDTSA-N
DRUG_001618,CONFIRMED_INTEGRATED_ENTITY,drugbank_only,[I-],XMBWDFGMSWQBCA-RNFDNDRNSA-M
DRUG_001619,CONFIRMED_INTEGRATED_ENTITY,drugbank_only,O=C1OC(OC(=O)c2cccnc2Nc2cccc(C(F)(F)F)c2)c2ccccc21,ANMLJLFWUCQGKZ-UHFFFAOYSA-N
DRUG_001620,CONFIRMED_INTEGRATED_ENTITY,drugbank_only,COC(=O)NC(C(=O)N1CCCC1C(=O)Nc1ccc(C2CCC(c3ccc(NC(=O)C4CCCN4C(=O)C(NC(=O)OC)C(C)C)cc3)N2c2ccc(C(C)(C)C)cc2)cc1)C(C)C,PIDFDZJZLOTZTM-KHVQSSSXSA-N
DRUG_001621,CONFIRMED_INTEGRATED_ENTITY,drugbank_only,Cc1cnc(C(=O)NC2CCCCCC=CC3CC3(C(=O)NS(=O)(=O)C3CC3)NC(=O)C3CC(Oc4nc5ccccc5c5ccccc45)CN3C2=O)cn1,UAUIUKWPKRJZJV-QPLHLKROSA-N
DRUG_001622,CONFIRMED_INTEGRATED_ENTITY,drugbank_only,CCCC[N+]1(C)C2CC(OC(=O)C(CO)c3ccccc3)CC1C1OC12,YBCNXCRZPWQOBR-WVHCHWADSA-N
DRUG_001623,CONFIRMED_INTEGRATED_ENTITY,drugbank_only,CC1(C)SC2C(NC(=O)Cc3ccccc3)C(=O)N2C1C(=O)O.CCN(CC)CCOC(=O)c1ccc(N)cc1,WHRVRSCEWKLAHX-LQDWTQKMSA-N
DRUG_001624,CONFIRMED_INTEGRATED_ENTITY,drugbank_only,O=[Zn],XLOMVQKBTHCTTD-UHFFFAOYSA-N
DRUG_001625,CONFIRMED_INTEGRATED_ENTITY,drugbank_only,O=S(=O)([O-])[O-].[Zn+2],NWONKYPBYAMBJT-UHFFFAOYSA-L
DRUG_001626,CONFIRMED_INTEGRATED_ENTITY,drugbank_only,CC1(C)SC2C(NC(=O)Cc3ccccc3)C(=O)N2C1C(=O)O.CC1(C)SC2C(NC(=O)Cc3ccccc3)C(=O)N2C1C(=O)O.O.O.O.O.c1ccc(CNCCNCc2ccccc2)cc1,WIDKTXGNSOORHA-CJHXQPGBSA-N
DRUG_001627,CONFIRMED_INTEGRATED_ENTITY,drugbank_only,CC1(C)C(C(=O)O)N2C(=O)CC2S1(=O)=O,FKENQMMABCRJMK-RITPCOANSA-N
DRUG_001628,CONFIRMED_INTEGRATED_ENTITY,drugbank_only,C=CC(=O)Nc1cc(Nc2nccc(-c3cn(C)c4ccccc34)n2)c(OC)cc1N(C)CCN(C)C,DUYJMQONPNNFPI-UHFFFAOYSA-N
DRUG_001629,CONFIRMED_INTEGRATED_ENTITY,drugbank_only,COC(CNC(=O)c1ccccc1OCC(=O)O)C[Hg]O,HQRSUIDICNOLPX-UHFFFAOYSA-M
DRUG_001630,CONFIRMED_INTEGRATED_ENTITY,drugbank_only,CCCOc1cc(N)ccc1C(=O)OCCN(CC)CC,CAJIGINSTLKQMM-UHFFFAOYSA-N
DRUG_001631,CONFIRMED_INTEGRATED_ENTITY,drugbank_only,N=C1CCCN1Cc1[nH]c(=O)[nH]c(=O)c1Cl,QQHMKNYGKVVGCZ-UHFFFAOYSA-N
DRUG_001632,CONFIRMED_INTEGRATED_ENTITY,drugbank_only,CCCCOc1ccc(OCCCN2CCOCC2)cc1,DQKXQSGTHWVTAD-UHFFFAOYSA-N
DRUG_001633,CONFIRMED_INTEGRATED_ENTITY,drugbank_only,CC(N)Cc1ccc(O)cc1,GIKNHHRFLCDOEU-UHFFFAOYSA-N
DRUG_001634,CONFIRMED_INTEGRATED_ENTITY,drugbank_only,CCC(=O)OC(Cc1ccccc1)(c1ccccc1)C(C)CN(C)C.O.O=S(=O)(O)c1ccc2ccccc2c1,GBKONKCASNNUQD-VGHSCWAPSA-N
DRUG_001635,CONFIRMED_INTEGRATED_ENTITY,drugbank_only,O=P([O-])([O-])O.[K+].[K+],ZPWVASYFFYYZEW-UHFFFAOYSA-L
DRUG_001636,CONFIRMED_INTEGRATED_ENTITY,drugbank_only,O=P([O-])(O)O.[Na+],AJPJDKMHJJGVTQ-UHFFFAOYSA-M
DRUG_001637,CONFIRMED_INTEGRATED_ENTITY,drugbank_only,OCC(O)CO,PEDCQBHIVMGVHV-UHFFFAOYSA-N
DRUG_001638,CONFIRMED_INTEGRATED_ENTITY,drugbank_only,CC(NC(CCc1ccccc1)C(=O)O)C(=O)N1CCCC1C(=O)O,LZFZMUMEGBBDTC-QEJZJMRPSA-N
DRUG_001639,CONFIRMED_INTEGRATED_ENTITY,drugbank_only,Cc1ccc(C(=CCN2CCCC2)c2cccc(C=CC(=O)O)n2)cc1,PWACSDKDOHSSQD-IUTFFREVSA-N
DRUG_001640,CONFIRMED_INTEGRATED_ENTITY,drugbank_only,O=S(O)(O)=S,DHCDFWKWKRSZHF-UHFFFAOYSA-N
DRUG_001641,CONFIRMED_INTEGRATED_ENTITY,drugbank_only,COc1ccc(O)cc1,NWVVVBRKAWDGAB-UHFFFAOYSA-N
DRUG_001642,CONFIRMED_INTEGRATED_ENTITY,drugbank_only,O=[Ti]=O,GWEVSGVZZGPLCZ-UHFFFAOYSA-N
DRUG_001643,CONFIRMED_INTEGRATED_ENTITY,drugbank_only,COC(=O)c1ccccc1O,OSWPMRLSEDHDFF-UHFFFAOYSA-N
DRUG_001644,CONFIRMED_INTEGRATED_ENTITY,drugbank_only,CN(C)CCC(c1ccc(Cl)cc1)c1ccccn1.O=C(O)C=CC(=O)O,DBAKFASWICGISY-DASCVMRKSA-N
DRUG_001645,CONFIRMED_INTEGRATED_ENTITY,drugbank_only,O=P([O-])([O-])OCC(O)CO.[Na+].[Na+],GEKBIENFFVFKRG-UHFFFAOYSA-L
DRUG_001646,CONFIRMED_INTEGRATED_ENTITY,drugbank_only,CC(C)CC(NC(=O)CNC(=O)c1cc(Cl)ccc1Cl)B(O)O,MXAYKZJJDUDWDS-LBPRGKRZSA-N
DRUG_001647,CONFIRMED_INTEGRATED_ENTITY,drugbank_only,O=C(O)c1ccccc1O.OCCN(CCO)CCO,UEVAMYPIMMOEFW-UHFFFAOYSA-N
DRUG_001648,CONFIRMED_INTEGRATED_ENTITY,drugbank_only,O=C([O-])CC(O)(CC(=O)[O-])C(=O)[O-].O=C([O-])CC(O)(CC(=O)[O-])C(=O)[O-].[Ca+2].[Ca+2].[Ca+2],FNAQSUUGMSOBHW-UHFFFAOYSA-H
DRUG_001649,CONFIRMED_INTEGRATED_ENTITY,drugbank_only,CC(C)(N)CO.Cn1c(=O)c2[nH]c(Br)nc2n(C)c1=O,ATOTUUBRFJHZQG-UHFFFAOYSA-N
DRUG_001650,CONFIRMED_INTEGRATED_ENTITY,drugbank_only,Cc1cc(O)cc(C)c1Cl,OSDLLIBGSJNGJE-UHFFFAOYSA-N
DRUG_001651,CONFIRMED_INTEGRATED_ENTITY,drugbank_only,O=C([O-])C(O)C(O)C(O)C(O)CO.O=C([O-])C(O)C(O)C(O)C(O)CO.[Ca+2],NEEHYRZPVYRGPP-IYEMJOQQSA-L
DRUG_001652,CONFIRMED_INTEGRATED_ENTITY,drugbank_only,[Se],BUGBHKTXTAQXES-UHFFFAOYSA-N
DRUG_001653,CONFIRMED_INTEGRATED_ENTITY,drugbank_only,[Cr],VYZAMTAEIAYCRO-UHFFFAOYSA-N
DRUG_001654,CONFIRMED_INTEGRATED_ENTITY,drugbank_only,CCCCOC(=O)c1ccc(N)cc1,IUWVALYLNVXWKX-UHFFFAOYSA-N
DRUG_001655,CONFIRMED_INTEGRATED_ENTITY,drugbank_only,CN1CCCN=C1C=Cc1cccs1,YSAUAVHXTIETRK-AATRIKPKSA-N
DRUG_001656,CONFIRMED_INTEGRATED_ENTITY,drugbank_only,CC(C)=CCCC(C)=CC=CC(C)=CC=CC(C)=CC=CC=C(C)C=CC=C(C)C=CC=C(C)CCC=C(C)C,OAIJSZIZWZSQBC-GYZMGTAESA-N
DRUG_001657,CONFIRMED_INTEGRATED_ENTITY,drugbank_only,COc1ccc(CN(CCN(C)C)c2ncccn2)cc1,GULNIHOSWFYMRN-UHFFFAOYSA-N
DRUG_001658,CONFIRMED_INTEGRATED_ENTITY,drugbank_only,O=S(=O)([O-])[O-].O=S(=O)([O-])[O-].O=S(=O)([O-])[O-].[Al+3].[Al+3],DIZPMCHEQGEION-UHFFFAOYSA-H
DRUG_001659,CONFIRMED_INTEGRATED_ENTITY,drugbank_only,CCCCCCc1ccc(O)cc1O,WFJIVOKAWHGMBH-UHFFFAOYSA-N
DRUG_001660,CONFIRMED_INTEGRATED_ENTITY,drugbank_only,CN1c2c([nH]c(N)nc2=O)NCC1CNc1ccc(C(=O)NC(CCC(=O)O)C(=O)O)cc1,ZNOVTXRBGFNYRX-STQMWFEESA-N
DRUG_001661,CONFIRMED_INTEGRATED_ENTITY,drugbank_only,O=Cc1ccc(O)c(O)c1,IBGBGRVKPALMCQ-UHFFFAOYSA-N
DRUG_001662,CONFIRMED_INTEGRATED_ENTITY,drugbank_only,C[N+]1(C)C2CC(OC(=O)C(CO)c3ccccc3)CC1C1OC12,LZCOQTDXKCNBEE-IKIFYQGPSA-N
DRUG_001663,CONFIRMED_INTEGRATED_ENTITY,drugbank_only,[Al+3].[Al+3].[O-2].[O-2].[O-2],PNEYBMLMFCGWSK-UHFFFAOYSA-N
DRUG_001664,CONFIRMED_INTEGRATED_ENTITY,drugbank_only,O=P([O-])([O-])[O-].O=P([O-])([O-])[O-].[Ca+2].[Ca+2].[Ca+2],QORWJWZARLRLPR-UHFFFAOYSA-H
DRUG_001665,CONFIRMED_INTEGRATED_ENTITY,drugbank_only,CC(C)N(CCCCOCC(=O)NS(C)(=O)=O)c1cnc(-c2ccccc2)c(-c2ccccc2)n1,QXWZQTURMXZVHJ-UHFFFAOYSA-N
DRUG_001666,CONFIRMED_INTEGRATED_ENTITY,drugbank_only,CCc1cc2c(cc1N1CCC(N3CCOCC3)CC1)C(C)(C)c1[nH]c3cc(C#N)ccc3c1C2=O,KDGFLJKFZUIJMX-UHFFFAOYSA-N
DRUG_001667,CONFIRMED_INTEGRATED_ENTITY,drugbank_only,O=C(O)CSc1nnc(Br)n1-c1ccc(C2CC2)c2ccccc12,FGQFOYHRJSUHMR-UHFFFAOYSA-N
DRUG_001668,CONFIRMED_INTEGRATED_ENTITY,drugbank_only,COC(=O)NC(C(=O)N1CCCC1c1ncc(-c2ccc3c(c2)OC(c2ccccc2)n2c-3cc3cc(-c4cnc(C5CCCN5C(=O)C(NC(=O)OC)C(C)C)[nH]4)ccc32)[nH]1)C(C)C,BVAZQCUMNICBAQ-PZHYSIFUSA-N
DRUG_001669,CONFIRMED_INTEGRATED_ENTITY,drugbank_only,C=CC1CC1(NC(=O)C1CC2CN1C(=O)C(C(C)(C)C)NC(=O)OC1CC1CCCCCc1nc3ccc(OC)cc3nc1O2)C(=O)NS(=O)(=O)C1CC1,OBMNJSNZOWALQB-NCQNOWPTSA-N
DRUG_001670,CONFIRMED_INTEGRATED_ENTITY,drugbank_only,CC1(C)CCC(CN2CCN(c3ccc(C(=O)NS(=O)(=O)c4ccc(NCC5CCOCC5)c([N+](=O)[O-])c4)c(Oc4cnc5[nH]ccc5c4)c3)CC2)=C(c2ccc(Cl)cc2)C1,LQBVNQSMGBZMKD-UHFFFAOYSA-N
DRUG_001671,CONFIRMED_INTEGRATED_ENTITY,drugbank_only,C=CC1CC1(NC(=O)C1CC(Oc2ncc(OC)c3ccc(Cl)cc23)CN1C(=O)C(NC(=O)OC(C)(C)C)C(C)(C)C)C(=O)NS(=O)(=O)C1CC1,XRWSZZJLZRKHHD-WVWIJVSJSA-N
DRUG_001672,CONFIRMED_INTEGRATED_ENTITY,both,Nc1nc(=O)c2c([nH]1)NCC(CNc1ccc(C(=O)NC(CCC(=O)O)C(=O)O)cc1)N2C=O,VVIAGPKUTFNRDU-STQMWFEESA-N
DRUG_001673,CONFIRMED_INTEGRATED_ENTITY,drugbank_only,CCC(=O)C(CCN(C)C)(c1ccccc1)c1ccccc1,WCJFBSYALHQBSK-UHFFFAOYSA-N
DRUG_001674,CONFIRMED_INTEGRATED_ENTITY,drugbank_only,CNC(C)C(O)c1ccc(O)cc1,OXFGTKPPFSCSMA-XVKPBYJWSA-N
DRUG_001675,CONFIRMED_INTEGRATED_ENTITY,drugbank_only,COCC1CC(c2ncc(-c3ccc4c(c3)COc3cc5c(ccc6nc(C7CCC(C)N7C(=O)C(NC(=O)OC)C(C)C)[nH]c65)cc3-4)[nH]2)N(C(=O)C(NC(=O)OC)c2ccccc2)C1,FHCUMDQMBHQXKK-CDIODLITSA-N
DRUG_001676,CONFIRMED_INTEGRATED_ENTITY,drugbank_only,Cc1cncc(CN2CCC(=C3c4ccc(Cl)cc4CCc4cccnc43)CC2)c1,WUZYKBABMWJHDL-UHFFFAOYSA-N
DRUG_001677,CONFIRMED_INTEGRATED_ENTITY,drugbank_only,C#CC1(O)CCC2C3CCC4=CC(=O)CCC4=C3C=CC21CC,BJJXHLWLUDYTGC-ANULTFPQSA-N
DRUG_001678,CONFIRMED_INTEGRATED_ENTITY,drugbank_only,,
DRUG_001679,CONFIRMED_INTEGRATED_ENTITY,drugbank_only,CC(c1nc(-c2ccc(C#N)cc2)cs1)C(O)(Cn1cncn1)c1cc(F)ccc1F,DDFOUSQFMYRUQK-RCDICMHDSA-N
DRUG_001680,CONFIRMED_INTEGRATED_ENTITY,drugbank_only,CC(=O)C1(O)CCC2C3C=C(C)C4=CC(=O)CCC4C3CCC21C,KZUIYQJTUIACIG-YBZCJVABSA-N
DRUG_001681,CONFIRMED_INTEGRATED_ENTITY,drugbank_only,CCC12C=CCN3CCC4(c5cc(C6(C(=O)OC)CC7CC(C(C)(F)F)CN(Cc8c6[nH]c6ccccc86)C7)c(OC)cc5N(C)C4C(O)(C(=O)OC)C1OC(C)=O)C32,NMDYYWFGPIMTKO-KLCPSUAYSA-N
DRUG_001682,CONFIRMED_INTEGRATED_ENTITY,drugbank_only,O=C(CCCC=CCC1C(O)CC(O)C1CCC(O)CCc1ccccc1)OCCCCO[N+](=O)[O-],LOVMMUBRQUFEAH-UIEAZXIASA-N
DRUG_001683,CONFIRMED_INTEGRATED_ENTITY,drugbank_only,CC(C)(NC(=O)C1=C(O)C2Oc3c(O)ccc4c3C23CCN(CC2CC2)C(C4)C3(O)C1)c1nc(-c2ccccc2)no1,AXQACEQYCPKDMV-RZAWKFBISA-N
DRUG_001684,CONFIRMED_INTEGRATED_ENTITY,drugbank_only,CN1C2CCC1CC(OC(=O)c1c[nH]c3ccccc13)C2,ZNRGQMMCGHDTEI-ITGUQSILSA-N
DRUG_001685,CONFIRMED_INTEGRATED_ENTITY,drugbank_only,CN(C)C(=O)c1cc2cnc(Nc3ccc(N4CCNCC4)cn3)nc2n1C1CCCC1,RHXHGRAEPCAFML-UHFFFAOYSA-N
DRUG_001686,CONFIRMED_INTEGRATED_ENTITY,drugbank_only,C#Cc1cccc(Nc2ncnc3cc4c(cc23)OCCOCCOCCO4)c1,QQLKULDARVNMAL-UHFFFAOYSA-N
DRUG_001687,CONFIRMED_INTEGRATED_ENTITY,drugbank_only,NC(=O)c1cccc2cn(-c3ccc(C4CCCNC4)cc3)nc12,PCHKPVIQAHNQLW-CQSZACIVSA-N
DRUG_001688,CONFIRMED_INTEGRATED_ENTITY,drugbank_only,CCS(=O)(=O)N1CC(CC#N)(n2cc(-c3ncnc4[nH]ccc34)cn2)C1,XUZMWHLSFXCVMG-UHFFFAOYSA-N
DRUG_001689,CONFIRMED_INTEGRATED_ENTITY,drugbank_only,CCOc1cc2ncc(C#N)c(Nc3ccc(OCc4ccccn4)c(Cl)c3)c2cc1NC(=O)C=CCN(C)C,JWNPDZNEKVCWMY-VQHVLOKHSA-N
DRUG_001690,CONFIRMED_INTEGRATED_ENTITY,drugbank_only,COc1cc2c(cc1OC)C1CC(OC(=O)C(N)C(C)C)C(CC(C)C)CN1CC2,GEJDGVNQKABXKG-CFKGEZKQSA-N
DRUG_001691,CONFIRMED_INTEGRATED_ENTITY,drugbank_only,CC(=O)OCC(=O)C12N=C(C)OC1CC1C3CCC4=CC(=O)C=CC4(C)C3C(O)CC12C,FBHSPRKOSMHSIF-GRMWVWQJSA-N
DRUG_001692,CONFIRMED_INTEGRATED_ENTITY,drugbank_only,Nc1nc(-n2cc(C(=O)O)c(=O)c3cc(F)c(N4CC(O)C4)c(Cl)c32)c(F)cc1F,DYDCPNMLZGFQTM-UHFFFAOYSA-N
DRUG_001693,CONFIRMED_INTEGRATED_ENTITY,drugbank_only,O=C(Cn1ccnc1[N+](=O)[O-])NCc1ccccc1,CULUWZNBISUWAS-UHFFFAOYSA-N
DRUG_001694,CONFIRMED_INTEGRATED_ENTITY,drugbank_only,CC(=O)Oc1cccc2c1C(=O)c1c(OC(C)=O)cc(C(=O)O)cc1C2=O,TYNLGDBUJLVSMA-UHFFFAOYSA-N
DRUG_001695,CONFIRMED_INTEGRATED_ENTITY,drugbank_only,CCN1CCN(Cc2ccc(Nc3ncc(F)c(-c4cc(F)c5nc(C)n(C(C)C)c5c4)n3)nc2)CC1,UZWDCWONPYILKI-UHFFFAOYSA-N
DRUG_001696,CONFIRMED_INTEGRATED_ENTITY,drugbank_only,CCC1C2CN(C(=O)C(C(C)(C)C)NC(=O)OC3CC3CCCCC(F)(F)c3nc4ccc(OC)cc4nc3O2)C1C(=O)NC1(C(=O)NS(=O)(=O)C2(C)CC2)CC1C(F)F,MZBLZLWXUBZHSL-FZNJKFJKSA-N
DRUG_001697,CONFIRMED_INTEGRATED_ENTITY,drugbank_only,COc1cccc(N2CCN(C3=Nc4c(F)cccc4C(CC(=O)O)N3c3cc(C(F)(F)F)ccc3OC)CC2)c1,FWYSMLBETOMXAG-QHCPKHFHSA-N
DRUG_001698,CONFIRMED_INTEGRATED_ENTITY,drugbank_only,[H]C([H])([H])Oc1cc2c(cc1OC([H])([H])[H])C1CC(=O)C(CC(C)C)CN1CC2,MKJIEFSOBYUXJB-WEZHFFAMSA-N
DRUG_001699,CONFIRMED_INTEGRATED_ENTITY,drugbank_only,COc1cc(N2CCC(N3CCN(C)CC3)CC2)ccc1Nc1ncc(Cl)c(Nc2ccccc2P(C)(C)=O)n1,AILRADAXUVEEIR-UHFFFAOYSA-N
DRUG_001700,CONFIRMED_INTEGRATED_ENTITY,drugbank_only,CCCOC(C(=O)OC1CCN(C)CC1)(c1ccccc1)c1ccccc1,QPCVHQBVMYCJOM-UHFFFAOYSA-N
DRUG_001701,CONFIRMED_INTEGRATED_ENTITY,drugbank_only,CNCc1ccc(-c2[nH]c3cc(F)cc4c3c2CCNC4=O)cc1,HMABYWSNWIZPAG-UHFFFAOYSA-N
DRUG_001702,CONFIRMED_INTEGRATED_ENTITY,drugbank_only,COc1ccc(NC(=O)c2ccc(C(=N)N(C)C)cc2)c(C(=O)Nc2ccc(Cl)cn2)c1,XHOLNRLADUSQLD-UHFFFAOYSA-N
DRUG_001703,CONFIRMED_INTEGRATED_ENTITY,drugbank_only,COc1c(OCCCN2CCOCC2)ccc2c1N=C(NC(=O)c1cnc(N)nc1)N1CCN=C21,PZBCKZWLPGJMAO-UHFFFAOYSA-N
DRUG_001704,CONFIRMED_INTEGRATED_ENTITY,drugbank_only,CN(C(=O)CN(CCO)CC(=O)N(C)C(C)(C)Cc1ccccc1)C(C)(C)Cc1ccccc1,FTLDJPRFCGDUFH-UHFFFAOYSA-N
DRUG_001705,CONFIRMED_INTEGRATED_ENTITY,drugbank_only,N=C(N)Nc1ccc(C(=O)Oc2ccc3cc(C(=N)N)ccc3c2)cc1,MQQNFDZXWVTQEH-UHFFFAOYSA-N
DRUG_001706,CONFIRMED_INTEGRATED_ENTITY,drugbank_only,CNc1ncc(-c2ccc3c(=O)c(C(=O)O)cn(C4CC4)c3c2C)cc1C,XPIJWUTXQAGSLK-UHFFFAOYSA-N
DRUG_001707,CONFIRMED_INTEGRATED_ENTITY,drugbank_only,CCN(CC)CCNC(=O)c1cc(S(C)(=O)=O)ccc1OC,JTVPZMFULRWINT-UHFFFAOYSA-N
DRUG_001708,CONFIRMED_INTEGRATED_ENTITY,drugbank_only,O=C(O[Ca]OC(=O)C(O)C(O)C(OC1OC(CO)C(O)C(O)C1O)C(O)CO)C(O)C(O)C(O)C(O)CO,YPCRNBPOUVJVMU-LCGAVOCYSA-L
DRUG_001709,CONFIRMED_INTEGRATED_ENTITY,drugbank_only,N->[Pt]1(<-N)OCC(=O)O1,
DRUG_001710,CONFIRMED_INTEGRATED_ENTITY,drugbank_only,NC1(C(=O)O)CC(F)C1,NTEDWGYJNHZKQW-DGMDOPGDSA-N
DRUG_001711,CONFIRMED_INTEGRATED_ENTITY,drugbank_only,CC(C)=CCCC(C)(O)C1CC=C(C)CC1,RGZSQWQPBWRIAQ-CABCVRRESA-N
DRUG_001712,CONFIRMED_INTEGRATED_ENTITY,drugbank_only,CC1CC2C3CCC4=CC(=O)C=CC4(C)C3(F)C(=O)CC2(C)C1(O)C(=O)CCl,XXIFVOHLGBURIG-OZCCCYNHSA-N
DRUG_001713,CONFIRMED_INTEGRATED_ENTITY,drugbank_only,C=CCOc1ccc(CC(=O)O)cc1Cl,ARHWPKZXBHOEEE-UHFFFAOYSA-N
DRUG_001714,CONFIRMED_INTEGRATED_ENTITY,drugbank_only,COC1CC(OC2C(C)C(=O)OC(C)C(C)C(OC(C)=O)C(C)C(=O)C3(CO3)CC(C)C(OC3OC(C)CC(N(C)C)C3OC(C)=O)C2C)OC(C)C1OC(C)=O,LQCLVBQBTUVCEQ-QTFUVMRISA-N
DRUG_001715,CONFIRMED_INTEGRATED_ENTITY,drugbank_only,CC(O)C(=O)[O-].CC(O)C(=O)[O-].[Ca+2],MKJXYGKVIBWPFZ-UHFFFAOYSA-L
DRUG_001716,CONFIRMED_INTEGRATED_ENTITY,drugbank_only,ClC=C(Cl)Cl,XSTXAVWGXDQKEL-UHFFFAOYSA-N
DRUG_001717,CONFIRMED_INTEGRATED_ENTITY,drugbank_only,O.[Al+3].[Al+3].[Mg+2].[O-][Si]([O-])([O-])[O-].[O-][Si]([O-])([O-])[O-],XFKLULFTFNRQOX-UHFFFAOYSA-N
DRUG_001718,CONFIRMED_INTEGRATED_ENTITY,drugbank_only,OCCN(CCO)CCO,GSEJCLTVZPLZKY-UHFFFAOYSA-N
DRUG_001719,CONFIRMED_INTEGRATED_ENTITY,drugbank_only,COc1ccc2c(c1)c(CC(=O)OCC(=O)O)c(C)n2C(=O)c1ccc(Cl)cc1,FSQKKOOTNAMONP-UHFFFAOYSA-N
DRUG_001720,CONFIRMED_INTEGRATED_ENTITY,drugbank_only,CN1C(=O)C(O)N=C(c2ccccc2Cl)c2cc(Cl)ccc21,FJIKWRGCXUCUIG-UHFFFAOYSA-N
DRUG_001721,CONFIRMED_INTEGRATED_ENTITY,drugbank_only,CC(C)(Oc1ccc(C(=O)c2ccc(Cl)cc2)cc1)C(=O)O,MQOBSOSZFYZQOK-UHFFFAOYSA-N
DRUG_001722,CONFIRMED_INTEGRATED_ENTITY,drugbank_only,CC(C)(O)CNc1nc(Nc2ccnc(C(F)(F)F)c2)nc(-c2cccc(C(F)(F)F)n2)n1,DYLUUSLLRIQKOE-UHFFFAOYSA-N
DRUG_001723,CONFIRMED_INTEGRATED_ENTITY,drugbank_only,COC(=O)NC(C(=O)N1CCCC1c1nc2cc(C3CCC(c4cc5nc(C6CCCN6C(=O)C(NC(=O)OC)C(C)OC)[nH]c5cc4F)N3c3cc(F)c(N4CCC(c5ccc(F)cc5)CC4)c(F)c3)c(F)cc2[nH]1)C(C)OC,VJYSBPDEJWLKKJ-NLIMODCCSA-N
DRUG_001724,CONFIRMED_INTEGRATED_ENTITY,drugbank_only,CC(C)(C)C1NC(=O)OC2CCCC2OCC=CC(F)(F)c2nc3ccccc3nc2OC2CC(C(=O)NC3(C(=O)NS(=O)(=O)C4(C)CC4)CC3C(F)F)N(C2)C1=O,MLSQGNCUYAMAHD-ITNVBOSISA-N
DRUG_001725,CONFIRMED_INTEGRATED_ENTITY,drugbank_only,CC(O)C(NC(=O)C1CSSCC(NC(=O)C(Cc2ccccc2)NC(=O)CN2CCN(CC(=O)[O-])CCN(CC(=O)[O-])CCN(CC(=O)[O-])CC2)C(=O)NC(Cc2ccc(O)cc2)C(=O)NC(Cc2c[nH]c3ccccc23)C(=O)NC(CCCCN)C(=O)NC(C(C)O)C(=O)N1)C(=O)O.[Ga+3],XBJPSVQFCQFGDC-WSCOIBMGSA-K
DRUG_001726,CONFIRMED_INTEGRATED_ENTITY,twosides_only,C[N+](C)(C)CC(O)CC(=O)O,PHIQHXFUZVPYII-UHFFFAOYSA-O
DRUG_001727,CONFIRMED_INTEGRATED_ENTITY,twosides_only,NCCCC(=O)O,BTCSSZJGUNDROE-UHFFFAOYSA-N
DRUG_001728,CONFIRMED_INTEGRATED_ENTITY,twosides_only,OCC1OC(O)C(O)C(O)C1O,WQZGKKKJIJFFOK-UHFFFAOYSA-N
DRUG_001729,CONFIRMED_INTEGRATED_ENTITY,twosides_only,[Ca+2],BHPQYMZQTOCNFJ-UHFFFAOYSA-N
DRUG_001730,CONFIRMED_INTEGRATED_ENTITY,twosides_only,CC(=O)NC(CS)C(=O)O,PWKSKIMOESPYIA-UHFFFAOYSA-N
DRUG_001731,CONFIRMED_INTEGRATED_ENTITY,twosides_only,O=S(=O)(O)CCS,ZNEWHQLOPFWXOF-UHFFFAOYSA-N
DRUG_001732,CONFIRMED_INTEGRATED_ENTITY,twosides_only,CC(=O)NC1C(O)OC(COS(=O)(=O)O)C(OC2OC(C(=O)O)C(OC3OC(CO)C(OC4OC(C(=O)O)C(O)C(O)C4OS(=O)(=O)O)C(OS(=O)(=O)O)C3NS(=O)(=O)O)C(O)C2OS(=O)(=O)O)C1O,HTTJABKRGRZYRN-UHFFFAOYSA-N
DRUG_001733,CONFIRMED_INTEGRATED_ENTITY,twosides_only,O=C([O-])c1cccnc1,PVNIIMVLHYAWGP-UHFFFAOYSA-M
DRUG_001734,CONFIRMED_INTEGRATED_ENTITY,twosides_only,O=S(=O)([O-])[O-],QAOWNCQODCNURD-UHFFFAOYSA-L
DRUG_001735,CONFIRMED_INTEGRATED_ENTITY,twosides_only,Cc1cn(C2CC(O)C(CO)O2)c(=O)[nH]c1=O,IQFYYKKMVGJFEH-UHFFFAOYSA-N
DRUG_001736,CONFIRMED_INTEGRATED_ENTITY,twosides_only,COc1cccc2c1C(=O)c1c(O)c3c(c(O)c1C2=O)CC(O)(C(=O)CO)CC3OC1CC([NH3+])C(O)C(C)O1,AOJJSUZBOXZQNB-UHFFFAOYSA-O
DRUG_001737,CONFIRMED_INTEGRATED_ENTITY,twosides_only,CCCCc1oc2ccccc2c1C(=O)c1cc(I)c(OCC[NH+](CC)CC)c(I)c1,IYIKLHRQXLHMJQ-UHFFFAOYSA-O
DRUG_001738,CONFIRMED_INTEGRATED_ENTITY,twosides_only,CC1(C)SC2C(NC(=O)C(N)c3ccccc3)C(=O)N2C1C(=O)[O-],AVKUERGKIZMTKX-UHFFFAOYSA-M
DRUG_001739,CONFIRMED_INTEGRATED_ENTITY,twosides_only,CC1CNc2c(cccc2S(=O)(=O)NC(CCCN=C(N)N)C(=O)N2CCC(C)CC2C(=O)O)C1,KXNPVXPOPUZYGB-UHFFFAOYSA-N
DRUG_001740,CONFIRMED_INTEGRATED_ENTITY,twosides_only,CC1C(NC(=O)C(=NOC(C)(C)C(=O)O)c2csc(N)n2)C(=O)N1S(=O)(=O)O,WZPBZJONDBGPKJ-UHFFFAOYSA-N
DRUG_001741,CONFIRMED_INTEGRATED_ENTITY,twosides_only,CCC(C)C(N)C1=NC(C(=O)NC(CC(C)C)C(=O)NC(CCC(=O)O)C(=O)NC(C(=O)NCCCCC2NC(=O)C(CC(N)=O)NC(=O)C(CC(=O)O)NC(=O)C(Cc3cnc[nH]3)NC(=O)C(Cc3ccccc3)NC(=O)C(C(C)CC)NC(=O)C(CCCN)NC2=O)C(C)CC)CS1,VRKHYMXTJQCIND-UHFFFAOYSA-N
DRUG_001742,CONFIRMED_INTEGRATED_ENTITY,twosides_only,CC1CC2C3CCC4=CC(=O)C=CC4(C)C3(Cl)C(O)CC2(C)C1(O)C(=O)CO,NBMKJKDGKREAPL-UHFFFAOYSA-N
DRUG_001743,CONFIRMED_INTEGRATED_ENTITY,twosides_only,CCOc1nc2cccc(C(=O)O)c2n1Cc1ccc(-c2ccccc2-c2nn[nH]n2)cc1,HTQMVQVXFRQIKW-UHFFFAOYSA-N
DRUG_001744,CONFIRMED_INTEGRATED_ENTITY,twosides_only,Cc1nnc(SCC2=C(C(=O)[O-])N3C(=O)C(NC(=O)Cn4cnnn4)C3SC2)s1,MLYYVTUWGNIJIB-UHFFFAOYSA-M
DRUG_001745,CONFIRMED_INTEGRATED_ENTITY,twosides_only,CON=C(C(=O)NC1C(=O)N2C(C(=O)[O-])=C(COC(C)=O)CSC12)c1csc(N)n1,GPRBEKHLDVQUJE-UHFFFAOYSA-M
DRUG_001746,CONFIRMED_INTEGRATED_ENTITY,twosides_only,COC1(NC(=O)Cc2cccs2)C(=O)N2C(C(=O)[O-])=C(COC(N)=O)CSC21,WZOZEZRFJCJXNZ-UHFFFAOYSA-M
DRUG_001747,CONFIRMED_INTEGRATED_ENTITY,twosides_only,CON=C(C(=O)NC1C(=O)N2C(C(=O)[O-])=C(CSc3nc(=O)c([O-])nn3C)CSC12)c1csc(N)n1,VAAUVRVFOQPIGI-UHFFFAOYSA-L
DRUG_001748,CONFIRMED_INTEGRATED_ENTITY,twosides_only,CON=C(C(=O)NC1C(=O)N2C(C(=O)[O-])=C(COC(N)=O)CSC12)c1ccco1,JFPVXVDWJQMJEE-UHFFFAOYSA-M
DRUG_001749,CONFIRMED_INTEGRATED_ENTITY,twosides_only,COCc1c(C(C)C)nc(C(C)C)c(C=CC(O)CC(O)CC(=O)O)c1-c1ccc(F)cc1,SEERZIQQUAZTOL-UHFFFAOYSA-N
DRUG_001750,CONFIRMED_INTEGRATED_ENTITY,twosides_only,CN=C1CN(O)C(c2ccccc2)=c2cc(Cl)ccc2=N1,BUCORZSTKDOEKQ-UHFFFAOYSA-N
DRUG_001751,CONFIRMED_INTEGRATED_ENTITY,twosides_only,NC(=NCCCCCCN=C(N)N=C(N)Nc1ccc(Cl)cc1)N=C(N)Nc1ccc(Cl)cc1,GHXZTYHSJHQHIJ-UHFFFAOYSA-N
DRUG_001752,CONFIRMED_INTEGRATED_ENTITY,twosides_only,CN1CCN(C2=c3ccccc3=Nc3ccc(Cl)cc3N2)CC1,ZUXABONWMNSFBN-UHFFFAOYSA-N
DRUG_001753,CONFIRMED_INTEGRATED_ENTITY,twosides_only,CC1=C2N=C(C=C3N=C(C(C)=C4[N-]C(C(CC(N)=O)C4(C)CCC(=O)NCC(C)OP(=O)(O)OC4C(CO)OC(n5cnc6cc(C)c(C)cc65)C4O)C4(C)N=C1C(CCC(N)=O)C4(C)CC(N)=O)C(CCC(N)=O)C3(C)C)C(CCC(N)=O)C2(C)CC(N)=O.[C-]#N.[Co+2],AGVAZMGAQJOSFJ-UHFFFAOYSA-M
DRUG_001754,CONFIRMED_INTEGRATED_ENTITY,twosides_only,O=C1N=C([O-])CN1N=Cc1ccc(-c2ccc([N+](=O)[O-])cc2)o1,OZOMQRBLCMDCEG-UHFFFAOYSA-M
DRUG_001755,CONFIRMED_INTEGRATED_ENTITY,twosides_only,O=C([O-])Cc1ccccc1Nc1c(Cl)cccc1Cl,DCOPUUMXTXDBNB-UHFFFAOYSA-M
DRUG_001756,CONFIRMED_INTEGRATED_ENTITY,twosides_only,Cc1onc(-c2c(Cl)cccc2Cl)c1C(=O)NC1C(=O)N2C1SC(C)(C)C2C(=O)[O-],YFAGHNZHGGCZAX-UHFFFAOYSA-M
DRUG_001757,CONFIRMED_INTEGRATED_ENTITY,twosides_only,COc1ccc(C2Sc3ccccc3N(CC[NH+](C)C)C(=O)C2OC(C)=O)cc1,HSUGRBWQSSZJOP-UHFFFAOYSA-O
DRUG_001758,CONFIRMED_INTEGRATED_ENTITY,twosides_only,CC1c2cccc(O)c2C(O)=C2C(=O)C3(O)C(=O)C(=C(N)O)C(=O)C(N(C)C)C3C(O)C21,UEVKMCOZLJYVNG-UHFFFAOYSA-N
DRUG_001759,CONFIRMED_INTEGRATED_ENTITY,twosides_only,O=C([NH2+]CC1CCCCN1)c1cc(OCC(F)(F)F)ccc1OCC(F)(F)F,DJBNUMBKLMJRSA-UHFFFAOYSA-O
DRUG_001760,CONFIRMED_INTEGRATED_ENTITY,twosides_only,O=C([O-])P(=O)([O-])[O-],ZJAOAACCNHFJAH-UHFFFAOYSA-K
DRUG_001761,CONFIRMED_INTEGRATED_ENTITY,twosides_only,CCC(=O)OC(OP(=O)(CCCCc1ccccc1)CC(=O)N1CC(C2CCCCC2)CC1C(=O)[O-])C(C)C,BIDNLKIUORFRQP-UHFFFAOYSA-M
DRUG_001762,CONFIRMED_INTEGRATED_ENTITY,twosides_only,COc1ccccc1OCC(O)CO,HSRJKNPTNIJEKV-UHFFFAOYSA-N
DRUG_001763,CONFIRMED_INTEGRATED_ENTITY,twosides_only,CCCC(=O)OC1(C(=O)CO)CCC2C3CCC4=CC(=O)CCC4(C)C3C(O)CC21C,BMCQMVFGOVHVNG-UHFFFAOYSA-N
DRUG_001764,CONFIRMED_INTEGRATED_ENTITY,twosides_only,CCNC(=O)C1CCCN1C(=O)C(CCCN=C(N)N)NC(=O)C(CC(C)C)NC(=O)C(CC(C)C)NC(=O)C(Cc1ccc(O)cc1)NC(=O)C(CO)NC(=O)C(Cc1c[nH]c2ccccc12)NC(=O)C(Cc1cnc[nH]1)NC(=O)C1CCC(=O)N1,GFIJNRVAKGFPGQ-UHFFFAOYSA-N
DRUG_001765,CONFIRMED_INTEGRATED_ENTITY,twosides_only,CN(C)C(=O)C(CC[NH+]1CCC(O)(c2ccc(Cl)cc2)CC1)(c1ccccc1)c1ccccc1,RDOIQAHITMMDAJ-UHFFFAOYSA-O
DRUG_001766,CONFIRMED_INTEGRATED_ENTITY,twosides_only,Cc1cnc(NC(O)=C2C(=O)c3ccccc3S(=O)(=O)N2C)s1,DWMREKMVXIFPFM-UHFFFAOYSA-N
DRUG_001767,CONFIRMED_INTEGRATED_ENTITY,twosides_only,CN(C)c1ccc(O)c2c1CC1CC3C(N(C)C)C(=O)C(=C(N)O)C(=O)C3(O)C(=O)C1=C2O,CUJCFMVUUMIFDR-UHFFFAOYSA-N
DRUG_001768,CONFIRMED_INTEGRATED_ENTITY,twosides_only,N=c1nc(N2CCCCC2)cc(N)n1O,ZIMGGGWCDYVHOY-UHFFFAOYSA-N
DRUG_001769,CONFIRMED_INTEGRATED_ENTITY,twosides_only,COC(=O)C1=C(C)NC(C)=C(C(=O)OCC[NH+](C)Cc2ccccc2)C1c1cccc([N+](=O)[O-])c1,ZBBHBTPTTSWHBA-UHFFFAOYSA-O
DRUG_001770,CONFIRMED_INTEGRATED_ENTITY,twosides_only,Cc1cc2c(s1)=Nc1ccccc1NC=2N1CCN(C)CC1,WXPNDRBBWZMPQG-UHFFFAOYSA-N
DRUG_001771,CONFIRMED_INTEGRATED_ENTITY,twosides_only,Cc1onc(-c2ccccc2)c1C(=O)NC1C(=O)N2C1SC(C)(C)C2C(=O)[O-],UWYHMGVUTGAWSP-UHFFFAOYSA-M
DRUG_001772,CONFIRMED_INTEGRATED_ENTITY,twosides_only,O=C(O)C(=O)O.[NH-]C1CCCCC1[NH-].[Pt+2],DRMCATBEKSVAPL-UHFFFAOYSA-N
DRUG_001773,CONFIRMED_INTEGRATED_ENTITY,twosides_only,CN(C)C1C(=O)C(=C(N)O)C(=O)C2(O)C(=O)C3=C(O)c4c(O)cccc4C(C)(O)C3C(O)C12,FYDOORKXBWEKQM-UHFFFAOYSA-N
DRUG_001774,CONFIRMED_INTEGRATED_ENTITY,twosides_only,NC1=NC(=O)C(c2ccccc2)O1,NRNCYVBFPDDJNE-UHFFFAOYSA-N
DRUG_001775,CONFIRMED_INTEGRATED_ENTITY,twosides_only,CC1(C)SC2C(NC(=O)COc3ccccc3)C(=O)N2C1C(=O)[O-],BPLBGHOLXOTWMN-UHFFFAOYSA-M
DRUG_001776,CONFIRMED_INTEGRATED_ENTITY,twosides_only,OCC1OC(n2cnc3c2NC=NCC3O)CC1O,FPVKHBSQESCIEP-UHFFFAOYSA-N
DRUG_001777,CONFIRMED_INTEGRATED_ENTITY,twosides_only,CCN1CCN(C(=O)NC(C(=O)NC2C(=O)N3C2SC(C)(C)C3C(=O)[O-])c2ccccc2)C(=O)C1=O,IVBHGBMCVLDMKU-UHFFFAOYSA-M
DRUG_001778,CONFIRMED_INTEGRATED_ENTITY,twosides_only,CN1C(=C(O)Nc2ccccn2)C(=O)c2ccccc2S1(=O)=O,LDJVNWFKNMYYNT-UHFFFAOYSA-N
DRUG_001779,CONFIRMED_INTEGRATED_ENTITY,twosides_only,CS(=O)(=O)c1ccc(C2=C(c3ccccc3)C(=O)OC2)cc1,RZJQGNCSTQAWON-UHFFFAOYSA-N
DRUG_001780,CONFIRMED_INTEGRATED_ENTITY,twosides_only,CNC1C(OC2C(OC3C(O)C(O)C(N=C(N)N)C(O)C3N=C(N)N)OC(C)C2(O)C=O)OC(CO)C(O)C1O,UCSJYZPVAKXKNQ-UHFFFAOYSA-N
DRUG_001781,CONFIRMED_INTEGRATED_ENTITY,twosides_only,CN(C)C1C(=O)C(=C(N)O)C(=O)C2(O)C(=O)C3=C(O)c4c(O)cccc4C(C)(O)C3CC12,JYHCQVWYCGHXGP-UHFFFAOYSA-N
DRUG_001782,CONFIRMED_INTEGRATED_ENTITY,twosides_only,CC(=O)NC1C(N=C(N)N)C=C(C(=O)O)OC1C(O)C(O)CO,ARAIBEBZBOPLMB-UHFFFAOYSA-N
DRUG_001783,CONFIRMED_INTEGRATED_ENTITY,twosides_only,CCC(C)C1NC(=O)C(Cc2ccc(O)cc2)NC(=O)C(N)CSSCC(C(=O)N2CCCC2C(=O)NC(CC(C)C)C(=O)NCC(N)=O)NC(=O)C(CC(N)=O)NC(=O)C(CCC(N)=O)NC1=O,XNOPRXBHLZRZKH-UHFFFAOYSA-N
DRUG_001784,CONFIRMED_INTEGRATED_ENTITY,twosides_only,CC(=O)CC(c1ccccc1)c1c(O)oc2ccccc2c1=O,QTXVAVXCBMYBJW-UHFFFAOYSA-N
DRUG_001785,CONFIRMED_INTEGRATED_ENTITY,twosides_only,CC(=O)CC(c1ccc([N+](=O)[O-])cc1)c1c(O)oc2ccccc2c1=O,WWBYDEQHYAEHLT-UHFFFAOYSA-N
DRUG_001786,CONFIRMED_INTEGRATED_ENTITY,twosides_only,CC(=O)C1(O)CCC2C3CC(C)C4=CC(=O)CCC4(C)C3CCC21C,FRQMUZJSZHZSGN-UHFFFAOYSA-N
DRUG_001787,CONFIRMED_INTEGRATED_ENTITY,twosides_only,CCCCCCCCCCCCCCCCCCCCCCO,NOPFSRXAKWQILS-UHFFFAOYSA-N
DRUG_001788,CONFIRMED_INTEGRATED_ENTITY,twosides_only,[As+3].[As+3].[O-2].[O-2].[O-2],QTLQKAJBUDWPIB-UHFFFAOYSA-N
DRUG_001789,CONFIRMED_INTEGRATED_ENTITY,twosides_only,CC(=O)C1(O)CCC2C3C=C(C)C4=CC(=O)CCC4(C)C3CCC21C,VXIMPSPISRVBPZ-UHFFFAOYSA-N
DRUG_001790,CONFIRMED_INTEGRATED_ENTITY,twosides_only,S=[Se],VIDTVPHHDGRGAF-UHFFFAOYSA-N
DRUG_001791,CONFIRMED_INTEGRATED_ENTITY,twosides_only,O.O.O.O.O.O.[Ca+2].[Cl-].[Cl-],QHFQAJHNDKBRBO-UHFFFAOYSA-L
DRUG_001792,CONFIRMED_INTEGRATED_ENTITY,twosides_only,O=C(O)c1cc(=O)c2cc(OCC(O)COc3cccc4oc(C(=O)O)cc(=O)c34)ccc2o1,FSINDHDHRQZTPH-UHFFFAOYSA-N
DRUG_001793,CONFIRMED_INTEGRATED_ENTITY,twosides_only,NC(=O)CCC1NC(=O)C(Cc2ccccc2)NC(=O)C(Cc2ccc(O)cc2)NC(=O)CCSSCC(C(=O)N2CCCC2C(=O)NC(CCCN=C(N)N)C(=O)NCC(N)=O)NC(=O)C(CC(N)=O)NC1=O,NFLWUMRGJYTJIN-UHFFFAOYSA-N
DRUG_001794,CONFIRMED_INTEGRATED_ENTITY,twosides_only,[AlH4-].[Li+],OCZDCIYGECBNKL-UHFFFAOYSA-N
DRUG_001795,CONFIRMED_INTEGRATED_ENTITY,twosides_only,CC1CC2C3CCC4=CC(=O)C=CC4(C)C3(F)C(O)CC2(C)C1(O)C(=O)CCl,FCSHDIVRCWTZOX-UHFFFAOYSA-N
DRUG_001796,CONFIRMED_INTEGRATED_ENTITY,twosides_only,N.N.O=C(O)C1(C(=O)O)CCC1.[Pt],DVQHYTBCTGYNNN-UHFFFAOYSA-N
DRUG_001797,CONFIRMED_INTEGRATED_ENTITY,twosides_only,CC1OC(OC2C(CO)OC(OC3C(CO)OC(O)C(O)C3O)C(O)C2O)C(O)C(O)C1NC1C=C(CO)C(O)C(O)C1O,XUFXOAAUWZOOIT-UHFFFAOYSA-N
DRUG_001798,CONFIRMED_INTEGRATED_ENTITY,twosides_only,CCC(=O)OC1(C(=O)CCl)C(C)CC2C3CC(F)C4=CC(=O)C=CC4(C)C3(F)C(O)CC21C,BDSYKGHYMJNPAB-UHFFFAOYSA-N
DRUG_001799,CONFIRMED_INTEGRATED_ENTITY,twosides_only,CCOC(=O)OC1(C(=O)OCCl)CCC2C3CCC4=CC(=O)C=CC4(C)C3C(O)CC21C,DMKSVUSAATWOCU-UHFFFAOYSA-N
DRUG_001800,CONFIRMED_INTEGRATED_ENTITY,twosides_only,Cc1cccc(C(C)c2cnc[nH]2)c1C,CUHVIMMYOGQXCV-UHFFFAOYSA-N
DRUG_001801,CONFIRMED_INTEGRATED_ENTITY,twosides_only,CNC(=O)CN(CCN(CCN(CC(=O)[O-])CC(=O)NC)CC(=O)[O-])CC(=O)[O-].O.[Gd+3],XPCLDSMKWNNKOM-UHFFFAOYSA-K
DRUG_001802,CONFIRMED_INTEGRATED_ENTITY,twosides_only,CC1CC2C3CC(F)C4=CC(=O)C=CC4(C)C3(F)C(O)CC2(C)C1(O)C(=O)SCF,MGNNYOODZCAHBA-UHFFFAOYSA-N
DRUG_001803,CONFIRMED_INTEGRATED_ENTITY,twosides_only,CCCC1(CCc2ccccc2)CC(=O)C(C(CC)c2cccc(NS(=O)(=O)c3ccc(C(F)(F)F)cn3)c2)=C(O)O1,NZPXPXAGXYTROM-UHFFFAOYSA-N
DRUG_001804,CONFIRMED_INTEGRATED_ENTITY,twosides_only,CC(=O)NCCCS(=O)(=O)O,AFCGFAGUEYAMAO-UHFFFAOYSA-N
DRUG_001805,CONFIRMED_INTEGRATED_ENTITY,twosides_only,Cc1c(N)nc(C(CC(N)=O)NCC(N)C(N)=O)nc1C(=O)NC(C(=O)NC(C)C(O)C(C)C(=O)NC(C(=O)NCCc1nc(-c2nc(C(=O)NCCC[S+](C)C)cs2)cs1)C(C)O)C(OC1OC(CO)C(O)C(O)C1OC1OC(CO)C(O)C(OC(N)=O)C1O)c1cnc[nH]1,OYVAGSVQBOHSSS-UHFFFAOYSA-O
DRUG_001806,CONFIRMED_INTEGRATED_ENTITY,twosides_only,O=C1C(=O)c2ccccc2C(O)=C1C1CCC(c2ccc(Cl)cc2)CC1,BSJMWHQBCZFXBR-UHFFFAOYSA-N
DRUG_001807,CONFIRMED_INTEGRATED_ENTITY,twosides_only,O=c1nc[nH]c2cn[nH]c12,JFZSDNLQDTYVEE-UHFFFAOYSA-N
DRUG_001808,CONFIRMED_INTEGRATED_ENTITY,twosides_only,O=C(CO)C(O)C(OC1OC(CO)C(O)C(O)C1O)C(O)CO,PFCRQPBOOFTZGQ-UHFFFAOYSA-N
DRUG_001809,CONFIRMED_INTEGRATED_ENTITY,twosides_only,Cc1onc(-c2ccccc2)c1-c1ccc(S(N)(=O)=O)cc1,LNPDTQAFDNKSHK-UHFFFAOYSA-N
DRUG_001810,CONFIRMED_INTEGRATED_ENTITY,twosides_only,CCCc1nc(C(C)(C)O)c(C(=O)OCc2oc(=O)oc2C)n1Cc1ccc(-c2ccccc2-c2nn[nH]n2)cc1,UQGKUQLKSCSZGY-UHFFFAOYSA-N
DRUG_001811,CONFIRMED_INTEGRATED_ENTITY,twosides_only,CC(OC1OCCN(Cc2nc(=O)[nH][nH]2)C1c1ccc(F)cc1)c1cc(C(F)(F)F)cc(C(F)(F)F)c1,ATALOFNDEOCMKK-UHFFFAOYSA-N
DRUG_001812,CONFIRMED_INTEGRATED_ENTITY,twosides_only,C=CCN.C=CCNCCCCCCCCCC.C=CCNCCCCCC[N+](C)(C)C.Cl.ClCC1CO1.[Cl-],VTAKZNRDSPNOAU-UHFFFAOYSA-M
DRUG_001813,CONFIRMED_INTEGRATED_ENTITY,twosides_only,O.O=C([O-])[O-].O=C([O-])[O-].O=C([O-])[O-].[La+3].[La+3],AFCUGQOTNCVYSW-UHFFFAOYSA-H
DRUG_001814,CONFIRMED_INTEGRATED_ENTITY,twosides_only,CC(C)C1CCCC(C(=O)NC(Cc2ccccc2)C(=O)O)C1,CZCVBLROPSHDRZ-UHFFFAOYSA-N
DRUG_001815,CONFIRMED_INTEGRATED_ENTITY,twosides_only,COCCNC(=O)CN(CCN(CCN(CC(=O)[O-])CC(=O)NCCOC)CC(=O)[O-])CC(=O)[O-].[Gd+3],HBEAOBRDTOXWRZ-UHFFFAOYSA-K
DRUG_001816,CONFIRMED_INTEGRATED_ENTITY,twosides_only,NCC1CC(OC2CCC(N)C(O)C2OC2OC(CO)C(OC3OC(CN)C(O)C(O)C3N)C2O)C(N)C(O)C1O,PZRUMSPVTQZXBY-UHFFFAOYSA-N
DRUG_001817,CONFIRMED_INTEGRATED_ENTITY,twosides_only,COc1c(C)c2c(c(O)c1CC(=O)O)C(=O)OC2,DPTQXCJLISPWQT-UHFFFAOYSA-N
DRUG_001818,CONFIRMED_INTEGRATED_ENTITY,twosides_only,CC(=O)O.CC(N)C(=O)O.NC(CCC(=O)O)C(=O)O.NC(Cc1ccc(O)cc1)C(=O)O.NCCCCC(N)C(=O)O,FHEAIOHRHQGZPC-UHFFFAOYSA-N
DRUG_001819,CONFIRMED_INTEGRATED_ENTITY,twosides_only,CCc1c(C)c2cc3nc(cc4nc(cc5[nH]c(cc1[nH]2)c(C)c5C(C)O)C(C)=C4CCC(=O)O)C(CCC(=O)O)=C3C,JYLAITRQWJPNBC-UHFFFAOYSA-N
DRUG_001820,CONFIRMED_INTEGRATED_ENTITY,twosides_only,CC1C=CC=CCCC=CC=CC=CC=CC(OC2OC(C)C(O)C(N)C2O)CC(O)C(C(=O)O)C(O)CC(=O)CC(O)C(O)CCC(O)CC(O)CC(O)CC(=O)OC(C)C(C)C1O,ZDFDJJJGIRGMBE-UHFFFAOYSA-N
DRUG_001821,CONFIRMED_INTEGRATED_ENTITY,twosides_only,CC(C)c1nc(N(C)S(C)(=O)=O)nc(-c2ccc(F)cc2)c1CCC(O)CC(O)CC(=O)O,ZVPAUNJUMAQCNK-UHFFFAOYSA-N
DRUG_001822,CONFIRMED_INTEGRATED_ENTITY,twosides_only,CC1=C2N=C(C=C3N=C(C(C)=C4[N-]C(C(CC(N)=O)C4(C)CCC(=O)NCC(C)OP(=O)([O-])OC4C(CO)OC(n5cnc6cc(C)c(C)cc65)C4O)C4(C)N=C1C(CCC(N)=O)C4(C)CC(N)=O)C(CCC(N)=O)C3(C)C)C(CCC(N)=O)C2(C)CC(N)=O.O.[Co],ITFLMCXLENHUAD-UHFFFAOYSA-L
DRUG_001823,CONFIRMED_INTEGRATED_ENTITY,twosides_only,CN(C)NN=C1N=CN=C1C(N)=O,OMJKFYKNWZZKTK-UHFFFAOYSA-N
DRUG_001824,CONFIRMED_INTEGRATED_ENTITY,twosides_only,CN(C)c1cc(NC(=O)CNC(C)(C)C)c(O)c2c1CC1CC3C(N(C)C)C(=O)C(=C(N)O)C(=O)C3(O)C(=O)C1=C2O,ZXGBRIBPJBHLMO-UHFFFAOYSA-N
DRUG_001825,CONFIRMED_INTEGRATED_ENTITY,twosides_only,CCC(C)CC(C)CCCCCCCCC(=O)NC1CC(O)C(NCCN)NC(=O)C2CCCN2C(=O)C(C(O)CCN)NC(=O)C(C(O)C(O)c2ccc(O)cc2)NC(=O)C2CC(O)CN2C(=O)C(C(C)O)NC1=O,AHIZXSGLMAMETL-UHFFFAOYSA-N
DRUG_001826,CONFIRMED_INTEGRATED_ENTITY,twosides_only,NC(N)(Cl)Cl,ZSWDZQGVDJWLBK-UHFFFAOYSA-N
DRUG_001827,CONFIRMED_INTEGRATED_ENTITY,twosides_only,NC(N)=NCCCCC1C(=O)NCC(=O)NC(CC(=O)O)C(=O)NC(Cc2c[nH]c3ccccc23)C(=O)N2CCCC2C(=O)NC2CSSCCC(=O)N1C2=O,ITPPZKQWHHMJQQ-UHFFFAOYSA-N
DRUG_001828,CONFIRMED_INTEGRATED_ENTITY,twosides_only,CC(C)(O)c1ccccc1CCC(S)c1cccc(C=Cc2ccc3ccc(Cl)cc3n2)c1,WZQJFYIKVBTOGT-UHFFFAOYSA-N
DRUG_001829,CONFIRMED_INTEGRATED_ENTITY,twosides_only,O=C(O)C1=CC(=NNc2ccc(S(=O)(=O)Nc3ccccn3)cc2)C=CC1=O,OQANPHBRHBJGNZ-UHFFFAOYSA-N
DRUG_001830,CONFIRMED_INTEGRATED_ENTITY,twosides_only,O=C(O)CCNC(=O)c1ccc(NN=C2C=CC(=O)C(C(=O)O)=C2)cc1,KONZVQJABTUMFX-UHFFFAOYSA-N
DRUG_001831,CONFIRMED_INTEGRATED_ENTITY,twosides_only,COC1C=COC2(C)Oc3c(C)c(O)c4c(c3C2=O)C(=O)C(=CNN2CCN(C)CC2)C(=C4O)NC(=O)C(C)=CC=CC(C)C(O)C(C)C(O)C(C)C(OC(C)=O)C1C,FZYOVNIOYYPUPY-UHFFFAOYSA-N
DRUG_001832,CONFIRMED_INTEGRATED_ENTITY,twosides_only,NC1=NC(=S)C2N=CN=C2N1,UHLHHUAQNRJGFS-UHFFFAOYSA-N
DRUG_001833,CONFIRMED_INTEGRATED_ENTITY,twosides_only,CCCCCN=C(N)NNC=C1C=Nc2ccc(CO)cc21,URPUECXJHQGUDU-UHFFFAOYSA-N
DRUG_001834,CONFIRMED_INTEGRATED_ENTITY,twosides_only,O=C1C=CC=CC1=C1NC(=C2C=CC=CC2=O)N(c2ccc(C(=O)O)cc2)N1,FMSOAWSKCWYLBB-UHFFFAOYSA-N
DRUG_001835,CONFIRMED_INTEGRATED_ENTITY,twosides_only,O.O.O.O.O.O.O.O.O.O.O.O.O.O.O.O.O.O.O.O.O=S(=O)(O)OCC1OC(OC2(COS(=O)(=O)O)OC(OS(=O)(=O)O)C(OS(=O)(=O)O)C2OS(=O)(=O)O)C(OS(=O)(=O)O)C(OS(=O)(=O)O)C1OS(=O)(=O)O.[Al].[Al].[Al].[Al].[Al].[Al].[Al].[Al].[Al],VGNZFVKOOSPYGY-UHFFFAOYSA-N
DRUG_001836,CONFIRMED_INTEGRATED_ENTITY,twosides_only,CC(=O)OCC1OC([S-])C(OC(C)=O)C(OC(C)=O)C1OC(C)=O.CCP(CC)CC.[Au+],AUJRCFUBUPVWSZ-UHFFFAOYSA-M
