twosides_id,source_dataset,raw_smiles,canonical_smiles,isomeric_smiles,inchikey,structure_valid
CID000002173,twosides,CC1(C(N2C(S1)C(C2=O)NC(=O)C(C3=CC=CC=C3)N)C(=O)[O-])C,CC1(C)SC2C(NC(=O)C(N)c3ccccc3)C(=O)N2C1C(=O)[O-],CC1(C)SC2C(NC(=O)C(N)c3ccccc3)C(=O)N2C1C(=O)[O-],AVKUERGKIZMTKX-UHFFFAOYSA-M,True
CID000005206,twosides,C(OC(C(F)(F)F)C(F)(F)F)F,FCOC(C(F)(F)F)C(F)(F)F,FCOC(C(F)(F)F)C(F)(F)F,DFEYYRMXOJXZRJ-UHFFFAOYSA-N,True
CID000003929,twosides,CC(=O)NCC1CN(C(=O)O1)C2=CC(=C(C=C2)N3CCOCC3)F,CC(=O)NCC1CN(c2ccc(N3CCOCC3)c(F)c2)C(=O)O1,CC(=O)NCC1CN(c2ccc(N3CCOCC3)c(F)c2)C(=O)O1,TYZROVQLWOKYKF-UHFFFAOYSA-N,True
CID000001302,twosides,CC(C1=CC2=C(C=C1)C=C(C=C2)OC)C(=O)O,COc1ccc2cc(C(C)C(=O)O)ccc2c1,COc1ccc2cc(C(C)C(=O)O)ccc2c1,CMWTZPSULFXXJA-UHFFFAOYSA-N,True
CID000005267,twosides,CC(=O)SC1CC2=CC(=O)CCC2(C3C1C4CCC5(C4(CC3)C)CCC(=O)O5)C,CC(=O)SC1CC2=CC(=O)CCC2(C)C2CCC3(C)C(CCC34CCC(=O)O4)C12,CC(=O)SC1CC2=CC(=O)CCC2(C)C2CCC3(C)C(CCC34CCC(=O)O4)C12,LXMSZDCAJNLERA-UHFFFAOYSA-N,True
CID000004601,twosides,CC1=CC=CC=C1C(C2=CC=CC=C2)OCCN(C)C,Cc1ccccc1C(OCCN(C)C)c1ccccc1,Cc1ccccc1C(OCCN(C)C)c1ccccc1,QVYRGXJJSLMXQH-UHFFFAOYSA-N,True
CID000005090,twosides,CS(=O)(=O)C1=CC=C(C=C1)C2=C(C(=O)OC2)C3=CC=CC=C3,CS(=O)(=O)c1ccc(C2=C(c3ccccc3)C(=O)OC2)cc1,CS(=O)(=O)c1ccc(C2=C(c3ccccc3)C(=O)OC2)cc1,RZJQGNCSTQAWON-UHFFFAOYSA-N,True
CID000004946,twosides,CC(C)NCC(COC1=CC=CC2=CC=CC=C21)O,CC(C)NCC(O)COc1cccc2ccccc12,CC(C)NCC(O)COc1cccc2ccccc12,AQHHHDLHHXJYJD-UHFFFAOYSA-N,True
CID000005391,twosides,CN1C2=C(C=C(C=C2)Cl)C(=NC(C1=O)O)C3=CC=CC=C3,CN1C(=O)C(O)N=C(c2ccccc2)c2cc(Cl)ccc21,CN1C(=O)C(O)N=C(c2ccccc2)c2cc(Cl)ccc21,SEQDDYPDSLOBDC-UHFFFAOYSA-N,True
CID000002802,twosides,C1C(=O)NC2=C(C=C(C=C2)[N+](=O)[O-])C(=N1)C3=CC=CC=C3Cl,O=C1CN=C(c2ccccc2Cl)c2cc([N+](=O)[O-])ccc2N1,O=C1CN=C(c2ccccc2Cl)c2cc([N+](=O)[O-])ccc2N1,DGBIGWXXNGSACT-UHFFFAOYSA-N,True
CID000004212,twosides,C1=CC(=C2C(=C1NCCNCCO)C(=O)C3=C(C=CC(=C3C2=O)O)O)NCCNCCO,O=C1c2c(O)ccc(O)c2C(=O)c2c(NCCNCCO)ccc(NCCNCCO)c21,O=C1c2c(O)ccc(O)c2C(=O)c2c(NCCNCCO)ccc(NCCNCCO)c21,KKZJGLLVHKMTCM-UHFFFAOYSA-N,True
CID000000596,twosides,C1=CN(C(=O)N=C1N)C2C(C(C(O2)CO)O)O,Nc1ccn(C2OC(CO)C(O)C2O)c(=O)n1,Nc1ccn(C2OC(CO)C(O)C2O)c(=O)n1,UHDGCWIWMRVCDJ-UHFFFAOYSA-N,True
CID000002522,twosides,CC(C=CC(C1CC1)O)C2CCC3C2(CCCC3=CC=C4CC(CC(C4=C)O)O)C,C=C1C(=CC=C2CCCC3(C)C2CCC3C(C)C=CC(O)C2CC2)CC(O)CC1O,C=C1C(=CC=C2CCCC3(C)C2CCC3C(C)C=CC(O)C2CC2)CC(O)CC1O,LWQQLNNNIPYSNX-UHFFFAOYSA-N,True
CID000003405,twosides,C1=CC(=CC=C1C(=O)NC(CCC(=O)O)C(=O)O)NCC2=CN=C3C(=N2)C(=O)N=C(N3)N,Nc1nc(=O)c2nc(CNc3ccc(C(=O)NC(CCC(=O)O)C(=O)O)cc3)cnc2[nH]1,Nc1nc(=O)c2nc(CNc3ccc(C(=O)NC(CCC(=O)O)C(=O)O)cc3)cnc2[nH]1,OVBPIULPVIDEAO-UHFFFAOYSA-N,True
CID000003446,twosides,C1CCC(CC1)(CC(=O)O)CN,NCC1(CC(=O)O)CCCCC1,NCC1(CC(=O)O)CCCCC1,UGJMXCAKCUNAIE-UHFFFAOYSA-N,True
CID000004107,twosides,COC1=CC=CC=C1OCC(COC(=O)N)O,COc1ccccc1OCC(O)COC(N)=O,COc1ccccc1OCC(O)COC(N)=O,GNXFOGHNGIVQEH-UHFFFAOYSA-N,True
CID000003161,twosides,CC1C2C(C3C(C(=O)C(=C(N)O)C(=O)C3(C(=O)C2=C(C4=C1C=CC=C4O)O)O)N(C)C)O,CC1c2cccc(O)c2C(O)=C2C(=O)C3(O)C(=O)C(=C(N)O)C(=O)C(N(C)C)C3C(O)C21,CC1c2cccc(O)c2C(O)=C2C(=O)C3(O)C(=O)C(=C(N)O)C(=O)C(N(C)C)C3C(O)C21,UEVKMCOZLJYVNG-UHFFFAOYSA-N,True
CID000003823,twosides,CC(=O)N1CCN(CC1)C2=CC=C(C=C2)OCC3COC(O3)(CN4C=CN=C4)C5=C(C=C(C=C5)Cl)Cl,CC(=O)N1CCN(c2ccc(OCC3COC(Cn4ccnc4)(c4ccc(Cl)cc4Cl)O3)cc2)CC1,CC(=O)N1CCN(c2ccc(OCC3COC(Cn4ccnc4)(c4ccc(Cl)cc4Cl)O3)cc2)CC1,XMAYWYJOQHXEEK-UHFFFAOYSA-N,True
CID000005556,twosides,CC1=NN=C2N1C3=C(C=C(C=C3)Cl)C(=NC2)C4=CC=CC=C4Cl,Cc1nnc2n1-c1ccc(Cl)cc1C(c1ccccc1Cl)=NC2,Cc1nnc2n1-c1ccc(Cl)cc1C(c1ccccc1Cl)=NC2,JOFWLTCLBGQGBO-UHFFFAOYSA-N,True
CID000002156,twosides,CCCCC1=C(C2=CC=CC=C2O1)C(=O)C3=CC(=C(C(=C3)I)OCC[NH+](CC)CC)I,CCCCc1oc2ccccc2c1C(=O)c1cc(I)c(OCC[NH+](CC)CC)c(I)c1,CCCCc1oc2ccccc2c1C(=O)c1cc(I)c(OCC[NH+](CC)CC)c(I)c1,IYIKLHRQXLHMJQ-UHFFFAOYSA-O,True
CID000002907,twosides,C1CNP(=O)(OC1)N(CCCl)CCCl,O=P1(N(CCCl)CCCl)NCCCO1,O=P1(N(CCCl)CCCl)NCCCO1,CMSMOCZEIVJLDB-UHFFFAOYSA-N,True
CID000004192,twosides,CC1=NC=C2N1C3=C(C=C(C=C3)Cl)C(=NC2)C4=CC=CC=C4F,Cc1ncc2n1-c1ccc(Cl)cc1C(c1ccccc1F)=NC2,Cc1ncc2n1-c1ccc(Cl)cc1C(c1ccccc1F)=NC2,DDLIGBOFAVUZHB-UHFFFAOYSA-N,True
CID000000838,twosides,CNCC(C1=CC(=C(C=C1)O)O)O,CNCC(O)c1ccc(O)c(O)c1,CNCC(O)c1ccc(O)c(O)c1,UCTWMZQNUQWSLP-UHFFFAOYSA-N,True
CID000001986,twosides,CC(=O)NC1=NN=C(S1)S(=O)(=O)N,CC(=O)Nc1nnc(S(N)(=O)=O)s1,CC(=O)Nc1nnc(S(N)(=O)=O)s1,BZKPWHYZMXOIDC-UHFFFAOYSA-N,True
CID000004920,twosides,CC(=O)C1CCC2C1(CCC3C2CCC4=CC(=O)CCC34C)C,CC(=O)C1CCC2C3CCC4=CC(=O)CCC4(C)C3CCC12C,CC(=O)C1CCC2C3CCC4=CC(=O)CCC4(C)C3CCC12C,RJKFOVLPORLFTN-UHFFFAOYSA-N,True
CID000005478,twosides,CC(C)(C)NCC(COC1=NSN=C1N2CCOCC2)O,CC(C)(C)NCC(O)COc1nsnc1N1CCOCC1,CC(C)(C)NCC(O)COc1nsnc1N1CCOCC1,BLJRIMJGRPQVNF-UHFFFAOYSA-N,True
CID000003937,twosides,C1CC(N(C1)C(=O)C(CCCCN)NC(CCC2=CC=CC=C2)C(=O)O)C(=O)O,NCCCCC(NC(CCc1ccccc1)C(=O)O)C(=O)N1CCCC1C(=O)O,NCCCCC(NC(CCc1ccccc1)C(=O)O)C(=O)N1CCCC1C(=O)O,RLAWWYSOJDYHDC-UHFFFAOYSA-N,True
CID000004158,twosides,COC(=O)C(C1CCCCN1)C2=CC=CC=C2,COC(=O)C(c1ccccc1)C1CCCCN1,COC(=O)C(c1ccccc1)C1CCCCN1,DUGOZIWVEXMGBE-UHFFFAOYSA-N,True
CID000003696,twosides,CN(C)CCCN1C2=CC=CC=C2CCC3=CC=CC=C31,CN(C)CCCN1c2ccccc2CCc2ccccc21,CN(C)CCCN1c2ccccc2CCc2ccccc21,BCGWQEUPMDMJNV-UHFFFAOYSA-N,True
CID000003899,twosides,CC1=C(C=NO1)C(=O)NC2=CC=C(C=C2)C(F)(F)F,Cc1oncc1C(=O)Nc1ccc(C(F)(F)F)cc1,Cc1oncc1C(=O)Nc1ccc(C(F)(F)F)cc1,VHOGYURTWQBHIL-UHFFFAOYSA-N,True
CID000000853,twosides,C1=C(C=C(C(=C1I)OC2=CC(=C(C(=C2)I)O)I)I)CC(C(=O)O)N,NC(Cc1cc(I)c(Oc2cc(I)c(O)c(I)c2)c(I)c1)C(=O)O,NC(Cc1cc(I)c(Oc2cc(I)c(O)c(I)c2)c(I)c1)C(=O)O,XUIIKFGFIJCVMT-UHFFFAOYSA-N,True
CID000003826,twosides,C1CN2C(=CC=C2C(=O)C3=CC=CC=C3)C1C(=O)O,O=C(c1ccccc1)c1ccc2n1CCC2C(=O)O,O=C(c1ccccc1)c1ccc2n1CCC2C(=O)O,OZWKMVRBQXNZKK-UHFFFAOYSA-N,True
CID000003143,twosides,CC1=C2C(C(=O)C3(C(CC4C(C3C(C(C2(C)C)(CC1OC(=O)C(C(C5=CC=CC=C5)NC(=O)OC(C)(C)C)O)O)OC(=O)C6=CC=CC=C6)(CO4)OC(=O)C)O)C)O,CC(=O)OC12COC1CC(O)C1(C)C(=O)C(O)C3=C(C)C(OC(=O)C(O)C(NC(=O)OC(C)(C)C)c4ccccc4)CC(O)(C(OC(=O)c4ccccc4)C21)C3(C)C,CC(=O)OC12COC1CC(O)C1(C)C(=O)C(O)C3=C(C)C(OC(=O)C(O)C(NC(=O)OC(C)(C)C)c4ccccc4)CC(O)(C(OC(=O)c4ccccc4)C21)C3(C)C,ZDZOTLJHXYCWBA-UHFFFAOYSA-N,True
CID000004736,twosides,CC1C2CC3=C(C1(CCN2CC=C(C)C)C)C=C(C=C3)O,CC(C)=CCN1CCC2(C)c3cc(O)ccc3CC1C2C,CC(C)=CCN1CCC2(C)c3cc(O)ccc3CC1C2C,VOKSWYLNZZRQPF-UHFFFAOYSA-N,True
CID000005005,twosides,CCOC(=O)C(CCC1=CC=CC=C1)NC(C)C(=O)N2CC3=CC=CC=C3CC2C(=O)O,CCOC(=O)C(CCc1ccccc1)NC(C)C(=O)N1Cc2ccccc2CC1C(=O)O,CCOC(=O)C(CCc1ccccc1)NC(C)C(=O)N1Cc2ccccc2CC1C(=O)O,JSDRRTOADPPCHY-UHFFFAOYSA-N,True
CID000003261,twosides,C1C2=NN=CN2C3=C(C=C(C=C3)Cl)C(=N1)C4=CC=CC=C4,Clc1ccc2c(c1)C(c1ccccc1)=NCc1nncn1-2,Clc1ccc2c(c1)C(c1ccccc1)=NCc1nncn1-2,CDCHDCWJMGXXRH-UHFFFAOYSA-N,True
CID000002162,twosides,CCOC(=O)C1=C(NC(=C(C1C2=CC=CC=C2Cl)C(=O)OC)C)COCCN,CCOC(=O)C1=C(COCCN)NC(C)=C(C(=O)OC)C1c1ccccc1Cl,CCOC(=O)C1=C(COCCN)NC(C)=C(C(=O)OC)C1c1ccccc1Cl,HTIQEAQVCYTUBX-UHFFFAOYSA-N,True
CID000004259,twosides,COC1=C2C(=CC(=C1N3CC4CCCNC4C3)F)C(=O)C(=CN2C5CC5)C(=O)O,COc1c(N2CC3CCCNC3C2)c(F)cc2c(=O)c(C(=O)O)cn(C3CC3)c12,COc1c(N2CC3CCCNC3C2)c(F)cc2c(=O)c(C(=O)O)cn(C3CC3)c12,FABPRXSRWADJSP-UHFFFAOYSA-N,True
CID000003957,twosides,CCOC(=O)N1CCC(=C2C3=C(CCC4=C2N=CC=C4)C=C(C=C3)Cl)CC1,CCOC(=O)N1CCC(=C2c3ccc(Cl)cc3CCc3cccnc32)CC1,CCOC(=O)N1CCC(=C2c3ccc(Cl)cc3CCc3cccnc32)CC1,JCCNYMKQOSZNPW-UHFFFAOYSA-N,True
CID000004595,twosides,CC1=NC=CN1CC2CCC3=C(C2=O)C4=CC=CC=C4N3C,Cc1nccn1CC1CCc2c(c3ccccc3n2C)C1=O,Cc1nccn1CC1CCc2c(c3ccccc3n2C)C1=O,FELGMEQIXOGIFQ-UHFFFAOYSA-N,True
CID000002666,twosides,CC1=C(N2C(C(C2=O)NC(=O)C(C3=CC=CC=C3)N)SC1)C(=O)O,CC1=C(C(=O)O)N2C(=O)C(NC(=O)C(N)c3ccccc3)C2SC1,CC1=C(C(=O)O)N2C(=O)C(NC(=O)C(N)c3ccccc3)C2SC1,ZAIPMKNFIOOWCQ-UHFFFAOYSA-N,True
CID000003007,twosides,CC(CC1=CC=CC=C1)N,CC(N)Cc1ccccc1,CC(N)Cc1ccccc1,KWTSXDURSIMDCE-UHFFFAOYSA-N,True
CID000003559,twosides,C1CN(CCC1(C2=CC=C(C=C2)Cl)O)CCCC(=O)C3=CC=C(C=C3)F,O=C(CCCN1CCC(O)(c2ccc(Cl)cc2)CC1)c1ccc(F)cc1,O=C(CCCN1CCC(O)(c2ccc(Cl)cc2)CC1)c1ccc(F)cc1,LNEPOXFFQSENCJ-UHFFFAOYSA-N,True
CID000004909,twosides,CCC1(C(=O)NCNC1=O)C2=CC=CC=C2,CCC1(c2ccccc2)C(=O)NCNC1=O,CCC1(c2ccccc2)C(=O)NCNC1=O,DQMZLTXERSFNPB-UHFFFAOYSA-N,True
CID000002520,twosides,CC(C)C(CCCN(C)CCC1=CC(=C(C=C1)OC)OC)(C#N)C2=CC(=C(C=C2)OC)OC,COc1ccc(CCN(C)CCCC(C#N)(c2ccc(OC)c(OC)c2)C(C)C)cc1OC,COc1ccc(CCN(C)CCCC(C#N)(c2ccc(OC)c(OC)c2)C(C)C)cc1OC,SGTNSNPWRIOYBX-UHFFFAOYSA-N,True
CID000004889,twosides,CCC(C)C(=O)OC1CC(C=C2C1C(C(C=C2)C)CCC(CC(CC(=O)O)O)O)O,CCC(C)C(=O)OC1CC(O)C=C2C=CC(C)C(CCC(O)CC(O)CC(=O)O)C21,CCC(C)C(=O)OC1CC(O)C=C2C=CC(C)C(CCC(O)CC(O)CC(=O)O)C21,TUZYXOIXSAXUGO-UHFFFAOYSA-N,True
CID000003958,twosides,C1=CC=C(C(=C1)C2=NC(C(=O)NC3=C2C=C(C=C3)Cl)O)Cl,O=C1Nc2ccc(Cl)cc2C(c2ccccc2Cl)=NC1O,O=C1Nc2ccc(Cl)cc2C(c2ccccc2Cl)=NC1O,DIWRORZWFLOCLC-UHFFFAOYSA-N,True
CID000005505,twosides,CCCCNC(=O)NS(=O)(=O)C1=CC=C(C=C1)C,CCCCNC(=O)NS(=O)(=O)c1ccc(C)cc1,CCCCNC(=O)NS(=O)(=O)c1ccc(C)cc1,JLRGJRBPOGGCBT-UHFFFAOYSA-N,True
CID000038904,twosides,C1CC(C1)(C(=O)O)C(=O)O.N.N.[Pt],N.N.O=C(O)C1(C(=O)O)CCC1.[Pt],N.N.O=C(O)C1(C(=O)O)CCC1.[Pt],DVQHYTBCTGYNNN-UHFFFAOYSA-N,True
CID000004485,twosides,CC1=C(C(C(=C(N1)C)C(=O)OC)C2=CC=CC=C2[N+](=O)[O-])C(=O)OC,COC(=O)C1=C(C)NC(C)=C(C(=O)OC)C1c1ccccc1[N+](=O)[O-],COC(=O)C1=C(C)NC(C)=C(C(=O)OC)C1c1ccccc1[N+](=O)[O-],HYIMSNHJOBLJNT-UHFFFAOYSA-N,True
CID000005245,twosides,C1=CC(=CN=C1)CC(O)(P(=O)(O)O)P(=O)(O)O,O=P(O)(O)C(O)(Cc1cccnc1)P(=O)(O)O,O=P(O)(O)C(O)(Cc1cccnc1)P(=O)(O)O,IIDJRNMFWXDHID-UHFFFAOYSA-N,True
CID000039765,twosides,CC(=O)OC1CC2CCC3C(C2(CC1N4CCCCC4)C)CCC5(C3CC(C5OC(=O)C)[N+]6(CCCCC6)C)C,CC(=O)OC1CC2CCC3C(CCC4(C)C3CC([N+]3(C)CCCCC3)C4OC(C)=O)C2(C)CC1N1CCCCC1,CC(=O)OC1CC2CCC3C(CCC4(C)C3CC([N+]3(C)CCCCC3)C4OC(C)=O)C2(C)CC1N1CCCCC1,BGSZAXLLHYERSY-UHFFFAOYSA-N,True
CID000004635,twosides,CN1CCC23C4C(=O)CCC2(C1CC5=C3C(=C(C=C5)OC)O4)O,COc1ccc2c3c1OC1C(=O)CCC4(O)C(C2)N(C)CCC314,COc1ccc2c3c1OC1C(=O)CCC4(O)C(C2)N(C)CCC314,BRUQQQPBMZOVGD-UHFFFAOYSA-N,True
CID000002554,twosides,C1=CC=C2C(=C1)C=CC3=CC=CC=C3N2C(=O)N,NC(=O)N1c2ccccc2C=Cc2ccccc21,NC(=O)N1c2ccccc2C=Cc2ccccc21,FFGPTBGBLSHEPO-UHFFFAOYSA-N,True
CID000002650,twosides,CC(C)(C(=O)O)ON=C(C1=CSC(=N1)N)C(=O)NC2C3N(C2=O)C(=C(CS3)C[N+]4=CC=CC=C4)C(=O)[O-],CC(C)(ON=C(C(=O)NC1C(=O)N2C(C(=O)[O-])=C(C[n+]3ccccc3)CSC12)c1csc(N)n1)C(=O)O,CC(C)(ON=C(C(=O)NC1C(=O)N2C(C(=O)[O-])=C(C[n+]3ccccc3)CSC12)c1csc(N)n1)C(=O)O,ORFOPKXBNMVMKC-UHFFFAOYSA-N,True
CID000003749,twosides,CCCCC1=NC2(CCCC2)C(=O)N1CC3=CC=C(C=C3)C4=CC=CC=C4C5=NNN=N5,CCCCC1=NC2(CCCC2)C(=O)N1Cc1ccc(-c2ccccc2-c2nn[nH]n2)cc1,CCCCC1=NC2(CCCC2)C(=O)N1Cc1ccc(-c2ccccc2-c2nn[nH]n2)cc1,YOSHYTLCDANDAN-UHFFFAOYSA-N,True
CID000003440,twosides,C1=COC(=C1)CNC2=CC(=C(C=C2C(=O)O)S(=O)(=O)N)Cl,NS(=O)(=O)c1cc(C(=O)O)c(NCc2ccco2)cc1Cl,NS(=O)(=O)c1cc(C(=O)O)c(NCc2ccco2)cc1Cl,ZZUFCTLCJUWOSV-UHFFFAOYSA-N,True
CID000002909,twosides,CCC1C(=O)N(CC(=O)N(C(C(=O)NC(C(=O)N(C(C(=O)NC(C(=O)NC(C(=O)N(C(C(=O)N(C(C(=O)N(C(C(=O)N(C(C(=O)N1)C(C(C)CC=CC)O)C)C(C)C)C)CC(C)C)C)CC(C)C)C)C)C)CC(C)C)C)C(C)C)CC(C)C)C)C,CC=CCC(C)C(O)C1C(=O)NC(CC)C(=O)N(C)CC(=O)N(C)C(CC(C)C)C(=O)NC(C(C)C)C(=O)N(C)C(CC(C)C)C(=O)NC(C)C(=O)NC(C)C(=O)N(C)C(CC(C)C)C(=O)N(C)C(CC(C)C)C(=O)N(C)C(C(C)C)C(=O)N1C,CC=CCC(C)C(O)C1C(=O)NC(CC)C(=O)N(C)CC(=O)N(C)C(CC(C)C)C(=O)NC(C(C)C)C(=O)N(C)C(CC(C)C)C(=O)NC(C)C(=O)NC(C)C(=O)N(C)C(CC(C)C)C(=O)N(C)C(CC(C)C)C(=O)N(C)C(C(C)C)C(=O)N1C,PMATZTZNYRCHOR-UHFFFAOYSA-N,True
CID000003075,twosides,CC(=O)OC1C(SC2=CC=CC=C2N(C1=O)CC[NH+](C)C)C3=CC=C(C=C3)OC,COc1ccc(C2Sc3ccccc3N(CC[NH+](C)C)C(=O)C2OC(C)=O)cc1,COc1ccc(C2Sc3ccccc3N(CC[NH+](C)C)C(=O)C2OC(C)=O)cc1,HSUGRBWQSSZJOP-UHFFFAOYSA-O,True
CID000005647,twosides,CC(C)C(C(=O)OCCOCN1C=NC2=C1NC(=NC2=O)N)N,CC(C)C(N)C(=O)OCCOCn1cnc2c(=O)nc(N)[nH]c21,CC(C)C(N)C(=O)OCCOCn1cnc2c(=O)nc(N)[nH]c21,HDOVUKNUBWVHOX-UHFFFAOYSA-N,True
CID000003386,twosides,CNCCC(C1=CC=CC=C1)OC2=CC=C(C=C2)C(F)(F)F,CNCCC(Oc1ccc(C(F)(F)F)cc1)c1ccccc1,CNCCC(Oc1ccc(C(F)(F)F)cc1)c1ccccc1,RTHCYVBBDHJXIQ-UHFFFAOYSA-N,True
CID000000271,twosides,[Ca+2],[Ca+2],[Ca+2],BHPQYMZQTOCNFJ-UHFFFAOYSA-N,True
CID000003016,twosides,CN1C(=O)CN=C(C2=C1C=CC(=C2)Cl)C3=CC=CC=C3,CN1C(=O)CN=C(c2ccccc2)c2cc(Cl)ccc21,CN1C(=O)CN=C(c2ccccc2)c2cc(Cl)ccc21,AAOVKJBEBIDNHE-UHFFFAOYSA-N,True
CID000003750,twosides,CCC1=C2CN3C(=CC4=C(C3=O)COC(=O)C4(CC)O)C2=NC5=C1C=C(C=C5)OC(=O)N6CCC(CC6)N7CCCCC7,CCc1c2c(nc3ccc(OC(=O)N4CCC(N5CCCCC5)CC4)cc13)-c1cc3c(c(=O)n1C2)COC(=O)C3(O)CC,CCc1c2c(nc3ccc(OC(=O)N4CCC(N5CCCCC5)CC4)cc13)-c1cc3c(c(=O)n1C2)COC(=O)C3(O)CC,UWKQSNNFCGGAFS-UHFFFAOYSA-N,True
CID000004173,twosides,CC1=NC=C(N1CCO)[N+](=O)[O-],Cc1ncc([N+](=O)[O-])n1CCO,Cc1ncc([N+](=O)[O-])n1CCO,VAOCPAMSLUNLGC-UHFFFAOYSA-N,True
CID000004159,twosides,CC1CC2C3CCC(C3(CC(C2C4(C1=CC(=O)C=C4)C)O)C)(C(=O)CO)O,CC1CC2C(C(O)CC3(C)C2CCC3(O)C(=O)CO)C2(C)C=CC(=O)C=C12,CC1CC2C(C(O)CC3(C)C2CCC3(O)C(=O)CO)C2(C)C=CC(=O)C=C12,VHRSUDSXCMQTMA-UHFFFAOYSA-N,True
CID000001065,twosides,COC1=CC2=C(C=CN=C2C=C1)C(C3CC4CCN3CC4C=C)O,C=CC1CN2CCC1CC2C(O)c1ccnc2ccc(OC)cc12,C=CC1CN2CCC1CC2C(O)c1ccnc2ccc(OC)cc12,LOUPRKONTZGTKE-UHFFFAOYSA-N,True
CID000002576,twosides,CCCC(C)(COC(=O)N)COC(=O)NC(C)C,CCCC(C)(COC(N)=O)COC(=O)NC(C)C,CCCC(C)(COC(N)=O)COC(=O)NC(C)C,OFZCIYFFPZCNJE-UHFFFAOYSA-N,True
CID000002541,twosides,CCOC1=NC2=CC=CC(=C2N1CC3=CC=C(C=C3)C4=CC=CC=C4C5=NNN=N5)C(=O)O,CCOc1nc2cccc(C(=O)O)c2n1Cc1ccc(-c2ccccc2-c2nn[nH]n2)cc1,CCOc1nc2cccc(C(=O)O)c2n1Cc1ccc(-c2ccccc2-c2nn[nH]n2)cc1,HTQMVQVXFRQIKW-UHFFFAOYSA-N,True
CID000004543,twosides,CNCCC=C1C2=CC=CC=C2CCC3=CC=CC=C31,CNCCC=C1c2ccccc2CCc2ccccc21,CNCCC=C1c2ccccc2CCc2ccccc21,PHVGLTMQBUFIQQ-UHFFFAOYSA-N,True
CID000004917,twosides,CN1CCN(CC1)CCCN2C3=CC=CC=C3SC4=C2C=C(C=C4)Cl,CN1CCN(CCCN2c3ccccc3Sc3ccc(Cl)cc32)CC1,CN1CCN(CCCN2c3ccccc3Sc3ccc(Cl)cc32)CC1,WIKYUJGCLQQFNW-UHFFFAOYSA-N,True
CID000003640,twosides,CC12CCC(=O)C=C1CCC3C2C(CC4(C3CCC4(C(=O)CO)O)C)O,CC12CCC(=O)C=C1CCC1C2C(O)CC2(C)C1CCC2(O)C(=O)CO,CC12CCC(=O)C=C1CCC1C2C(O)CC2(C)C1CCC2(O)C(=O)CO,JYGXADMDTFJGBT-UHFFFAOYSA-N,True
CID000060831,twosides,C[N+]1(C2CC(CC1C3C2O3)OC(=O)C(C4=CC=CS4)(C5=CC=CS5)O)C,C[N+]1(C)C2CC(OC(=O)C(O)(c3cccs3)c3cccs3)CC1C1OC12,C[N+]1(C)C2CC(OC(=O)C(O)(c3cccs3)c3cccs3)CC1C1OC12,LERNTVKEWCAPOY-UHFFFAOYSA-N,True
CID000002022,twosides,C1=NC2=C(N1COCCO)NC(=NC2=O)N,Nc1nc(=O)c2ncn(COCCO)c2[nH]1,Nc1nc(=O)c2ncn(COCCO)c2[nH]1,MKUXAQIIEYXACX-UHFFFAOYSA-N,True
CID000000206,twosides,C(C1C(C(C(C(O1)O)O)O)O)O,OCC1OC(O)C(O)C(O)C1O,OCC1OC(O)C(O)C(O)C1O,WQZGKKKJIJFFOK-UHFFFAOYSA-N,True
CID000003793,twosides,CCC(C)N1C(=O)N(C=N1)C2=CC=C(C=C2)N3CCN(CC3)C4=CC=C(C=C4)OCC5COC(O5)(CN6C=NC=N6)C7=C(C=C(C=C7)Cl)Cl,CCC(C)n1ncn(-c2ccc(N3CCN(c4ccc(OCC5COC(Cn6cncn6)(c6ccc(Cl)cc6Cl)O5)cc4)CC3)cc2)c1=O,CCC(C)n1ncn(-c2ccc(N3CCN(c4ccc(OCC5COC(Cn6cncn6)(c6ccc(Cl)cc6Cl)O5)cc4)CC3)cc2)c1=O,VHVPQPYKVGDNFY-UHFFFAOYSA-N,True
CID000000450,twosides,CC12CCC3C(C1CCC2O)CCC4=C3C=CC(=C4)O,CC12CCC3c4ccc(O)cc4CCC3C1CCC2O,CC12CCC3c4ccc(O)cc4CCC3C1CCC2O,VOXZDWNPVJITMN-UHFFFAOYSA-N,True
CID000002756,twosides,CC1=C(N=CN1)CSCCNC(=NC)NC#N,CN=C(NC#N)NCCSCc1nc[nH]c1C,CN=C(NC#N)NCCSCc1nc[nH]c1C,AQIXAKUUQRKLND-UHFFFAOYSA-N,True
CID000003657,twosides,C(=O)(N)NO,NC(=O)NO,NC(=O)NO,VSNHCAURESNICA-UHFFFAOYSA-N,True
CID000003890,twosides,CC(C)OC(=O)CCCC=CCC1C(CC(C1CCC(CCC2=CC=CC=C2)O)O)O,CC(C)OC(=O)CCCC=CCC1C(O)CC(O)C1CCC(O)CCc1ccccc1,CC(C)OC(=O)CCCC=CCC1C(O)CC(O)C1CCC(O)CCc1ccccc1,GGXICVAJURFBLW-UHFFFAOYSA-N,True
CID000002088,twosides,C(CC(O)(P(=O)(O)O)P(=O)(O)O)CN,NCCCC(O)(P(=O)(O)O)P(=O)(O)O,NCCCC(O)(P(=O)(O)O)P(=O)(O)O,OGSPWJRAVKPPFI-UHFFFAOYSA-N,True
CID000004034,twosides,CC1=CC(=CC=C1)CN2CCN(CC2)C(C3=CC=CC=C3)C4=CC=C(C=C4)Cl,Cc1cccc(CN2CCN(C(c3ccccc3)c3ccc(Cl)cc3)CC2)c1,Cc1cccc(CN2CCN(C(c3ccccc3)c3ccc(Cl)cc3)CC2)c1,OCJYIGYOJCODJL-UHFFFAOYSA-N,True
CID000002891,twosides,CC1=CC2=C(C=C1C)N(C=N2)C3C(C(C(O3)CO)OP(=O)(O)OC(C)CNC(=O)CCC4(C(C5C6(C(C(C(=N6)C(=C7C(C(C(=N7)C=C8C(C(C(=N8)C(=C4[N-]5)C)CCC(=O)N)(C)C)CCC(=O)N)(C)CC(=O)N)C)CCC(=O)N)(C)CC(=O)N)C)CC(=O)N)C)O.[C-]#N.[Co+2],CC1=C2N=C(C=C3N=C(C(C)=C4[N-]C(C(CC(N)=O)C4(C)CCC(=O)NCC(C)OP(=O)(O)OC4C(CO)OC(n5cnc6cc(C)c(C)cc65)C4O)C4(C)N=C1C(CCC(N)=O)C4(C)CC(N)=O)C(CCC(N)=O)C3(C)C)C(CCC(N)=O)C2(C)CC(N)=O.[C-]#N.[Co+2],CC1=C2N=C(C=C3N=C(C(C)=C4[N-]C(C(CC(N)=O)C4(C)CCC(=O)NCC(C)OP(=O)(O)OC4C(CO)OC(n5cnc6cc(C)c(C)cc65)C4O)C4(C)N=C1C(CCC(N)=O)C4(C)CC(N)=O)C(CCC(N)=O)C3(C)C)C(CCC(N)=O)C2(C)CC(N)=O.[C-]#N.[Co+2],AGVAZMGAQJOSFJ-UHFFFAOYSA-M,True
CID000002585,twosides,COC1=CC=CC=C1OCCNCC(COC2=CC=CC3=C2C4=CC=CC=C4N3)O,COc1ccccc1OCCNCC(O)COc1cccc2[nH]c3ccccc3c12,COc1ccccc1OCCNCC(O)COc1cccc2[nH]c3ccccc3c12,OGHNVEJMJSYVRP-UHFFFAOYSA-N,True
CID000005358,twosides,CNS(=O)(=O)CC1=CC2=C(C=C1)NC=C2CCN(C)C,CNS(=O)(=O)Cc1ccc2[nH]cc(CCN(C)C)c2c1,CNS(=O)(=O)Cc1ccc2[nH]cc(CCN(C)C)c2c1,KQKPFRSPSRPDEB-UHFFFAOYSA-N,True
CID000005234,twosides,[Na+].[Cl-],[Cl-].[Na+],[Cl-].[Na+],FAPWRFPIFSIZLT-UHFFFAOYSA-M,True
CID000002578,twosides,C(CCl)NC(=O)N(CCCl)N=O,O=NN(CCCl)C(=O)NCCCl,O=NN(CCCl)C(=O)NCCCl,DLGOEMSEDOSKAD-UHFFFAOYSA-N,True
CID000005038,twosides,CCOC(=O)C(CCC1=CC=CC=C1)NC(C)C(=O)N2C3CCCC3CC2C(=O)O,CCOC(=O)C(CCc1ccccc1)NC(C)C(=O)N1C(C(=O)O)CC2CCCC21,CCOC(=O)C(CCc1ccccc1)NC(C)C(=O)N1C(C(=O)O)CC2CCCC21,HDACQVRGBOVJII-UHFFFAOYSA-N,True
CID000002118,twosides,CC1=NN=C2N1C3=C(C=C(C=C3)Cl)C(=NC2)C4=CC=CC=C4,Cc1nnc2n1-c1ccc(Cl)cc1C(c1ccccc1)=NC2,Cc1nnc2n1-c1ccc(Cl)cc1C(c1ccccc1)=NC2,VREFGVBLTWBCJP-UHFFFAOYSA-N,True
CID000003715,twosides,CC1=C(C2=C(N1C(=O)C3=CC=C(C=C3)Cl)C=CC(=C2)OC)CC(=O)O,COc1ccc2c(c1)c(CC(=O)O)c(C)n2C(=O)c1ccc(Cl)cc1,COc1ccc2c(c1)c(CC(=O)O)c(C)n2C(=O)c1ccc(Cl)cc1,CGIGDMFJXJATDK-UHFFFAOYSA-N,True
CID000004264,twosides,CC(C1C(O1)CC2COC(C(C2O)O)CC(=CC(=O)OCCCCCCCCC(=O)O)C)C(C)O,CC(=CC(=O)OCCCCCCCCC(=O)O)CC1OCC(CC2OC2C(C)C(C)O)C(O)C1O,CC(=CC(=O)OCCCCCCCCC(=O)O)CC1OCC(CC2OC2C(C)C(C)O)C(O)C1O,MINDHVHHQZYEEK-UHFFFAOYSA-N,True
CID000003062,twosides,CC1C(C(CC(O1)OC2C(OC(CC2O)OC3C(OC(CC3O)OC4CCC5(C(C4)CCC6C5CC(C7(C6(CCC7C8=CC(=O)OC8)O)C)O)C)C)C)O)O,CC1OC(OC2C(O)CC(OC3C(O)CC(OC4CCC5(C)C(CCC6C5CC(O)C5(C)C(C7=CC(=O)OC7)CCC65O)C4)OC3C)OC2C)CC(O)C1O,CC1OC(OC2C(O)CC(OC3C(O)CC(OC4CCC5(C)C(CCC6C5CC(O)C5(C)C(C7=CC(=O)OC7)CCC65O)C4)OC3C)OC2C)CC(O)C1O,LTMHDMANZUZIPE-UHFFFAOYSA-N,True
CID000003825,twosides,CC(C1=CC(=CC=C1)C(=O)C2=CC=CC=C2)C(=O)O,CC(C(=O)O)c1cccc(C(=O)c2ccccc2)c1,CC(C(=O)O)c1cccc(C(=O)c2ccccc2)c1,DKYWVDODHFEZIM-UHFFFAOYSA-N,True
CID000002487,twosides,C1CCC2(C3CC4=C(C2(C1)CCN3CC5CCC5)C=C(C=C4)O)O,Oc1ccc2c(c1)C13CCCCC1(O)C(C2)N(CC1CCC1)CC3,Oc1ccc2c(c1)C13CCCCC1(O)C(C2)N(CC1CCC1)CC3,IFKLAQQSCNILHL-UHFFFAOYSA-N,True
CID000000214,twosides,CCCCCC(C=CC1C(CC(=O)C1CCCCCCC(=O)O)O)O,CCCCCC(O)C=CC1C(O)CC(=O)C1CCCCCCC(=O)O,CCCCCC(O)C=CC1C(O)CC(=O)C1CCCCCCC(=O)O,GMVPRGQOIOIIMI-UHFFFAOYSA-N,True
CID000002405,twosides,CC(C)NCC(COC1=CC=C(C=C1)COCCOC(C)C)O,CC(C)NCC(O)COc1ccc(COCCOC(C)C)cc1,CC(C)NCC(O)COc1ccc(COCCOC(C)C)cc1,VHYCDWMUTMEGQY-UHFFFAOYSA-N,True
CID000003648,twosides,CN1CCC23C4C1CC5=C2C(=C(C=C5)O)OC3C(=O)CC4,CN1CCC23c4c5ccc(O)c4OC2C(=O)CCC3C1C5,CN1CCC23c4c5ccc(O)c4OC2C(=O)CCC3C1C5,WVLOADHCBXTIJK-UHFFFAOYSA-N,True
CID000000772,twosides,CC(=O)NC1C(C(C(OC1O)COS(=O)(=O)O)OC2C(C(C(C(O2)C(=O)O)OC3C(C(C(C(O3)CO)OC4C(C(C(C(O4)C(=O)O)O)O)OS(=O)(=O)O)OS(=O)(=O)O)NS(=O)(=O)O)O)OS(=O)(=O)O)O,CC(=O)NC1C(O)OC(COS(=O)(=O)O)C(OC2OC(C(=O)O)C(OC3OC(CO)C(OC4OC(C(=O)O)C(O)C(O)C4OS(=O)(=O)O)C(OS(=O)(=O)O)C3NS(=O)(=O)O)C(O)C2OS(=O)(=O)O)C1O,CC(=O)NC1C(O)OC(COS(=O)(=O)O)C(OC2OC(C(=O)O)C(OC3OC(CO)C(OC4OC(C(=O)O)C(O)C(O)C4OS(=O)(=O)O)C(OS(=O)(=O)O)C3NS(=O)(=O)O)C(O)C2OS(=O)(=O)O)C1O,HTTJABKRGRZYRN-UHFFFAOYSA-N,True
CID000003365,twosides,C1=CC(=C(C=C1F)F)C(CN2C=NC=N2)(CN3C=NC=N3)O,OC(Cn1cncn1)(Cn1cncn1)c1ccc(F)cc1F,OC(Cn1cncn1)(Cn1cncn1)c1ccc(F)cc1F,RFHAOTPXVQNOHP-UHFFFAOYSA-N,True
CID000002609,twosides,C1C(=C(N2C(S1)C(C2=O)NC(=O)C(C3=CC=CC=C3)N)C(=O)O)Cl,NC(C(=O)NC1C(=O)N2C(C(=O)O)=C(Cl)CSC12)c1ccccc1,NC(C(=O)NC1C(=O)N2C(C(=O)O)=C(Cl)CSC12)c1ccccc1,QYIYFLOTGYLRGG-UHFFFAOYSA-N,True
CID000002656,twosides,CN1C(=NC(=O)C(=N1)[O-])SCC2=C(N3C(C(C3=O)NC(=O)C(=NOC)C4=CSC(=N4)N)SC2)C(=O)[O-],CON=C(C(=O)NC1C(=O)N2C(C(=O)[O-])=C(CSc3nc(=O)c([O-])nn3C)CSC12)c1csc(N)n1,CON=C(C(=O)NC1C(=O)N2C(C(=O)[O-])=C(CSc3nc(=O)c([O-])nn3C)CSC12)c1csc(N)n1,VAAUVRVFOQPIGI-UHFFFAOYSA-L,True
CID000005523,twosides,CN(C)CC1CCCCC1(C2=CC(=CC=C2)OC)O,COc1cccc(C2(O)CCCCC2CN(C)C)c1,COc1cccc(C2(O)CCCCC2CN(C)C)c1,TVYLLZQTGLZFBW-UHFFFAOYSA-N,True
CID000003661,twosides,CN1C2CCC1CC(C2)OC(=O)C(CO)C3=CC=CC=C3,CN1C2CCC1CC(OC(=O)C(CO)c1ccccc1)C2,CN1C2CCC1CC(OC(=O)C(CO)c1ccccc1)C2,RKUNBYITZUJHSG-UHFFFAOYSA-N,True
CID000003308,twosides,CCC1=C2C(=CC=C1)C3=C(N2)C(OCC3)(CC)CC(=O)O,CCc1cccc2c3c([nH]c12)C(CC)(CC(=O)O)OCC3,CCc1cccc2c3c([nH]c12)C(CC)(CC(=O)O)OCC3,NNYBQONXHNTVIJ-UHFFFAOYSA-N,True
CID000005203,twosides,CNC1CCC(C2=CC=CC=C12)C3=CC(=C(C=C3)Cl)Cl,CNC1CCC(c2ccc(Cl)c(Cl)c2)c2ccccc21,CNC1CCC(c2ccc(Cl)c(Cl)c2)c2ccccc21,VGKDLMBJGBXTGI-UHFFFAOYSA-N,True
CID000004201,twosides,C1CCN(CC1)C2=NC(=N)N(C(=C2)N)O,N=c1nc(N2CCCCC2)cc(N)n1O,N=c1nc(N2CCCCC2)cc(N)n1O,ZIMGGGWCDYVHOY-UHFFFAOYSA-N,True
CID000003043,twosides,C1CC(OC1CO)N2C=NC3=C2NC=NC3=O,O=c1nc[nH]c2c1ncn2C1CCC(CO)O1,O=c1nc[nH]c2c1ncn2C1CCC(CO)O1,BXZVVICBKDXVGW-UHFFFAOYSA-N,True
CID000004509,twosides,C1C(=O)NC(=O)N1N=CC2=CC=C(O2)[N+](=O)[O-],O=C1CN(N=Cc2ccc([N+](=O)[O-])o2)C(=O)N1,O=C1CN(N=Cc2ccc([N+](=O)[O-])o2)C(=O)N1,NXFQHRVNIOXGAQ-UHFFFAOYSA-N,True
CID000003222,twosides,CCOC(=O)C(CCC1=CC=CC=C1)NC(C)C(=O)N2CCCC2C(=O)O,CCOC(=O)C(CCc1ccccc1)NC(C)C(=O)N1CCCC1C(=O)O,CCOC(=O)C(CCc1ccccc1)NC(C)C(=O)N1CCCC1C(=O)O,GBXSMTUPTTWBMN-UHFFFAOYSA-N,True
CID000005040,twosides,CC1CCC2CC(C(=CC=CC=CC(CC(C(=O)C(C(C(=CC(C(=O)CC(OC(=O)C3CCCCN3C(=O)C(=O)C1(O2)O)C(C)CC4CCC(C(C4)OC)O)C)C)O)OC)C)C)C)OC,COC1CC2CCC(C)C(O)(O2)C(=O)C(=O)N2CCCCC2C(=O)OC(C(C)CC2CCC(O)C(OC)C2)CC(=O)C(C)C=C(C)C(O)C(OC)C(=O)C(C)CC(C)C=CC=CC=C1C,COC1CC2CCC(C)C(O)(O2)C(=O)C(=O)N2CCCCC2C(=O)OC(C(C)CC2CCC(O)C(OC)C2)CC(=O)C(C)C=C(C)C(O)C(OC)C(=O)C(C)CC(C)C=CC=CC=C1C,QFJCIRLUMZQUOT-UHFFFAOYSA-N,True
CID000003404,twosides,COCCCCC(=NOCCN)C1=CC=C(C=C1)C(F)(F)F,COCCCCC(=NOCCN)c1ccc(C(F)(F)F)cc1,COCCCCC(=NOCCN)c1ccc(C(F)(F)F)cc1,CJOFXWAVKWHTFT-UHFFFAOYSA-N,True
CID000004679,twosides,COC1=C(C(=NC=C1)CS(=O)C2=NC3=C(N2)C=C(C=C3)OC(F)F)OC,COc1ccnc(CS(=O)c2nc3ccc(OC(F)F)cc3[nH]2)c1OC,COc1ccnc(CS(=O)c2nc3ccc(OC(F)F)cc3[nH]2)c1OC,IQPSEEYGBUAQFF-UHFFFAOYSA-N,True
CID000060147,twosides,CCOC1=CC=CC=C1OCCNC(C)CC2=CC(=C(C=C2)OC)S(=O)(=O)N,CCOc1ccccc1OCCNC(C)Cc1ccc(OC)c(S(N)(=O)=O)c1,CCOc1ccccc1OCCNC(C)Cc1ccc(OC)c(S(N)(=O)=O)c1,DRHKJLXJIQTDTD-UHFFFAOYSA-N,True
CID000005077,twosides,CCN(C)C(=O)OC1=CC=CC(=C1)C(C)N(C)C,CCN(C)C(=O)Oc1cccc(C(C)N(C)C)c1,CCN(C)C(=O)Oc1cccc(C(C)N(C)C)c1,XSVMFMHYUFZWBK-UHFFFAOYSA-N,True
CID000003878,twosides,C1=CC(=C(C(=C1)Cl)Cl)C2=C(N=C(N=N2)N)N,Nc1nnc(-c2cccc(Cl)c2Cl)c(N)n1,Nc1nnc(-c2cccc(Cl)c2Cl)c(N)n1,PYZRQGJRPPTADH-UHFFFAOYSA-N,True
CID000002244,twosides,CC(=O)OC1=CC=CC=C1C(=O)O,CC(=O)Oc1ccccc1C(=O)O,CC(=O)Oc1ccccc1C(=O)O,BSYNRYMUTXBXSQ-UHFFFAOYSA-N,True
CID000003345,twosides,CCC(=O)N(C1CCN(CC1)CCC2=CC=CC=C2)C3=CC=CC=C3,CCC(=O)N(c1ccccc1)C1CCN(CCc2ccccc2)CC1,CCC(=O)N(c1ccccc1)C1CCN(CCc2ccccc2)CC1,PJMPHNIQZUBGLI-UHFFFAOYSA-N,True
CID000027661,twosides,C1C(C2C(O1)C(CO2)O[N+](=O)[O-])O,O=[N+]([O-])OC1COC2C(O)COC12,O=[N+]([O-])OC1COC2C(O)COC12,YWXYYJSYQOXTPL-UHFFFAOYSA-N,True
CID000004054,twosides,CC12CC3CC(C1)(CC(C3)(C2)N)C,CC12CC3CC(C)(C1)CC(N)(C3)C2,CC12CC3CC(C)(C1)CC(N)(C3)C2,BUGYDGFZZOZRHP-UHFFFAOYSA-N,True
CID000003911,twosides,CCNC(=O)C1CCCN1C(=O)C(CCCN=C(N)N)NC(=O)C(CC(C)C)NC(=O)C(CC(C)C)NC(=O)C(CC2=CC=C(C=C2)O)NC(=O)C(CO)NC(=O)C(CC3=CNC4=CC=CC=C43)NC(=O)C(CC5=CN=CN5)NC(=O)C6CCC(=O)N6,CCNC(=O)C1CCCN1C(=O)C(CCCN=C(N)N)NC(=O)C(CC(C)C)NC(=O)C(CC(C)C)NC(=O)C(Cc1ccc(O)cc1)NC(=O)C(CO)NC(=O)C(Cc1c[nH]c2ccccc12)NC(=O)C(Cc1cnc[nH]1)NC(=O)C1CCC(=O)N1,CCNC(=O)C1CCCN1C(=O)C(CCCN=C(N)N)NC(=O)C(CC(C)C)NC(=O)C(CC(C)C)NC(=O)C(Cc1ccc(O)cc1)NC(=O)C(CO)NC(=O)C(Cc1c[nH]c2ccccc12)NC(=O)C(Cc1cnc[nH]1)NC(=O)C1CCC(=O)N1,GFIJNRVAKGFPGQ-UHFFFAOYSA-N,True
CID000003348,twosides,CC(C)(C1=CC=C(C=C1)C(CCCN2CCC(CC2)C(C3=CC=CC=C3)(C4=CC=CC=C4)O)O)C(=O)O,CC(C)(C(=O)O)c1ccc(C(O)CCCN2CCC(C(O)(c3ccccc3)c3ccccc3)CC2)cc1,CC(C)(C(=O)O)c1ccc(C(O)CCCN2CCC(C(O)(c3ccccc3)c3ccccc3)CC2)cc1,RWTNPBWLLIMQHL-UHFFFAOYSA-N,True
CID000002771,twosides,CN(C)CCCC1(C2=C(CO1)C=C(C=C2)C#N)C3=CC=C(C=C3)F,CN(C)CCCC1(c2ccc(F)cc2)OCc2cc(C#N)ccc21,CN(C)CCCC1(c2ccc(F)cc2)OCc2cc(C#N)ccc21,WSEQXVZVJXJVFP-UHFFFAOYSA-N,True
CID000003279,twosides,CCC(CO)NCCNC(CC)CO,CCC(CO)NCCNC(CC)CO,CCC(CO)NCCNC(CC)CO,AEUTYOVWOVBAKS-UHFFFAOYSA-N,True
CID000004253,twosides,CN1CCC23C4C1CC5=C2C(=C(C=C5)O)OC3C(C=C4)O,CN1CCC23c4c5ccc(O)c4OC2C(O)C=CC3C1C5,CN1CCC23c4c5ccc(O)c4OC2C(O)C=CC3C1C5,BQJCRHHNABKAKU-UHFFFAOYSA-N,True
CID000003333,twosides,CCOC(=O)C1=C(NC(=C(C1C2=C(C(=CC=C2)Cl)Cl)C(=O)OC)C)C,CCOC(=O)C1=C(C)NC(C)=C(C(=O)OC)C1c1cccc(Cl)c1Cl,CCOC(=O)C1=C(C)NC(C)=C(C(=O)OC)C1c1cccc(Cl)c1Cl,RZTAMFZIAATZDJ-UHFFFAOYSA-N,True
CID000060795,twosides,C1CC(=O)NC2=C1C=CC(=C2)OCCCCN3CCN(CC3)C4=C(C(=CC=C4)Cl)Cl,O=C1CCc2ccc(OCCCCN3CCN(c4cccc(Cl)c4Cl)CC3)cc2N1,O=C1CCc2ccc(OCCCCN3CCN(c4cccc(Cl)c4Cl)CC3)cc2N1,CEUORZQYGODEFX-UHFFFAOYSA-N,True
CID000000453,twosides,C(C(C(C(C(CO)O)O)O)O)O,OCC(O)C(O)C(O)C(O)CO,OCC(O)C(O)C(O)C(O)CO,FBPFZTCFMRRESA-UHFFFAOYSA-N,True
CID000000159,twosides,CCCCCC(C=CC1C(CC2C1CC(=CCCCC(=O)O)O2)O)O,CCCCCC(O)C=CC1C(O)CC2OC(=CCCCC(=O)O)CC21,CCCCCC(O)C=CC1C(O)CC2OC(=CCCCC(=O)O)CC21,KAQKFAOMNZTLHT-UHFFFAOYSA-N,True
CID000003419,twosides,CCC(=O)OC(C(C)C)OP(=O)(CCCCC1=CC=CC=C1)CC(=O)N2CC(CC2C(=O)[O-])C3CCCCC3,CCC(=O)OC(OP(=O)(CCCCc1ccccc1)CC(=O)N1CC(C2CCCCC2)CC1C(=O)[O-])C(C)C,CCC(=O)OC(OP(=O)(CCCCc1ccccc1)CC(=O)N1CC(C2CCCCC2)CC1C(=O)[O-])C(C)C,BIDNLKIUORFRQP-UHFFFAOYSA-M,True
CID000005533,twosides,C1CN(CCN1CCCN2C(=O)N3C=CC=CC3=N2)C4=CC(=CC=C4)Cl,O=c1n(CCCN2CCN(c3cccc(Cl)c3)CC2)nc2ccccn12,O=c1n(CCCN2CCN(c3cccc(Cl)c3)CC2)nc2ccccn12,PHLBKPHSAVXXEF-UHFFFAOYSA-N,True
CID000005379,twosides,CC1CN(CCN1)C2=C(C=C3C(=C2OC)N(C=C(C3=O)C(=O)O)C4CC4)F,COc1c(N2CCNC(C)C2)c(F)cc2c(=O)c(C(=O)O)cn(C3CC3)c12,COc1c(N2CCNC(C)C2)c(F)cc2c(=O)c(C(=O)O)cn(C3CC3)c12,XUBOMFCQGDBHNK-UHFFFAOYSA-N,True
CID000005039,twosides,CNC(=C[N+](=O)[O-])NCCSCC1=CC=C(O1)CN(C)C,CNC(=C[N+](=O)[O-])NCCSCc1ccc(CN(C)C)o1,CNC(=C[N+](=O)[O-])NCCSCc1ccc(CN(C)C)o1,VMXUWOKSQNHOCA-UHFFFAOYSA-N,True
CID000003463,twosides,CC1=CC(=C(C=C1)C)OCCCC(C)(C)C(=O)O,Cc1ccc(C)c(OCCCC(C)(C)C(=O)O)c1,Cc1ccc(C)c(OCCCC(C)(C)C(=O)O)c1,HEMJJKBWTPKOJG-UHFFFAOYSA-N,True
CID000000598,twosides,C(CS(=O)(=O)O)S,O=S(=O)(O)CCS,O=S(=O)(O)CCS,ZNEWHQLOPFWXOF-UHFFFAOYSA-N,True
CID000002284,twosides,C1=CC(=CC=C1C(CC(=O)O)CN)Cl,NCC(CC(=O)O)c1ccc(Cl)cc1,NCC(CC(=O)O)c1ccc(Cl)cc1,KPYSYYIEGFHWSV-UHFFFAOYSA-N,True
CID000002662,twosides,CC1=CC=C(C=C1)C2=CC(=NN2C3=CC=C(C=C3)S(=O)(=O)N)C(F)(F)F,Cc1ccc(-c2cc(C(F)(F)F)nn2-c2ccc(S(N)(=O)=O)cc2)cc1,Cc1ccc(-c2cc(C(F)(F)F)nn2-c2ccc(S(N)(=O)=O)cc2)cc1,RZEKVGVHFLEQIL-UHFFFAOYSA-N,True
CID003085017,twosides,C=CCN.C1C(O1)CCl,C=CCN.ClCC1CO1,C=CCN.ClCC1CO1,ZNSIZMQNQCNRBW-UHFFFAOYSA-N,True
CID000004829,twosides,CCC1=CN=C(C=C1)CCOC2=CC=C(C=C2)CC3C(=O)NC(=O)S3,CCc1ccc(CCOc2ccc(CC3SC(=O)NC3=O)cc2)nc1,CCc1ccc(CCOc2ccc(CC3SC(=O)NC3=O)cc2)nc1,HYAFETHFCAUJAY-UHFFFAOYSA-N,True
CID000003385,twosides,C1=C(C(=O)NC(=O)N1)F,O=c1[nH]cc(F)c(=O)[nH]1,O=c1[nH]cc(F)c(=O)[nH]1,GHASVSINZRGABV-UHFFFAOYSA-N,True
CID000003203,twosides,C1CC1C#CC2(C3=C(C=CC(=C3)Cl)NC(=O)O2)C(F)(F)F,O=C1Nc2ccc(Cl)cc2C(C#CC2CC2)(C(F)(F)F)O1,O=C1Nc2ccc(Cl)cc2C(C#CC2CC2)(C(F)(F)F)O1,XPOQHMRABVBWPR-UHFFFAOYSA-N,True
CID000003954,twosides,CN(C)C(=O)C(CC[NH+]1CCC(CC1)(C2=CC=C(C=C2)Cl)O)(C3=CC=CC=C3)C4=CC=CC=C4,CN(C)C(=O)C(CC[NH+]1CCC(O)(c2ccc(Cl)cc2)CC1)(c1ccccc1)c1ccccc1,CN(C)C(=O)C(CC[NH+]1CCC(O)(c2ccc(Cl)cc2)CC1)(c1ccccc1)c1ccccc1,RDOIQAHITMMDAJ-UHFFFAOYSA-O,True
CID000002153,twosides,CN1C2=C(C(=O)N(C1=O)C)NC=N2,Cn1c(=O)c2[nH]cnc2n(C)c1=O,Cn1c(=O)c2[nH]cnc2n(C)c1=O,ZFXYFBGIUFBOJW-UHFFFAOYSA-N,True
CID000005152,twosides,C1=CC=C(C=C1)CCCCOCCCCCCNCC(C2=CC(=C(C=C2)O)CO)O,OCc1cc(C(O)CNCCCCCCOCCCCc2ccccc2)ccc1O,OCc1cc(C(O)CNCCCCCCOCCCCc2ccccc2)ccc1O,GIIZNNXWQWCKIB-UHFFFAOYSA-N,True
CID000005645,twosides,CC(CCC(=O)O)C1CCC2C1(CCC3C2C(CC4C3(CCC(C4)O)C)O)C,CC(CCC(=O)O)C1CCC2C3C(O)CC4CC(O)CCC4(C)C3CCC12C,CC(CCC(=O)O)C1CCC2C3C(O)CC4CC(O)CCC4(C)C3CCC12C,RUDATBOHQWOJDD-UHFFFAOYSA-N,True
CID000005717,twosides,CC1=CC=CC=C1S(=O)(=O)NC(=O)C2=CC(=C(C=C2)CC3=CN(C4=C3C=C(C=C4)NC(=O)OC5CCCC5)C)OC,COc1cc(C(=O)NS(=O)(=O)c2ccccc2C)ccc1Cc1cn(C)c2ccc(NC(=O)OC3CCCC3)cc12,COc1cc(C(=O)NS(=O)(=O)c2ccccc2C)ccc1Cc1cn(C)c2ccc(NC(=O)OC3CCCC3)cc12,YEEZWCHGZNKEEK-UHFFFAOYSA-N,True
CID000002726,twosides,CN(C)CCCN1C2=CC=CC=C2SC3=C1C=C(C=C3)Cl,CN(C)CCCN1c2ccccc2Sc2ccc(Cl)cc21,CN(C)CCCN1c2ccccc2Sc2ccc(Cl)cc21,ZPEIMTDSQAKGNT-UHFFFAOYSA-N,True
CID000004999,twosides,C1C(=S)N(C2=C(C=C(C=C2)Cl)C(=N1)C3=CC=CC=C3F)CC(F)(F)F,Fc1ccccc1C1=NCC(=S)N(CC(F)(F)F)c2ccc(Cl)cc21,Fc1ccccc1C1=NCC(=S)N(CC(F)(F)F)c2ccc(Cl)cc21,IKMPWMZBZSAONZ-UHFFFAOYSA-N,True
CID000004547,twosides,CCOC1=C(C=CC(=C1)CC(=O)NC(CC(C)C)C2=CC=CC=C2N3CCCCC3)C(=O)O,CCOc1cc(CC(=O)NC(CC(C)C)c2ccccc2N2CCCCC2)ccc1C(=O)O,CCOc1cc(CC(=O)NC(CC(C)C)c2ccccc2N2CCCCC2)ccc1C(=O)O,FAEKWTJYAYMJKF-UHFFFAOYSA-N,True
CID000002471,twosides,CCCCNC1=C(C(=CC(=C1)C(=O)O)S(=O)(=O)N)OC2=CC=CC=C2,CCCCNc1cc(C(=O)O)cc(S(N)(=O)=O)c1Oc1ccccc1,CCCCNc1cc(C(=O)O)cc(S(N)(=O)=O)c1Oc1ccccc1,MAEIEVLCKWDQJH-UHFFFAOYSA-N,True
CID000003305,twosides,CC(O)(P(=O)(O)O)P(=O)(O)O,CC(O)(P(=O)(O)O)P(=O)(O)O,CC(O)(P(=O)(O)O)P(=O)(O)O,DBVJJBKOTRCVKF-UHFFFAOYSA-N,True
CID000002806,twosides,COC(=O)C(C1=CC=CC=C1Cl)N2CCC3=C(C2)C=CS3,COC(=O)C(c1ccccc1Cl)N1CCc2sccc2C1,COC(=O)C(c1ccccc1Cl)N1CCc2sccc2C1,GKTWGGQPFAXNFI-UHFFFAOYSA-N,True
CID000002631,twosides,CC(=O)OCC1=C(N2C(C(C2=O)NC(=O)C(=NOC)C3=CSC(=N3)N)SC1)C(=O)[O-],CON=C(C(=O)NC1C(=O)N2C(C(=O)[O-])=C(COC(C)=O)CSC12)c1csc(N)n1,CON=C(C(=O)NC1C(=O)N2C(C(=O)[O-])=C(COC(C)=O)CSC12)c1csc(N)n1,GPRBEKHLDVQUJE-UHFFFAOYSA-M,True
CID000003410,twosides,CC(CC1=CC=C(C=C1)OC)NCC(C2=CC(=C(C=C2)O)NC=O)O,COc1ccc(CC(C)NCC(O)c2ccc(O)c(NC=O)c2)cc1,COc1ccc(CC(C)NCC(O)c2ccc(O)c(NC=O)c2)cc1,BPZSYCZIITTYBL-UHFFFAOYSA-N,True
CID000003449,twosides,CN1CCC23C=CC(CC2OC4=C(C=CC(=C34)C1)OC)O,COc1ccc2c3c1OC1CC(O)C=CC31CCN(C)C2,COc1ccc2c3c1OC1CC(O)C=CC31CCN(C)C2,ASUTZQLVASHGKV-UHFFFAOYSA-N,True
CID000002083,twosides,CC(C)(C)NCC(C1=CC(=C(C=C1)O)CO)O,CC(C)(C)NCC(O)c1ccc(O)c(CO)c1,CC(C)(C)NCC(O)c1ccc(O)c(CO)c1,NDAUXUAQIAJITI-UHFFFAOYSA-N,True
CID000001690,twosides,CC1C(C(CC(O1)OC2CC(CC3=C2C(=C4C(=C3O)C(=O)C5=C(C4=O)C(=CC=C5)OC)O)(C(=O)CO)O)[NH3+])O,COc1cccc2c1C(=O)c1c(O)c3c(c(O)c1C2=O)CC(O)(C(=O)CO)CC3OC1CC([NH3+])C(O)C(C)O1,COc1cccc2c1C(=O)c1c(O)c3c(c(O)c1C2=O)CC(O)(C(=O)CO)CC3OC1CC([NH3+])C(O)C(C)O1,AOJJSUZBOXZQNB-UHFFFAOYSA-O,True
CID000002617,twosides,CC1=NN=C(S1)SCC2=C(N3C(C(C3=O)NC(=O)CN4C=NN=N4)SC2)C(=O)[O-],Cc1nnc(SCC2=C(C(=O)[O-])N3C(=O)C(NC(=O)Cn4cnnn4)C3SC2)s1,Cc1nnc(SCC2=C(C(=O)[O-])N3C(=O)C(NC(=O)Cn4cnnn4)C3SC2)s1,MLYYVTUWGNIJIB-UHFFFAOYSA-M,True
CID000005731,twosides,CN(C)CCC1=CNC2=C1C=C(C=C2)CC3COC(=O)N3,CN(C)CCc1c[nH]c2ccc(CC3COC(=O)N3)cc12,CN(C)CCc1c[nH]c2ccc(CC3COC(=O)N3)cc12,ULSDMUVEXKOYBU-UHFFFAOYSA-N,True
CID000004046,twosides,C1CCNC(C1)C(C2=CC(=NC3=C2C=CC=C3C(F)(F)F)C(F)(F)F)O,OC(c1cc(C(F)(F)F)nc2c(C(F)(F)F)cccc12)C1CCCCN1,OC(c1cc(C(F)(F)F)nc2c(C(F)(F)F)cccc12)C1CCCCN1,XEEQGYMUWCZPDN-UHFFFAOYSA-N,True
CID000001972,twosides,CC1C=CC=CC=CC=CC=CC=CC=CC(CC2C(C(CC(O2)(CC(CC(C(CCC(CC(CC(=O)OC(C(C1O)C)C)O)O)O)O)O)O)O)C(=O)O)OC3C(C(C(C(O3)C)O)N)O,CC1C=CC=CC=CC=CC=CC=CC=CC(OC2OC(C)C(O)C(N)C2O)CC2OC(O)(CC(O)CC(O)C(O)CCC(O)CC(O)CC(=O)OC(C)C(C)C1O)CC(O)C2C(=O)O,CC1C=CC=CC=CC=CC=CC=CC=CC(OC2OC(C)C(O)C(N)C2O)CC2OC(O)(CC(O)CC(O)C(O)CCC(O)CC(O)CC(=O)OC(C)C(C)C1O)CC(O)C2C(=O)O,APKFDSVGJQXUKY-UHFFFAOYSA-N,True
CID000004900,twosides,CC12CC(=O)C3C(C1CCC2(C(=O)CO)O)CCC4=CC(=O)C=CC34C,CC12C=CC(=O)C=C1CCC1C2C(=O)CC2(C)C1CCC2(O)C(=O)CO,CC12C=CC(=O)C=C1CCC1C2C(=O)CC2(C)C1CCC2(O)C(=O)CO,XOFYZVNMUHMLCC-UHFFFAOYSA-N,True
CID000003152,twosides,COC1=C(C=C2C(=C1)CC(C2=O)CC3CCN(CC3)CC4=CC=CC=C4)OC,COc1cc2c(cc1OC)C(=O)C(CC1CCN(Cc3ccccc3)CC1)C2,COc1cc2c(cc1OC)C(=O)C(CC1CCN(Cc3ccccc3)CC1)C2,ADEBPBSSDYVVLD-UHFFFAOYSA-N,True
CID000000444,twosides,CC(C(=O)C1=CC(=CC=C1)Cl)NC(C)(C)C,CC(NC(C)(C)C)C(=O)c1cccc(Cl)c1,CC(NC(C)(C)C)C(=O)c1cccc(Cl)c1,SNPPWIUOZRMYNY-UHFFFAOYSA-N,True
CID000005726,twosides,CC1=CN(C(=O)NC1=O)C2CC(C(O2)CO)N=[N+]=[N-],Cc1cn(C2CC(N=[N+]=[N-])C(CO)O2)c(=O)[nH]c1=O,Cc1cn(C2CC(N=[N+]=[N-])C(CO)O2)c(=O)[nH]c1=O,HBOMLICNUCNMMY-UHFFFAOYSA-N,True
CID000004585,twosides,CC1=CC2=C(NC3=CC=CC=C3N=C2S1)N4CCN(CC4)C,Cc1cc2c(s1)=Nc1ccccc1NC=2N1CCN(C)CC1,Cc1cc2c(s1)=Nc1ccccc1NC=2N1CCN(C)CC1,WXPNDRBBWZMPQG-UHFFFAOYSA-N,True
CID000005078,twosides,CN(C)CCC1=CNC2=C1C=C(C=C2)CN3C=NC=N3,CN(C)CCc1c[nH]c2ccc(Cn3cncn3)cc12,CN(C)CCc1c[nH]c2ccc(Cn3cncn3)cc12,ULFRLSNUDGIQQP-UHFFFAOYSA-N,True
CID000041693,twosides,CCC(=O)N(C1=CC=CC=C1)C2(CCN(CC2)CCC3=CC=CS3)COC,CCC(=O)N(c1ccccc1)C1(COC)CCN(CCc2cccs2)CC1,CCC(=O)N(c1ccccc1)C1(COC)CCN(CCc2cccs2)CC1,GGCSSNBKKAUURC-UHFFFAOYSA-N,True
CID000005372,twosides,CC1CC(C2C(CC(C(O2)(C(=O)C(=O)N3CCCCC3C(=O)OC(C(C(CC(=O)C(C=C(C1)C)CC=C)O)C)C(=CC4CCC(C(C4)OC)O)C)O)C)OC)OC,C=CCC1C=C(C)CC(C)CC(OC)C2OC(O)(C(=O)C(=O)N3CCCCC3C(=O)OC(C(C)=CC3CCC(O)C(OC)C3)C(C)C(O)CC1=O)C(C)CC2OC,C=CCC1C=C(C)CC(C)CC(OC)C2OC(O)(C(=O)C(=O)N3CCCCC3C(=O)OC(C(C)=CC3CCC(O)C(OC)C3)C(C)C(O)CC1=O)C(C)CC2OC,QJJXYPPXXYFBGM-UHFFFAOYSA-N,True
CID000003961,twosides,CCCCC1=NC(=C(N1CC2=CC=C(C=C2)C3=CC=CC=C3C4=NNN=N4)CO)Cl,CCCCc1nc(Cl)c(CO)n1Cc1ccc(-c2ccccc2-c2nn[nH]n2)cc1,CCCCc1nc(Cl)c(CO)n1Cc1ccc(-c2ccccc2-c2nn[nH]n2)cc1,PSIFNNKUMBGKDQ-UHFFFAOYSA-N,True
CID000004691,twosides,C1CNCC(C1C2=CC=C(C=C2)F)COC3=CC4=C(C=C3)OCO4,Fc1ccc(C2CCNCC2COc2ccc3c(c2)OCO3)cc1,Fc1ccc(C2CCNCC2COc2ccc3c(c2)OCO3)cc1,AHOUBRCZNHFOSL-UHFFFAOYSA-N,True
CID000004594,twosides,CC1=CN=C(C(=C1OC)C)CS(=O)C2=NC3=C(N2)C=C(C=C3)OC,COc1ccc2nc(S(=O)Cc3ncc(C)c(OC)c3C)[nH]c2c1,COc1ccc2nc(S(=O)Cc3ncc(C)c(OC)c3C)[nH]c2c1,SUBDBMMJDZJVOS-UHFFFAOYSA-N,True
CID000004927,twosides,CC(CN1C2=CC=CC=C2SC3=CC=CC=C31)N(C)C,CC(CN1c2ccccc2Sc2ccccc21)N(C)C,CC(CN1c2ccccc2Sc2ccccc21)N(C)C,PWWVAXIEGOYWEE-UHFFFAOYSA-N,True
CID000004091,twosides,CN(C)C(=N)N=C(N)N,CN(C)C(=N)N=C(N)N,CN(C)C(=N)N=C(N)N,XZWYZXLIPXDOLR-UHFFFAOYSA-N,True
CID000001117,twosides,[O-]S(=O)(=O)[O-],O=S(=O)([O-])[O-],O=S(=O)([O-])[O-],QAOWNCQODCNURD-UHFFFAOYSA-L,True
CID000005076,twosides,CC(C)C1=NC(=CS1)CN(C)C(=O)NC(C(C)C)C(=O)NC(CC2=CC=CC=C2)CC(C(CC3=CC=CC=C3)NC(=O)OCC4=CN=CS4)O,CC(C)c1nc(CN(C)C(=O)NC(C(=O)NC(Cc2ccccc2)CC(O)C(Cc2ccccc2)NC(=O)OCc2cncs2)C(C)C)cs1,CC(C)c1nc(CN(C)C(=O)NC(C(=O)NC(Cc2ccccc2)CC(O)C(Cc2ccccc2)NC(=O)OCc2cncs2)C(C)C)cs1,NCDNCNXCDXHOMX-UHFFFAOYSA-N,True
CID000003355,twosides,C1CCNC(C1)C[NH2+]C(=O)C2=C(C=CC(=C2)OCC(F)(F)F)OCC(F)(F)F,O=C([NH2+]CC1CCCCN1)c1cc(OCC(F)(F)F)ccc1OCC(F)(F)F,O=C([NH2+]CC1CCCCN1)c1cc(OCC(F)(F)F)ccc1OCC(F)(F)F,DJBNUMBKLMJRSA-UHFFFAOYSA-O,True
CID000004112,twosides,CN(CC1=CN=C2C(=N1)C(=NC(=N2)N)N)C3=CC=C(C=C3)C(=O)NC(CCC(=O)O)C(=O)O,CN(Cc1cnc2nc(N)nc(N)c2n1)c1ccc(C(=O)NC(CCC(=O)O)C(=O)O)cc1,CN(Cc1cnc2nc(N)nc(N)c2n1)c1ccc(C(=O)NC(CCC(=O)O)C(=O)O)cc1,FBOZXECLQNJBKD-UHFFFAOYSA-N,True
CID000005412,twosides,CC1(C2CC3C(C(=O)C(=C(N)O)C(=O)C3(C(=O)C2=C(C4=C1C=CC=C4O)O)O)N(C)C)O,CN(C)C1C(=O)C(=C(N)O)C(=O)C2(O)C(=O)C3=C(O)c4c(O)cccc4C(C)(O)C3CC12,CN(C)C1C(=O)C(=C(N)O)C(=O)C2(O)C(=O)C3=C(O)c4c(O)cccc4C(C)(O)C3CC12,JYHCQVWYCGHXGP-UHFFFAOYSA-N,True
CID000003108,twosides,C1CCN(CC1)C2=NC(=NC3=C2N=C(N=C3N4CCCCC4)N(CCO)CCO)N(CCO)CCO,OCCN(CCO)c1nc(N2CCCCC2)c2nc(N(CCO)CCO)nc(N3CCCCC3)c2n1,OCCN(CCO)c1nc(N2CCCCC2)c2nc(N(CCO)CCO)nc(N3CCCCC3)c2n1,IZEKFCXSFNUWAM-UHFFFAOYSA-N,True
CID000002250,twosides,CC(C)C1=C(C(=C(N1CCC(CC(CC(=O)O)O)O)C2=CC=C(C=C2)F)C3=CC=CC=C3)C(=O)NC4=CC=CC=C4,CC(C)c1c(C(=O)Nc2ccccc2)c(-c2ccccc2)c(-c2ccc(F)cc2)n1CCC(O)CC(O)CC(=O)O,CC(C)c1c(C(=O)Nc2ccccc2)c(-c2ccccc2)c(-c2ccc(F)cc2)n1CCC(O)CC(O)CC(=O)O,XUKUURHRXDUEBC-UHFFFAOYSA-N,True
CID000002265,twosides,CN1C=NC(=C1SC2=NC=NC3=C2NC=N3)[N+](=O)[O-],Cn1cnc([N+](=O)[O-])c1Sc1ncnc2nc[nH]c12,Cn1cnc([N+](=O)[O-])c1Sc1ncnc2nc[nH]c12,LMEKQMALGUDUQG-UHFFFAOYSA-N,True
CID000002801,twosides,CN(C)CCCN1C2=CC=CC=C2CCC3=C1C=C(C=C3)Cl,CN(C)CCCN1c2ccccc2CCc2ccc(Cl)cc21,CN(C)CCCN1c2ccccc2CCc2ccc(Cl)cc21,GDLIGKIOYRNHDA-UHFFFAOYSA-N,True
CID000059708,twosides,CCC(C(=O)N)N1CCCC1=O,CCC(C(N)=O)N1CCCC1=O,CCC(C(N)=O)N1CCCC1=O,HPHUVLMMVZITSG-UHFFFAOYSA-N,True
CID000003877,twosides,C1C(OC(S1)CO)N2C=CC(=NC2=O)N,Nc1ccn(C2CSC(CO)O2)c(=O)n1,Nc1ccn(C2CSC(CO)O2)c(=O)n1,JTEGQNOMFQHVDC-UHFFFAOYSA-N,True
CID000002749,twosides,CC1=CC(=O)N(C(=C1)C2CCCCC2)O,Cc1cc(C2CCCCC2)n(O)c(=O)c1,Cc1cc(C2CCCCC2)n(O)c(=O)c1,SCKYRAXSEDYPSA-UHFFFAOYSA-N,True
CID000002720,twosides,C1=C2C(=CC(=C1Cl)S(=O)(=O)N)S(=O)(=O)N=CN2,NS(=O)(=O)c1cc2c(cc1Cl)NC=NS2(=O)=O,NS(=O)(=O)c1cc2c(cc1Cl)NC=NS2(=O)=O,JBMKAUGHUNFTOL-UHFFFAOYSA-N,True
CID000003639,twosides,C1NC2=CC(=C(C=C2S(=O)(=O)N1)S(=O)(=O)N)Cl,NS(=O)(=O)c1cc2c(cc1Cl)NCNS2(=O)=O,NS(=O)(=O)c1cc2c(cc1Cl)NCNS2(=O)=O,JZUFKLXOESDKRF-UHFFFAOYSA-N,True
CID000004634,twosides,CCN(CC)CC#CCOC(=O)C(C1CCCCC1)(C2=CC=CC=C2)O,CCN(CC)CC#CCOC(=O)C(O)(c1ccccc1)C1CCCCC1,CCN(CC)CC#CCOC(=O)C(O)(c1ccccc1)C1CCCCC1,XIQVNETUBQGFHX-UHFFFAOYSA-N,True
CID000002764,twosides,C1CC1N2C=C(C(=O)C3=CC(=C(C=C32)N4CCNCC4)F)C(=O)O,O=C(O)c1cn(C2CC2)c2cc(N3CCNCC3)c(F)cc2c1=O,O=C(O)c1cn(C2CC2)c2cc(N3CCNCC3)c(F)cc2c1=O,MYSWGUAQZAJSOK-UHFFFAOYSA-N,True
CID000000942,twosides,CN1CCCC1C2=CN=CC=C2,CN1CCCC1c1cccnc1,CN1CCCC1c1cccnc1,SNICXCGAKADSCV-UHFFFAOYSA-N,True
CID000004211,twosides,C1=CC=C(C(=C1)C(C2=CC=C(C=C2)Cl)C(Cl)Cl)Cl,Clc1ccc(C(c2ccccc2Cl)C(Cl)Cl)cc1,Clc1ccc(C(c2ccccc2Cl)C(Cl)Cl)cc1,JWBOIMRXGHLCPP-UHFFFAOYSA-N,True
CID000004170,twosides,CC1NC2=CC(=C(C=C2C(=O)N1C3=CC=CC=C3C)S(=O)(=O)N)Cl,Cc1ccccc1N1C(=O)c2cc(S(N)(=O)=O)c(Cl)cc2NC1C,Cc1ccccc1N1C(=O)c2cc(S(N)(=O)=O)c(Cl)cc2NC1C,AQCHWTWZEMGIFD-UHFFFAOYSA-N,True
CID000003746,twosides,CC(C)[N+]1(C2CCC1CC(C2)OC(=O)C(CO)C3=CC=CC=C3)C,CC(C)[N+]1(C)C2CCC1CC(OC(=O)C(CO)c1ccccc1)C2,CC(C)[N+]1(C)C2CCC1CC(OC(=O)C(CO)c1ccccc1)C2,OEXHQOGQTVQTAT-UHFFFAOYSA-N,True
CID000003042,twosides,CCN(CC)CCOC(=O)C1(CCCCC1)C2CCCCC2,CCN(CC)CCOC(=O)C1(C2CCCCC2)CCCCC1,CCN(CC)CCOC(=O)C1(C2CCCCC2)CCCCC1,CURUTKGFNZGFSE-UHFFFAOYSA-N,True
CID000001206,twosides,CC(CC1=CC=CC=C1)NC,CNC(C)Cc1ccccc1,CNC(C)Cc1ccccc1,MYWUZJCMWCOHBA-UHFFFAOYSA-N,True
CID000004609,twosides,C1CCC(C(C1)[NH-])[NH-].C(=O)(C(=O)O)O.[Pt+2],O=C(O)C(=O)O.[NH-]C1CCCCC1[NH-].[Pt+2],O=C(O)C(=O)O.[NH-]C1CCCCC1[NH-].[Pt+2],DRMCATBEKSVAPL-UHFFFAOYSA-N,True
CID000004411,twosides,CC(C)(C)NCC(COC1=CC=CC2=C1CC(C(C2)O)O)O,CC(C)(C)NCC(O)COc1cccc2c1CC(O)C(O)C2,CC(C)(C)NCC(O)COc1cccc2c1CC(O)C(O)C2,VWPOSFSPZNDTMJ-UHFFFAOYSA-N,True
CID000004138,twosides,CC(CC1=CC(=C(C=C1)O)O)(C(=O)O)N,CC(N)(Cc1ccc(O)c(O)c1)C(=O)O,CC(N)(Cc1ccc(O)c(O)c1)C(=O)O,CJCSPKMFHVPWAR-UHFFFAOYSA-N,True
CID000005212,twosides,CCCC1=NN(C2=C1NC(=NC2=O)C3=C(C=CC(=C3)S(=O)(=O)N4CCN(CC4)C)OCC)C,CCCc1nn(C)c2c(=O)nc(-c3cc(S(=O)(=O)N4CCN(C)CC4)ccc3OCC)[nH]c12,CCCc1nn(C)c2c(=O)nc(-c3cc(S(=O)(=O)N4CCN(C)CC4)ccc3OCC)[nH]c12,BNRNXUUZRGQAQC-UHFFFAOYSA-N,True
CID000002311,twosides,CCOC(=O)C(CCC1=CC=CC=C1)NC2CCC3=CC=CC=C3N(C2=O)CC(=O)O,CCOC(=O)C(CCc1ccccc1)NC1CCc2ccccc2N(CC(=O)O)C1=O,CCOC(=O)C(CCc1ccccc1)NC1CCc2ccccc2N(CC(=O)O)C1=O,XPCFTKFZXHTYIP-UHFFFAOYSA-N,True
CID000003148,twosides,C1C2CC3CC(CC1N3CC2=O)OC(=O)C4=CNC5=CC=CC=C54,O=C(OC1CC2CC3CC(C1)N2CC3=O)c1c[nH]c2ccccc12,O=C(OC1CC2CC3CC(C1)N2CC3=O)c1c[nH]c2ccccc12,UKTAZPQNNNJVKR-UHFFFAOYSA-N,True
CID000083786,twosides,C1=NNC2=C1NC=NC2=O,O=c1nc[nH]c2cn[nH]c12,O=c1nc[nH]c2cn[nH]c12,JFZSDNLQDTYVEE-UHFFFAOYSA-N,True
CID000001775,twosides,C1=CC=C(C=C1)C2(C(=O)NC(=O)N2)C3=CC=CC=C3,O=C1NC(=O)C(c2ccccc2)(c2ccccc2)N1,O=C1NC(=O)C(c2ccccc2)(c2ccccc2)N1,CXOFVDLJLONNDW-UHFFFAOYSA-N,True
CID000003767,twosides,C1=CN=CC=C1C(=O)NN,NNC(=O)c1ccncc1,NNC(=O)c1ccncc1,QRXWMOHMRWLFEY-UHFFFAOYSA-N,True
CID000002658,twosides,CON=C(C1=CC=CO1)C(=O)NC2C3N(C2=O)C(=C(CS3)COC(=O)N)C(=O)[O-],CON=C(C(=O)NC1C(=O)N2C(C(=O)[O-])=C(COC(N)=O)CSC12)c1ccco1,CON=C(C(=O)NC1C(=O)N2C(C(=O)[O-])=C(COC(N)=O)CSC12)c1ccco1,JFPVXVDWJQMJEE-UHFFFAOYSA-M,True
CID000054454,twosides,CCC(C)(C)C(=O)OC1CC(C=C2C1C(C(C=C2)C)CCC3CC(CC(=O)O3)O)C,CCC(C)(C)C(=O)OC1CC(C)C=C2C=CC(C)C(CCC3CC(O)CC(=O)O3)C21,CCC(C)(C)C(=O)OC1CC(C)C=C2C=CC(C)C(CCC3CC(O)CC(=O)O3)C21,RYMZZMVNJRMUDD-UHFFFAOYSA-N,True
CID000000861,twosides,C1=CC(=C(C=C1OC2=C(C=C(C=C2I)CC(C(=O)O)N)I)I)O,NC(Cc1cc(I)c(Oc2ccc(O)c(I)c2)c(I)c1)C(=O)O,NC(Cc1cc(I)c(Oc2ccc(O)c(I)c2)c(I)c1)C(=O)O,AUYYCJSJGJYCDS-UHFFFAOYSA-N,True
CID000003255,twosides,CCC1C(C(C(C(=O)C(CC(C(C(C(C(C(=O)O1)C)OC2CC(C(C(O2)C)O)(C)OC)C)OC3C(C(CC(O3)C)N(C)C)O)(C)O)C)C)O)(C)O,CCC1OC(=O)C(C)C(OC2CC(C)(OC)C(O)C(C)O2)C(C)C(OC2OC(C)CC(N(C)C)C2O)C(C)(O)CC(C)C(=O)C(C)C(O)C1(C)O,CCC1OC(=O)C(C)C(OC2CC(C)(OC)C(O)C(C)O2)C(C)C(OC2OC(C)CC(N(C)C)C2O)C(C)(O)CC(C)C(=O)C(C)C(O)C1(C)O,ULGZDMOVFRHVEP-UHFFFAOYSA-N,True
CID000005512,twosides,CC1=CC(=C(C=C1)O)C(CCN(C(C)C)C(C)C)C2=CC=CC=C2,Cc1ccc(O)c(C(CCN(C(C)C)C(C)C)c2ccccc2)c1,Cc1ccc(O)c(C(CCN(C(C)C)C(C)C)c2ccccc2)c1,OOGJQPCLVADCPB-UHFFFAOYSA-N,True
CID000003672,twosides,CC(C)CC1=CC=C(C=C1)C(C)C(=O)O,CC(C)Cc1ccc(C(C)C(=O)O)cc1,CC(C)Cc1ccc(C(C)C(=O)O)cc1,HEFNNWSXXWATRW-UHFFFAOYSA-N,True
CID000002550,twosides,CC(CS)C(=O)N1CCCC1C(=O)O,CC(CS)C(=O)N1CCCC1C(=O)O,CC(CS)C(=O)N1CCCC1C(=O)O,FAKRSMQSSFJEIM-UHFFFAOYSA-N,True
CID000003032,twosides,C1=CC=C(C(=C1)CC(=O)[O-])NC2=C(C=CC=C2Cl)Cl,O=C([O-])Cc1ccccc1Nc1c(Cl)cccc1Cl,O=C([O-])Cc1ccccc1Nc1c(Cl)cccc1Cl,DCOPUUMXTXDBNB-UHFFFAOYSA-M,True
CID000002187,twosides,CC(C)(C#N)C1=CC(=CC(=C1)CN2C=NC=N2)C(C)(C)C#N,CC(C)(C#N)c1cc(Cn2cncn2)cc(C(C)(C)C#N)c1,CC(C)(C#N)c1cc(Cn2cncn2)cc(C(C)(C)C#N)c1,YBBLVLTVTVSKRW-UHFFFAOYSA-N,True
CID000002267,twosides,CN1CCCC(CC1)N2C(=O)C3=CC=CC=C3C(=N2)CC4=CC=C(C=C4)Cl,CN1CCCC(n2nc(Cc3ccc(Cl)cc3)c3ccccc3c2=O)CC1,CN1CCCC(n2nc(Cc3ccc(Cl)cc3)c3ccccc3c2=O)CC1,MBUVEWMHONZEQD-UHFFFAOYSA-N,True
CID000005514,twosides,CC1(OC2COC3(C(C2O1)OC(O3)(C)C)COS(=O)(=O)N)C,CC1(C)OC2COC3(COS(N)(=O)=O)OC(C)(C)OC3C2O1,CC1(C)OC2COC3(COS(N)(=O)=O)OC(C)(C)OC3C2O1,KJADKKWYZYXHBB-UHFFFAOYSA-N,True
CID000001546,twosides,C1C(C(OC1N2C=NC3=C(N=C(N=C32)Cl)N)CO)O,Nc1nc(Cl)nc2c1ncn2C1CC(O)C(CO)O1,Nc1nc(Cl)nc2c1ncn2C1CC(O)C(CO)O1,PTOAARAWEBMLNO-UHFFFAOYSA-N,True
CID000041781,twosides,CC1=CC(=CC=C1)NC2=C(C=NC=C2)S(=O)(=O)NC(=O)NC(C)C,Cc1cccc(Nc2ccncc2S(=O)(=O)NC(=O)NC(C)C)c1,Cc1cccc(Nc2ccncc2S(=O)(=O)NC(=O)NC(C)C)c1,NGBFQHCMQULJNZ-UHFFFAOYSA-N,True
CID000002249,twosides,CC(C)NCC(COC1=CC=C(C=C1)CC(=O)N)O,CC(C)NCC(O)COc1ccc(CC(N)=O)cc1,CC(C)NCC(O)COc1ccc(CC(N)=O)cc1,METKIMKYRPQLGS-UHFFFAOYSA-N,True
CID000004599,twosides,CCCCCCCCCCCC(CC1C(C(=O)O1)CCCCCC)OC(=O)C(CC(C)C)NC=O,CCCCCCCCCCCC(CC1OC(=O)C1CCCCCC)OC(=O)C(CC(C)C)NC=O,CCCCCCCCCCCC(CC1OC(=O)C1CCCCCC)OC(=O)C(CC(C)C)NC=O,AHLBNYSZXLDEJQ-UHFFFAOYSA-N,True
CID000003488,twosides,COC1=C(C=C(C=C1)Cl)C(=O)NCCC2=CC=C(C=C2)S(=O)(=O)NC(=O)NC3CCCCC3,COc1ccc(Cl)cc1C(=O)NCCc1ccc(S(=O)(=O)NC(=O)NC2CCCCC2)cc1,COc1ccc(Cl)cc1C(=O)NCCc1ccc(S(=O)(=O)NC(=O)NC2CCCCC2)cc1,ZNNLBTZKUZBEKO-UHFFFAOYSA-N,True
CID000002951,twosides,C1C(=NC(=O)N1N=CC2=CC=C(O2)C3=CC=C(C=C3)[N+](=O)[O-])[O-],O=C1N=C([O-])CN1N=Cc1ccc(-c2ccc([N+](=O)[O-])cc2)o1,O=C1N=C([O-])CN1N=Cc1ccc(-c2ccc([N+](=O)[O-])cc2)o1,OZOMQRBLCMDCEG-UHFFFAOYSA-M,True
CID000004740,twosides,CC(=O)CCCCN1C(=O)C2=C(N=CN2C)N(C1=O)C,CC(=O)CCCCn1c(=O)c2c(ncn2C)n(C)c1=O,CC(=O)CCCCn1c(=O)c2c(ncn2C)n(C)c1=O,BYPFEZZEUUWMEJ-UHFFFAOYSA-N,True
CID000002092,twosides,CN(CCCNC(=O)C1CCCO1)C2=NC3=CC(=C(C=C3C(=N2)N)OC)OC,COc1cc2nc(N(C)CCCNC(=O)C3CCCO3)nc(N)c2cc1OC,COc1cc2nc(N(C)CCCNC(=O)C3CCCO3)nc(N)c2cc1OC,WNMJYKCGWZFFKR-UHFFFAOYSA-N,True
CID000005253,twosides,CC(C)NCC(C1=CC=C(C=C1)NS(=O)(=O)C)O,CC(C)NCC(O)c1ccc(NS(C)(=O)=O)cc1,CC(C)NCC(O)c1ccc(NS(C)(=O)=O)cc1,ZBMZVLHSJCTVON-UHFFFAOYSA-N,True
CID000003249,twosides,CC(C)C(C)C=CC(C)C1CCC2C1(CCCC2=CC=C3CC(CCC3=C)O)C,C=C1CCC(O)CC1=CC=C1CCCC2(C)C1CCC2C(C)C=CC(C)C(C)C,C=C1CCC(O)CC1=CC=C1CCCC2(C)C1CCC2C(C)C=CC(C)C(C)C,MECHNRXZTMCUDQ-UHFFFAOYSA-N,True
CID000003690,twosides,C1CN(P(=O)(OC1)NCCCl)CCCl,O=P1(NCCCl)OCCCN1CCCl,O=P1(NCCCl)OCCCN1CCCl,HOMGKSMUEGBAAB-UHFFFAOYSA-N,True
CID000003883,twosides,CC1=C(C=CN=C1CS(=O)C2=NC3=CC=CC=C3N2)OCC(F)(F)F,Cc1c(OCC(F)(F)F)ccnc1CS(=O)c1nc2ccccc2[nH]1,Cc1c(OCC(F)(F)F)ccnc1CS(=O)c1nc2ccccc2[nH]1,MJIHNNLFOKEZEW-UHFFFAOYSA-N,True
CID000004510,twosides,C(C(CO[N+](=O)[O-])O[N+](=O)[O-])O[N+](=O)[O-],O=[N+]([O-])OCC(CO[N+](=O)[O-])O[N+](=O)[O-],O=[N+]([O-])OCC(CO[N+](=O)[O-])O[N+](=O)[O-],SNIOPGDIGTZGOP-UHFFFAOYSA-N,True
CID000002678,twosides,C1CN(CCN1CCOCC(=O)O)C(C2=CC=CC=C2)C3=CC=C(C=C3)Cl,O=C(O)COCCN1CCN(C(c2ccccc2)c2ccc(Cl)cc2)CC1,O=C(O)COCCN1CCN(C(c2ccccc2)c2ccc(Cl)cc2)CC1,ZKLPARSLTMPFCP-UHFFFAOYSA-N,True
CID000002818,twosides,CN1CCN(CC1)C2=C3C=CC=CC3=NC4=C(N2)C=C(C=C4)Cl,CN1CCN(C2=c3ccccc3=Nc3ccc(Cl)cc3N2)CC1,CN1CCN(C2=c3ccccc3=Nc3ccc(Cl)cc3N2)CC1,ZUXABONWMNSFBN-UHFFFAOYSA-N,True
CID000065999,twosides,CCCC1=NC2=C(N1CC3=CC=C(C=C3)C4=CC=CC=C4C(=O)O)C=C(C=C2C)C5=NC6=CC=CC=C6N5C,CCCc1nc2c(C)cc(-c3nc4ccccc4n3C)cc2n1Cc1ccc(-c2ccccc2C(=O)O)cc1,CCCc1nc2c(C)cc(-c3nc4ccccc4n3C)cc2n1Cc1ccc(-c2ccccc2C(=O)O)cc1,RMMXLENWKUUMAY-UHFFFAOYSA-N,True
CID000002462,twosides,CCCC1OC2CC3C4CCC5=CC(=O)C=CC5(C4C(CC3(C2(O1)C(=O)CO)C)O)C,CCCC1OC2CC3C4CCC5=CC(=O)C=CC5(C)C4C(O)CC3(C)C2(C(=O)CO)O1,CCCC1OC2CC3C4CCC5=CC(=O)C=CC5(C)C4C(O)CC3(C)C2(C(=O)CO)O1,VOVIALXJUBGFJZ-UHFFFAOYSA-N,True
CID000002895,twosides,CN(C)CCC=C1C2=CC=CC=C2C=CC3=CC=CC=C31,CN(C)CCC=C1c2ccccc2C=Cc2ccccc21,CN(C)CCC=C1c2ccccc2C=Cc2ccccc21,JURKNVYFZMSNLP-UHFFFAOYSA-N,True
CID000008953,twosides,C(=O)(O)[O-].[Na+],O=C([O-])O.[Na+],O=C([O-])O.[Na+],UIIMBOGNXHQVGW-UHFFFAOYSA-M,True
CID000002435,twosides,C1CN=C(N1)NC2=C(C3=NC=CN=C3C=C2)Br,Brc1c(NC2=NCCN2)ccc2nccnc12,Brc1c(NC2=NCCN2)ccc2nccnc12,XYLJNLCSTIOKRM-UHFFFAOYSA-N,True
CID000003325,twosides,C1=C(N=C(S1)N=C(N)N)CSCCC(=NS(=O)(=O)N)N,NC(N)=Nc1nc(CSCCC(N)=NS(N)(=O)=O)cs1,NC(N)=Nc1nc(CSCCC(N)=NS(N)(=O)=O)cs1,XUFQPHANEAPEMJ-UHFFFAOYSA-N,True
CID000003003,twosides,CC1CC2C3CCC4=CC(=O)C=CC4(C3(C(CC2(C1(C(=O)CO)O)C)O)F)C,CC1CC2C3CCC4=CC(=O)C=CC4(C)C3(F)C(O)CC2(C)C1(O)C(=O)CO,CC1CC2C3CCC4=CC(=O)C=CC4(C)C3(F)C(O)CC2(C)C1(O)C(=O)CO,UREBDLICKHMUKA-UHFFFAOYSA-N,True
CID000003379,twosides,CC1(OC2CC3C4CC(C5=CC(=O)C=CC5(C4C(CC3(C2(O1)C(=O)CO)C)O)C)F)C,CC1(C)OC2CC3C4CC(F)C5=CC(=O)C=CC5(C)C4C(O)CC3(C)C2(C(=O)CO)O1,CC1(C)OC2CC3C4CC(F)C5=CC(=O)C=CC5(C)C4C(O)CC3(C)C2(C(=O)CO)O1,XSFJVAJPIHIPKU-UHFFFAOYSA-N,True
CID000002812,twosides,C1=CC=C(C=C1)C(C2=CC=CC=C2)(C3=CC=CC=C3Cl)N4C=CN=C4,Clc1ccccc1C(c1ccccc1)(c1ccccc1)n1ccnc1,Clc1ccccc1C(c1ccccc1)(c1ccccc1)n1ccnc1,VNFPBHJOKIVQEB-UHFFFAOYSA-N,True
CID000003516,twosides,COC1=CC=CC=C1OCC(CO)O,COc1ccccc1OCC(O)CO,COc1ccccc1OCC(O)CO,HSRJKNPTNIJEKV-UHFFFAOYSA-N,True
CID000002524,twosides,CC(CCCC(C)(C)O)C1CCC2C1(CCCC2=CC=C3CC(CC(C3=C)O)O)C,C=C1C(=CC=C2CCCC3(C)C2CCC3C(C)CCCC(C)(C)O)CC(O)CC1O,C=C1C(=CC=C2CCCC3(C)C2CCC3C(C)CCCC(C)(C)O)CC(O)CC1O,GMRQFYUYWCNGIN-UHFFFAOYSA-N,True
CID000003706,twosides,CC(C)(C)NC(=O)C1CN(CCN1CC(CC(CC2=CC=CC=C2)C(=O)NC3C(CC4=CC=CC=C34)O)O)CC5=CN=CC=C5,CC(C)(C)NC(=O)C1CN(Cc2cccnc2)CCN1CC(O)CC(Cc1ccccc1)C(=O)NC1c2ccccc2CC1O,CC(C)(C)NC(=O)C1CN(Cc2cccnc2)CCN1CC(O)CC(Cc1ccccc1)C(=O)NC1c2ccccc2CC1O,CBVCZFGXHXORBI-UHFFFAOYSA-N,True
CID000060865,twosides,CN(C)CCC=C1C2=CC=CC=C2COC3=C1C=C(C=C3)CC(=O)O,CN(C)CCC=C1c2ccccc2COc2ccc(CC(=O)O)cc21,CN(C)CCC=C1c2ccccc2COc2ccc(CC(=O)O)cc21,JBIMVDZLSHOPLA-UHFFFAOYSA-N,True
CID000003478,twosides,CC1=CN=C(C=N1)C(=O)NCCC2=CC=C(C=C2)S(=O)(=O)NC(=O)NC3CCCCC3,Cc1cnc(C(=O)NCCc2ccc(S(=O)(=O)NC(=O)NC3CCCCC3)cc2)cn1,Cc1cnc(C(=O)NCCc2ccc(S(=O)(=O)NC(=O)NC3CCCCC3)cc2)cn1,ZJJXGWJIGJFDTL-UHFFFAOYSA-N,True
CID000003367,twosides,C1=NC2=C(N=C(N=C2N1C3C(C(C(O3)CO)O)O)F)N,Nc1nc(F)nc2c1ncn2C1OC(CO)C(O)C1O,Nc1nc(F)nc2c1ncn2C1OC(CO)C(O)C1O,HBUBKKRHXORPQB-UHFFFAOYSA-N,True
CID000005656,twosides,CN(C)CC(C1=CC=C(C=C1)OC)C2(CCCCC2)O,COc1ccc(C(CN(C)C)C2(O)CCCCC2)cc1,COc1ccc(C(CN(C)C)C2(O)CCCCC2)cc1,PNVNVHUZROJLTJ-UHFFFAOYSA-N,True
CID000002803,twosides,C1CN=C(N1)NC2=C(C=CC=C2Cl)Cl,Clc1cccc(Cl)c1NC1=NCCN1,Clc1cccc(Cl)c1NC1=NCCN1,GJSURZIOUXUGAL-UHFFFAOYSA-N,True
CID000005401,twosides,COC1=C(C=C2C(=C1)C(=NC(=N2)N3CCN(CC3)C(=O)C4CCCO4)N)OC,COc1cc2nc(N3CCN(C(=O)C4CCCO4)CC3)nc(N)c2cc1OC,COc1cc2nc(N3CCN(C(=O)C4CCCO4)CC3)nc(N)c2cc1OC,VCKUSRYTPJJLNI-UHFFFAOYSA-N,True
CID000062924,twosides,CC1CC2C3CC(C4=CC(=O)C=CC4(C3(C(CC2(C1(C(=O)SCF)O)C)O)F)C)F,CC1CC2C3CC(F)C4=CC(=O)C=CC4(C)C3(F)C(O)CC2(C)C1(O)C(=O)SCF,CC1CC2C3CC(F)C4=CC(=O)C=CC4(C)C3(F)C(O)CC2(C)C1(O)C(=O)SCF,MGNNYOODZCAHBA-UHFFFAOYSA-N,True
CID000004943,twosides,CC(C)C1=C(C(=CC=C1)C(C)C)O,CC(C)c1cccc(C(C)C)c1O,CC(C)c1cccc(C(C)C)c1O,OLBCVFGFOZPWHH-UHFFFAOYSA-N,True
CID000000581,twosides,CC(=O)NC(CS)C(=O)O,CC(=O)NC(CS)C(=O)O,CC(=O)NC(CS)C(=O)O,PWKSKIMOESPYIA-UHFFFAOYSA-N,True
CID000004052,twosides,CC1=CN=C(S1)NC(=C2C(=O)C3=CC=CC=C3S(=O)(=O)N2C)O,Cc1cnc(NC(O)=C2C(=O)c3ccccc3S(=O)(=O)N2C)s1,Cc1cnc(NC(O)=C2C(=O)c3ccccc3S(=O)(=O)N2C)s1,DWMREKMVXIFPFM-UHFFFAOYSA-N,True
CID000068844,twosides,CCNC1CN(S(=O)(=O)C2=C1C=C(S2)S(=O)(=O)N)CCCOC,CCNC1CN(CCCOC)S(=O)(=O)c2sc(S(N)(=O)=O)cc21,CCNC1CN(CCCOC)S(=O)(=O)c2sc(S(N)(=O)=O)cc21,HCRKCZRJWPKOAR-UHFFFAOYSA-N,True
CID000005732,twosides,CC1=CC=C(C=C1)C2=C(N3C=C(C=CC3=N2)C)CC(=O)N(C)C,Cc1ccc(-c2nc3ccc(C)cn3c2CC(=O)N(C)C)cc1,Cc1ccc(-c2nc3ccc(C)cn3c2CC(=O)N(C)C)cc1,ZAFYATHCZYHLPB-UHFFFAOYSA-N,True
CID000004409,twosides,CC(=O)CCC1=CC2=C(C=C1)C=C(C=C2)OC,COc1ccc2cc(CCC(C)=O)ccc2c1,COc1ccc2cc(CCC(C)=O)ccc2c1,BLXXJMDCKKHMKV-UHFFFAOYSA-N,True
CID000004812,twosides,CC1=C(C(=O)C2=CC=CC=C2C1=O)CC=C(C)CCCC(C)CCCC(C)CCCC(C)C,CC(=CCC1=C(C)C(=O)c2ccccc2C1=O)CCCC(C)CCCC(C)CCCC(C)C,CC(=CCC1=C(C)C(=O)c2ccccc2C1=O)CCCC(C)CCCC(C)CCCC(C)C,MBWXNTAXLNYFJB-UHFFFAOYSA-N,True
CID000003310,twosides,CC1OCC2C(O1)C(C(C(O2)OC3C4COC(=O)C4C(C5=CC6=C(C=C35)OCO6)C7=CC(=C(C(=C7)OC)O)OC)O)O,COc1cc(C2c3cc4c(cc3C(OC3OC5COC(C)OC5C(O)C3O)C3COC(=O)C23)OCO4)cc(OC)c1O,COc1cc(C2c3cc4c(cc3C(OC3OC5COC(C)OC5C(O)C3O)C3COC(=O)C23)OCO4)cc(OC)c1O,VJJPUSNTGOMMGY-UHFFFAOYSA-N,True
CID000005073,twosides,CC1=C(C(=O)N2CCCCC2=N1)CCN3CCC(CC3)C4=NOC5=C4C=CC(=C5)F,Cc1nc2n(c(=O)c1CCN1CCC(c3noc4cc(F)ccc34)CC1)CCCC2,Cc1nc2n(c(=O)c1CCN1CCC(c3noc4cc(F)ccc34)CC1)CCCC2,RAPZEAPATHNIPO-UHFFFAOYSA-N,True
CID000003510,twosides,CN1C2CCCC1CC(C2)NC(=O)C3=NN(C4=CC=CC=C43)C,CN1C2CCCC1CC(NC(=O)c1nn(C)c3ccccc13)C2,CN1C2CCCC1CC(NC(=O)c1nn(C)c3ccccc13)C2,MFWNKCLOYSRHCJ-UHFFFAOYSA-N,True
CID000125889,twosides,CC(C)CC(CC(=O)O)CN,CC(C)CC(CN)CC(=O)O,CC(C)CC(CN)CC(=O)O,AYXYPKUFHZROOJ-UHFFFAOYSA-N,True
CID000003350,twosides,CC12CCC3C(C1CCC2C(=O)NC(C)(C)C)CCC4C3(C=CC(=O)N4)C,CC(C)(C)NC(=O)C1CCC2C3CCC4NC(=O)C=CC4(C)C3CCC12C,CC(C)(C)NC(=O)C1CCC2C3CCC4NC(=O)C=CC4(C)C3CCC12C,DBEPLOCGEIEOCV-UHFFFAOYSA-N,True
CID000003962,twosides,CCC(C)C(=O)OC1CC(C=C2C1C(C(C=C2)C)CCC3CC(CC(=O)O3)O)C,CCC(C)C(=O)OC1CC(C)C=C2C=CC(C)C(CCC3CC(O)CC(=O)O3)C21,CCC(C)C(=O)OC1CC(C)C=C2C=CC(C)C(CCC3CC(O)CC(=O)O3)C21,PCZOHLXUXFIOCF-UHFFFAOYSA-N,True
CID000004885,twosides,CCCNC1CCC2=C(C1)SC(=N2)N,CCCNC1CCc2nc(N)sc2C1,CCCNC1CCc2nc(N)sc2C1,FASDKYOPVNHBLU-UHFFFAOYSA-N,True
CID000003658,twosides,C1CN(CCN1CCOCCO)C(C2=CC=CC=C2)C3=CC=C(C=C3)Cl,OCCOCCN1CCN(C(c2ccccc2)c2ccc(Cl)cc2)CC1,OCCOCCN1CCN(C(c2ccccc2)c2ccc(Cl)cc2)CC1,ZQDWXGKKHFNSQK-UHFFFAOYSA-N,True
CID000004189,twosides,C1=CC(=C(C=C1Cl)Cl)COC(CN2C=CN=C2)C3=C(C=C(C=C3)Cl)Cl,Clc1ccc(COC(Cn2ccnc2)c2ccc(Cl)cc2Cl)c(Cl)c1,Clc1ccc(COC(Cn2ccnc2)c2ccc(Cl)cc2Cl)c(Cl)c1,BYBLEWFAAKGYCD-UHFFFAOYSA-N,True
CID000005291,twosides,CC1=C(C=C(C=C1)NC(=O)C2=CC=C(C=C2)CN3CCN(CC3)C)NC4=NC=CC(=N4)C5=CN=CC=C5,Cc1ccc(NC(=O)c2ccc(CN3CCN(C)CC3)cc2)cc1Nc1nccc(-c2cccnc2)n1,Cc1ccc(NC(=O)c2ccc(CN3CCN(C)CC3)cc2)cc1Nc1nccc(-c2cccnc2)n1,KTUFNOKKBVMGRW-UHFFFAOYSA-N,True
CID000002978,twosides,CCCCCC1=CC(=C2C3C=C(CCC3C(OC2=C1)(C)C)C)O,CCCCCc1cc(O)c2c(c1)OC(C)(C)C1CCC(C)=CC21,CCCCCc1cc(O)c2c(c1)OC(C)(C)C1CCC(C)=CC21,CYQFCXCEBYINGO-UHFFFAOYSA-N,True
CID000003339,twosides,CC(C)OC(=O)C(C)(C)OC1=CC=C(C=C1)C(=O)C2=CC=C(C=C2)Cl,CC(C)OC(=O)C(C)(C)Oc1ccc(C(=O)c2ccc(Cl)cc2)cc1,CC(C)OC(=O)C(C)(C)Oc1ccc(C(=O)c2ccc(Cl)cc2)cc1,YMTINGFKWWXKFG-UHFFFAOYSA-N,True
CID000002476,twosides,CC(C)(C)C(C)(C1CC23CCC1(C4C25CCN(C3CC6=C5C(=C(C=C6)O)O4)CC7CC7)OC)O,COC12CCC3(CC1C(C)(O)C(C)(C)C)C1Cc4ccc(O)c5c4C3(CCN1CC1CC1)C2O5,COC12CCC3(CC1C(C)(O)C(C)(C)C)C1Cc4ccc(O)c5c4C3(CCN1CC1CC1)C2O5,RMRJXGBAOAMLHD-UHFFFAOYSA-N,True
CID000003652,twosides,CCN(CCCC(C)NC1=C2C=CC(=CC2=NC=C1)Cl)CCO,CCN(CCO)CCCC(C)Nc1ccnc2cc(Cl)ccc12,CCN(CCO)CCCC(C)Nc1ccnc2cc(Cl)ccc12,XXSMGPRMXLTPCZ-UHFFFAOYSA-N,True
CID000072054,twosides,C1CN(CC1C(C2=CC=CC=C2)(C3=CC=CC=C3)C(=O)N)CCC4=CC5=C(C=C4)OCC5,NC(=O)C(c1ccccc1)(c1ccccc1)C1CCN(CCc2ccc3c(c2)CCO3)C1,NC(=O)C(c1ccccc1)(c1ccccc1)C1CCN(CCc2ccc3c(c2)CCO3)C1,HXGBXQDTNZMWGS-UHFFFAOYSA-N,True
CID000002308,twosides,CC1CC2C3CCC4=CC(=O)C=CC4(C3(C(CC2(C1(C(=O)CO)O)C)O)Cl)C,CC1CC2C3CCC4=CC(=O)C=CC4(C)C3(Cl)C(O)CC2(C)C1(O)C(=O)CO,CC1CC2C3CCC4=CC(=O)C=CC4(C)C3(Cl)C(O)CC2(C)C1(O)C(=O)CO,NBMKJKDGKREAPL-UHFFFAOYSA-N,True
CID000000143,twosides,C1C(N(C2=C(N1)NC(=NC2=O)N)C=O)CNC3=CC=C(C=C3)C(=O)NC(CCC(=O)O)C(=O)O,Nc1nc(=O)c2c([nH]1)NCC(CNc1ccc(C(=O)NC(CCC(=O)O)C(=O)O)cc1)N2C=O,Nc1nc(=O)c2c([nH]1)NCC(CNc1ccc(C(=O)NC(CCC(=O)O)C(=O)O)cc1)N2C=O,VVIAGPKUTFNRDU-UHFFFAOYSA-N,True
CID000002786,twosides,CCCC1CC(N(C1)C)C(=O)NC(C2C(C(C(C(O2)SC)O)O)O)C(C)Cl,CCCC1CC(C(=O)NC(C(C)Cl)C2OC(SC)C(O)C(O)C2O)N(C)C1,CCCC1CC(C(=O)NC(C(C)Cl)C2OC(SC)C(O)C(O)C2O)N(C)C1,KDLRVYVGXIQJDK-UHFFFAOYSA-N,True
CID000003676,twosides,CCN(CC)CC(=O)NC1=C(C=CC=C1C)C,CCN(CC)CC(=O)Nc1c(C)cccc1C,CCN(CC)CC(=O)Nc1c(C)cccc1C,NNJVILVZKWQKPM-UHFFFAOYSA-N,True
CID000001071,twosides,CC1=C(C(CCC1)(C)C)C=CC(=CC=CC(=CCO)C)C,CC(C=CC1=C(C)CCCC1(C)C)=CC=CC(C)=CCO,CC(C=CC1=C(C)CCCC1(C)C)=CC=CC(C)=CCO,FPIPGXGPPPQFEQ-UHFFFAOYSA-N,True
CID000004513,twosides,CNC(=C[N+](=O)[O-])NCCSCC1=CSC(=N1)CN(C)C,CNC(=C[N+](=O)[O-])NCCSCc1csc(CN(C)C)n1,CNC(=C[N+](=O)[O-])NCCSCc1csc(CN(C)C)n1,SGXXNSQHWDMGGP-UHFFFAOYSA-N,True
CID000016231,twosides,C1(=C(N=C(C(=N1)Cl)N)N)C(=O)N=C(N)N,NC(N)=NC(=O)c1nc(Cl)c(N)nc1N,NC(N)=NC(=O)c1nc(Cl)c(N)nc1N,XSDQTOBWRPYKKA-UHFFFAOYSA-N,True
CID000004894,twosides,CC12CC(C3C(C1CCC2(C(=O)CO)O)CCC4=CC(=O)C=CC34C)O,CC12C=CC(=O)C=C1CCC1C2C(O)CC2(C)C1CCC2(O)C(=O)CO,CC12C=CC(=O)C=C1CCC1C2C(O)CC2(C)C1CCC2(O)C(=O)CO,OIGNJSKKLXVSLS-UHFFFAOYSA-N,True
CID000003393,twosides,CCN(CC)CCN1C(=O)CN=C(C2=C1C=CC(=C2)Cl)C3=CC=CC=C3F,CCN(CC)CCN1C(=O)CN=C(c2ccccc2F)c2cc(Cl)ccc21,CCN(CC)CCN1C(=O)CN=C(c2ccccc2F)c2cc(Cl)ccc21,SAADBVWGJQAEFS-UHFFFAOYSA-N,True
CID000005735,twosides,CN1CCN(CC1)C(=O)OC2C3=NC=CN=C3C(=O)N2C4=NC=C(C=C4)Cl,CN1CCN(C(=O)OC2c3nccnc3C(=O)N2c2ccc(Cl)cn2)CC1,CN1CCN(C(=O)OC2c3nccnc3C(=O)N2c2ccc(Cl)cn2)CC1,GBBSUAFBMRNDJC-UHFFFAOYSA-N,True
CID000003154,twosides,CCNC1CC(S(=O)(=O)C2=C1C=C(S2)S(=O)(=O)N)C,CCNC1CC(C)S(=O)(=O)c2sc(S(N)(=O)=O)cc21,CCNC1CC(C)S(=O)(=O)c2sc(S(N)(=O)=O)cc21,IAVUPMFITXYVAF-UHFFFAOYSA-N,True
CID000000191,twosides,C1=NC(=C2C(=N1)N(C=N2)C3C(C(C(O3)CO)O)O)N,Nc1ncnc2c1ncn2C1OC(CO)C(O)C1O,Nc1ncnc2c1ncn2C1OC(CO)C(O)C1O,OIRDTQYFTABQOQ-UHFFFAOYSA-N,True
CID000002477,twosides,C1CCC2(C1)CC(=O)N(C(=O)C2)CCCCN3CCN(CC3)C4=NC=CC=N4,O=C1CC2(CCCC2)CC(=O)N1CCCCN1CCN(c2ncccn2)CC1,O=C1CC2(CCCC2)CC(=O)N1CCCCN1CCN(c2ncccn2)CC1,QWCRAEMEVRGPNT-UHFFFAOYSA-N,True
CID000006691,twosides,CC(=O)CC(C1=CC=CC=C1)C2=C(OC3=CC=CC=C3C2=O)O,CC(=O)CC(c1ccccc1)c1c(O)oc2ccccc2c1=O,CC(=O)CC(c1ccccc1)c1c(O)oc2ccccc2c1=O,QTXVAVXCBMYBJW-UHFFFAOYSA-N,True
CID000000937,twosides,C1=CC(=CN=C1)C(=O)[O-],O=C([O-])c1cccnc1,O=C([O-])c1cccnc1,PVNIIMVLHYAWGP-UHFFFAOYSA-M,True
CID000004723,twosides,C1=CC=C(C=C1)C2C(=O)N=C(O2)N,NC1=NC(=O)C(c2ccccc2)O1,NC1=NC(=O)C(c2ccccc2)O1,NRNCYVBFPDDJNE-UHFFFAOYSA-N,True
CID000002955,twosides,C1=CC(=CC=C1N)S(=O)(=O)C2=CC=C(C=C2)N,Nc1ccc(S(=O)(=O)c2ccc(N)cc2)cc1,Nc1ccc(S(=O)(=O)c2ccc(N)cc2)cc1,MQJKPEGWNLWLTK-UHFFFAOYSA-N,True
CID000002160,twosides,CN(C)CCC=C1C2=CC=CC=C2CCC3=CC=CC=C31,CN(C)CCC=C1c2ccccc2CCc2ccccc21,CN(C)CCC=C1c2ccccc2CCc2ccccc21,KRMDCWKBEZIMAB-UHFFFAOYSA-N,True
CID000003008,twosides,CN1CCC23CCCCC2C1CC4=C3C=C(C=C4)OC,COc1ccc2c(c1)C13CCCCC1C(C2)N(C)CC3,COc1ccc2c(c1)C13CCCCC1C(C2)N(C)CC3,MKXZASYAUGDDCJ-UHFFFAOYSA-N,True
CID000003158,twosides,CN(C)CCC=C1C2=CC=CC=C2COC3=CC=CC=C31,CN(C)CCC=C1c2ccccc2COc2ccccc21,CN(C)CCC=C1c2ccccc2COc2ccccc21,ODQWQRRAPPTVAG-UHFFFAOYSA-N,True
CID000003157,twosides,COC1=C(C=C2C(=C1)C(=NC(=N2)N3CCN(CC3)C(=O)C4COC5=CC=CC=C5O4)N)OC,COc1cc2nc(N3CCN(C(=O)C4COc5ccccc5O4)CC3)nc(N)c2cc1OC,COc1cc2nc(N3CCN(C(=O)C4COc5ccccc5O4)CC3)nc(N)c2cc1OC,RUZYUOTYCVRMRZ-UHFFFAOYSA-N,True
CID000003324,twosides,CC(=O)OCC(CCN1C=NC2=CN=C(N=C21)N)COC(=O)C,CC(=O)OCC(CCn1cnc2cnc(N)nc21)COC(C)=O,CC(=O)OCC(CCn1cnc2cnc(N)nc21)COC(C)=O,GGXKWVWZWMLJEH-UHFFFAOYSA-N,True
CID000004171,twosides,CC(C)NCC(COC1=CC=C(C=C1)CCOC)O,COCCc1ccc(OCC(O)CNC(C)C)cc1,COCCc1ccc(OCC(O)CNC(C)C)cc1,IUBSYMUCCVWXPE-UHFFFAOYSA-N,True
CID000004583,twosides,CC1COC2=C3N1C=C(C(=O)C3=CC(=C2N4CCN(CC4)C)F)C(=O)O,CC1COc2c(N3CCN(C)CC3)c(F)cc3c(=O)c(C(=O)O)cn1c23,CC1COc2c(N3CCN(C)CC3)c(F)cc3c(=O)c(C(=O)O)cn1c23,GSDSWSVVBLHKDQ-UHFFFAOYSA-N,True
CID000005538,twosides,CC1=C(C(CCC1)(C)C)C=CC(=CC=CC(=CC(=O)O)C)C,CC(C=CC1=C(C)CCCC1(C)C)=CC=CC(C)=CC(=O)O,CC(C=CC1=C(C)CCCC1(C)C)=CC=CC(C)=CC(=O)O,SHGAZHPCJJPHSC-UHFFFAOYSA-N,True
CID000003168,twosides,C1CN(CC=C1N2C3=CC=CC=C3NC2=O)CCCC(=O)C4=CC=C(C=C4)F,O=C(CCCN1CC=C(n2c(=O)[nH]c3ccccc32)CC1)c1ccc(F)cc1,O=C(CCCN1CC=C(n2c(=O)[nH]c3ccccc32)CC1)c1ccc(F)cc1,RMEDXOLNCUSCGS-UHFFFAOYSA-N,True
CID000003476,twosides,CCC1=C(CN(C1=O)C(=O)NCCC2=CC=C(C=C2)S(=O)(=O)NC(=O)NC3CCC(CC3)C)C,CCC1=C(C)CN(C(=O)NCCc2ccc(S(=O)(=O)NC(=O)NC3CCC(C)CC3)cc2)C1=O,CCC1=C(C)CN(C(=O)NCCc2ccc(S(=O)(=O)NC(=O)NC3CCC(C)CC3)cc2)C1=O,WIGIZIANZCJQQY-UHFFFAOYSA-N,True
CID000004536,twosides,CC12CCC3C(C1CCC2(C#C)O)CCC4=CC(=O)CCC34,C#CC1(O)CCC2C3CCC4=CC(=O)CCC4C3CCC21C,C#CC1(O)CCC2C3CCC4=CC(=O)CCC4C3CCC21C,VIKNJXKGJWUCNN-UHFFFAOYSA-N,True
CID000002474,twosides,CCCCN1CCCCC1C(=O)NC2=C(C=CC=C2C)C,CCCCN1CCCCC1C(=O)Nc1c(C)cccc1C,CCCCN1CCCCC1C(=O)Nc1c(C)cccc1C,LEBVLXFERQHONN-UHFFFAOYSA-N,True
CID000002171,twosides,CC1(C(N2C(S1)C(C2=O)NC(=O)C(C3=CC=C(C=C3)O)N)C(=O)O)C,CC1(C)SC2C(NC(=O)C(N)c3ccc(O)cc3)C(=O)N2C1C(=O)O,CC1(C)SC2C(NC(=O)C(N)c3ccc(O)cc3)C(=O)N2C1C(=O)O,LSQZJLSUYDQPKJ-UHFFFAOYSA-N,True
CID000004200,twosides,CN(C)C1C2CC3CC4=C(C=CC(=C4C(=C3C(=O)C2(C(=O)C(=C(N)O)C1=O)O)O)O)N(C)C,CN(C)c1ccc(O)c2c1CC1CC3C(N(C)C)C(=O)C(=C(N)O)C(=O)C3(O)C(=O)C1=C2O,CN(C)c1ccc(O)c2c1CC1CC3C(N(C)C)C(=O)C(=C(N)O)C(=O)C3(O)C(=O)C1=C2O,CUJCFMVUUMIFDR-UHFFFAOYSA-N,True
CID000003736,twosides,CN(CC(CO)O)C(=O)C1=C(C(=C(C(=C1I)C(=O)NCC(CO)O)I)NC(=O)COC)I,COCC(=O)Nc1c(I)c(C(=O)NCC(O)CO)c(I)c(C(=O)N(C)CC(O)CO)c1I,COCC(=O)Nc1c(I)c(C(=O)NCC(O)CO)c(I)c(C(=O)N(C)CC(O)CO)c1I,DGAIEPBNLOQYER-UHFFFAOYSA-N,True
CID000005487,twosides,C1CN=C(N1)NC2=C(C=CC3=NSN=C32)Cl,Clc1ccc2nsnc2c1NC1=NCCN1,Clc1ccc2nsnc2c1NC1=NCCN1,XFYDIVBRZNQMJC-UHFFFAOYSA-N,True
CID000000815,twosides,C1C(C(C(C(C1N)OC2C(C(C(C(O2)CN)O)O)O)O)OC3C(C(C(C(O3)CO)O)N)O)N,NCC1OC(OC2C(N)CC(N)C(OC3OC(CO)C(O)C(N)C3O)C2O)C(O)C(O)C1O,NCC1OC(OC2C(N)CC(N)C(OC3OC(CO)C(O)C(N)C3O)C2O)C(O)C(O)C1O,SBUJHOSQTJFQJX-UHFFFAOYSA-N,True
CID000005544,twosides,CC12CC(C3(C(C1CC(C2(C(=O)CO)O)O)CCC4=CC(=O)C=CC43C)F)O,CC12C=CC(=O)C=C1CCC1C3CC(O)C(O)(C(=O)CO)C3(C)CC(O)C12F,CC12C=CC(=O)C=C1CCC1C3CC(O)C(O)(C(=O)CO)C3(C)CC(O)C12F,GFNANZIMVAIWHM-UHFFFAOYSA-N,True
CID000005496,twosides,C1C(C(C(C(C1N)OC2C(C(C(C(O2)CO)O)N)O)O)OC3C(CC(C(O3)CN)O)N)N,NCC1OC(OC2C(N)CC(N)C(OC3OC(CO)C(O)C(N)C3O)C2O)C(N)CC1O,NCC1OC(OC2C(N)CC(N)C(OC3OC(CO)C(O)C(N)C3O)C2O)C(N)CC1O,NLVFBUXFDBBNBW-UHFFFAOYSA-N,True
CID000005672,twosides,CCC1=CC2CC(C3=C(CN(C2)C1)C4=CC=CC=C4N3)(C5=C(C=C6C(=C5)C78CCN9C7C(C=CC9)(C(C(C8N6C)(C(=O)OC)O)OC(=O)C)CC)OC)C(=O)OC,CCC1=CC2CN(C1)Cc1c([nH]c3ccccc13)C(C(=O)OC)(c1cc3c(cc1OC)N(C)C1C(O)(C(=O)OC)C(OC(C)=O)C4(CC)C=CCN5CCC31C54)C2,CCC1=CC2CN(C1)Cc1c([nH]c3ccccc13)C(C(=O)OC)(c1cc3c(cc1OC)N(C)C1C(O)(C(=O)OC)C(OC(C)=O)C4(CC)C=CCN5CCC31C54)C2,GBABOYUKABKIAF-UHFFFAOYSA-N,True
CID000003403,twosides,CC(C)N1C2=CC=CC=C2C(=C1C=CC(CC(CC(=O)O)O)O)C3=CC=C(C=C3)F,CC(C)n1c(C=CC(O)CC(O)CC(=O)O)c(-c2ccc(F)cc2)c2ccccc21,CC(C)n1c(C=CC(O)CC(O)CC(=O)O)c(-c2ccc(F)cc2)c2ccccc21,FJLGEFLZQAZZCD-UHFFFAOYSA-N,True
CID000004236,twosides,C1=CC=C(C=C1)C(C2=CC=CC=C2)S(=O)CC(=O)N,NC(=O)CS(=O)C(c1ccccc1)c1ccccc1,NC(=O)CS(=O)C(c1ccccc1)c1ccccc1,YFGHCGITMMYXAQ-UHFFFAOYSA-N,True
CID000004614,twosides,C1=CC=C(C=C1)C2=C(OC(=N2)CCC(=O)O)C3=CC=CC=C3,O=C(O)CCc1nc(-c2ccccc2)c(-c2ccccc2)o1,O=C(O)CCc1nc(-c2ccccc2)c(-c2ccccc2)o1,OFPXSFXSNFPTHF-UHFFFAOYSA-N,True
CID000004168,twosides,CCN(CC)CCNC(=O)C1=CC(=C(C=C1OC)N)Cl,CCN(CC)CCNC(=O)c1cc(Cl)c(N)cc1OC,CCN(CC)CCNC(=O)c1cc(Cl)c(N)cc1OC,TTWJBBZEZQICBI-UHFFFAOYSA-N,True
CID000003902,twosides,C1=CC(=CC=C1C#N)C(C2=CC=C(C=C2)C#N)N3C=NC=N3,N#Cc1ccc(C(c2ccc(C#N)cc2)n2cncn2)cc1,N#Cc1ccc(C(c2ccc(C#N)cc2)n2cncn2)cc1,HPJKCIUCZWXJDR-UHFFFAOYSA-N,True
CID000003780,twosides,C1C(C2C(O1)C(CO2)O[N+](=O)[O-])O[N+](=O)[O-],O=[N+]([O-])OC1COC2C(O[N+](=O)[O-])COC12,O=[N+]([O-])OC1COC2C(O[N+](=O)[O-])COC12,MOYKHGMNXAOIAT-UHFFFAOYSA-N,True
CID000005402,twosides,CC(C)(C)C#CC=CCN(C)CC1=CC=CC2=CC=CC=C21,CN(CC=CC#CC(C)(C)C)Cc1cccc2ccccc12,CN(CC=CC#CC(C)(C)C)Cc1cccc2ccccc12,DOMXUEMWDBAQBQ-UHFFFAOYSA-N,True
CID000005002,twosides,C1CN(CCN1CCOCCO)C2=NC3=CC=CC=C3SC4=CC=CC=C42,OCCOCCN1CCN(C2=Nc3ccccc3Sc3ccccc32)CC1,OCCOCCN1CCN(C2=Nc3ccccc3Sc3ccccc32)CC1,URKOMYMAXPYINW-UHFFFAOYSA-N,True
CID000004463,twosides,CC1=C2C(=NC=C1)N(C3=C(C=CC=N3)C(=O)N2)C4CC4,Cc1ccnc2c1NC(=O)c1cccnc1N2C1CC1,Cc1ccnc2c1NC(=O)c1cccnc1N2C1CC1,NQDJXKOVJZTUJA-UHFFFAOYSA-N,True
CID000001971,twosides,C1CC1NC2=C3C(=NC(=N2)N)N(C=N3)C4CC(C=C4)CO,Nc1nc(NC2CC2)c2ncn(C3C=CC(CO)C3)c2n1,Nc1nc(NC2CC2)c2ncn(C3C=CC(CO)C3)c2n1,MCGSCOLBFJQGHM-UHFFFAOYSA-N,True
CID000005426,twosides,C1CC(=O)NC(=O)C1N2C(=O)C3=CC=CC=C3C2=O,O=C1CCC(N2C(=O)c3ccccc3C2=O)C(=O)N1,O=C1CCC(N2C(=O)c3ccccc3C2=O)C(=O)N1,UEJJHQNACJXSKW-UHFFFAOYSA-N,True
CID000154059,twosides,C1CN2CCC1C(C2)OC(=O)N3CCC4=CC=CC=C4C3C5=CC=CC=C5,O=C(OC1CN2CCC1CC2)N1CCc2ccccc2C1c1ccccc1,O=C(OC1CN2CCC1CC2)N1CCc2ccccc2C1c1ccccc1,FBOUYBDGKBSUES-UHFFFAOYSA-N,True
CID000004873,twosides,[Cl-].[K+],[Cl-].[K+],[Cl-].[K+],WCUXLLCKKVVCTQ-UHFFFAOYSA-M,True
CID000002269,twosides,CCC1C(C(C(N(CC(CC(C(C(C(C(C(=O)O1)C)OC2CC(C(C(O2)C)O)(C)OC)C)OC3C(C(CC(O3)C)N(C)C)O)(C)O)C)C)C)O)(C)O,CCC1OC(=O)C(C)C(OC2CC(C)(OC)C(O)C(C)O2)C(C)C(OC2OC(C)CC(N(C)C)C2O)C(C)(O)CC(C)CN(C)C(C)C(O)C1(C)O,CCC1OC(=O)C(C)C(OC2CC(C)(OC)C(O)C(C)O2)C(C)C(OC2OC(C)CC(N(C)C)C2O)C(C)(O)CC(C)CN(C)C(C)C(O)C1(C)O,MQTOSJVFKKJCRP-UHFFFAOYSA-N,True
CID000005064,twosides,C1=NC(=NN1C2C(C(C(O2)CO)O)O)C(=O)N,NC(=O)c1ncn(C2OC(CO)C(O)C2O)n1,NC(=O)c1ncn(C2OC(CO)C(O)C2O)n1,IWUCXVSUMQZMFG-UHFFFAOYSA-N,True
CID000004419,twosides,C1CC(C1)CN2CCC34C5C(CCC3(C2CC6=C4C(=C(C=C6)O)O5)O)O,Oc1ccc2c3c1OC1C(O)CCC4(O)C(C2)N(CC2CCC2)CCC314,Oc1ccc2c3c1OC1C(O)CCC4(O)C(C2)N(CC2CCC2)CCC314,NETZHAKZCGBWSS-UHFFFAOYSA-N,True
CID000004666,twosides,CC1=C2C(C(=O)C3(C(CC4C(C3C(C(C2(C)C)(CC1OC(=O)C(C(C5=CC=CC=C5)NC(=O)C6=CC=CC=C6)O)O)OC(=O)C7=CC=CC=C7)(CO4)OC(=O)C)O)C)OC(=O)C,CC(=O)OC1C(=O)C2(C)C(O)CC3OCC3(OC(C)=O)C2C(OC(=O)c2ccccc2)C2(O)CC(OC(=O)C(O)C(NC(=O)c3ccccc3)c3ccccc3)C(C)=C1C2(C)C,CC(=O)OC1C(=O)C2(C)C(O)CC3OCC3(OC(C)=O)C2C(OC(=O)c2ccccc2)C2(O)CC(OC(=O)C(O)C(NC(=O)c3ccccc3)c3ccccc3)C(C)=C1C2(C)C,RCINICONZNJXQF-UHFFFAOYSA-N,True
CID000003642,twosides,CCCC(=O)OC1(CCC2C1(CC(C3C2CCC4=CC(=O)CCC34C)O)C)C(=O)CO,CCCC(=O)OC1(C(=O)CO)CCC2C3CCC4=CC(=O)CCC4(C)C3C(O)CC21C,CCCC(=O)OC1(C(=O)CO)CCC2C3CCC4=CC(=O)CCC4(C)C3C(O)CC21C,BMCQMVFGOVHVNG-UHFFFAOYSA-N,True
CID000001046,twosides,C1=CN=C(C=N1)C(=O)N,NC(=O)c1cnccn1,NC(=O)c1cnccn1,IPEHBUMCGVEMRF-UHFFFAOYSA-N,True
CID000054374,twosides,CC(C1C(=O)NC(CSSCC(C(=O)NC(C(=O)NC(C(=O)NC(C(=O)N1)CCCCN)CC2=CNC3=CC=CC=C32)CC4=CC=CC=C4)NC(=O)C(CC5=CC=CC=C5)N)C(=O)NC(CO)C(C)O)O,CC(O)C(CO)NC(=O)C1CSSCC(NC(=O)C(N)Cc2ccccc2)C(=O)NC(Cc2ccccc2)C(=O)NC(Cc2c[nH]c3ccccc23)C(=O)NC(CCCCN)C(=O)NC(C(C)O)C(=O)N1,CC(O)C(CO)NC(=O)C1CSSCC(NC(=O)C(N)Cc2ccccc2)C(=O)NC(Cc2ccccc2)C(=O)NC(Cc2c[nH]c3ccccc23)C(=O)NC(CCCCN)C(=O)NC(C(C)O)C(=O)N1,DEQANNDTNATYII-UHFFFAOYSA-N,True
CID000001983,twosides,CC(=O)NC1=CC=C(C=C1)O,CC(=O)Nc1ccc(O)cc1,CC(=O)Nc1ccc(O)cc1,RZVAJINKPMORJF-UHFFFAOYSA-N,True
CID000002676,twosides,CC(C)C1=C(C(=C(C(=N1)C(C)C)COC)C2=CC=C(C=C2)F)C=CC(CC(CC(=O)O)O)O,COCc1c(C(C)C)nc(C(C)C)c(C=CC(O)CC(O)CC(=O)O)c1-c1ccc(F)cc1,COCc1c(C(C)C)nc(C(C)C)c(C=CC(O)CC(O)CC(=O)O)c1-c1ccc(F)cc1,SEERZIQQUAZTOL-UHFFFAOYSA-N,True
CID000003198,twosides,C1=CC(=CC=C1COC(CN2C=CN=C2)C3=C(C=C(C=C3)Cl)Cl)Cl,Clc1ccc(COC(Cn2ccnc2)c2ccc(Cl)cc2Cl)cc1,Clc1ccc(COC(Cn2ccnc2)c2ccc(Cl)cc2Cl)cc1,LEZWWPYKPKIXLL-UHFFFAOYSA-N,True
CID000003928,twosides,CCCC1CC(N(C1)C)C(=O)NC(C2C(C(C(C(O2)SC)O)O)O)C(C)O,CCCC1CC(C(=O)NC(C(C)O)C2OC(SC)C(O)C(O)C2O)N(C)C1,CCCC1CC(C(=O)NC(C(C)O)C2OC(SC)C(O)C(O)C2O)N(C)C1,OJMMVQQUTAEWLP-UHFFFAOYSA-N,True
CID000068740,twosides,C1=CN(C=N1)CC(O)(P(=O)(O)O)P(=O)(O)O,O=P(O)(O)C(O)(Cn1ccnc1)P(=O)(O)O,O=P(O)(O)C(O)(Cn1ccnc1)P(=O)(O)O,XRASPMIURGNCCH-UHFFFAOYSA-N,True
CID000005651,twosides,CC1C(C(CC(O1)OC2C(C(C(OC2OC3=C4C=C5C=C3OC6=C(C=C(C=C6)C(C(C(=O)NC(C(=O)NC5C(=O)NC7C8=CC(=C(C=C8)O)C9=C(C=C(C=C9O)O)C(NC(=O)C(C(C1=CC(=C(O4)C=C1)Cl)O)NC7=O)C(=O)O)CC(=O)N)NC(=O)C(CC(C)C)NC)O)Cl)CO)O)O)(C)N)O,CNC(CC(C)C)C(=O)NC1C(=O)NC(CC(N)=O)C(=O)NC2C(=O)NC3C(=O)NC(C(=O)NC(C(=O)O)c4cc(O)cc(O)c4-c4cc3ccc4O)C(O)c3ccc(c(Cl)c3)Oc3cc2cc(c3OC2OC(CO)C(O)C(O)C2OC2CC(C)(N)C(O)C(C)O2)Oc2ccc(cc2Cl)C1O,CNC(CC(C)C)C(=O)NC1C(=O)NC(CC(N)=O)C(=O)NC2C(=O)NC3C(=O)NC(C(=O)NC(C(=O)O)c4cc(O)cc(O)c4-c4cc3ccc4O)C(O)c3ccc(c(Cl)c3)Oc3cc2cc(c3OC2OC(CO)C(O)C(O)C2OC2CC(C)(N)C(O)C(C)O2)Oc2ccc(cc2Cl)C1O,MYPYJXKWCTUITO-UHFFFAOYSA-N,True
CID000002142,twosides,C1C(C(C(C(C1NC(=O)C(CCN)O)OC2C(C(C(C(O2)CO)O)N)O)O)OC3C(C(C(C(O3)CN)O)O)O)N,NCCC(O)C(=O)NC1CC(N)C(OC2OC(CN)C(O)C(O)C2O)C(O)C1OC1OC(CO)C(O)C(N)C1O,NCCC(O)C(=O)NC1CC(N)C(OC2OC(CN)C(O)C(O)C2O)C(O)C1OC1OC(CO)C(O)C(N)C1O,LKCWBDHBTVXHDL-UHFFFAOYSA-N,True
CID000004603,twosides,CCC(CC)OC1C=C(CC(C1NC(=O)C)N)C(=O)OCC,CCOC(=O)C1=CC(OC(CC)CC)C(NC(C)=O)C(N)C1,CCOC(=O)C1=CC(OC(CC)CC)C(NC(C)=O)C(N)C1,VSZGPKBBMSAYNT-UHFFFAOYSA-N,True
CID000130881,twosides,CCCC1=NC(=C(N1CC2=CC=C(C=C2)C3=CC=CC=C3C4=NNN=N4)C(=O)OCC5=C(OC(=O)O5)C)C(C)(C)O,CCCc1nc(C(C)(C)O)c(C(=O)OCc2oc(=O)oc2C)n1Cc1ccc(-c2ccccc2-c2nn[nH]n2)cc1,CCCc1nc(C(C)(C)O)c(C(=O)OCc2oc(=O)oc2C)n1Cc1ccc(-c2ccccc2-c2nn[nH]n2)cc1,UQGKUQLKSCSZGY-UHFFFAOYSA-N,True
CID000003121,twosides,CCCC(CCC)C(=O)O,CCCC(CCC)C(=O)O,CCCC(CCC)C(=O)O,NIJJYAXOARWZEE-UHFFFAOYSA-N,True
CID000004428,twosides,C1CC1CN2CCC34C5C(=O)CCC3(C2CC6=C4C(=C(C=C6)O)O5)O,O=C1CCC2(O)C3Cc4ccc(O)c5c4C2(CCN3CC2CC2)C1O5,O=C1CCC2(O)C3Cc4ccc(O)c5c4C2(CCN3CC2CC2)C1O5,DQCKKXVULJGBQN-UHFFFAOYSA-N,True
CID000060852,twosides,CCCCCN(C)CCC(O)(P(=O)(O)O)P(=O)(O)O,CCCCCN(C)CCC(O)(P(=O)(O)O)P(=O)(O)O,CCCCCN(C)CCC(O)(P(=O)(O)O)P(=O)(O)O,MPBVHIBUJCELCL-UHFFFAOYSA-N,True
CID000002949,twosides,CC12CCC3C(C1CCC2(C#C)O)CCC4=CC5=C(CC34C)C=NO5,C#CC1(O)CCC2C3CCC4=Cc5oncc5CC4(C)C3CCC21C,C#CC1(O)CCC2C3CCC4=Cc5oncc5CC4(C)C3CCC21C,POZRVZJJTULAOH-UHFFFAOYSA-N,True
CID000001978,twosides,CCCC(=O)NC1=CC(=C(C=C1)OCC(CNC(C)C)O)C(=O)C,CCCC(=O)Nc1ccc(OCC(O)CNC(C)C)c(C(C)=O)c1,CCCC(=O)Nc1ccc(OCC(O)CNC(C)C)c(C(C)=O)c1,GOEMGAFJFRBGGG-UHFFFAOYSA-N,True
CID000000158,twosides,CCCCCC(C=CC1C(CC(=O)C1CC=CCCCC(=O)O)O)O,CCCCCC(O)C=CC1C(O)CC(=O)C1CC=CCCCC(=O)O,CCCCCC(O)C=CC1C(O)CC(=O)C1CC=CCCCC(=O)O,XEYBRNLFEZDVAW-UHFFFAOYSA-N,True
CID000003869,twosides,CC(CCC1=CC=CC=C1)NCC(C2=CC(=C(C=C2)O)C(=O)N)O,CC(CCc1ccccc1)NCC(O)c1ccc(O)c(C(N)=O)c1,CC(CCc1ccccc1)NCC(O)c1ccc(O)c(C(N)=O)c1,SGUAFYQXFOLMHL-UHFFFAOYSA-N,True
CID000034312,twosides,C1C2=CC=CC=C2N(C3=CC=CC=C3C1=O)C(=O)N,NC(=O)N1c2ccccc2CC(=O)c2ccccc21,NC(=O)N1c2ccccc2CC(=O)c2ccccc21,CTRLABGOLIVAIY-UHFFFAOYSA-N,True
CID000000564,twosides,C(CCC(=O)O)CCN,NCCCCCC(=O)O,NCCCCCC(=O)O,SLXKOJJOQWFEFD-UHFFFAOYSA-N,True
CID000156419,twosides,CC(C1=CC=CC2=CC=CC=C21)NCCCC3=CC(=CC=C3)C(F)(F)F,CC(NCCCc1cccc(C(F)(F)F)c1)c1cccc2ccccc12,CC(NCCCc1cccc(C(F)(F)F)c1)c1cccc2ccccc12,VDHAWDNDOKGFTD-UHFFFAOYSA-N,True
CID000027686,twosides,C1=CC2=C(C(=C1)OCC(COC3=CC4=C(C=C3)OC(=CC4=O)C(=O)O)O)C(=O)C=C(O2)C(=O)O,O=C(O)c1cc(=O)c2cc(OCC(O)COc3cccc4oc(C(=O)O)cc(=O)c34)ccc2o1,O=C(O)c1cc(=O)c2cc(OCC(O)COc3cccc4oc(C(=O)O)cc(=O)c34)ccc2o1,FSINDHDHRQZTPH-UHFFFAOYSA-N,True
CID000002713,twosides,C1=CC(=CC=C1NC(=NC(=NCCCCCCN=C(N)N=C(N)NC2=CC=C(C=C2)Cl)N)N)Cl,NC(=NCCCCCCN=C(N)N=C(N)Nc1ccc(Cl)cc1)N=C(N)Nc1ccc(Cl)cc1,NC(=NCCCCCCN=C(N)N=C(N)Nc1ccc(Cl)cc1)N=C(N)Nc1ccc(Cl)cc1,GHXZTYHSJHQHIJ-UHFFFAOYSA-N,True
CID000000085,twosides,C[N+](C)(C)CC(CC(=O)O)O,C[N+](C)(C)CC(O)CC(=O)O,C[N+](C)(C)CC(O)CC(=O)O,PHIQHXFUZVPYII-UHFFFAOYSA-O,True
CID000077993,twosides,CN1CCCC1CC2=CNC3=C2C=C(C=C3)CCS(=O)(=O)C4=CC=CC=C4,CN1CCCC1Cc1c[nH]c2ccc(CCS(=O)(=O)c3ccccc3)cc12,CN1CCCC1Cc1c[nH]c2ccc(CCS(=O)(=O)c3ccccc3)cc12,PWVXXGRKLHYWKM-UHFFFAOYSA-N,True
CID000003702,twosides,CC1CC2=CC=CC=C2N1NC(=O)C3=CC(=C(C=C3)Cl)S(=O)(=O)N,CC1Cc2ccccc2N1NC(=O)c1ccc(Cl)c(S(N)(=O)=O)c1,CC1Cc2ccccc2N1NC(=O)c1ccc(Cl)c(S(N)(=O)=O)c1,NDDAHWYSQHTHNT-UHFFFAOYSA-N,True
CID000005184,twosides,CN1C2CC(CC1C3C2O3)OC(=O)C(CO)C4=CC=CC=C4,CN1C2CC(OC(=O)C(CO)c3ccccc3)CC1C1OC12,CN1C2CC(OC(=O)C(CO)c3ccccc3)CC1C1OC12,STECJAGHUSJQJN-UHFFFAOYSA-N,True
CID000005466,twosides,CC1=C(SC=C1)C(=CCCN2CCCC(C2)C(=O)O)C3=C(C=CS3)C,Cc1ccsc1C(=CCCN1CCCC(C(=O)O)C1)c1sccc1C,Cc1ccsc1C(=CCCN1CCCC(C(=O)O)C1)c1sccc1C,PBJUNZJWGZTSKL-UHFFFAOYSA-N,True
CID000004178,twosides,CC1=C(C(=CC=C1)C)OCC(C)N,Cc1cccc(C)c1OCC(C)N,Cc1cccc(C)c1OCC(C)N,VLPIATFUUWWMKC-UHFFFAOYSA-N,True
CID000002375,twosides,CC(CS(=O)(=O)C1=CC=C(C=C1)F)(C(=O)NC2=CC(=C(C=C2)C#N)C(F)(F)F)O,CC(O)(CS(=O)(=O)c1ccc(F)cc1)C(=O)Nc1ccc(C#N)c(C(F)(F)F)c1,CC(O)(CS(=O)(=O)c1ccc(F)cc1)C(=O)Nc1ccc(C#N)c(C(F)(F)F)c1,LKJPYSCBVHEWIU-UHFFFAOYSA-N,True
CID000003117,twosides,CCN(CC)C(=S)SSC(=S)N(CC)CC,CCN(CC)C(=S)SSC(=S)N(CC)CC,CCN(CC)C(=S)SSC(=S)N(CC)CC,AUZONCFQVSMFAP-UHFFFAOYSA-N,True
CID000005596,twosides,C1CC[N+]2(C1)C3CCC2CC(C3)OC(=O)C(C4=CC=CC=C4)(C5=CC=CC=C5)O,O=C(OC1CC2CCC(C1)[N+]21CCCC1)C(O)(c1ccccc1)c1ccccc1,O=C(OC1CC2CCC(C1)[N+]21CCCC1)C(O)(c1ccccc1)c1ccccc1,OYYDSUSKLWTMMQ-UHFFFAOYSA-N,True
CID000003763,twosides,C(C(F)(F)F)(OC(F)F)Cl,FC(F)OC(Cl)C(F)(F)F,FC(F)OC(Cl)C(F)(F)F,PIWKPBJCKXDKJR-UHFFFAOYSA-N,True
CID000060835,twosides,CNCCC(C1=CC=CS1)OC2=CC=CC3=CC=CC=C32,CNCCC(Oc1cccc2ccccc12)c1cccs1,CNCCC(Oc1cccc2ccccc12)c1cccs1,ZEUITGRIYCTCEM-UHFFFAOYSA-N,True
CID000002646,twosides,CC=CC1=C(N2C(C(C2=O)NC(=O)C(C3=CC=C(C=C3)O)N)SC1)C(=O)O,CC=CC1=C(C(=O)O)N2C(=O)C(NC(=O)C(N)c3ccc(O)cc3)C2SC1,CC=CC1=C(C(=O)O)N2C(=O)C(NC(=O)C(N)c3ccc(O)cc3)C2SC1,WDLWHQDACQUCJR-UHFFFAOYSA-N,True
CID000004499,twosides,CC1=C(C(C(=C(N1)C)C(=O)OCC(C)C)C2=CC=CC=C2[N+](=O)[O-])C(=O)OC,COC(=O)C1=C(C)NC(C)=C(C(=O)OCC(C)C)C1c1ccccc1[N+](=O)[O-],COC(=O)C1=C(C)NC(C)=C(C(=O)OCC(C)C)C1c1ccccc1[N+](=O)[O-],VKQFCGNPDRICFG-UHFFFAOYSA-N,True
CID000002512,twosides,CCNC(=O)N(CCCN(C)C)C(=O)C1CC2C(CC3=CNC4=CC=CC2=C34)N(C1)CC=C,C=CCN1CC(C(=O)N(CCCN(C)C)C(=O)NCC)CC2c3cccc4[nH]cc(c34)CC21,C=CCN1CC(C(=O)N(CCCN(C)C)C(=O)NCC)CC2c3cccc4[nH]cc(c34)CC21,KORNTPPJEAJQIU-UHFFFAOYSA-N,True
CID000003114,twosides,CC(C)N(CCC(C1=CC=CC=C1)(C2=CC=CC=N2)C(=O)N)C(C)C,CC(C)N(CCC(C(N)=O)(c1ccccc1)c1ccccn1)C(C)C,CC(C)N(CCC(C(N)=O)(c1ccccc1)c1ccccn1)C(C)C,UVTNFZQICZKOEM-UHFFFAOYSA-N,True
CID000005650,twosides,CCCCC(=O)N(CC1=CC=C(C=C1)C2=CC=CC=C2C3=NNN=N3)C(C(C)C)C(=O)O,CCCCC(=O)N(Cc1ccc(-c2ccccc2-c2nn[nH]n2)cc1)C(C(=O)O)C(C)C,CCCCC(=O)N(Cc1ccc(-c2ccccc2-c2nn[nH]n2)cc1)C(C(=O)O)C(C)C,ACWBQPMHZXGDFX-UHFFFAOYSA-N,True
CID000003414,twosides,C(=O)([O-])P(=O)([O-])[O-],O=C([O-])P(=O)([O-])[O-],O=C([O-])P(=O)([O-])[O-],ZJAOAACCNHFJAH-UHFFFAOYSA-K,True
CID000002099,twosides,CC1=C(N=CN1)CN2CCC3=C(C2=O)C4=CC=CC=C4N3C,Cc1[nH]cnc1CN1CCc2c(c3ccccc3n2C)C1=O,Cc1[nH]cnc1CN1CCc2c(c3ccccc3n2C)C1=O,JSWZEAMFRNKZNL-UHFFFAOYSA-N,True
CID000003454,twosides,C1=NC2=C(N1COC(CO)CO)NC(=NC2=O)N,Nc1nc(=O)c2ncn(COC(CO)CO)c2[nH]1,Nc1nc(=O)c2ncn(COC(CO)CO)c2[nH]1,IRSCQMHQWWYFCW-UHFFFAOYSA-N,True
CID000003675,twosides,C1=CC=C(C=C1)CCNN,NNCCc1ccccc1,NNCCc1ccccc1,RMUCZJUITONUFY-UHFFFAOYSA-N,True
CID000004058,twosides,CCOC(=O)C1(CCN(CC1)C)C2=CC=CC=C2,CCOC(=O)C1(c2ccccc2)CCN(C)CC1,CCOC(=O)C1(c2ccccc2)CCN(C)CC1,XADCESSVHJOZHK-UHFFFAOYSA-N,True
CID000004539,twosides,CCN1C=C(C(=O)C2=CC(=C(C=C21)N3CCNCC3)F)C(=O)O,CCn1cc(C(=O)O)c(=O)c2cc(F)c(N3CCNCC3)cc21,CCn1cc(C(=O)O)c(=O)c2cc(F)c(N3CCNCC3)cc21,OGJPXUAPXNRGGI-UHFFFAOYSA-N,True
CID000110635,twosides,CN1CC(=O)N2C(C1=O)CC3=C(C2C4=CC5=C(C=C4)OCO5)NC6=CC=CC=C36,CN1CC(=O)N2C(Cc3c([nH]c4ccccc34)C2c2ccc3c(c2)OCO3)C1=O,CN1CC(=O)N2C(Cc3c([nH]c4ccccc34)C2c2ccc3c(c2)OCO3)C1=O,WOXKDUGGOYFFRN-UHFFFAOYSA-N,True
CID000004075,twosides,C1=CC(=C(C=C1N)C(=O)O)O,Nc1ccc(O)c(C(=O)O)c1,Nc1ccc(O)c(C(=O)O)c1,KBOPZPXVLCULAV-UHFFFAOYSA-N,True
CID000004991,twosides,C[N+]1=CC=CC(=C1)OC(=O)N(C)C,CN(C)C(=O)Oc1ccc[n+](C)c1,CN(C)C(=O)Oc1ccc[n+](C)c1,RVOLLAQWKVFTGE-UHFFFAOYSA-N,True
CID000004044,twosides,CC1=C(C(=CC=C1)NC2=CC=CC=C2C(=O)O)C,Cc1cccc(Nc2ccccc2C(=O)O)c1C,Cc1cccc(Nc2ccccc2C(=O)O)c1C,HYYBABOKPJLUIN-UHFFFAOYSA-N,True
CID000002995,twosides,CNCCCN1C2=CC=CC=C2CCC3=CC=CC=C31,CNCCCN1c2ccccc2CCc2ccccc21,CNCCCN1c2ccccc2CCc2ccccc21,HCYAFALTSJYZDH-UHFFFAOYSA-N,True
CID000060184,twosides,CCCC(C(=O)OCC)NC(C)C(=O)N1C2CCCCC2CC1C(=O)O,CCCC(NC(C)C(=O)N1C(C(=O)O)CC2CCCCC21)C(=O)OCC,CCCC(NC(C)C(=O)N1C(C(=O)O)CC2CCCCC21)C(=O)OCC,IPVQLZZIHOAWMC-UHFFFAOYSA-N,True
CID000004674,twosides,C(CN)C(O)(P(=O)(O)O)P(=O)(O)O,NCCC(O)(P(=O)(O)O)P(=O)(O)O,NCCC(O)(P(=O)(O)O)P(=O)(O)O,WRUUGTRCQOWXEG-UHFFFAOYSA-N,True
CID000004205,twosides,CN1CCN2C(C1)C3=CC=CC=C3CC4=C2N=CC=C4,CN1CCN2c3ncccc3Cc3ccccc3C2C1,CN1CCN2c3ncccc3Cc3ccccc3C2C1,RONZAEMNMFQXRA-UHFFFAOYSA-N,True
CID000005095,twosides,CCCN(CCC)CCC1=C2CC(=O)NC2=CC=C1,CCCN(CCC)CCc1cccc2c1CC(=O)N2,CCCN(CCC)CCc1cccc2c1CC(=O)N2,UHSKFQJFRQCDBE-UHFFFAOYSA-N,True
CID000104865,twosides,CC(C)(C)C1=CC=C(C=C1)S(=O)(=O)NC2=C(C(=NC(=N2)C3=NC=CC=N3)OCCO)OC4=CC=CC=C4OC,COc1ccccc1Oc1c(NS(=O)(=O)c2ccc(C(C)(C)C)cc2)nc(-c2ncccn2)nc1OCCO,COc1ccccc1Oc1c(NS(=O)(=O)c2ccc(C(C)(C)C)cc2)nc(-c2ncccn2)nc1OCCO,GJPICJJJRGTNOD-UHFFFAOYSA-N,True
CID000002141,twosides,C(CN)CNCCSP(=O)(O)O,NCCCNCCSP(=O)(O)O,NCCCNCCSP(=O)(O)O,JKOQGQFVAUAYPM-UHFFFAOYSA-N,True
CID000004771,twosides,CC(C)(CC1=CC=CC=C1)N,CC(C)(N)Cc1ccccc1,CC(C)(N)Cc1ccccc1,DHHVAGZRUROJKS-UHFFFAOYSA-N,True
CID000060877,twosides,C1C(OC(S1)CO)N2C=C(C(=NC2=O)N)F,Nc1nc(=O)n(C2CSC(CO)O2)cc1F,Nc1nc(=O)n(C2CSC(CO)O2)cc1F,XQSPYNMVSIKCOC-UHFFFAOYSA-N,True
CID000002130,twosides,C1C2CC3CC1CC(C2)(C3)N,NC12CC3CC(CC(C3)C1)C2,NC12CC3CC(CC(C3)C1)C2,DKNWSYNQZKUICI-UHFFFAOYSA-N,True
CID000152945,twosides,CC12CCC3C(C1CCC2C(=O)NC4=C(C=CC(=C4)C(F)(F)F)C(F)(F)F)CCC5C3(C=CC(=O)N5)C,CC12C=CC(=O)NC1CCC1C2CCC2(C)C(C(=O)Nc3cc(C(F)(F)F)ccc3C(F)(F)F)CCC12,CC12C=CC(=O)NC1CCC1C2CCC2(C)C(C(=O)Nc3cc(C(F)(F)F)ccc3C(F)(F)F)CCC12,JWJOTENAMICLJG-UHFFFAOYSA-N,True
CID000071329,twosides,CN(CCC1=CC=C(C=C1)NS(=O)(=O)C)CCOC2=CC=C(C=C2)NS(=O)(=O)C,CN(CCOc1ccc(NS(C)(=O)=O)cc1)CCc1ccc(NS(C)(=O)=O)cc1,CN(CCOc1ccc(NS(C)(=O)=O)cc1)CCc1ccc(NS(C)(=O)=O)cc1,IXTMWRCNAAVVAI-UHFFFAOYSA-N,True
CID000060843,twosides,C1=CC(=CC=C1CCC2=CNC3=C2C(=O)N=C(N3)N)C(=O)NC(CCC(=O)O)C(=O)O,Nc1nc(=O)c2c(CCc3ccc(C(=O)NC(CCC(=O)O)C(=O)O)cc3)c[nH]c2[nH]1,Nc1nc(=O)c2c(CCc3ccc(C(=O)NC(CCC(=O)O)C(=O)O)cc3)c[nH]c2[nH]1,WBXPDJSOTKVWSJ-UHFFFAOYSA-N,True
CID000002519,twosides,CN1C=NC2=C1C(=O)N(C(=O)N2C)C,Cn1c(=O)c2c(ncn2C)n(C)c1=O,Cn1c(=O)c2c(ncn2C)n(C)c1=O,RYYVLZVUVIJVGH-UHFFFAOYSA-N,True
CID000005029,twosides,CC1=C(C=CN=C1CS(=O)C2=NC3=CC=CC=C3N2)OCCCOC,COCCCOc1ccnc(CS(=O)c2nc3ccccc3[nH]2)c1C,COCCCOc1ccnc(CS(=O)c2nc3ccccc3[nH]2)c1C,YREYEVIYCVEVJK-UHFFFAOYSA-N,True
CID000005408,twosides,CC12CCC3C(C1CCC2O)CCC4=CC(=O)CCC34C,CC12CCC(=O)C=C1CCC1C2CCC2(C)C(O)CCC12,CC12CCC(=O)C=C1CCC1C2CCC2(C)C(O)CCC12,MUMGGOZAMZWBJJ-UHFFFAOYSA-N,True
CID000005978,twosides,CCC1(CC2CC(C3=C(CCN(C2)C1)C4=CC=CC=C4N3)(C5=C(C=C6C(=C5)C78CCN9C7C(C=CC9)(C(C(C8N6C=O)(C(=O)OC)O)OC(=O)C)CC)OC)C(=O)OC)O,CCC1(O)CC2CN(CCc3c([nH]c4ccccc34)C(C(=O)OC)(c3cc4c(cc3OC)N(C=O)C3C(O)(C(=O)OC)C(OC(C)=O)C5(CC)C=CCN6CCC43C65)C2)C1,CCC1(O)CC2CN(CCc3c([nH]c4ccccc34)C(C(=O)OC)(c3cc4c(cc3OC)N(C=O)C3C(O)(C(=O)OC)C(OC(C)=O)C5(CC)C=CCN6CCC43C65)C2)C1,OGWKCGZFUXNPDA-UHFFFAOYSA-N,True
CID000150311,twosides,C1=CC(=CC=C1C2C(C(=O)N2C3=CC=C(C=C3)F)CCC(C4=CC=C(C=C4)F)O)O,O=C1C(CCC(O)c2ccc(F)cc2)C(c2ccc(O)cc2)N1c1ccc(F)cc1,O=C1C(CCC(O)c2ccc(F)cc2)C(c2ccc(O)cc2)N1c1ccc(F)cc1,OLNTVTPDXPETLC-UHFFFAOYSA-N,True
CID000003040,twosides,CC1=C(C(=NO1)C2=C(C=CC=C2Cl)Cl)C(=O)NC3C4N(C3=O)C(C(S4)(C)C)C(=O)[O-],Cc1onc(-c2c(Cl)cccc2Cl)c1C(=O)NC1C(=O)N2C1SC(C)(C)C2C(=O)[O-],Cc1onc(-c2c(Cl)cccc2Cl)c1C(=O)NC1C(=O)N2C1SC(C)(C)C2C(=O)[O-],YFAGHNZHGGCZAX-UHFFFAOYSA-M,True
CID000064147,twosides,CC(C)C(C(=O)OCC(CO)OCN1C=NC2=C1NC(=NC2=O)N)N,CC(C)C(N)C(=O)OCC(CO)OCn1cnc2c(=O)nc(N)[nH]c21,CC(C)C(N)C(=O)OCC(CO)OCn1cnc2c(=O)nc(N)[nH]c21,WPVFJKSGQUFQAP-UHFFFAOYSA-N,True
CID000005381,twosides,CCOC(=O)C1=CN=C(C=C1)C#CC2=CC3=C(C=C2)SCCC3(C)C,CCOC(=O)c1ccc(C#Cc2ccc3c(c2)C(C)(C)CCS3)nc1,CCOC(=O)c1ccc(C#Cc2ccc3c(c2)C(C)(C)CCS3)nc1,OGQICQVSFDPSEI-UHFFFAOYSA-N,True
CID000004064,twosides,CCCC(C)(COC(=O)N)COC(=O)N,CCCC(C)(COC(N)=O)COC(N)=O,CCCC(C)(COC(N)=O)COC(N)=O,NPPQSCRMBWNHMW-UHFFFAOYSA-N,True
CID000002712,twosides,CN=C1CN(C(=C2C=C(C=CC2=N1)Cl)C3=CC=CC=C3)O,CN=C1CN(O)C(c2ccccc2)=c2cc(Cl)ccc2=N1,CN=C1CN(O)C(c2ccccc2)=c2cc(Cl)ccc2=N1,BUCORZSTKDOEKQ-UHFFFAOYSA-N,True
CID000024486,twosides,O.O.O.O.O.O.[Cl-].[Cl-].[Ca+2],O.O.O.O.O.O.[Ca+2].[Cl-].[Cl-],O.O.O.O.O.O.[Ca+2].[Cl-].[Cl-],QHFQAJHNDKBRBO-UHFFFAOYSA-L,True
CID000060164,twosides,COC1=C(C=C(C=C1)C2=CC3=C(C=C2)C=C(C=C3)C(=O)O)C45CC6CC(C4)CC(C6)C5,COc1ccc(-c2ccc3cc(C(=O)O)ccc3c2)cc1C12CC3CC(CC(C3)C1)C2,COc1ccc(-c2ccc3cc(C(=O)O)ccc3c2)cc1C12CC3CC(CC(C3)C1)C2,LZCDAPDGXCYOEH-UHFFFAOYSA-N,True
CID000002478,twosides,CS(=O)(=O)OCCCCOS(=O)(=O)C,CS(=O)(=O)OCCCCOS(C)(=O)=O,CS(=O)(=O)OCCCCOS(C)(=O)=O,COVZYZSDYWQREU-UHFFFAOYSA-N,True
CID000003278,twosides,CCC(=C)C(=O)C1=C(C(=C(C=C1)OCC(=O)O)Cl)Cl,C=C(CC)C(=O)c1ccc(OCC(=O)O)c(Cl)c1Cl,C=C(CC)C(=O)c1ccc(OCC(=O)O)c(Cl)c1Cl,AVOLMBLBETYQHX-UHFFFAOYSA-N,True
CID000003373,twosides,CCOC(=O)C1=C2CN(C(=O)C3=C(N2C=N1)C=CC(=C3)F)C,CCOC(=O)c1ncn2c1CN(C)C(=O)c1cc(F)ccc1-2,CCOC(=O)c1ncn2c1CN(C)C(=O)c1cc(F)ccc1-2,OFBIFZUFASYYRE-UHFFFAOYSA-N,True
CID000002622,twosides,C[N+]1(CCCC1)CC2=C(N3C(C(C3=O)NC(=O)C(=NOC)C4=CSC(=N4)N)SC2)C(=O)[O-],CON=C(C(=O)NC1C(=O)N2C(C(=O)[O-])=C(C[N+]3(C)CCCC3)CSC12)c1csc(N)n1,CON=C(C(=O)NC1C(=O)N2C(C(=O)[O-])=C(C[N+]3(C)CCCC3)CSC12)c1csc(N)n1,HVFLCNVBZFFHBT-UHFFFAOYSA-N,True
CID000004856,twosides,CN1C(=C(NC2=CC=CC=N2)O)C(=O)C3=CC=CC=C3S1(=O)=O,CN1C(=C(O)Nc2ccccn2)C(=O)c2ccccc2S1(=O)=O,CN1C(=C(O)Nc2ccccn2)C(=O)c2ccccc2S1(=O)=O,LDJVNWFKNMYYNT-UHFFFAOYSA-N,True
CID000032797,twosides,CC1CC2C3CCC4=CC(=O)C=CC4(C3(C(CC2(C1(C(=O)CCl)O)C)O)F)C,CC1CC2C3CCC4=CC(=O)C=CC4(C)C3(F)C(O)CC2(C)C1(O)C(=O)CCl,CC1CC2C3CCC4=CC(=O)C=CC4(C)C3(F)C(O)CC2(C)C1(O)C(=O)CCl,FCSHDIVRCWTZOX-UHFFFAOYSA-N,True
CID000002610,twosides,CC1=C(N2C(C(C2=O)NC(=O)C(C3=CC=C(C=C3)O)N)SC1)C(=O)O,CC1=C(C(=O)O)N2C(=O)C(NC(=O)C(N)c3ccc(O)cc3)C2SC1,CC1=C(C(=O)O)N2C(=O)C(NC(=O)C(N)c3ccc(O)cc3)C2SC1,BOEGTKLJZSQCCD-UHFFFAOYSA-N,True
CID000004819,twosides,CCC1C(COC1=O)CC2=CN=CN2C,CCC1C(=O)OCC1Cc1cncn1C,CCC1C(=O)OCC1Cc1cncn1C,QCHFTSOMWOSFHM-UHFFFAOYSA-N,True
CID000005453,twosides,C1CN1P(=S)(N2CC2)N3CC3,S=P(N1CC1)(N1CC1)N1CC1,S=P(N1CC1)(N1CC1)N1CC1,FOCVUCIESVLUNU-UHFFFAOYSA-N,True
CID000003914,twosides,CC(C)(C)NCC(COC1=CC=CC2=C1CCCC2=O)O,CC(C)(C)NCC(O)COc1cccc2c1CCCC2=O,CC(C)(C)NCC(O)COc1cccc2c1CCCC2=O,IXHBTMCLRNMKHZ-UHFFFAOYSA-N,True
CID000003784,twosides,CC1=C(C(C(=C(N1)C)C(=O)OC(C)C)C2=CC=CC3=NON=C32)C(=O)OC,COC(=O)C1=C(C)NC(C)=C(C(=O)OC(C)C)C1c1cccc2nonc12,COC(=O)C1=C(C)NC(C)=C(C(=O)OC(C)C)C1c1cccc2nonc12,HMJIYCCIJYRONP-UHFFFAOYSA-N,True
CID000014888,twosides,[O-2].[O-2].[O-2].[As+3].[As+3],[As+3].[As+3].[O-2].[O-2].[O-2],[As+3].[As+3].[O-2].[O-2].[O-2],QTLQKAJBUDWPIB-UHFFFAOYSA-N,True
CID000002708,twosides,C1=CC(=CC=C1CCCC(=O)O)N(CCCl)CCCl,O=C(O)CCCc1ccc(N(CCCl)CCCl)cc1,O=C(O)CCCc1ccc(N(CCCl)CCCl)cc1,JCKYGMPEJWAADB-UHFFFAOYSA-N,True
CID000170361,twosides,C1C2CNCC1C3=CC4=NC=CN=C4C=C23,c1cnc2cc3c(cc2n1)C1CNCC3C1,c1cnc2cc3c(cc2n1)C1CNCC3C1,JQSHBVHOMNKWFT-UHFFFAOYSA-N,True
CID000005734,twosides,C1=CC=C2C(=C1)C(=NO2)CS(=O)(=O)N,NS(=O)(=O)Cc1noc2ccccc12,NS(=O)(=O)Cc1noc2ccccc12,UBQNRHZMVUUOMG-UHFFFAOYSA-N,True
CID000004911,twosides,CCCN(CCC)S(=O)(=O)C1=CC=C(C=C1)C(=O)O,CCCN(CCC)S(=O)(=O)c1ccc(C(=O)O)cc1,CCCN(CCC)S(=O)(=O)c1ccc(C(=O)O)cc1,DBABZHXKTCFAPX-UHFFFAOYSA-N,True
CID000004449,twosides,CCC1=NN(C(=O)N1CCOC2=CC=CC=C2)CCCN3CCN(CC3)C4=CC(=CC=C4)Cl,CCc1nn(CCCN2CCN(c3cccc(Cl)c3)CC2)c(=O)n1CCOc1ccccc1,CCc1nn(CCCN2CCN(c3cccc(Cl)c3)CC2)c(=O)n1CCOc1ccccc1,VRBKIVRKKCLPHA-UHFFFAOYSA-N,True
CID000003066,twosides,CC1(C(=O)N2C(C(=O)N3CCCC3C2(O1)O)CC4=CC=CC=C4)NC(=O)C5CC6C(CC7=CNC8=CC=CC6=C78)N(C5)C,CN1CC(C(=O)NC2(C)OC3(O)C4CCCN4C(=O)C(Cc4ccccc4)N3C2=O)CC2c3cccc4[nH]cc(c34)CC21,CN1CC(C(=O)NC2(C)OC3(O)C4CCCN4C(=O)C(Cc4ccccc4)N3C2=O)CC2c3cccc4[nH]cc(c34)CC21,LUZRJRNZXALNLM-UHFFFAOYSA-N,True
CID000087177,twosides,C(C1C(C(C(C(O1)OC(C(CO)O)C(C(=O)CO)O)O)O)O)O,O=C(CO)C(O)C(OC1OC(CO)C(O)C(O)C1O)C(O)CO,O=C(CO)C(O)C(OC1OC(CO)C(O)C(O)C1O)C(O)CO,PFCRQPBOOFTZGQ-UHFFFAOYSA-N,True
CID000000119,twosides,C(CC(=O)O)CN,NCCCC(=O)O,NCCCC(=O)O,BTCSSZJGUNDROE-UHFFFAOYSA-N,True
CID000054688,twosides,CCC1C(C(C(C(=O)C(CC(C(C(C(C(C(=O)O1)C)OC2CC(C(C(O2)C)O)(C)OC)C)OC3C(C(CC(O3)C)N(C)C)O)(C)OC)C)C)O)(C)O,CCC1OC(=O)C(C)C(OC2CC(C)(OC)C(O)C(C)O2)C(C)C(OC2OC(C)CC(N(C)C)C2O)C(C)(OC)CC(C)C(=O)C(C)C(O)C1(C)O,CCC1OC(=O)C(C)C(OC2CC(C)(OC)C(O)C(C)O2)C(C)C(OC2OC(C)CC(N(C)C)C2O)C(C)(OC)CC(C)C(=O)C(C)C(O)C1(C)O,AGOYDEPGAOXOCK-UHFFFAOYSA-N,True
CID000005376,twosides,CCC(=C(C1=CC=CC=C1)C2=CC=C(C=C2)OCCN(C)C)C3=CC=CC=C3,CCC(=C(c1ccccc1)c1ccc(OCCN(C)C)cc1)c1ccccc1,CCC(=C(c1ccccc1)c1ccc(OCCN(C)C)cc1)c1ccccc1,NKANXQFJJICGDU-UHFFFAOYSA-N,True
CID000004053,twosides,C1=CC(=CC=C1CC(C(=O)O)N)N(CCCl)CCCl,NC(Cc1ccc(N(CCCl)CCCl)cc1)C(=O)O,NC(Cc1ccc(N(CCCl)CCCl)cc1)C(=O)O,SGDBTWWWUNNDEQ-UHFFFAOYSA-N,True
CID000003964,twosides,CN1CCN(CC1)C2=NC3=CC=CC=C3OC4=C2C=C(C=C4)Cl,CN1CCN(C2=Nc3ccccc3Oc3ccc(Cl)cc32)CC1,CN1CCN(C2=Nc3ccccc3Oc3ccc(Cl)cc32)CC1,XJGVXQDUIWGIRW-UHFFFAOYSA-N,True
CID000004425,twosides,C=CCN1CCC23C4C(=O)CCC2(C1CC5=C3C(=C(C=C5)O)O4)O,C=CCN1CCC23c4c5ccc(O)c4OC2C(=O)CCC3(O)C1C5,C=CCN1CCC23c4c5ccc(O)c4OC2C(=O)CCC3(O)C1C5,UZHSEJADLWPNLE-UHFFFAOYSA-N,True
CID000002274,twosides,CC1C(C(=O)N1S(=O)(=O)O)NC(=O)C(=NOC(C)(C)C(=O)O)C2=CSC(=N2)N,CC1C(NC(=O)C(=NOC(C)(C)C(=O)O)c2csc(N)n2)C(=O)N1S(=O)(=O)O,CC1C(NC(=O)C(=NOC(C)(C)C(=O)O)c2csc(N)n2)C(=O)N1S(=O)(=O)O,WZPBZJONDBGPKJ-UHFFFAOYSA-N,True
CID000004616,twosides,C1=CC=C(C=C1)C2=NC(C(=O)NC3=C2C=C(C=C3)Cl)O,O=C1Nc2ccc(Cl)cc2C(c2ccccc2)=NC1O,O=C1Nc2ccc(Cl)cc2C(c2ccccc2)=NC1O,ADIMAYPTOBDMTL-UHFFFAOYSA-N,True
CID000005525,twosides,CCOC(=O)C(CCC1=CC=CC=C1)NC(C)C(=O)N2C3CCCCC3CC2C(=O)O,CCOC(=O)C(CCc1ccccc1)NC(C)C(=O)N1C(C(=O)O)CC2CCCCC21,CCOC(=O)C(CCc1ccccc1)NC(C)C(=O)N1C(C(=O)O)CC2CCCCC21,VXFJYXUZANRPDJ-UHFFFAOYSA-N,True
CID000005155,twosides,CC1=CN(C(=O)NC1=O)C2C=CC(O2)CO,Cc1cn(C2C=CC(CO)O2)c(=O)[nH]c1=O,Cc1cn(C2C=CC(CO)O2)c(=O)[nH]c1=O,XNKLLVCARDGLGL-UHFFFAOYSA-N,True
CID000004675,twosides,CC(=O)OC1CC2CCC3C(C2(CC1[N+]4(CCCCC4)C)C)CCC5(C3CC(C5OC(=O)C)[N+]6(CCCCC6)C)C,CC(=O)OC1CC2CCC3C(CCC4(C)C3CC([N+]3(C)CCCCC3)C4OC(C)=O)C2(C)CC1[N+]1(C)CCCCC1,CC(=O)OC1CC2CCC3C(CCC4(C)C3CC([N+]3(C)CCCCC3)C4OC(C)=O)C2(C)CC1[N+]1(C)CCCCC1,GVEAYVLWDAFXET-UHFFFAOYSA-N,True
CID000010631,twosides,CC1CC2C(CCC3(C2CCC3(C(=O)C)O)C)C4(C1=CC(=O)CC4)C,CC(=O)C1(O)CCC2C3CC(C)C4=CC(=O)CCC4(C)C3CCC21C,CC(=O)C1(O)CCC2C3CC(C)C4=CC(=O)CCC4(C)C3CCC21C,FRQMUZJSZHZSGN-UHFFFAOYSA-N,True
CID000004845,twosides,CC(C)(C)NCC(C1=NC(=C(C=C1)O)CO)O,CC(C)(C)NCC(O)c1ccc(O)c(CO)n1,CC(C)(C)NCC(O)c1ccc(O)c(CO)n1,VQDBNKDJNJQRDG-UHFFFAOYSA-N,True
CID000003734,twosides,CC(C(=O)NC1=C(C(=C(C(=C1I)C(=O)NC(CO)CO)I)C(=O)NC(CO)CO)I)O,CC(O)C(=O)Nc1c(I)c(C(=O)NC(CO)CO)c(I)c(C(=O)NC(CO)CO)c1I,CC(O)C(=O)Nc1c(I)c(C(=O)NC(CO)CO)c(I)c(C(=O)NC(CO)CO)c1I,XQZXYNRDCRIARQ-UHFFFAOYSA-N,True
CID000002973,twosides,CC(=O)N(CCCCCNC(=O)CCC(=O)N(CCCCCNC(=O)CCC(=O)N(CCCCCN)O)O)O,CC(=O)N(O)CCCCCNC(=O)CCC(=O)N(O)CCCCCNC(=O)CCC(=O)N(O)CCCCCN,CC(=O)N(O)CCCCCNC(=O)CCC(=O)N(O)CCCCCNC(=O)CCC(=O)N(O)CCCCCN,UBQYURCVBFRUQT-UHFFFAOYSA-N,True
CID000003461,twosides,C1=CN(C(=O)N=C1N)C2C(C(C(O2)CO)O)(F)F,Nc1ccn(C2OC(CO)C(O)C2(F)F)c(=O)n1,Nc1ccn(C2OC(CO)C(O)C2(F)F)c(=O)n1,SDUQYLNIPVEERB-UHFFFAOYSA-N,True
CID000005297,twosides,CC1C(C(C(O1)OC2C(C(C(C(C2O)O)N=C(N)N)O)N=C(N)N)OC3C(C(C(C(O3)CO)O)O)NC)(C=O)O,CNC1C(OC2C(OC3C(O)C(O)C(N=C(N)N)C(O)C3N=C(N)N)OC(C)C2(O)C=O)OC(CO)C(O)C1O,CNC1C(OC2C(OC3C(O)C(O)C(N=C(N)N)C(O)C3N=C(N)N)OC(C)C2(O)C=O)OC(CO)C(O)C1O,UCSJYZPVAKXKNQ-UHFFFAOYSA-N,True
CID000123620,twosides,CC1CC2C3CCC4=CC(=O)C=CC4(C3(C(CC2(C1(C(=O)CCl)O)C)O)Cl)C,CC1CC2C3CCC4=CC(=O)C=CC4(C)C3(Cl)C(O)CC2(C)C1(O)C(=O)CCl,CC1CC2C3CCC4=CC(=O)C=CC4(C)C3(Cl)C(O)CC2(C)C1(O)C(=O)CCl,QLIIKPVHVRXHRI-UHFFFAOYSA-N,True
CID000054808,twosides,CCOC(=O)OC1(CCC2C1(CC(C3C2CCC4=CC(=O)C=CC34C)O)C)C(=O)OCCl,CCOC(=O)OC1(C(=O)OCCl)CCC2C3CCC4=CC(=O)C=CC4(C)C3C(O)CC21C,CCOC(=O)OC1(C(=O)OCCl)CCC2C3CCC4=CC(=O)C=CC4(C)C3C(O)CC21C,DMKSVUSAATWOCU-UHFFFAOYSA-N,True
CID000013342,twosides,CCC1(CC2CC(C3=C(CCN(C2)C1)C4=CC=CC=C4N3)(C5=C(C=C6C(=C5)C78CCN9C7C(C=CC9)(C(C(C8N6C)(C(=O)OC)O)OC(=O)C)CC)OC)C(=O)OC)O,CCC1(O)CC2CN(CCc3c([nH]c4ccccc34)C(C(=O)OC)(c3cc4c(cc3OC)N(C)C3C(O)(C(=O)OC)C(OC(C)=O)C5(CC)C=CCN6CCC43C65)C2)C1,CCC1(O)CC2CN(CCc3c([nH]c4ccccc34)C(C(=O)OC)(c3cc4c(cc3OC)N(C)C3C(O)(C(=O)OC)C(OC(C)=O)C5(CC)C=CCN6CCC43C65)C2)C1,JXLYSJRDGCGARV-UHFFFAOYSA-N,True
CID000002732,twosides,C1=CC=C2C(=C1)C(=O)NC2(C3=CC(=C(C=C3)Cl)S(=O)(=O)N)O,NS(=O)(=O)c1cc(C2(O)NC(=O)c3ccccc32)ccc1Cl,NS(=O)(=O)c1cc(C2(O)NC(=O)c3ccccc32)ccc1Cl,JIVPVXMEBJLZRO-UHFFFAOYSA-N,True
CID000003827,twosides,CN1CCC(=C2C3=C(C(=O)CC4=CC=CC=C42)SC=C3)CC1,CN1CCC(=C2c3ccccc3CC(=O)c3sccc32)CC1,CN1CCC(=C2c3ccccc3CC(=O)c3sccc32)CC1,ZCVMWBYGMWKGHF-UHFFFAOYSA-N,True
CID000148192,twosides,CC(C)(C)C(C(=O)NC(CC1=CC=CC=C1)C(CN(CC2=CC=C(C=C2)C3=CC=CC=N3)NC(=O)C(C(C)(C)C)NC(=O)OC)O)NC(=O)OC,COC(=O)NC(C(=O)NC(Cc1ccccc1)C(O)CN(Cc1ccc(-c2ccccn2)cc1)NC(=O)C(NC(=O)OC)C(C)(C)C)C(C)(C)C,COC(=O)NC(C(=O)NC(Cc1ccccc1)C(O)CN(Cc1ccc(-c2ccccn2)cc1)NC(=O)C(NC(=O)OC)C(C)(C)C)C(C)(C)C,AXRYRYVKAWYZBR-UHFFFAOYSA-N,True
CID000003372,twosides,C1CN(CCN1CCCN2C3=CC=CC=C3SC4=C2C=C(C=C4)C(F)(F)F)CCO,OCCN1CCN(CCCN2c3ccccc3Sc3ccc(C(F)(F)F)cc32)CC1,OCCN1CCN(CCCN2c3ccccc3Sc3ccc(C(F)(F)F)cc32)CC1,PLDUPXSUYLZYBN-UHFFFAOYSA-N,True
CID000048175,twosides,CCC(=O)OC1(C(CC2C1(CC(C3(C2CC(C4=CC(=O)C=CC43C)F)F)O)C)C)C(=O)CCl,CCC(=O)OC1(C(=O)CCl)C(C)CC2C3CC(F)C4=CC(=O)C=CC4(C)C3(F)C(O)CC21C,CCC(=O)OC1(C(=O)CCl)C(C)CC2C3CC(F)C4=CC(=O)C=CC4(C)C3(F)C(O)CC21C,BDSYKGHYMJNPAB-UHFFFAOYSA-N,True
CID000004748,twosides,C1CN(CCN1CCCN2C3=CC=CC=C3SC4=C2C=C(C=C4)Cl)CCO,OCCN1CCN(CCCN2c3ccccc3Sc3ccc(Cl)cc32)CC1,OCCN1CCN(CCCN2c3ccccc3Sc3ccc(Cl)cc32)CC1,RGCVKNLCSQQDEP-UHFFFAOYSA-N,True
CID000002637,twosides,COC1(C2N(C1=O)C(=C(CS2)COC(=O)N)C(=O)[O-])NC(=O)CC3=CC=CS3,COC1(NC(=O)Cc2cccs2)C(=O)N2C(C(=O)[O-])=C(COC(N)=O)CSC21,COC1(NC(=O)Cc2cccs2)C(=O)N2C(C(=O)[O-])=C(COC(N)=O)CSC21,WZOZEZRFJCJXNZ-UHFFFAOYSA-M,True
CID000054841,twosides,CC1=CC=CC=C1OC(CCNC)C2=CC=CC=C2,CNCCC(Oc1ccccc1C)c1ccccc1,CNCCC(Oc1ccccc1C)c1ccccc1,VHGCDTVCOLNTBX-UHFFFAOYSA-N,True
CID000060953,twosides,CCCCCOC(=O)NC1=NC(=O)N(C=C1F)C2C(C(C(O2)C)O)O,CCCCCOC(=O)Nc1nc(=O)n(C2OC(C)C(O)C2O)cc1F,CCCCCOC(=O)Nc1nc(=O)n(C2OC(C)C(O)C2O)cc1F,GAGWJHPBXLXJQN-UHFFFAOYSA-N,True
CID000047320,twosides,C[N+]1(CCC2=CC(=C(C=C2C1CC3=CC(=C(C=C3)OC)OC)OC)OC)CCC(=O)OCCCCCOC(=O)CC[N+]4(CCC5=CC(=C(C=C5C4CC6=CC(=C(C=C6)OC)OC)OC)OC)C.C1=CC=C(C=C1)S(=O)(=O)[O-].C1=CC=C(C=C1)S(=O)(=O)[O-],COc1ccc(CC2c3cc(OC)c(OC)cc3CC[N+]2(C)CCC(=O)OCCCCCOC(=O)CC[N+]2(C)CCc3cc(OC)c(OC)cc3C2Cc2ccc(OC)c(OC)c2)cc1OC.O=S(=O)([O-])c1ccccc1.O=S(=O)([O-])c1ccccc1,COc1ccc(CC2c3cc(OC)c(OC)cc3CC[N+]2(C)CCC(=O)OCCCCCOC(=O)CC[N+]2(C)CCc3cc(OC)c(OC)cc3C2Cc2ccc(OC)c(OC)c2)cc1OC.O=S(=O)([O-])c1ccccc1.O=S(=O)([O-])c1ccccc1,XXZSQOVSEBAPGS-UHFFFAOYSA-L,True
CID000003394,twosides,CC(C1=CC(=C(C=C1)C2=CC=CC=C2)F)C(=O)O,CC(C(=O)O)c1ccc(-c2ccccc2)c(F)c1,CC(C(=O)O)c1ccc(-c2ccccc2)c(F)c1,SYTBZMRGLBWNTM-UHFFFAOYSA-N,True
CID000002177,twosides,CC(C)CN(CC(C(CC1=CC=CC=C1)NC(=O)OC2CCOC2)O)S(=O)(=O)C3=CC=C(C=C3)N,CC(C)CN(CC(O)C(Cc1ccccc1)NC(=O)OC1CCOC1)S(=O)(=O)c1ccc(N)cc1,CC(C)CN(CC(O)C(Cc1ccccc1)NC(=O)OC1CCOC1)S(=O)(=O)c1ccc(N)cc1,YMARZQAQMVYCKC-UHFFFAOYSA-N,True
CID000005035,twosides,C1CCN(CC1)CCOC2=CC=C(C=C2)C(=O)C3=C(SC4=C3C=CC(=C4)O)C5=CC=C(C=C5)O,O=C(c1ccc(OCCN2CCCCC2)cc1)c1c(-c2ccc(O)cc2)sc2cc(O)ccc12,O=C(c1ccc(OCCN2CCCCC2)cc1)c1c(-c2ccc(O)cc2)sc2cc(O)ccc12,GZUITABIAKMVPG-UHFFFAOYSA-N,True
CID000003467,twosides,CC(C1CCC(C(O1)OC2C(CC(C(C2O)OC3C(C(C(CO3)(C)O)NC)O)N)N)N)NC,CNC(C)C1CCC(N)C(OC2C(N)CC(N)C(OC3OCC(C)(O)C(NC)C3O)C2O)O1,CNC(C)C1CCC(N)C(OC2C(N)CC(N)C(OC3OCC(C)(O)C(NC)C3O)C2O)O1,CEAZRRDELHUEMR-UHFFFAOYSA-N,True
CID000002019,twosides,CC1C(C(=O)NC(C(=O)N2CCCC2C(=O)N(CC(=O)N(C(C(=O)O1)C(C)C)C)C)C(C)C)NC(=O)C3=C4C(=C(C=C3)C)OC5=C(C(=O)C(=C(C5=N4)C(=O)NC6C(OC(=O)C(N(C(=O)CN(C(=O)C7CCCN7C(=O)C(NC6=O)C(C)C)C)C)C(C)C)C)N)C,Cc1c2oc3c(C)ccc(C(=O)NC4C(=O)NC(C(C)C)C(=O)N5CCCC5C(=O)N(C)CC(=O)N(C)C(C(C)C)C(=O)OC4C)c3nc-2c(C(=O)NC2C(=O)NC(C(C)C)C(=O)N3CCCC3C(=O)N(C)CC(=O)N(C)C(C(C)C)C(=O)OC2C)c(N)c1=O,Cc1c2oc3c(C)ccc(C(=O)NC4C(=O)NC(C(C)C)C(=O)N5CCCC5C(=O)N(C)CC(=O)N(C)C(C(C)C)C(=O)OC4C)c3nc-2c(C(=O)NC2C(=O)NC(C(C)C)C(=O)N3CCCC3C(=O)N(C)CC(=O)N(C)C(C(C)C)C(=O)OC2C)c(N)c1=O,RJURFGZVJUQBHK-UHFFFAOYSA-N,True
CID000005472,twosides,C1CN(CC2=C1SC=C2)CC3=CC=CC=C3Cl,Clc1ccccc1CN1CCc2sccc2C1,Clc1ccccc1CN1CCc2sccc2C1,PHWBOXQYWZNQIN-UHFFFAOYSA-N,True
CID000002733,twosides,C1=CC2=C(C=C1Cl)NC(=O)O2,O=c1[nH]c2cc(Cl)ccc2o1,O=c1[nH]c2cc(Cl)ccc2o1,TZFWDZFKRBELIQ-UHFFFAOYSA-N,True
CID000004730,twosides,CC1(C(N2C(S1)C(C2=O)NC(=O)COC3=CC=CC=C3)C(=O)[O-])C,CC1(C)SC2C(NC(=O)COc3ccccc3)C(=O)N2C1C(=O)[O-],CC1(C)SC2C(NC(=O)COc3ccccc3)C(=O)N2C1C(=O)[O-],BPLBGHOLXOTWMN-UHFFFAOYSA-M,True
CID000056959,twosides,CC1=C(C(=CC=C1)C)NC(=O)CN2CCN(CC2)CC(COC3=CC=CC=C3OC)O,COc1ccccc1OCC(O)CN1CCN(CC(=O)Nc2c(C)cccc2C)CC1,COc1ccccc1OCC(O)CN1CCN(CC(=O)Nc2c(C)cccc2C)CC1,XKLMZUWKNUAPSZ-UHFFFAOYSA-N,True
CID000004828,twosides,CC(C)NCC(COC1=CC=CC2=C1C=CN2)O,CC(C)NCC(O)COc1cccc2[nH]ccc12,CC(C)NCC(O)COc1cccc2[nH]ccc12,JZQKKSLKJUAGIC-UHFFFAOYSA-N,True
CID000005195,twosides,CC(CC1=CC=CC=C1)N(C)CC#C,C#CCN(C)C(C)Cc1ccccc1,C#CCN(C)C(C)Cc1ccccc1,MEZLKOACVSPNER-UHFFFAOYSA-N,True
CID000003821,twosides,CNC1(CCCCC1=O)C2=CC=CC=C2Cl,CNC1(c2ccccc2Cl)CCCCC1=O,CNC1(c2ccccc2Cl)CCCCC1=O,YQEZLKZALYSWHR-UHFFFAOYSA-N,True
CID000036339,twosides,CCOC(=O)C1=CN=CN1C(C)C2=CC=CC=C2,CCOC(=O)c1cncn1C(C)c1ccccc1,CCOC(=O)c1cncn1C(C)c1ccccc1,NPUKDXXFDDZOKR-UHFFFAOYSA-N,True
CID004659568,twosides,CCN(CC)C(=O)C(=CC1=CC(=C(C(=C1)O)O)[N+](=O)[O-])C#N,CCN(CC)C(=O)C(C#N)=Cc1cc(O)c(O)c([N+](=O)[O-])c1,CCN(CC)C(=O)C(C#N)=Cc1cc(O)c(O)c([N+](=O)[O-])c1,JRURYQJSLYLRLN-UHFFFAOYSA-N,True
CID005282226,twosides,CC(C)OC(=O)CCCC=CCC1C(CC(C1C=CC(COC2=CC=CC(=C2)C(F)(F)F)O)O)O,CC(C)OC(=O)CCCC=CCC1C(O)CC(O)C1C=CC(O)COc1cccc(C(F)(F)F)c1,CC(C)OC(=O)CCCC=CCC1C(O)CC(O)C1C=CC(O)COc1cccc(C(F)(F)F)c1,MKPLKVHSHYCHOC-UHFFFAOYSA-N,True
CID000005394,twosides,CN1C(=O)N2C=NC(=C2N=N1)C(=O)N,Cn1nnc2c(C(N)=O)ncn2c1=O,Cn1nnc2c(C(N)=O)ncn2c1=O,BPEGJWRSRHCHSN-UHFFFAOYSA-N,True
CID000005719,twosides,CCN(C1=CC=CC(=C1)C2=CC=NC3=C(C=NN23)C#N)C(=O)C,CCN(C(C)=O)c1cccc(-c2ccnc3c(C#N)cnn23)c1,CCN(C(C)=O)c1cccc(-c2ccnc3c(C#N)cnn23)c1,HUNXMJYCHXQEGX-UHFFFAOYSA-N,True
CID000003494,twosides,C[N+]1(CCC(C1)OC(=O)C(C2CCCC2)(C3=CC=CC=C3)O)C,C[N+]1(C)CCC(OC(=O)C(O)(c2ccccc2)C2CCCC2)C1,C[N+]1(C)CCC(OC(=O)C(O)(c2ccccc2)C2CCCC2)C1,ANGKOCUUWGHLCE-UHFFFAOYSA-N,True
CID000004607,twosides,CC1=C(C(=NO1)C2=CC=CC=C2)C(=O)NC3C4N(C3=O)C(C(S4)(C)C)C(=O)[O-],Cc1onc(-c2ccccc2)c1C(=O)NC1C(=O)N2C1SC(C)(C)C2C(=O)[O-],Cc1onc(-c2ccccc2)c1C(=O)NC1C(=O)N2C1SC(C)(C)C2C(=O)[O-],UWYHMGVUTGAWSP-UHFFFAOYSA-M,True
CID000160051,twosides,CCCCCCCCCCNCC=C.C[N+](C)(C)CCCCCCNCC=C.C=CCN.C1C(O1)CCl.Cl.[Cl-],C=CCN.C=CCNCCCCCCCCCC.C=CCNCCCCCC[N+](C)(C)C.Cl.ClCC1CO1.[Cl-],C=CCN.C=CCNCCCCCCCCCC.C=CCNCCCCCC[N+](C)(C)C.Cl.ClCC1CO1.[Cl-],VTAKZNRDSPNOAU-UHFFFAOYSA-M,True
CID000074989,twosides,C1CC(CCC1C2=CC=C(C=C2)Cl)C3=C(C4=CC=CC=C4C(=O)C3=O)O,O=C1C(=O)c2ccccc2C(O)=C1C1CCC(c2ccc(Cl)cc2)CC1,O=C1C(=O)c2ccccc2C(O)=C1C1CCC(c2ccc(Cl)cc2)CC1,BSJMWHQBCZFXBR-UHFFFAOYSA-N,True
CID000148211,twosides,C1CC2CN(C(=O)C3=CC=CC(=C23)C1)C4CN5CCC4CC5,O=C1c2cccc3c2C(CCC3)CN1C1CN2CCC1CC2,O=C1c2cccc3c2C(CCC3)CN1C1CN2CCC1CC2,CPZBLNMUGSZIPR-UHFFFAOYSA-N,True
CID000005578,twosides,COC1=CC(=CC(=C1OC)OC)CC2=CN=C(N=C2N)N,COc1cc(Cc2cnc(N)nc2N)cc(OC)c1OC,COc1cc(Cc2cnc(N)nc2N)cc(OC)c1OC,IEDVJHCEMCRBQM-UHFFFAOYSA-N,True
CID000071616,twosides,CC(C1=NC=NC=C1F)C(CN2C=NC=N2)(C3=C(C=C(C=C3)F)F)O,CC(c1ncncc1F)C(O)(Cn1cncn1)c1ccc(F)cc1F,CC(c1ncncc1F)C(O)(Cn1cncn1)c1ccc(F)cc1F,BCEHBSKCWLPMDN-UHFFFAOYSA-N,True
CID000005572,twosides,C1CCC(CC1)C(CCN2CCCCC2)(C3=CC=CC=C3)O,OC(CCN1CCCCC1)(c1ccccc1)C1CCCCC1,OC(CCN1CCCCC1)(c1ccccc1)C1CCCCC1,HWHLPVGTWGOCJO-UHFFFAOYSA-N,True
CID000027991,twosides,C1CC(N(C1)C(=O)C2CSSCCC(=O)NC(C(=O)NC(C(=O)NC(C(=O)NC(C(=O)N2)CC(=O)N)CCC(=O)N)CC3=CC=CC=C3)CC4=CC=C(C=C4)O)C(=O)NC(CCCN=C(N)N)C(=O)NCC(=O)N,NC(=O)CCC1NC(=O)C(Cc2ccccc2)NC(=O)C(Cc2ccc(O)cc2)NC(=O)CCSSCC(C(=O)N2CCCC2C(=O)NC(CCCN=C(N)N)C(=O)NCC(N)=O)NC(=O)C(CC(N)=O)NC1=O,NC(=O)CCC1NC(=O)C(Cc2ccccc2)NC(=O)C(Cc2ccc(O)cc2)NC(=O)CCSSCC(C(=O)N2CCCC2C(=O)NC(CCCN=C(N)N)C(=O)NCC(N)=O)NC(=O)C(CC(N)=O)NC1=O,NFLWUMRGJYTJIN-UHFFFAOYSA-N,True
CID000003059,twosides,C1=CC(=C(C=C1C2=C(C=C(C=C2)F)F)C(=O)O)O,O=C(O)c1cc(-c2ccc(F)cc2F)ccc1O,O=C(O)c1cc(-c2ccc(F)cc2F)ccc1O,HUPFGZXOMWLGNK-UHFFFAOYSA-N,True
CID000005215,twosides,C1=CN=C(N=C1)NS(=O)(=O)C2=CC=C(C=C2)N,Nc1ccc(S(=O)(=O)Nc2ncccn2)cc1,Nc1ccc(S(=O)(=O)Nc2ncccn2)cc1,SEEPANYCNGTZFQ-UHFFFAOYSA-N,True
CID000077999,twosides,CN(CCOC1=CC=C(C=C1)CC2C(=O)NC(=O)S2)C3=CC=CC=N3,CN(CCOc1ccc(CC2SC(=O)NC2=O)cc1)c1ccccn1,CN(CCOc1ccc(CC2SC(=O)NC2=O)cc1)c1ccccn1,YASAKCUCGLMORW-UHFFFAOYSA-N,True
CID000124087,twosides,C1CC2=C(C=CC(=C2)Cl)C(=C3CCNCC3)C4=C1C=CC=N4,Clc1ccc2c(c1)CCc1cccnc1C2=C1CCNCC1,Clc1ccc2c(c1)CCc1cccnc1C2=C1CCNCC1,JAUOIFJMECXRGI-UHFFFAOYSA-N,True
CID000002283,twosides,CCC(C)C1C(=O)NC(C(=O)NC(C(=O)NC(C(=O)NC(C(=O)NC(C(=O)NC(C(=O)N1)CCCN)CCCCNC(=O)C(C(C)CC)NC(=O)C(CCC(=O)O)NC(=O)C(CC(C)C)NC(=O)C2CSC(=N2)C(C(C)CC)N)CC(=O)N)CC(=O)O)CC3=CN=CN3)CC4=CC=CC=C4,CCC(C)C(N)C1=NC(C(=O)NC(CC(C)C)C(=O)NC(CCC(=O)O)C(=O)NC(C(=O)NCCCCC2NC(=O)C(CC(N)=O)NC(=O)C(CC(=O)O)NC(=O)C(Cc3cnc[nH]3)NC(=O)C(Cc3ccccc3)NC(=O)C(C(C)CC)NC(=O)C(CCCN)NC2=O)C(C)CC)CS1,CCC(C)C(N)C1=NC(C(=O)NC(CC(C)C)C(=O)NC(CCC(=O)O)C(=O)NC(C(=O)NCCCCC2NC(=O)C(CC(N)=O)NC(=O)C(CC(=O)O)NC(=O)C(Cc3cnc[nH]3)NC(=O)C(Cc3ccccc3)NC(=O)C(C(C)CC)NC(=O)C(CCCN)NC2=O)C(C)CC)CS1,VRKHYMXTJQCIND-UHFFFAOYSA-N,True
CID000122316,twosides,C#CCNC1CCC2=CC=CC=C12,C#CCNC1CCc2ccccc21,C#CCNC1CCc2ccccc21,RUOKEQAAGRXIBM-UHFFFAOYSA-N,True
CID003468412,twosides,CC1C=CC=CCCC=CC=CC=CC=CC(CC(C(C(CC(=O)CC(C(CCC(CC(CC(CC(=O)OC(C(C1O)C)C)O)O)O)O)O)O)C(=O)O)O)OC2C(C(C(C(O2)C)O)N)O,CC1C=CC=CCCC=CC=CC=CC=CC(OC2OC(C)C(O)C(N)C2O)CC(O)C(C(=O)O)C(O)CC(=O)CC(O)C(O)CCC(O)CC(O)CC(O)CC(=O)OC(C)C(C)C1O,CC1C=CC=CCCC=CC=CC=CC=CC(OC2OC(C)C(O)C(N)C2O)CC(O)C(C(=O)O)C(O)CC(=O)CC(O)C(O)CCC(O)CC(O)CC(O)CC(=O)OC(C)C(C)C1O,ZDFDJJJGIRGMBE-UHFFFAOYSA-N,True
CID000004473,twosides,CC1=C(C(C(=C(N1)C)C(=O)OCC[NH+](C)CC2=CC=CC=C2)C3=CC(=CC=C3)[N+](=O)[O-])C(=O)OC,COC(=O)C1=C(C)NC(C)=C(C(=O)OCC[NH+](C)Cc2ccccc2)C1c1cccc([N+](=O)[O-])c1,COC(=O)C1=C(C)NC(C)=C(C(=O)OCC[NH+](C)Cc2ccccc2)C1c1cccc([N+](=O)[O-])c1,ZBBHBTPTTSWHBA-UHFFFAOYSA-O,True
CID000047725,twosides,CC(C)CC(C(=O)NC(CCCN=C(N)N)C(=O)N1CCCC1C(=O)NNC(=O)N)NC(=O)C(COC(C)(C)C)NC(=O)C(CC2=CC=C(C=C2)O)NC(=O)C(CO)NC(=O)C(CC3=CNC4=CC=CC=C43)NC(=O)C(CC5=CN=CN5)NC(=O)C6CCC(=O)N6,CC(C)CC(NC(=O)C(COC(C)(C)C)NC(=O)C(Cc1ccc(O)cc1)NC(=O)C(CO)NC(=O)C(Cc1c[nH]c2ccccc12)NC(=O)C(Cc1cnc[nH]1)NC(=O)C1CCC(=O)N1)C(=O)NC(CCCN=C(N)N)C(=O)N1CCCC1C(=O)NNC(N)=O,CC(C)CC(NC(=O)C(COC(C)(C)C)NC(=O)C(Cc1ccc(O)cc1)NC(=O)C(CO)NC(=O)C(Cc1c[nH]c2ccccc12)NC(=O)C(Cc1cnc[nH]1)NC(=O)C1CCC(=O)N1)C(=O)NC(CCCN=C(N)N)C(=O)N1CCCC1C(=O)NNC(N)=O,BLCLNMBMMGCOAS-UHFFFAOYSA-N,True
CID000028112,twosides,[Li+].[AlH4-],[AlH4-].[Li+],[AlH4-].[Li+],OCZDCIYGECBNKL-UHFFFAOYSA-N,True
CID000004440,twosides,CNS(=O)(=O)CCC1=CC2=C(C=C1)NC=C2C3CCN(CC3)C,CNS(=O)(=O)CCc1ccc2[nH]cc(C3CCN(C)CC3)c2c1,CNS(=O)(=O)CCc1ccc2[nH]cc(C3CCN(C)CC3)c2c1,AMKVXSZCKVJAGH-UHFFFAOYSA-N,True
CID000003741,twosides,C(CO)N(C1=C(C(=C(C(=C1I)C(=O)NCC(CO)O)I)C(=O)NCC(CO)O)I)C(=O)CO,O=C(NCC(O)CO)c1c(I)c(C(=O)NCC(O)CO)c(I)c(N(CCO)C(=O)CO)c1I,O=C(NCC(O)CO)c1c(I)c(C(=O)NCC(O)CO)c(I)c(N(CCO)C(=O)CO)c1I,AMDBBAQNWSUWGN-UHFFFAOYSA-N,True
CID000004095,twosides,CCC(=O)C(CC(C)N(C)C)(C1=CC=CC=C1)C2=CC=CC=C2,CCC(=O)C(CC(C)N(C)C)(c1ccccc1)c1ccccc1,CCC(=O)C(CC(C)N(C)C)(c1ccccc1)c1ccccc1,USSIQXCVUWKGNF-UHFFFAOYSA-N,True
CID000004497,twosides,CC1=C(C(C(=C(N1)C)C(=O)OC(C)C)C2=CC(=CC=C2)[N+](=O)[O-])C(=O)OCCOC,COCCOC(=O)C1=C(C)NC(C)=C(C(=O)OC(C)C)C1c1cccc([N+](=O)[O-])c1,COCCOC(=O)C1=C(C)NC(C)=C(C(=O)OC(C)C)C1c1cccc([N+](=O)[O-])c1,UIAGMCDKSXEBJQ-UHFFFAOYSA-N,True
CID000125017,twosides,CN(C)CC(C1=CC=C(C=C1)O)C2(CCCCC2)O,CN(C)CC(c1ccc(O)cc1)C1(O)CCCCC1,CN(C)CC(c1ccc(O)cc1)C1(O)CCCCC1,KYYIDSXMWOZKMP-UHFFFAOYSA-N,True
CID000004451,twosides,CC1=C(C=CC=C1O)C(=O)NC(CSC2=CC=CC=C2)C(CN3CC4CCCCC4CC3C(=O)NC(C)(C)C)O,Cc1c(O)cccc1C(=O)NC(CSc1ccccc1)C(O)CN1CC2CCCCC2CC1C(=O)NC(C)(C)C,Cc1c(O)cccc1C(=O)NC(CSc1ccccc1)C(O)CN1CC2CCCCC2CC1C(=O)NC(C)(C)C,QAGYKUNXZHXKMR-UHFFFAOYSA-N,True
CID000024011,twosides,S=[Se],S=[Se],S=[Se],VIDTVPHHDGRGAF-UHFFFAOYSA-N,True
CID000004542,twosides,CCC12CCC3C(C1CCC2(C#C)O)CCC4=CC(=O)CCC34,C#CC1(O)CCC2C3CCC4=CC(=O)CCC4C3CCC21CC,C#CC1(O)CCC2C3CCC4=CC(=O)CCC4C3CCC21CC,WWYNJERNGUHSAO-UHFFFAOYSA-N,True
CID000003382,twosides,CC(=O)OCC(=O)C12C(CC3C1(CC(C4(C3CC(C5=CC(=O)C=CC54C)F)F)O)C)OC(O2)(C)C,CC(=O)OCC(=O)C12OC(C)(C)OC1CC1C3CC(F)C4=CC(=O)C=CC4(C)C3(F)C(O)CC12C,CC(=O)OCC(=O)C12OC(C)(C)OC1CC1C3CC(F)C4=CC(=O)C=CC4(C)C3(F)C(O)CC12C,WJOHZNCJWYWUJD-UHFFFAOYSA-N,True
CID000019090,twosides,CC1=CC2C(CCC3(C2CCC3(C(=O)C)O)C)C4(C1=CC(=O)CC4)C,CC(=O)C1(O)CCC2C3C=C(C)C4=CC(=O)CCC4(C)C3CCC21C,CC(=O)C1(O)CCC2C3C=C(C)C4=CC(=O)CCC4(C)C3CCC21C,VXIMPSPISRVBPZ-UHFFFAOYSA-N,True
CID004475485,twosides,CC(C)C1=NC(=NC(=C1CCC(CC(CC(=O)O)O)O)C2=CC=C(C=C2)F)N(C)S(=O)(=O)C,CC(C)c1nc(N(C)S(C)(=O)=O)nc(-c2ccc(F)cc2)c1CCC(O)CC(O)CC(=O)O,CC(C)c1nc(N(C)S(C)(=O)=O)nc(-c2ccc(F)cc2)c1CCC(O)CC(O)CC(=O)O,ZVPAUNJUMAQCNK-UHFFFAOYSA-N,True
CID000060854,twosides,C1CN(CCN1CCC2=C(C=C3C(=C2)CC(=O)N3)Cl)C4=NSC5=CC=CC=C54,O=C1Cc2cc(CCN3CCN(c4nsc5ccccc45)CC3)c(Cl)cc2N1,O=C1Cc2cc(CCN3CCN(c4nsc5ccccc45)CC3)c(Cl)cc2N1,MVWVFYHBGMAFLY-UHFFFAOYSA-N,True
CID000667490,twosides,C1=NC2=C(N1)C(=S)N=CN2,S=c1nc[nH]c2nc[nH]c12,S=c1nc[nH]c2nc[nH]c12,GLVAUDGFNGKCSF-UHFFFAOYSA-N,True
CID000012536,twosides,CC1(OC2CC3C4CCC5=CC(=O)C=CC5(C4C(CC3(C2(O1)C(=O)CO)C)O)C)C,CC1(C)OC2CC3C4CCC5=CC(=O)C=CC5(C)C4C(O)CC3(C)C2(C(=O)CO)O1,CC1(C)OC2CC3C4CCC5=CC(=O)C=CC5(C)C4C(O)CC3(C)C2(C(=O)CO)O1,WBGKWQHBNHJJPZ-UHFFFAOYSA-N,True
CID000060754,twosides,CNC(=O)CN(CCN(CCN(CC(=O)NC)CC(=O)[O-])CC(=O)[O-])CC(=O)[O-].O.[Gd+3],CNC(=O)CN(CCN(CCN(CC(=O)[O-])CC(=O)NC)CC(=O)[O-])CC(=O)[O-].O.[Gd+3],CNC(=O)CN(CCN(CCN(CC(=O)[O-])CC(=O)NC)CC(=O)[O-])CC(=O)[O-].O.[Gd+3],XPCLDSMKWNNKOM-UHFFFAOYSA-K,True
CID000005584,twosides,CC(CN1C2=CC=CC=C2CCC3=CC=CC=C31)CN(C)C,CC(CN(C)C)CN1c2ccccc2CCc2ccccc21,CC(CN(C)C)CN1c2ccccc2CCc2ccccc21,ZSCDBOWYZJWBIY-UHFFFAOYSA-N,True
CID000119182,twosides,C1=NC2=C(N=C(N=C2N1C3C(C(C(O3)CO)O)F)Cl)N,Nc1nc(Cl)nc2c1ncn2C1OC(CO)C(O)C1F,Nc1nc(Cl)nc2c1ncn2C1OC(CO)C(O)C1F,WDDPHFBMKLOVOX-UHFFFAOYSA-N,True
CID003081884,twosides,CC(C(=O)O)N.CC(=O)O.C1=CC(=CC=C1CC(C(=O)O)N)O.C(CCN)CC(C(=O)O)N.C(CC(=O)O)C(C(=O)O)N,CC(=O)O.CC(N)C(=O)O.NC(CCC(=O)O)C(=O)O.NC(Cc1ccc(O)cc1)C(=O)O.NCCCCC(N)C(=O)O,CC(=O)O.CC(N)C(=O)O.NC(CCC(=O)O)C(=O)O.NC(Cc1ccc(O)cc1)C(=O)O.NCCCCC(N)C(=O)O,FHEAIOHRHQGZPC-UHFFFAOYSA-N,True
CID000004195,twosides,COC1=CC(=C(C=C1)OC)C(CNC(=O)CN)O,COc1ccc(OC)c(C(O)CNC(=O)CN)c1,COc1ccc(OC)c(C(O)CNC(=O)CN)c1,PTKSEFOSCHHMPD-UHFFFAOYSA-N,True
CID000002800,twosides,CCN(CC)CCOC1=CC=C(C=C1)C(=C(C2=CC=CC=C2)Cl)C3=CC=CC=C3,CCN(CC)CCOc1ccc(C(=C(Cl)c2ccccc2)c2ccccc2)cc1,CCN(CC)CCOc1ccc(C(=C(Cl)c2ccccc2)c2ccccc2)cc1,GKIRPKYJQBWNGO-UHFFFAOYSA-N,True
CID000000298,twosides,C1=CC(=CC=C1C(C(CO)NC(=O)C(Cl)Cl)O)[N+](=O)[O-],O=C(NC(CO)C(O)c1ccc([N+](=O)[O-])cc1)C(Cl)Cl,O=C(NC(CO)C(O)c1ccc([N+](=O)[O-])cc1)C(Cl)Cl,WIIZWVCIJKGZOK-UHFFFAOYSA-N,True
CID000197712,twosides,CC1=CC(=NC(=N1)OC(C(=O)O)C(C2=CC=CC=C2)(C3=CC=CC=C3)OC)C,COC(c1ccccc1)(c1ccccc1)C(Oc1nc(C)cc(C)n1)C(=O)O,COC(c1ccccc1)(c1ccccc1)C(Oc1nc(C)cc(C)n1)C(=O)O,OUJTZYPIHDYQMC-UHFFFAOYSA-N,True
CID000004506,twosides,C1C(=O)NC2=C(C=C(C=C2)[N+](=O)[O-])C(=N1)C3=CC=CC=C3,O=C1CN=C(c2ccccc2)c2cc([N+](=O)[O-])ccc2N1,O=C1CN=C(c2ccccc2)c2cc([N+](=O)[O-])ccc2N1,KJONHKAYOJNZEC-UHFFFAOYSA-N,True
CID000003724,twosides,CC(=O)N(CC(CN(C1=C(C(=C(C(=C1I)C(=O)NCC(CO)O)I)C(=O)NCC(CO)O)I)C(=O)C)O)C2=C(C(=C(C(=C2I)C(=O)NCC(CO)O)I)C(=O)NCC(CO)O)I,CC(=O)N(CC(O)CN(C(C)=O)c1c(I)c(C(=O)NCC(O)CO)c(I)c(C(=O)NCC(O)CO)c1I)c1c(I)c(C(=O)NCC(O)CO)c(I)c(C(=O)NCC(O)CO)c1I,CC(=O)N(CC(O)CN(C(C)=O)c1c(I)c(C(=O)NCC(O)CO)c(I)c(C(=O)NCC(O)CO)c1I)c1c(I)c(C(=O)NCC(O)CO)c(I)c(C(=O)NCC(O)CO)c1I,NBQNWMBBSKPBAY-UHFFFAOYSA-N,True
CID000072467,twosides,CC1=C(N=C(N=C1N)C(CC(=O)N)NCC(C(=O)N)N)C(=O)NC(C(C2=CN=CN2)OC3C(C(C(C(O3)CO)O)O)OC4C(C(C(C(O4)CO)O)OC(=O)N)O)C(=O)NC(C)C(C(C)C(=O)NC(C(C)O)C(=O)NCCC5=NC(=CS5)C6=NC(=CS6)C(=O)NCCC[S+](C)C)O,Cc1c(N)nc(C(CC(N)=O)NCC(N)C(N)=O)nc1C(=O)NC(C(=O)NC(C)C(O)C(C)C(=O)NC(C(=O)NCCc1nc(-c2nc(C(=O)NCCC[S+](C)C)cs2)cs1)C(C)O)C(OC1OC(CO)C(O)C(O)C1OC1OC(CO)C(O)C(OC(N)=O)C1O)c1cnc[nH]1,Cc1c(N)nc(C(CC(N)=O)NCC(N)C(N)=O)nc1C(=O)NC(C(=O)NC(C)C(O)C(C)C(=O)NC(C(=O)NCCc1nc(-c2nc(C(=O)NCCC[S+](C)C)cs2)cs1)C(C)O)C(OC1OC(CO)C(O)C(O)C1OC1OC(CO)C(O)C(OC(N)=O)C1O)c1cnc[nH]1,OYVAGSVQBOHSSS-UHFFFAOYSA-O,True
CID000119607,twosides,CC1=C(C(=NO1)C2=CC=CC=C2)C3=CC=C(C=C3)S(=O)(=O)N,Cc1onc(-c2ccccc2)c1-c1ccc(S(N)(=O)=O)cc1,Cc1onc(-c2ccccc2)c1-c1ccc(S(N)(=O)=O)cc1,LNPDTQAFDNKSHK-UHFFFAOYSA-N,True
CID000041317,twosides,CC1=CC(=C(C(=C1C=CC(=CC=CC(=CC(=O)O)C)C)C)C)OC,COc1cc(C)c(C=CC(C)=CC=CC(C)=CC(=O)O)c(C)c1C,COc1cc(C)c(C=CC(C)=CC=CC(C)=CC(=O)O)c(C)c1C,IHUNBGSDBOWDMA-UHFFFAOYSA-N,True
CID000009052,twosides,CC(=O)CC(C1=CC=C(C=C1)[N+](=O)[O-])C2=C(OC3=CC=CC=C3C2=O)O,CC(=O)CC(c1ccc([N+](=O)[O-])cc1)c1c(O)oc2ccccc2c1=O,CC(=O)CC(c1ccc([N+](=O)[O-])cc1)c1c(O)oc2ccccc2c1=O,WWBYDEQHYAEHLT-UHFFFAOYSA-N,True
CID000004745,twosides,CCCN1CC(CC2C1CC3=CNC4=CC=CC2=C34)CSC,CCCN1CC(CSC)CC2c3cccc4[nH]cc(c34)CC21,CCCN1CC(CSC)CC2c3cccc4[nH]cc(c34)CC21,YEHCICAEULNIGD-UHFFFAOYSA-N,True
CID000004834,twosides,CCN1CCN(C(=O)C1=O)C(=O)NC(C2=CC=CC=C2)C(=O)NC3C4N(C3=O)C(C(S4)(C)C)C(=O)[O-],CCN1CCN(C(=O)NC(C(=O)NC2C(=O)N3C2SC(C)(C)C3C(=O)[O-])c2ccccc2)C(=O)C1=O,CCN1CCN(C(=O)NC(C(=O)NC2C(=O)N3C2SC(C)(C)C3C(=O)[O-])c2ccccc2)C(=O)C1=O,IVBHGBMCVLDMKU-UHFFFAOYSA-M,True
CID000002369,twosides,CC(C)NCC(COC1=CC=C(C=C1)CCOCC2CC2)O,CC(C)NCC(O)COc1ccc(CCOCC2CC2)cc1,CC(C)NCC(O)COc1ccc(CCOCC2CC2)cc1,NWIUTZDMDHAVTP-UHFFFAOYSA-N,True
CID000060696,twosides,CC(=O)OC1C(CC2C1(CCC3C2CCC4C3(CC(C(C4)O)N5CCOCC5)C)C)[N+]6(CCCC6)CC=C,C=CC[N+]1(C2CC3C4CCC5CC(O)C(N6CCOCC6)CC5(C)C4CCC3(C)C2OC(C)=O)CCCC1,C=CC[N+]1(C2CC3C4CCC5CC(O)C(N6CCOCC6)CC5(C)C4CCC3(C)C2OC(C)=O)CCCC1,YXRDKMPIGHSVRX-UHFFFAOYSA-N,True
CID003002190,twosides,CCC1C2(C(C(C(=O)C(CC(C(C(C(=O)C(C(=O)O1)C)C)OC3C(C(CC(O3)C)N(C)C)O)(C)OC)C)C)N(C(=O)O2)CCCCN4C=C(N=C4)C5=CN=CC=C5)C,CCC1OC(=O)C(C)C(=O)C(C)C(OC2OC(C)CC(N(C)C)C2O)C(C)(OC)CC(C)C(=O)C(C)C2N(CCCCn3cnc(-c4cccnc4)c3)C(=O)OC12C,CCC1OC(=O)C(C)C(=O)C(C)C(OC2OC(C)CC(N(C)C)C2O)C(C)(OC)CC(C)C(=O)C(C)C2N(CCCCn3cnc(-c4cccnc4)c3)C(=O)OC12C,LJVAJPDWBABPEJ-UHFFFAOYSA-N,True
CID000005210,twosides,CC(C)CC(C1(CCC1)C2=CC=C(C=C2)Cl)N(C)C,CC(C)CC(N(C)C)C1(c2ccc(Cl)cc2)CCC1,CC(C)CC(N(C)C)C1(c2ccc(Cl)cc2)CCC1,UNAANXDKBXWMLN-UHFFFAOYSA-N,True
CID000005878,twosides,CC12CCC3C(C1CCC2(C)O)CCC4C3(COC(=O)C4)C,CC12COC(=O)CC1CCC1C2CCC2(C)C1CCC2(C)O,CC12COC(=O)CC1CCC1C2CCC2(C)C1CCC2(C)O,QSLJIVKCVHQPLV-UHFFFAOYSA-N,True
CID000005352,twosides,CC1=C(C2=C(C1=CC3=CC=C(C=C3)S(=O)C)C=CC(=C2)F)CC(=O)O,CC1=C(CC(=O)O)c2cc(F)ccc2C1=Cc1ccc(S(C)=O)cc1,CC1=C(CC(=O)O)c2cc(F)ccc2C1=Cc1ccc(S(C)=O)cc1,MLKXDPUZXIRXEP-UHFFFAOYSA-N,True
CID000009433,twosides,CN1C2=C(C(=O)N(C1=O)C)NC=N2.CN1C2=C(C(=O)N(C1=O)C)NC=N2.C(CN)N,Cn1c(=O)c2[nH]cnc2n(C)c1=O.Cn1c(=O)c2[nH]cnc2n(C)c1=O.NCCN,Cn1c(=O)c2[nH]cnc2n(C)c1=O.Cn1c(=O)c2[nH]cnc2n(C)c1=O.NCCN,FQPFAHBPWDRTLU-UHFFFAOYSA-N,True
CID000002215,twosides,CN1CCC2=C3C1CC4=C(C3=CC=C2)C(=C(C=C4)O)O,CN1CCc2cccc3c2C1Cc1ccc(O)c(O)c1-3,CN1CCc2cccc3c2C1Cc1ccc(O)c(O)c1-3,VMWNQDUVQKEIOC-UHFFFAOYSA-N,True
CID000003291,twosides,CCC1(CC(=O)NC1=O)C,CCC1(C)CC(=O)NC1=O,CCC1(C)CC(=O)NC1=O,HAPOVYFOVVWLRS-UHFFFAOYSA-N,True
CID000060815,twosides,CCC(=O)N(C1=CC=CC=C1)C2(CCN(CC2)CCC(=O)OC)C(=O)OC,CCC(=O)N(c1ccccc1)C1(C(=O)OC)CCN(CCC(=O)OC)CC1,CCC(=O)N(c1ccccc1)C1(C(=O)OC)CCN(CCC(=O)OC)CC1,ZTVQQQVZCWLTDF-UHFFFAOYSA-N,True
CID000004932,twosides,CCCNCC(COC1=CC=CC=C1C(=O)CCC2=CC=CC=C2)O,CCCNCC(O)COc1ccccc1C(=O)CCc1ccccc1,CCCNCC(O)COc1ccccc1C(=O)CCc1ccccc1,JWHAUXFOSRPERK-UHFFFAOYSA-N,True
CID000002675,twosides,C=CC1=C(N2C(C(C2=O)NC(=O)C(=NOCC(=O)O)C3=CSC(=N3)N)SC1)C(=O)O,C=CC1=C(C(=O)O)N2C(=O)C(NC(=O)C(=NOCC(=O)O)c3csc(N)n3)C2SC1,C=CC1=C(C(=O)O)N2C(=O)C(NC(=O)C(=NOCC(=O)O)c3csc(N)n3)C2SC1,OKBVVJOGVLARMR-UHFFFAOYSA-N,True
CID000004993,twosides,CCC1=C(C(=NC(=N1)N)N)C2=CC=C(C=C2)Cl,CCc1nc(N)nc(N)c1-c1ccc(Cl)cc1,CCc1nc(N)nc(N)c1-c1ccc(Cl)cc1,WKSAUQYGYAYLPV-UHFFFAOYSA-N,True
CID000005771,twosides,CCC(C)C1C(=O)NC(C(=O)NC(C(=O)NC(CSSCC(C(=O)NC(C(=O)N1)CC2=CC=C(C=C2)O)N)C(=O)N3CCCC3C(=O)NC(CC(C)C)C(=O)NCC(=O)N)CC(=O)N)CCC(=O)N,CCC(C)C1NC(=O)C(Cc2ccc(O)cc2)NC(=O)C(N)CSSCC(C(=O)N2CCCC2C(=O)NC(CC(C)C)C(=O)NCC(N)=O)NC(=O)C(CC(N)=O)NC(=O)C(CCC(N)=O)NC1=O,CCC(C)C1NC(=O)C(Cc2ccc(O)cc2)NC(=O)C(N)CSSCC(C(=O)N2CCCC2C(=O)NC(CC(C)C)C(=O)NCC(N)=O)NC(=O)C(CC(N)=O)NC(=O)C(CCC(N)=O)NC1=O,XNOPRXBHLZRZKH-UHFFFAOYSA-N,True
CID000153941,twosides,C=C1C(CC(C1CO)O)N2C=NC3=C2NC(=NC3=O)N,C=C1C(CO)C(O)CC1n1cnc2c(=O)nc(N)[nH]c21,C=C1C(CO)C(O)CC1n1cnc2c(=O)nc(N)[nH]c21,QDGZDCVAUDNJFG-UHFFFAOYSA-N,True
CID000003397,twosides,CC(C)C(=O)NC1=CC(=C(C=C1)[N+](=O)[O-])C(F)(F)F,CC(C)C(=O)Nc1ccc([N+](=O)[O-])c(C(F)(F)F)c1,CC(C)C(=O)Nc1ccc([N+](=O)[O-])c(C(F)(F)F)c1,MKXKFYHWDHIYRV-UHFFFAOYSA-N,True
CID005311297,twosides,CC(C)(C1=CC=CC=C1CCC(C2=CC=CC(=C2)C=CC3=NC4=C(C=CC(=C4)Cl)C=C3)S)O,CC(C)(O)c1ccccc1CCC(S)c1cccc(C=Cc2ccc3ccc(Cl)cc3n2)c1,CC(C)(O)c1ccccc1CCC(S)c1cccc(C=Cc2ccc3ccc(Cl)cc3n2)c1,WZQJFYIKVBTOGT-UHFFFAOYSA-N,True
CID000093860,twosides,B(C(CC(C)C)NC(=O)C(CC1=CC=CC=C1)NC(=O)C2=NC=CN=C2)(O)O,CC(C)CC(NC(=O)C(Cc1ccccc1)NC(=O)c1cnccn1)B(O)O,CC(C)CC(NC(=O)C(Cc1ccccc1)NC(=O)c1cnccn1)B(O)O,GXJABQQUPOEUTA-UHFFFAOYSA-N,True
CID000057537,twosides,CCCN(CCC1=CC=CS1)C2CCC3=C(C2)C=CC=C3O,CCCN(CCc1cccs1)C1CCc2c(O)cccc2C1,CCCN(CCc1cccs1)C1CCc2c(O)cccc2C1,KFQYTPMOWPVWEJ-UHFFFAOYSA-N,True
CID000001134,twosides,CC1=CN(C(=O)NC1=O)C2CC(C(O2)CO)O,Cc1cn(C2CC(O)C(CO)O2)c(=O)[nH]c1=O,Cc1cn(C2CC(O)C(CO)O2)c(=O)[nH]c1=O,IQFYYKKMVGJFEH-UHFFFAOYSA-N,True
CID000005746,twosides,CC1=C(C(=O)C2=C(C1=O)N3CC4C(C3(C2COC(=O)N)OC)N4)N,COC12C(COC(N)=O)C3=C(C(=O)C(C)=C(N)C3=O)N1CC1NC12,COC12C(COC(N)=O)C3=C(C(=O)C(C)=C(N)C3=O)N1CC1NC12,NWIBSHFKIJFRCO-UHFFFAOYSA-N,True
CID000004727,twosides,CC(C)(C(C(=O)O)N)S,CC(C)(S)C(N)C(=O)O,CC(C)(S)C(N)C(=O)O,VVNCNSJFMMFHPL-UHFFFAOYSA-N,True
CID000060612,twosides,CC1=C(C(=CC=C1)C(C)C2=CN=CN2)C,Cc1cccc(C(C)c2cnc[nH]2)c1C,Cc1cccc(C(C)c2cnc[nH]2)c1C,CUHVIMMYOGQXCV-UHFFFAOYSA-N,True
CID000042113,twosides,C(C(F)(F)F)(OC(F)F)F,FC(F)OC(F)C(F)(F)F,FC(F)OC(F)C(F)(F)F,DPYMFVXJLLWWEU-UHFFFAOYSA-N,True
CID005282044,twosides,CC(C)(C)NCC(=O)NC1=CC(=C2CC3CC4C(C(=O)C(=C(N)O)C(=O)C4(C(=O)C3=C(C2=C1O)O)O)N(C)C)N(C)C,CN(C)c1cc(NC(=O)CNC(C)(C)C)c(O)c2c1CC1CC3C(N(C)C)C(=O)C(=C(N)O)C(=O)C3(O)C(=O)C1=C2O,CN(C)c1cc(NC(=O)CNC(C)(C)C)c(O)c2c1CC1CC3C(N(C)C)C(=O)C(=C(N)O)C(=O)C3(O)C(=O)C1=C2O,ZXGBRIBPJBHLMO-UHFFFAOYSA-N,True
CID000041774,twosides,CC1C(C(C(C(O1)OC2C(OC(C(C2O)O)OC3C(OC(C(C3O)O)O)CO)CO)O)O)NC4C=C(C(C(C4O)O)O)CO,CC1OC(OC2C(CO)OC(OC3C(CO)OC(O)C(O)C3O)C(O)C2O)C(O)C(O)C1NC1C=C(CO)C(O)C(O)C1O,CC1OC(OC2C(CO)OC(OC3C(CO)OC(O)C(O)C3O)C(O)C2O)C(O)C(O)C1NC1C=C(CO)C(O)C(O)C1O,XUFXOAAUWZOOIT-UHFFFAOYSA-N,True
CID000071158,twosides,CC(=O)NCCCS(=O)(=O)O,CC(=O)NCCCS(=O)(=O)O,CC(=O)NCCCS(=O)(=O)O,AFCGFAGUEYAMAO-UHFFFAOYSA-N,True
CID000056339,twosides,C1=CC=C(C=C1)C2(C(=O)N(C(=O)N2)COP(=O)(O)O)C3=CC=CC=C3,O=C1NC(c2ccccc2)(c2ccccc2)C(=O)N1COP(=O)(O)O,O=C1NC(c2ccccc2)(c2ccccc2)C(=O)N1COP(=O)(O)O,XWLUWCNOOVRFPX-UHFFFAOYSA-N,True
CID000004739,twosides,C1C(C(OC1N2C=NC3=C2NC=NCC3O)CO)O,OCC1OC(n2cnc3c2NC=NCC3O)CC1O,OCC1OC(n2cnc3c2NC=NCC3O)CC1O,FPVKHBSQESCIEP-UHFFFAOYSA-N,True
CID000002727,twosides,CCCNC(=O)NS(=O)(=O)C1=CC=C(C=C1)Cl,CCCNC(=O)NS(=O)(=O)c1ccc(Cl)cc1,CCCNC(=O)NS(=O)(=O)c1ccc(Cl)cc1,RKWGIWYCVPQPMF-UHFFFAOYSA-N,True
CID000060198,twosides,CC12CCC3C(C1CCC2=O)CC(=C)C4=CC(=O)C=CC34C,C=C1CC2C(CCC3(C)C(=O)CCC23)C2(C)C=CC(=O)C=C12,C=C1CC2C(CCC3(C)C(=O)CCC23)C2(C)C=CC(=O)C=C12,BFYIZQONLCFLEV-UHFFFAOYSA-N,True
CID000002725,twosides,CN(C)CCC(C1=CC=C(C=C1)Cl)C2=CC=CC=N2,CN(C)CCC(c1ccc(Cl)cc1)c1ccccn1,CN(C)CCC(c1ccc(Cl)cc1)c1ccccn1,SOYKEARSMXGVTM-UHFFFAOYSA-N,True
CID000004893,twosides,COC1=C(C=C2C(=C1)C(=NC(=N2)N3CCN(CC3)C(=O)C4=CC=CO4)N)OC,COc1cc2nc(N3CCN(C(=O)c4ccco4)CC3)nc(N)c2cc1OC,COc1cc2nc(N3CCN(C(=O)c4ccco4)CC3)nc(N)c2cc1OC,IENZQIKPVFGBNW-UHFFFAOYSA-N,True
CID000002673,twosides,CC1=C(N2C(C(C2=O)NC(=O)C(C3=CCC=CC3)N)SC1)C(=O)O,CC1=C(C(=O)O)N2C(=O)C(NC(=O)C(N)C3=CCC=CC3)C2SC1,CC1=C(C(=O)O)N2C(=O)C(NC(=O)C(N)C3=CCC=CC3)C2SC1,RDLPVSKMFDYCOR-UHFFFAOYSA-N,True
CID000060787,twosides,CC(C)(C)NC(=O)C1CC2CCCCC2CN1CC(C(CC3=CC=CC=C3)NC(=O)C(CC(=O)N)NC(=O)C4=NC5=CC=CC=C5C=C4)O,CC(C)(C)NC(=O)C1CC2CCCCC2CN1CC(O)C(Cc1ccccc1)NC(=O)C(CC(N)=O)NC(=O)c1ccc2ccccc2n1,CC(C)(C)NC(=O)C1CC2CCCCC2CN1CC(O)C(Cc1ccccc1)NC(=O)C(CC(N)=O)NC(=O)c1ccc2ccccc2n1,QWAXKHKRTORLEM-UHFFFAOYSA-N,True
CID000005486,twosides,CCCCS(=O)(=O)NC(CC1=CC=C(C=C1)OCCCCC2CCNCC2)C(=O)O,CCCCS(=O)(=O)NC(Cc1ccc(OCCCCC2CCNCC2)cc1)C(=O)O,CCCCS(=O)(=O)NC(Cc1ccc(OCCCCC2CCNCC2)cc1)C(=O)O,COKMIXFXJJXBQG-UHFFFAOYSA-N,True
CID000039860,twosides,CCCCCCC(C)(C)C1=CC(=C2C3CC(=O)CCC3C(OC2=C1)(C)C)O,CCCCCCC(C)(C)c1cc(O)c2c(c1)OC(C)(C)C1CCC(=O)CC21,CCCCCCC(C)(C)c1cc(O)c2c(c1)OC(C)(C)C1CCC(=O)CC21,GECBBEABIDMGGL-UHFFFAOYSA-N,True
CID000072938,twosides,CON=C1CN(CC1CN)C2=C(C=C3C(=O)C(=CN(C3=N2)C4CC4)C(=O)O)F,CON=C1CN(c2nc3c(cc2F)c(=O)c(C(=O)O)cn3C2CC2)CC1CN,CON=C1CN(c2nc3c(cc2F)c(=O)c(C(=O)O)cn3C2CC2)CC1CN,ZRCVYEYHRGVLOC-UHFFFAOYSA-N,True
CID000005454,twosides,CN1CCN(CC1)CCC=C2C3=CC=CC=C3SC4=C2C=C(C=C4)S(=O)(=O)N(C)C,CN1CCN(CCC=C2c3ccccc3Sc3ccc(S(=O)(=O)N(C)C)cc32)CC1,CN1CCN(CCC=C2c3ccccc3Sc3ccc(S(=O)(=O)N(C)C)cc32)CC1,GFBKORZTTCHDGY-UHFFFAOYSA-N,True
CID000002719,twosides,CCN(CC)CCCC(C)NC1=C2C=CC(=CC2=NC=C1)Cl,CCN(CC)CCCC(C)Nc1ccnc2cc(Cl)ccc12,CCN(CC)CCCC(C)Nc1ccnc2cc(Cl)ccc12,WHTVZRBIWZFKQO-UHFFFAOYSA-N,True
CID000443871,twosides,CC(C)C1CCCC(C1)C(=O)NC(CC2=CC=CC=C2)C(=O)O,CC(C)C1CCCC(C(=O)NC(Cc2ccccc2)C(=O)O)C1,CC(C)C1CCCC(C(=O)NC(Cc2ccccc2)C(=O)O)C1,CZCVBLROPSHDRZ-UHFFFAOYSA-N,True
CID000005593,twosides,CCN(CC1=CC=NC=C1)C(=O)C(CO)C2=CC=CC=C2,CCN(Cc1ccncc1)C(=O)C(CO)c1ccccc1,CCN(Cc1ccncc1)C(=O)C(CO)c1ccccc1,BGDKAVGWHJFAGW-UHFFFAOYSA-N,True
CID000004140,twosides,CCC(CO)NC(=O)C1CN(C2CC3=CNC4=CC=CC(=C34)C2=C1)C,CCC(CO)NC(=O)C1C=C2c3cccc4[nH]cc(c34)CC2N(C)C1,CCC(CO)NC(=O)C1C=C2c3cccc4[nH]cc(c34)CC2N(C)C1,UNBRKDKAWYKMIV-UHFFFAOYSA-N,True
CID000065027,twosides,CCCC1(CC(=O)C(=C(O1)O)C(CC)C2=CC(=CC=C2)NS(=O)(=O)C3=NC=C(C=C3)C(F)(F)F)CCC4=CC=CC=C4,CCCC1(CCc2ccccc2)CC(=O)C(C(CC)c2cccc(NS(=O)(=O)c3ccc(C(F)(F)F)cn3)c2)=C(O)O1,CCCC1(CCc2ccccc2)CC(=O)C(C(CC)c2cccc(NS(=O)(=O)c3ccc(C(F)(F)F)cn3)c2)=C(O)O1,NZPXPXAGXYTROM-UHFFFAOYSA-N,True
CID000003730,twosides,CC(=O)N(CC(CO)O)C1=C(C(=C(C(=C1I)C(=O)NCC(CO)O)I)C(=O)NCC(CO)O)I,CC(=O)N(CC(O)CO)c1c(I)c(C(=O)NCC(O)CO)c(I)c(C(=O)NCC(O)CO)c1I,CC(=O)N(CC(O)CO)c1c(I)c(C(=O)NCC(O)CO)c(I)c(C(=O)NCC(O)CO)c1I,NTHXOOBQLCIOLC-UHFFFAOYSA-N,True
CID000123631,twosides,COC1=C(C=C2C(=C1)N=CN=C2NC3=CC(=C(C=C3)F)Cl)OCCCN4CCOCC4,COc1cc2ncnc(Nc3ccc(F)c(Cl)c3)c2cc1OCCCN1CCOCC1,COc1cc2ncnc(Nc3ccc(F)c(Cl)c3)c2cc1OCCCN1CCOCC1,XGALLCVXEZPNRQ-UHFFFAOYSA-N,True
CID000036811,twosides,CC(CCC1=CC=C(C=C1)O)NCCC2=CC(=C(C=C2)O)O,CC(CCc1ccc(O)cc1)NCCc1ccc(O)c(O)c1,CC(CCc1ccc(O)cc1)NCCc1ccc(O)c(O)c1,JRWZLRBJNMZMFE-UHFFFAOYSA-N,True
CID000054786,twosides,CCCCCC(CCC1C(CC2C1CC3=C(C2)C(=CC=C3)OCC(=O)O)O)O,CCCCCC(O)CCC1C(O)CC2Cc3c(cccc3OCC(=O)O)CC21,CCCCCC(O)CCC1C(O)CC2Cc3c(cccc3OCC(=O)O)CC21,PAJMKGZZBBTTOY-UHFFFAOYSA-N,True
CID000091270,twosides,CCOC(=O)C(CCC1=CC=CC=C1)NC(C)C(=O)N2CC3=CC(=C(C=C3CC2C(=O)O)OC)OC,CCOC(=O)C(CCc1ccccc1)NC(C)C(=O)N1Cc2cc(OC)c(OC)cc2CC1C(=O)O,CCOC(=O)C(CCc1ccccc1)NC(C)C(=O)N1Cc2cc(OC)c(OC)cc2CC1C(=O)O,UWWDHYUMIORJTA-UHFFFAOYSA-N,True
CID000444013,twosides,COCCNC(=O)CN(CCN(CCN(CC(=O)NCCOC)CC(=O)[O-])CC(=O)[O-])CC(=O)[O-].[Gd+3],COCCNC(=O)CN(CCN(CCN(CC(=O)[O-])CC(=O)NCCOC)CC(=O)[O-])CC(=O)[O-].[Gd+3],COCCNC(=O)CN(CCN(CCN(CC(=O)[O-])CC(=O)NCCOC)CC(=O)[O-])CC(=O)[O-].[Gd+3],HBEAOBRDTOXWRZ-UHFFFAOYSA-K,True
CID000123606,twosides,CN(C)CCC1=CNC2=C1C=C(C=C2)CS(=O)(=O)N3CCCC3,CN(C)CCc1c[nH]c2ccc(CS(=O)(=O)N3CCCC3)cc12,CN(C)CCc1c[nH]c2ccc(CS(=O)(=O)N3CCCC3)cc12,WKEMJKQOLOHJLZ-UHFFFAOYSA-N,True
CID000110634,twosides,CCCC1=NC(=C2N1NC(=NC2=O)C3=C(C=CC(=C3)S(=O)(=O)N4CCN(CC4)CC)OCC)C,CCCc1nc(C)c2c(=O)nc(-c3cc(S(=O)(=O)N4CCN(CC)CC4)ccc3OCC)[nH]n12,CCCc1nc(C)c2c(=O)nc(-c3cc(S(=O)(=O)N4CCN(CC)CC4)ccc3OCC)[nH]n12,SECKRCOLJRRGGV-UHFFFAOYSA-N,True
CID000150310,twosides,CC12CCC(=O)C=C1CC(C3C24C(O4)CC5(C3CCC56CCC(=O)O6)C)C(=O)OC,COC(=O)C1CC2=CC(=O)CCC2(C)C23OC2CC2(C)C(CCC24CCC(=O)O4)C13,COC(=O)C1CC2=CC(=O)CCC2(C)C23OC2CC2(C)C(CCC24CCC(=O)O4)C13,JUKPWJGBANNWMW-UHFFFAOYSA-N,True
CID000005515,twosides,CCC1(C2=C(COC1=O)C(=O)N3CC4=CC5=C(C=CC(=C5CN(C)C)O)N=C4C3=C2)O,CCC1(O)C(=O)OCc2c1cc1n(c2=O)Cc2cc3c(CN(C)C)c(O)ccc3nc2-1,CCC1(O)C(=O)OCc2c1cc1n(c2=O)Cc2cc3c(CN(C)C)c(O)ccc3nc2-1,UCFGDBYHRUNTLO-UHFFFAOYSA-N,True
CID000005530,twosides,C1C(C1N)C2=CC=CC=C2,NC1CC1c1ccccc1,NC1CC1c1ccccc1,AELCINSCMGFISI-UHFFFAOYSA-N,True
CID000051263,twosides,CCC(=O)N(C1=CC=CC=C1)C2(CCN(CC2)CCN3C(=O)N(N=N3)CC)COC,CCC(=O)N(c1ccccc1)C1(COC)CCN(CCn2nnn(CC)c2=O)CC1,CCC(=O)N(c1ccccc1)C1(COC)CCN(CCn2nnn(CC)c2=O)CC1,IDBPHNDTYPBSNI-UHFFFAOYSA-N,True
CID004183806,twosides,CCCCC(C)(CC=CC1C(CC(=O)C1CCCCCCC(=O)OC)O)O,CCCCC(C)(O)CC=CC1C(O)CC(=O)C1CCCCCCC(=O)OC,CCCCC(C)(O)CC=CC1C(O)CC(=O)C1CCCCCCC(=O)OC,OJLOPKGSLYJEMD-UHFFFAOYSA-N,True
CID000504578,twosides,C1CC(C(C(C1N)O)OC2C(C(C(O2)CO)OC3C(C(C(C(O3)CN)O)O)N)O)OC4CC(C(C(C4N)O)O)CN,NCC1CC(OC2CCC(N)C(O)C2OC2OC(CO)C(OC3OC(CN)C(O)C(O)C3N)C2O)C(N)C(O)C1O,NCC1CC(OC2CCC(N)C(O)C2OC2OC(CO)C(OC3OC(CN)C(O)C(O)C3N)C2O)C(N)C(O)C1O,PZRUMSPVTQZXBY-UHFFFAOYSA-N,True
CID005311039,twosides,CCC(C)CC(C)CCCCCCCCC(=O)NC1CC(C(NC(=O)C2CCCN2C(=O)C(NC(=O)C(NC(=O)C3CC(CN3C(=O)C(NC1=O)C(C)O)O)C(C(C4=CC=C(C=C4)O)O)O)C(CCN)O)NCCN)O,CCC(C)CC(C)CCCCCCCCC(=O)NC1CC(O)C(NCCN)NC(=O)C2CCCN2C(=O)C(C(O)CCN)NC(=O)C(C(O)C(O)c2ccc(O)cc2)NC(=O)C2CC(O)CN2C(=O)C(C(C)O)NC1=O,CCC(C)CC(C)CCCCCCCCC(=O)NC1CC(O)C(NCCN)NC(=O)C2CCCN2C(=O)C(C(O)CCN)NC(=O)C(C(O)C(O)c2ccc(O)cc2)NC(=O)C2CC(O)CN2C(=O)C(C(C)O)NC1=O,AHIZXSGLMAMETL-UHFFFAOYSA-N,True
CID000071273,twosides,CCCN1CCCCC1C(=O)NC2=C(C=CC=C2C)C,CCCN1CCCCC1C(=O)Nc1c(C)cccc1C,CCCN1CCCCC1C(=O)Nc1c(C)cccc1C,ZKMNUMMKYBVTFN-UHFFFAOYSA-N,True
CID000213039,twosides,CC(C)CN(CC(C(CC1=CC=CC=C1)NC(=O)OC2COC3C2CCO3)O)S(=O)(=O)C4=CC=C(C=C4)N,CC(C)CN(CC(O)C(Cc1ccccc1)NC(=O)OC1COC2OCCC12)S(=O)(=O)c1ccc(N)cc1,CC(C)CN(CC(O)C(Cc1ccccc1)NC(=O)OC1COC2OCCC12)S(=O)(=O)c1ccc(N)cc1,CJBJHOAVZSMMDJ-UHFFFAOYSA-N,True
CID000216326,twosides,C1CC(=O)NC(=O)C1N2CC3=C(C2=O)C=CC=C3N,Nc1cccc2c1CN(C1CCC(=O)NC1=O)C2=O,Nc1cccc2c1CN(C1CCC(=O)NC1=O)C2=O,GOTYRUGSSMKFNF-UHFFFAOYSA-N,True
CID000216239,twosides,CNC(=O)C1=NC=CC(=C1)OC2=CC=C(C=C2)NC(=O)NC3=CC(=C(C=C3)Cl)C(F)(F)F,CNC(=O)c1cc(Oc2ccc(NC(=O)Nc3ccc(Cl)c(C(F)(F)F)c3)cc2)ccn1,CNC(=O)c1cc(Oc2ccc(NC(=O)Nc3ccc(Cl)c(C(F)(F)F)c3)cc2)ccn1,MLDQJTXFUGDVEO-UHFFFAOYSA-N,True
CID000002170,twosides,C1CN(CCN1)C2=NC3=CC=CC=C3OC4=C2C=C(C=C4)Cl,Clc1ccc2c(c1)C(N1CCNCC1)=Nc1ccccc1O2,Clc1ccc2c(c1)C(N1CCNCC1)=Nc1ccccc1O2,QWGDMFLQWFTERH-UHFFFAOYSA-N,True
CID000060871,twosides,CC(C)(C)C(=O)OCOP(=O)(COCCN1C=NC2=C(N=CN=C21)N)OCOC(=O)C(C)(C)C,CC(C)(C)C(=O)OCOP(=O)(COCCn1cnc2c(N)ncnc21)OCOC(=O)C(C)(C)C,CC(C)(C)C(=O)OCOP(=O)(COCCn1cnc2c(N)ncnc21)OCOC(=O)C(C)(C)C,WOZSCQDILHKSGG-UHFFFAOYSA-N,True
CID000002370,twosides,CC(C[N+](C)(C)C)OC(=O)N,CC(C[N+](C)(C)C)OC(N)=O,CC(C[N+](C)(C)C)OC(N)=O,NZUPCNDJBJXXRF-UHFFFAOYSA-O,True
CID000115237,twosides,CC1=C(C(=O)N2CCCC(C2=N1)O)CCN3CCC(CC3)C4=NOC5=C4C=CC(=C5)F,Cc1nc2n(c(=O)c1CCN1CCC(c3noc4cc(F)ccc34)CC1)CCCC2O,Cc1nc2n(c(=O)c1CCN1CCC(c3noc4cc(F)ccc34)CC1)CCCC2O,PMXMIIMHBWHSKN-UHFFFAOYSA-N,True
CID000131536,twosides,CC(C)CN(CC(C(CC1=CC=CC=C1)NC(=O)OC2CCOC2)OP(=O)(O)O)S(=O)(=O)C3=CC=C(C=C3)N,CC(C)CN(CC(OP(=O)(O)O)C(Cc1ccccc1)NC(=O)OC1CCOC1)S(=O)(=O)c1ccc(N)cc1,CC(C)CN(CC(OP(=O)(O)O)C(Cc1ccccc1)NC(=O)OC1CCOC1)S(=O)(=O)c1ccc(N)cc1,MLBVMOWEQCZNCC-UHFFFAOYSA-N,True
CID000054547,twosides,COCC1=C(N2C(C(C2=O)NC(=O)C(=NOC)C3=CSC(=N3)N)SC1)C(=O)O,COCC1=C(C(=O)O)N2C(=O)C(NC(=O)C(=NOC)c3csc(N)n3)C2SC1,COCC1=C(C(=O)O)N2C(=O)C(NC(=O)C(=NOC)c3csc(N)n3)C2SC1,WYUSVOMTXWRGEK-UHFFFAOYSA-N,True
CID000057469,twosides,CC(C)CN1C=NC2=C1C3=CC=CC=C3N=C2N,CC(C)Cn1cnc2c(N)nc3ccccc3c21,CC(C)Cn1cnc2c(N)nc3ccccc3c21,DOUYETYNHWVLEO-UHFFFAOYSA-N,True
CID000444033,twosides,CC(C)C(=O)OCC(=O)C12C(CC3C1(CC(C4C3CCC5=CC(=O)C=CC45C)O)C)OC(O2)C6CCCCC6,CC(C)C(=O)OCC(=O)C12OC(C3CCCCC3)OC1CC1C3CCC4=CC(=O)C=CC4(C)C3C(O)CC12C,CC(C)C(=O)OCC(=O)C12OC(C3CCCCC3)OC1CC1C3CCC4=CC(=O)C=CC4(C)C3C(O)CC12C,LUKZNWIVRBCLON-UHFFFAOYSA-N,True
CID000657298,twosides,CCCC1=CC(=O)NC(=S)N1,CCCc1cc(=O)[nH]c(=S)[nH]1,CCCc1cc(=O)[nH]c(=S)[nH]1,KNAHARQHSZJURB-UHFFFAOYSA-N,True
CID000005721,twosides,CC(=O)NC1C(C=C(OC1C(C(CO)O)O)C(=O)O)N=C(N)N,CC(=O)NC1C(N=C(N)N)C=C(C(=O)O)OC1C(O)C(O)CO,CC(=O)NC1C(N=C(N)N)C=C(C(=O)O)OC1C(O)C(O)CO,ARAIBEBZBOPLMB-UHFFFAOYSA-N,True
CID000176168,twosides,C(=O)([O-])[O-].C(=O)([O-])[O-].C(=O)([O-])[O-].O.[La+3].[La+3],O.O=C([O-])[O-].O=C([O-])[O-].O=C([O-])[O-].[La+3].[La+3],O.O=C([O-])[O-].O=C([O-])[O-].O=C([O-])[O-].[La+3].[La+3],AFCUGQOTNCVYSW-UHFFFAOYSA-H,True
CID005311048,twosides,C(N)(N)(Cl)Cl,NC(N)(Cl)Cl,NC(N)(Cl)Cl,ZSWDZQGVDJWLBK-UHFFFAOYSA-N,True
CID000176870,twosides,COCCOC1=C(C=C2C(=C1)C(=NC=N2)NC3=CC=CC(=C3)C#C)OCCOC,C#Cc1cccc(Nc2ncnc3cc(OCCOC)c(OCCOC)cc23)c1,C#Cc1cccc(Nc2ncnc3cc(OCCOC)c(OCCOC)cc23)c1,AAKJLRGGTJKAMG-UHFFFAOYSA-N,True
CID000004645,twosides,CC1(C2C(C3C(C(=O)C(=C(N)O)C(=O)C3(C(=O)C2=C(C4=C1C=CC=C4O)O)O)N(C)C)O)O,CN(C)C1C(=O)C(=C(N)O)C(=O)C2(O)C(=O)C3=C(O)c4c(O)cccc4C(C)(O)C3C(O)C12,CN(C)C1C(=O)C(=C(N)O)C(=O)C2(O)C(=O)C3=C(O)c4c(O)cccc4C(C)(O)C3C(O)C12,FYDOORKXBWEKQM-UHFFFAOYSA-N,True
CID000003637,twosides,C1=CC=C2C(=C1)C=NN=C2NN,NNc1nncc2ccccc12,NNc1nncc2ccccc12,RPTUSVTUFVMDQK-UHFFFAOYSA-N,True
CID000005070,twosides,C1=CC2=C(C=C1OC(F)(F)F)SC(=N2)N,Nc1nc2ccc(OC(F)(F)F)cc2s1,Nc1nc2ccc(OC(F)(F)F)cc2s1,FTALBRSUTCGOEG-UHFFFAOYSA-N,True
CID000151165,twosides,CC(C1=CC(=CC(=C1)C(F)(F)F)C(F)(F)F)OC2C(N(CCO2)CC3=NC(=O)NN3)C4=CC=C(C=C4)F,CC(OC1OCCN(Cc2nc(=O)[nH][nH]2)C1c1ccc(F)cc1)c1cc(C(F)(F)F)cc(C(F)(F)F)c1,CC(OC1OCCN(Cc2nc(=O)[nH][nH]2)C1c1ccc(F)cc1)c1cc(C(F)(F)F)cc(C(F)(F)F)c1,ATALOFNDEOCMKK-UHFFFAOYSA-N,True
CID000104741,twosides,CC12CCC3C(C1CCC2O)C(CC4=C3C=CC(=C4)O)CCCCCCCCCS(=O)CCCC(C(F)(F)F)(F)F,CC12CCC3c4ccc(O)cc4CC(CCCCCCCCCS(=O)CCCC(F)(F)C(F)(F)F)C3C1CCC2O,CC12CCC3c4ccc(O)cc4CC(CCCCCCCCCS(=O)CCCC(F)(F)C(F)(F)F)C3C1CCC2O,VWUXBMIQPBEWFH-UHFFFAOYSA-N,True
CID000002349,twosides,CC1(C(N2C(S1)C(C2=O)NC(=O)CC3=CC=CC=C3)C(=O)O)C,CC1(C)SC2C(NC(=O)Cc3ccccc3)C(=O)N2C1C(=O)O,CC1(C)SC2C(NC(=O)Cc3ccccc3)C(=O)N2C1C(=O)O,JGSARLDLIJGVTE-UHFFFAOYSA-N,True
CID000150610,twosides,CC1C2C(C(=O)N2C(=C1SC3CC(NC3)C(=O)NC4=CC=CC(=C4)C(=O)O)C(=O)O)C(C)O,CC(O)C1C(=O)N2C(C(=O)O)=C(SC3CNC(C(=O)Nc4cccc(C(=O)O)c4)C3)C(C)C12,CC(O)C1C(=O)N2C(C(=O)O)=C(SC3CNC(C(=O)Nc4cccc(C(=O)O)c4)C3)C(C)C12,JUZNIMUFDBIJCM-UHFFFAOYSA-N,True
CID003062316,twosides,CC1=C(C(=CC=C1)Cl)NC(=O)C2=CN=C(S2)NC3=CC(=NC(=N3)C)N4CCN(CC4)CCO,Cc1nc(Nc2ncc(C(=O)Nc3c(C)cccc3Cl)s2)cc(N2CCN(CCO)CC2)n1,Cc1nc(Nc2ncc(C(=O)Nc3c(C)cccc3Cl)s2)cc(N2CCN(CCO)CC2)n1,ZBNZXTGUTAYRHI-UHFFFAOYSA-N,True
CID000147912,twosides,CCC(C(C)O)N1C(=O)N(C=N1)C2=CC=C(C=C2)N3CCN(CC3)C4=CC=C(C=C4)OCC5CC(OC5)(CN6C=NC=N6)C7=C(C=C(C=C7)F)F,CCC(C(C)O)n1ncn(-c2ccc(N3CCN(c4ccc(OCC5COC(Cn6cncn6)(c6ccc(F)cc6F)C5)cc4)CC3)cc2)c1=O,CCC(C(C)O)n1ncn(-c2ccc(N3CCN(c4ccc(OCC5COC(Cn6cncn6)(c6ccc(F)cc6F)C5)cc4)CC3)cc2)c1=O,RAGOYPUPXAKGKH-UHFFFAOYSA-N,True
CID005311181,twosides,CC#CCC(C)C(C=CC1C(CC2C1CC(=CCCCC(=O)O)C2)O)O,CC#CCC(C)C(O)C=CC1C(O)CC2CC(=CCCCC(=O)O)CC21,CC#CCC(C)C(O)C=CC1C(O)CC2CC(=CCCCC(=O)O)CC21,HIFJCPQKFCZDDL-UHFFFAOYSA-N,True
CID000004913,twosides,CCN(CC)CCNC(=O)C1=CC=C(C=C1)N,CCN(CC)CCNC(=O)c1ccc(N)cc1,CCN(CC)CCNC(=O)c1ccc(N)cc1,REQCZEXYDRLIBE-UHFFFAOYSA-N,True
CID000077992,twosides,CNC1CCC2=C(C1)C3=C(N2)C=CC(=C3)C(=O)N,CNC1CCc2[nH]c3ccc(C(N)=O)cc3c2C1,CNC1CCc2[nH]c3ccc(C(N)=O)cc3c2C1,XPSQPHWEGNHMSK-UHFFFAOYSA-N,True
CID000508230,twosides,CC1=C2COC(=O)C2=C(C(=C1OC)CC(=O)O)O,COc1c(C)c2c(c(O)c1CC(=O)O)C(=O)OC2,COc1c(C)c2c(c(O)c1CC(=O)O)C(=O)OC2,DPTQXCJLISPWQT-UHFFFAOYSA-N,True
CID005281007,twosides,CN(C)NN=C1C(=NC=N1)C(=O)N,CN(C)NN=C1N=CN=C1C(N)=O,CN(C)NN=C1N=CN=C1C(N)=O,OMJKFYKNWZZKTK-UHFFFAOYSA-N,True
CID000002551,twosides,C[N+](C)(C)CCOC(=O)N,C[N+](C)(C)CCOC(N)=O,C[N+](C)(C)CCOC(N)=O,VPJXQGSRWJZDOB-UHFFFAOYSA-O,True
CID001349907,twosides,CN1C=CNC1=S,Cn1cc[nH]c1=S,Cn1cc[nH]c1=S,PMRYVIKBURPHAH-UHFFFAOYSA-N,True
CID005311027,twosides,CCNC(=O)CCCC=CCC1C(CC(C1C=CC(CCC2=CC=CC=C2)O)O)O,CCNC(=O)CCCC=CCC1C(O)CC(O)C1C=CC(O)CCc1ccccc1,CCNC(=O)CCCC=CCC1C(O)CC(O)C1C=CC(O)CCc1ccccc1,AQOKCDNYWBIDND-UHFFFAOYSA-N,True
CID000004011,twosides,CNCCCC12CCC(C3=CC=CC=C31)C4=CC=CC=C24,CNCCCC12CCC(c3ccccc31)c1ccccc12,CNCCCC12CCC(c3ccccc31)c1ccccc12,QSLMDECMDJKHMQ-UHFFFAOYSA-N,True
CID000002232,twosides,CC1CCN(C(C1)C(=O)O)C(=O)C(CCCN=C(N)N)NS(=O)(=O)C2=CC=CC3=C2NCC(C3)C,CC1CNc2c(cccc2S(=O)(=O)NC(CCCN=C(N)N)C(=O)N2CCC(C)CC2C(=O)O)C1,CC1CNc2c(cccc2S(=O)(=O)NC(CCCN=C(N)N)C(=O)N2CCC(C)CC2C(=O)O)C1,KXNPVXPOPUZYGB-UHFFFAOYSA-N,True
CID000005052,twosides,COC1C(CC2CN3CCC4=C(C3CC2C1C(=O)OC)NC5=C4C=CC(=C5)OC)OC(=O)C6=CC(=C(C(=C6)OC)OC)OC,COC(=O)C1C2CC3c4[nH]c5cc(OC)ccc5c4CCN3CC2CC(OC(=O)c2cc(OC)c(OC)c(OC)c2)C1OC,COC(=O)C1C2CC3c4[nH]c5cc(OC)ccc5c4CCN3CC2CC(OC(=O)c2cc(OC)c(OC)c(OC)c2)C1OC,QEVHRUUCFGRFIF-UHFFFAOYSA-N,True
CID000163742,twosides,COC1C(C(C(C(O1)COS(=O)(=O)O)OC2C(C(C(C(O2)C(=O)O)OC3C(C(C(C(O3)COS(=O)(=O)O)OC4C(C(C(C(O4)C(=O)O)OC5C(C(C(C(O5)COS(=O)(=O)O)O)O)NS(=O)(=O)O)O)O)OS(=O)(=O)O)NS(=O)(=O)O)O)OS(=O)(=O)O)O)NS(=O)(=O)O,COC1OC(COS(=O)(=O)O)C(OC2OC(C(=O)O)C(OC3OC(COS(=O)(=O)O)C(OC4OC(C(=O)O)C(OC5OC(COS(=O)(=O)O)C(O)C(O)C5NS(=O)(=O)O)C(O)C4O)C(OS(=O)(=O)O)C3NS(=O)(=O)O)C(O)C2OS(=O)(=O)O)C(O)C1NS(=O)(=O)O,COC1OC(COS(=O)(=O)O)C(OC2OC(C(=O)O)C(OC3OC(COS(=O)(=O)O)C(OC4OC(C(=O)O)C(OC5OC(COS(=O)(=O)O)C(O)C(O)C5NS(=O)(=O)O)C(O)C4O)C(OS(=O)(=O)O)C3NS(=O)(=O)O)C(O)C2OS(=O)(=O)O)C(O)C1NS(=O)(=O)O,KANJSNBRCNMZMV-UHFFFAOYSA-N,True
CID000002182,twosides,C1C2=C(C=CC(=C2Cl)Cl)NC3=NC(=O)CN31,O=C1CN2Cc3c(ccc(Cl)c3Cl)NC2=N1,O=C1CN2Cc3c(ccc(Cl)c3Cl)NC2=N1,OTBXOEAOVRKTNQ-UHFFFAOYSA-N,True
CID000051634,twosides,CCCCN1CC(C(C(C1CO)O)O)O,CCCCN1CC(O)C(O)C(O)C1CO,CCCCN1CC(O)C(O)C(O)C1CO,UQRORFVVSGFNRO-UHFFFAOYSA-N,True
CID000145068,twosides,[N]=O,[N]=O,[N]=O,MWUXSHHQAYIFBG-UHFFFAOYSA-N,True
CID005329102,twosides,CCN(CC)CCNC(=O)C1=C(NC(=C1C)C=C2C3=C(C=CC(=C3)F)NC2=O)C,CCN(CC)CCNC(=O)c1c(C)[nH]c(C=C2C(=O)Nc3ccc(F)cc32)c1C,CCN(CC)CCNC(=O)c1c(C)[nH]c(C=C2C(=O)Nc3ccc(F)cc32)c1C,WINHZLLDWRZWRT-UHFFFAOYSA-N,True
CID005381226,twosides,CC1C=CC=C(C(=O)NC2=C(C3=C(C4=C(C(=C3O)C)OC(C4=O)(OC=CC(C(C(C(C(C(C1O)C)O)C)OC(=O)C)C)OC)C)C(=O)C2=CNN5CCN(CC5)C)O)C,COC1C=COC2(C)Oc3c(C)c(O)c4c(c3C2=O)C(=O)C(=CNN2CCN(C)CC2)C(=C4O)NC(=O)C(C)=CC=CC(C)C(O)C(C)C(O)C(C)C(OC(C)=O)C1C,COC1C=COC2(C)Oc3c(C)c(O)c4c(c3C2=O)C(=O)C(=CNN2CCN(C)CC2)C(=C4O)NC(=O)C(C)=CC=CC(C)C(O)C(C)C(O)C(C)C(OC(C)=O)C1C,FZYOVNIOYYPUPY-UHFFFAOYSA-N,True
CID006398525,twosides,C(C1C(C(C(C(O1)OC2(C(C(C(O2)OS(=O)(=O)O)OS(=O)(=O)O)OS(=O)(=O)O)COS(=O)(=O)O)OS(=O)(=O)O)OS(=O)(=O)O)OS(=O)(=O)O)OS(=O)(=O)O.O.O.O.O.O.O.O.O.O.O.O.O.O.O.O.O.O.O.O.O.[Al].[Al].[Al].[Al].[Al].[Al].[Al].[Al].[Al],O.O.O.O.O.O.O.O.O.O.O.O.O.O.O.O.O.O.O.O.O=S(=O)(O)OCC1OC(OC2(COS(=O)(=O)O)OC(OS(=O)(=O)O)C(OS(=O)(=O)O)C2OS(=O)(=O)O)C(OS(=O)(=O)O)C(OS(=O)(=O)O)C1OS(=O)(=O)O.[Al].[Al].[Al].[Al].[Al].[Al].[Al].[Al].[Al],O.O.O.O.O.O.O.O.O.O.O.O.O.O.O.O.O.O.O.O.O=S(=O)(O)OCC1OC(OC2(COS(=O)(=O)O)OC(OS(=O)(=O)O)C(OS(=O)(=O)O)C2OS(=O)(=O)O)C(OS(=O)(=O)O)C(OS(=O)(=O)O)C1OS(=O)(=O)O.[Al].[Al].[Al].[Al].[Al].[Al].[Al].[Al].[Al],VGNZFVKOOSPYGY-UHFFFAOYSA-N,True
CID005493444,twosides,CC(C)C(CC1=CC(=C(C=C1)OC)OCCCOC)CC(C(CC(C(C)C)C(=O)NCC(C)(C)C(=O)N)O)N,COCCCOc1cc(CC(CC(N)C(O)CC(C(=O)NCC(C)(C)C(N)=O)C(C)C)C(C)C)ccc1OC,COCCCOc1cc(CC(CC(N)C(O)CC(C(=O)NCC(C)(C)C(N)=O)C(C)C)C(C)C)ccc1OC,UXOWGYHJODZGMF-UHFFFAOYSA-N,True
CID005353980,twosides,C1=CC=NC(=C1)NS(=O)(=O)C2=CC=C(C=C2)NN=C3C=CC(=O)C(=C3)C(=O)O,O=C(O)C1=CC(=NNc2ccc(S(=O)(=O)Nc3ccccn3)cc2)C=CC1=O,O=C(O)C1=CC(=NNc2ccc(S(=O)(=O)Nc3ccccn3)cc2)C=CC1=O,OQANPHBRHBJGNZ-UHFFFAOYSA-N,True
CID005481350,twosides,CC(C)OC(=O)OCOP(=O)(COC(C)CN1C=NC2=C(N=CN=C21)N)OCOC(=O)OC(C)C,CC(C)OC(=O)OCOP(=O)(COC(C)Cn1cnc2c(N)ncnc21)OCOC(=O)OC(C)C,CC(C)OC(=O)OCOP(=O)(COC(C)Cn1cnc2c(N)ncnc21)OCOC(=O)OC(C)C,JFVZFKDSXNQEJW-UHFFFAOYSA-N,True
CID006447131,twosides,CCC1C=C(CC(CC(C2C(CC(C(O2)(C(=O)C(=O)N3CCCCC3C(=O)OC(C(C(CC1=O)O)C)C(=CC4CCC(C(C4)OC)Cl)C)O)C)OC)OC)C)C,CCC1C=C(C)CC(C)CC(OC)C2OC(O)(C(=O)C(=O)N3CCCCC3C(=O)OC(C(C)=CC3CCC(Cl)C(OC)C3)C(C)C(O)CC1=O)C(C)CC2OC,CCC1C=C(C)CC(C)CC(OC)C2OC(O)(C(=O)C(=O)N3CCCCC3C(=O)OC(C(C)=CC3CCC(Cl)C(OC)C3)C(C)C(O)CC1=O)C(C)CC2OC,KASDHRXLYQOAKZ-UHFFFAOYSA-N,True
CID006398970,twosides,C=CC1=C(N2C(C(C2=O)NC(=O)C(=NO)C3=CSC(=N3)N)SC1)C(=O)O,C=CC1=C(C(=O)O)N2C(=O)C(NC(=O)C(=NO)c3csc(N)n3)C2SC1,C=CC1=C(C(=O)O)N2C(=O)C(NC(=O)C(=NO)c3csc(N)n3)C2SC1,RTXOFQZKPXMALH-UHFFFAOYSA-N,True
CID005281104,twosides,CC(C=CC(C)C(C)(C)O)C1CCC2C1(CCCC2=CC=C3CC(CC(C3)O)O)C,CC(C=CC(C)C(C)(C)O)C1CCC2C(=CC=C3CC(O)CC(O)C3)CCCC21C,CC(C=CC(C)C(C)(C)O)C1CCC2C(=CC=C3CC(O)CC(O)C3)CCCC21C,BPKAHTKRCLCHEA-UHFFFAOYSA-N,True
CID005487301,twosides,CCCCCN=C(N)NNC=C1C=NC2=C1C=C(C=C2)CO,CCCCCN=C(N)NNC=C1C=Nc2ccc(CO)cc21,CCCCCN=C(N)NNC=C1C=Nc2ccc(CO)cc21,URPUECXJHQGUDU-UHFFFAOYSA-N,True
CID005311082,twosides,C1CC2C(=O)NC3CSSCCC(=O)N(C3=O)C(C(=O)NCC(=O)NC(C(=O)NC(C(=O)N2C1)CC4=CNC5=CC=CC=C54)CC(=O)O)CCCCN=C(N)N,NC(N)=NCCCCC1C(=O)NCC(=O)NC(CC(=O)O)C(=O)NC(Cc2c[nH]c3ccccc23)C(=O)N2CCCC2C(=O)NC2CSSCCC(=O)N1C2=O,NC(N)=NCCCCC1C(=O)NCC(=O)NC(CC(=O)O)C(=O)NC(Cc2c[nH]c3ccccc23)C(=O)N2CCCC2C(=O)NC2CSSCCC(=O)N1C2=O,ITPPZKQWHHMJQQ-UHFFFAOYSA-N,True
CID006918453,twosides,CCP(CC)CC.CC(=O)OCC1C(C(C(C(O1)[S-])OC(=O)C)OC(=O)C)OC(=O)C.[Au+],CC(=O)OCC1OC([S-])C(OC(C)=O)C(OC(C)=O)C1OC(C)=O.CCP(CC)CC.[Au+],CC(=O)OCC1OC([S-])C(OC(C)=O)C(OC(C)=O)C1OC(C)=O.CCP(CC)CC.[Au+],AUJRCFUBUPVWSZ-UHFFFAOYSA-M,True
CID005493381,twosides,C1=CC(=C2NC(=C3C=CC=CC3=O)N(N2)C4=CC=C(C=C4)C(=O)O)C(=O)C=C1,O=C1C=CC=CC1=C1NC(=C2C=CC=CC2=O)N(c2ccc(C(=O)O)cc2)N1,O=C1C=CC=CC1=C1NC(=C2C=CC=CC2=O)N(c2ccc(C(=O)O)cc2)N1,FMSOAWSKCWYLBB-UHFFFAOYSA-N,True
CID004479097,twosides,CC1=CC2=C(C=C1C)N(C=N2)C3C(C(C(O3)CO)OP(=O)([O-])OC(C)CNC(=O)CCC4(C(C5C6(C(C(C(=N6)C(=C7C(C(C(=N7)C=C8C(C(C(=N8)C(=C4[N-]5)C)CCC(=O)N)(C)C)CCC(=O)N)(C)CC(=O)N)C)CCC(=O)N)(C)CC(=O)N)C)CC(=O)N)C)O.O.[Co],CC1=C2N=C(C=C3N=C(C(C)=C4[N-]C(C(CC(N)=O)C4(C)CCC(=O)NCC(C)OP(=O)([O-])OC4C(CO)OC(n5cnc6cc(C)c(C)cc65)C4O)C4(C)N=C1C(CCC(N)=O)C4(C)CC(N)=O)C(CCC(N)=O)C3(C)C)C(CCC(N)=O)C2(C)CC(N)=O.O.[Co],CC1=C2N=C(C=C3N=C(C(C)=C4[N-]C(C(CC(N)=O)C4(C)CCC(=O)NCC(C)OP(=O)([O-])OC4C(CO)OC(n5cnc6cc(C)c(C)cc65)C4O)C4(C)N=C1C(CCC(N)=O)C4(C)CC(N)=O)C(CCC(N)=O)C3(C)C)C(CCC(N)=O)C2(C)CC(N)=O.O.[Co],ITFLMCXLENHUAD-UHFFFAOYSA-L,True
CID005362070,twosides,C1=CC(=CC=C1C(=O)NCCC(=O)O)NN=C2C=CC(=O)C(=C2)C(=O)O,O=C(O)CCNC(=O)c1ccc(NN=C2C=CC(=O)C(C(=O)O)=C2)cc1,O=C(O)CCNC(=O)c1ccc(NN=C2C=CC(=O)C(C(=O)O)=C2)cc1,KONZVQJABTUMFX-UHFFFAOYSA-N,True
CID005362420,twosides,CC1=C(C2=CC3=NC(=CC4=C(C(=C(N4)C=C5C6(C(C(=CC=C6C(=N5)C=C1N2)C(=O)OC)C(=O)OC)C)C)CCC(=O)OC)C(=C3C)CCC(=O)O)C=C,C=Cc1c(C)c2cc3nc(cc4[nH]c(cc5nc(cc1[nH]2)C(C)=C5CCC(=O)O)c(CCC(=O)OC)c4C)C1(C)C3=CC=C(C(=O)OC)C1C(=O)OC,C=Cc1c(C)c2cc3nc(cc4[nH]c(cc5nc(cc1[nH]2)C(C)=C5CCC(=O)O)c(CCC(=O)OC)c4C)C1(C)C3=CC=C(C(=O)OC)C1C(=O)OC,YTZALCGQUPRCGW-UHFFFAOYSA-N,True
CID006436173,twosides,CC1C=CC=C(C(=O)NC2=C(C3=C(C4=C(C(=C3O)C)OC(C4=O)(OC=CC(C(C(C(C(C(C1O)C)O)C)OC(=O)C)C)OC)C)C5=C2N6C=CC(=CC6=N5)C)O)C,COC1C=COC2(C)Oc3c(C)c(O)c4c(O)c(c5c(nc6cc(C)ccn65)c4c3C2=O)NC(=O)C(C)=CC=CC(C)C(O)C(C)C(O)C(C)C(OC(C)=O)C1C,COC1C=COC2(C)Oc3c(C)c(O)c4c(O)c(c5c(nc6cc(C)ccn65)c4c3C2=O)NC(=O)C(C)=CC=CC(C)C(O)C(C)C(O)C(C)C(OC(C)=O)C1C,NZCRJKRKKOLAOJ-UHFFFAOYSA-N,True
CID000003384,twosides,CC1CC2C3CCC(C3(CC(C2(C4(C1=CC(=O)C=C4)C)F)O)C)(C(=O)C)O,CC(=O)C1(O)CCC2C3CC(C)C4=CC(=O)C=CC4(C)C3(F)C(O)CC21C,CC(=O)C1(O)CCC2C3CC(C)C4=CC(=O)C=CC4(C)C3(F)C(O)CC21C,FAOZLTXFLGPHNG-UHFFFAOYSA-N,True
CID006435110,twosides,CCC(C)C1C(CCC2(O1)CC3CC(O2)CC=C(C(C(C=CC=C4COC5C4(C(C=C(C5O)C)C(=O)O3)O)C)OC6CC(C(C(O6)C)OC7CC(C(C(O7)C)O)OC)OC)C)C.CC1CCC2(CC3CC(O2)CC=C(C(C(C=CC=C4COC5C4(C(C=C(C5O)C)C(=O)O3)O)C)OC6CC(C(C(O6)C)OC7CC(C(C(O7)C)O)OC)OC)C)OC1C(C)C,CCC(C)C1OC2(CCC1C)CC1CC(CC=C(C)C(OC3CC(OC)C(OC4CC(OC)C(O)C(C)O4)C(C)O3)C(C)C=CC=C3COC4C(O)C(C)=CC(C(=O)O1)C34O)O2.COC1CC(OC2C(C)OC(OC3C(C)=CCC4CC(CC5(CCC(C)C(C(C)C)O5)O4)OC(=O)C4C=C(C)C(O)C5OCC(=CC=CC3C)C45O)CC2OC)OC(C)C1O,CCC(C)C1OC2(CCC1C)CC1CC(CC=C(C)C(OC3CC(OC)C(OC4CC(OC)C(O)C(C)O4)C(C)O3)C(C)C=CC=C3COC4C(O)C(C)=CC(C(=O)O1)C34O)O2.COC1CC(OC2C(C)OC(OC3C(C)=CCC4CC(CC5(CCC(C)C(C(C)C)O5)O4)OC(=O)C4C=C(C)C(O)C5OCC(=CC=CC3C)C45O)CC2OC)OC(C)C1O,SPBDXSGPUHCETR-UHFFFAOYSA-N,True
CID004659569,twosides,CC1=CC=C(C=C1)C(=O)C2=CC(=C(C(=C2)O)O)[N+](=O)[O-],Cc1ccc(C(=O)c2cc(O)c(O)c([N+](=O)[O-])c2)cc1,Cc1ccc(C(=O)c2cc(O)c(O)c([N+](=O)[O-])c2)cc1,MIQPIUSUKVNLNT-UHFFFAOYSA-N,True
CID000082146,twosides,CC1=CC2=C(C=C1C(=C)C3=CC=C(C=C3)C(=O)O)C(CCC2(C)C)(C)C,C=C(c1ccc(C(=O)O)cc1)c1cc2c(cc1C)C(C)(C)CCC2(C)C,C=C(c1ccc(C(=O)O)cc1)c1cc2c(cc1C)C(C)(C)CCC2(C)C,NAVMQTYZDKMPEU-UHFFFAOYSA-N,True
CID000002266,twosides,C(CCCC(=O)O)CCCC(=O)O,O=C(O)CCCCCCCC(=O)O,O=C(O)CCCCCCCC(=O)O,BDJRBEYXGGNYIS-UHFFFAOYSA-N,True
CID005473385,twosides,C1=NC2C(=N1)NC(=NC2=S)N,NC1=NC(=S)C2N=CN=C2N1,NC1=NC(=S)C2N=CN=C2N1,UHLHHUAQNRJGFS-UHFFFAOYSA-N,True
CID000003562,twosides,C(C(F)(F)F)(Cl)Br,FC(F)(F)C(Cl)Br,FC(F)(F)C(Cl)Br,BCQZXOMGPXTTIC-UHFFFAOYSA-N,True
CID000012620,twosides,CCCCCCCCCCCCCCCCCCCCCCO,CCCCCCCCCCCCCCCCCCCCCCO,CCCCCCCCCCCCCCCCCCCCCCO,NOPFSRXAKWQILS-UHFFFAOYSA-N,True
CID000040976,twosides,CCC12CC(=C)C3C(C1CCC2(C#C)O)CCC4=CC(=O)CCC34,C#CC1(O)CCC2C3CCC4=CC(=O)CCC4C3C(=C)CC21CC,C#CC1(O)CCC2C3CCC4=CC(=O)CCC4C3C(=C)CC21CC,GCKFUYQCUCGESZ-UHFFFAOYSA-N,True
CID000003381,twosides,CC1(OC2CC3C4CC(C5=CC(=O)C=CC5(C4(C(CC3(C2(O1)C(=O)CO)C)O)F)C)F)C,CC1(C)OC2CC3C4CC(F)C5=CC(=O)C=CC5(C)C4(F)C(O)CC3(C)C2(C(=O)CO)O1,CC1(C)OC2CC3C4CC(F)C5=CC(=O)C=CC5(C)C4(F)C(O)CC3(C)C2(C(=O)CO)O1,FEBLZLNTKCEFIT-UHFFFAOYSA-N,True
CID003086258,twosides,CCC1=C2C=C3C(=C(C(=CC4=NC(=CC5=NC(=CC(=C1C)N2)C(=C5CCC(=O)O)C)C(=C4C)CCC(=O)O)N3)C(C)O)C,CCc1c(C)c2cc3nc(cc4nc(cc5[nH]c(cc1[nH]2)c(C)c5C(C)O)C(C)=C4CCC(=O)O)C(CCC(=O)O)=C3C,CCc1c(C)c2cc3nc(cc4nc(cc5[nH]c(cc1[nH]2)c(C)c5C(C)O)C(C)=C4CCC(=O)O)C(CCC(=O)O)=C3C,JYLAITRQWJPNBC-UHFFFAOYSA-N,True
CID009571074,twosides,CC1=C(SC=N1)C=CC2=C(N3C(C(C3=O)NC(=O)C(=NOC)C4=CSC(=N4)N)SC2)C(=O)O,CON=C(C(=O)NC1C(=O)N2C(C(=O)O)=C(C=Cc3scnc3C)CSC12)c1csc(N)n1,CON=C(C(=O)NC1C(=O)N2C(C(=O)O)=C(C=Cc3scnc3C)CSC12)c1csc(N)n1,KMIPKYQIOVAHOP-UHFFFAOYSA-N,True
CID000005482,twosides,C1=CC(=C(C=C1Cl)Cl)C(CN2C=CN=C2)OCC3=C(SC=C3)Cl,Clc1ccc(C(Cn2ccnc2)OCc2ccsc2Cl)c(Cl)c1,Clc1ccc(C(Cn2ccnc2)OCc2ccsc2Cl)c(Cl)c1,QXHHHPZILQDDPS-UHFFFAOYSA-N,True
